{
"type": "FeatureCollection",
"name": "geo_33_5",
"crs": { "type": "name", "properties": { "name": "urn:ogc:def:crs:OGC:1.3:CRS84" } },
"features": [
{ "type": "Feature", "properties": { "ID": 3353341010167, "正式名称": "さくら薬局　正田店", "機関区分": 5, "都道府県コード": 33, "市区町村コード": 210, "所在地": "岡山県新見市正田２７番地３", "緯度": 34.96763, "経度": 133.465149, "url": "https://www.iryou.teikyouseido.mhlw.go.jp/znk-web/juminkanja/S2430/initialize?prefCd=33&kikanCd=3341010167&kikanKbn=5", "url2": "https://sakurams.co.jp", "内容": "さくら薬局　正田店【5:薬局】岡山県新見市正田２７番地３" }, "geometry": { "type": "Point", "coordinates": [ 133.465149, 34.96763 ] } },
{ "type": "Feature", "properties": { "ID": 3355330000010, "正式名称": "ひまわり薬局高柳店", "機関区分": 5, "都道府県コード": 33, "市区町村コード": 101, "所在地": "岡山県岡山市北区高柳西町１６－１３ＴＭＣビル１Ｆ", "緯度": 34.661348, "経度": 133.897803, "url": "https://www.iryou.teikyouseido.mhlw.go.jp/znk-web/juminkanja/S2430/initialize?prefCd=33&kikanCd=5330000010&kikanKbn=5", "url2": "http://www.himawariyakkyoku.co.jp/", "内容": "ひまわり薬局高柳店【5:薬局】岡山県岡山市北区高柳西町１６－１３ＴＭＣビル１Ｆ" }, "geometry": { "type": "Point", "coordinates": [ 133.897803, 34.661348 ] } },
{ "type": "Feature", "properties": { "ID": 3355330000020, "正式名称": "有限会社ゾンネ朝日薬局", "機関区分": 5, "都道府県コード": 33, "市区町村コード": 102, "所在地": "岡山県岡山市中区福泊１９９－２", "緯度": 34.65309, "経度": 133.975984, "url": "https://www.iryou.teikyouseido.mhlw.go.jp/znk-web/juminkanja/S2430/initialize?prefCd=33&kikanCd=5330000020&kikanKbn=5", "url2": "http://zonneasahi.com/", "内容": "有限会社ゾンネ朝日薬局【5:薬局】岡山県岡山市中区福泊１９９－２" }, "geometry": { "type": "Point", "coordinates": [ 133.975984, 34.65309 ] } },
{ "type": "Feature", "properties": { "ID": 3355330000030, "正式名称": "とみなが薬局　浦安店", "機関区分": 5, "都道府県コード": 33, "市区町村コード": 104, "所在地": "岡山県岡山市南区浦安西町２１－２８", "緯度": 34.617431, "経度": 133.910841, "url": "https://www.iryou.teikyouseido.mhlw.go.jp/znk-web/juminkanja/S2430/initialize?prefCd=33&kikanCd=5330000030&kikanKbn=5", "url2": "https://kusuriya.co.jp/", "内容": "とみなが薬局　浦安店【5:薬局】岡山県岡山市南区浦安西町２１－２８" }, "geometry": { "type": "Point", "coordinates": [ 133.910841, 34.617431 ] } },
{ "type": "Feature", "properties": { "ID": 3355330000050, "正式名称": "津山漢方堂薬局", "機関区分": 5, "都道府県コード": 33, "市区町村コード": 101, "所在地": "岡山県岡山市北区出石町１丁目２－２３", "緯度": 34.669104, "経度": 133.930814, "url": "https://www.iryou.teikyouseido.mhlw.go.jp/znk-web/juminkanja/S2430/initialize?prefCd=33&kikanCd=5330000050&kikanKbn=5", "url2": "http://www.tsuyama-kanpou.co.jp/", "内容": "津山漢方堂薬局【5:薬局】岡山県岡山市北区出石町１丁目２－２３" }, "geometry": { "type": "Point", "coordinates": [ 133.930814, 34.669104 ] } },
{ "type": "Feature", "properties": { "ID": 3355330000080, "正式名称": "常國薬局豊成店", "機関区分": 5, "都道府県コード": 33, "市区町村コード": 104, "所在地": "岡山県岡山市南区豊成３－２０－３７", "緯度": 34.624791, "経度": 133.924457, "url": "https://www.iryou.teikyouseido.mhlw.go.jp/znk-web/juminkanja/S2430/initialize?prefCd=33&kikanCd=5330000080&kikanKbn=5", "url2": null, "内容": "常國薬局豊成店【5:薬局】岡山県岡山市南区豊成３－２０－３７" }, "geometry": { "type": "Point", "coordinates": [ 133.924457, 34.624791 ] } },
{ "type": "Feature", "properties": { "ID": 3355330000090, "正式名称": "加宝堂薬局", "機関区分": 5, "都道府県コード": 33, "市区町村コード": 101, "所在地": "岡山県岡山市北区京橋町８番５号", "緯度": 34.658082, "経度": 133.931728, "url": "https://www.iryou.teikyouseido.mhlw.go.jp/znk-web/juminkanja/S2430/initialize?prefCd=33&kikanCd=5330000090&kikanKbn=5", "url2": null, "内容": "加宝堂薬局【5:薬局】岡山県岡山市北区京橋町８番５号" }, "geometry": { "type": "Point", "coordinates": [ 133.931728, 34.658082 ] } },
{ "type": "Feature", "properties": { "ID": 3355330000100, "正式名称": "ケンコウ薬局", "機関区分": 5, "都道府県コード": 33, "市区町村コード": 101, "所在地": "岡山県岡山市北区伊福町３丁目３１－２２", "緯度": 34.675219, "経度": 133.912751, "url": "https://www.iryou.teikyouseido.mhlw.go.jp/znk-web/juminkanja/S2430/initialize?prefCd=33&kikanCd=5330000100&kikanKbn=5", "url2": null, "内容": "ケンコウ薬局【5:薬局】岡山県岡山市北区伊福町３丁目３１－２２" }, "geometry": { "type": "Point", "coordinates": [ 133.912751, 34.675219 ] } },
{ "type": "Feature", "properties": { "ID": 3355330000110, "正式名称": "操南薬局", "機関区分": 5, "都道府県コード": 33, "市区町村コード": 102, "所在地": "岡山県岡山市中区江並７７－５", "緯度": 34.616749, "経度": 133.968484, "url": "https://www.iryou.teikyouseido.mhlw.go.jp/znk-web/juminkanja/S2430/initialize?prefCd=33&kikanCd=5330000110&kikanKbn=5", "url2": null, "内容": "操南薬局【5:薬局】岡山県岡山市中区江並７７－５" }, "geometry": { "type": "Point", "coordinates": [ 133.968484, 34.616749 ] } },
{ "type": "Feature", "properties": { "ID": 3355330000130, "正式名称": "富永薬局　大元店", "機関区分": 5, "都道府県コード": 33, "市区町村コード": 101, "所在地": "岡山県岡山市北区今２－７－１ＫＵⅡビル１階", "緯度": 34.64821, "経度": 133.898085, "url": "https://www.iryou.teikyouseido.mhlw.go.jp/znk-web/juminkanja/S2430/initialize?prefCd=33&kikanCd=5330000130&kikanKbn=5", "url2": "https://kusuriya.co.jp/", "内容": "富永薬局　大元店【5:薬局】岡山県岡山市北区今２－７－１ＫＵⅡビル１階" }, "geometry": { "type": "Point", "coordinates": [ 133.898085, 34.64821 ] } },
{ "type": "Feature", "properties": { "ID": 3355330000150, "正式名称": "サカエ薬局　西大寺店", "機関区分": 5, "都道府県コード": 33, "市区町村コード": 103, "所在地": "岡山県岡山市東区西大寺中２－２４－２５", "緯度": 34.656651, "経度": 134.03652, "url": "https://www.iryou.teikyouseido.mhlw.go.jp/znk-web/juminkanja/S2430/initialize?prefCd=33&kikanCd=5330000150&kikanKbn=5", "url2": null, "内容": "サカエ薬局　西大寺店【5:薬局】岡山県岡山市東区西大寺中２－２４－２５" }, "geometry": { "type": "Point", "coordinates": [ 134.03652, 34.656651 ] } },
{ "type": "Feature", "properties": { "ID": 3355330000160, "正式名称": "こやま薬局・江崎店", "機関区分": 5, "都道府県コード": 33, "市区町村コード": 102, "所在地": "岡山県岡山市中区江崎８９－３", "緯度": 34.62908, "経度": 133.959962, "url": "https://www.iryou.teikyouseido.mhlw.go.jp/znk-web/juminkanja/S2430/initialize?prefCd=33&kikanCd=5330000160&kikanKbn=5", "url2": "https://k-create.jp/", "内容": "こやま薬局・江崎店【5:薬局】岡山県岡山市中区江崎８９－３" }, "geometry": { "type": "Point", "coordinates": [ 133.959962, 34.62908 ] } },
{ "type": "Feature", "properties": { "ID": 3355330000170, "正式名称": "みなと薬局　雄町店", "機関区分": 5, "都道府県コード": 33, "市区町村コード": 102, "所在地": "岡山県岡山市中区雄町２８１－５", "緯度": 34.685908, "経度": 133.973031, "url": "https://www.iryou.teikyouseido.mhlw.go.jp/znk-web/juminkanja/S2430/initialize?prefCd=33&kikanCd=5330000170&kikanKbn=5", "url2": "https://www.e-classa.net/minato-omachi/information.html", "内容": "みなと薬局　雄町店【5:薬局】岡山県岡山市中区雄町２８１－５" }, "geometry": { "type": "Point", "coordinates": [ 133.973031, 34.685908 ] } },
{ "type": "Feature", "properties": { "ID": 3355330000180, "正式名称": "有限会社赤松薬局", "機関区分": 5, "都道府県コード": 33, "市区町村コード": 102, "所在地": "岡山県岡山市中区東中島町３－１", "緯度": 34.657716, "経度": 133.934949, "url": "https://www.iryou.teikyouseido.mhlw.go.jp/znk-web/juminkanja/S2430/initialize?prefCd=33&kikanCd=5330000180&kikanKbn=5", "url2": "http://akaph.co.jp/", "内容": "有限会社赤松薬局【5:薬局】岡山県岡山市中区東中島町３－１" }, "geometry": { "type": "Point", "coordinates": [ 133.934949, 34.657716 ] } },
{ "type": "Feature", "properties": { "ID": 3355330000190, "正式名称": "ハートライフ薬局", "機関区分": 5, "都道府県コード": 33, "市区町村コード": 104, "所在地": "岡山県岡山市南区浦安本町８８－９", "緯度": 34.606546, "経度": 133.920175, "url": "https://www.iryou.teikyouseido.mhlw.go.jp/znk-web/juminkanja/S2430/initialize?prefCd=33&kikanCd=5330000190&kikanKbn=5", "url2": "http://hl810.jp", "内容": "ハートライフ薬局【5:薬局】岡山県岡山市南区浦安本町８８－９" }, "geometry": { "type": "Point", "coordinates": [ 133.920175, 34.606546 ] } },
{ "type": "Feature", "properties": { "ID": 3355330000200, "正式名称": "イクタ薬局", "機関区分": 5, "都道府県コード": 33, "市区町村コード": 104, "所在地": "岡山県岡山市南区築港新町１－１８－５天満屋ハピータウン岡南店内", "緯度": 34.603974, "経度": 133.940992, "url": "https://www.iryou.teikyouseido.mhlw.go.jp/znk-web/juminkanja/S2430/initialize?prefCd=33&kikanCd=5330000200&kikanKbn=5", "url2": "https://www.ikutapharmacy.com", "内容": "イクタ薬局【5:薬局】岡山県岡山市南区築港新町１－１８－５天満屋ハピータウン岡南店内" }, "geometry": { "type": "Point", "coordinates": [ 133.940992, 34.603974 ] } },
{ "type": "Feature", "properties": { "ID": 3355330000210, "正式名称": "成広薬局　西大寺店", "機関区分": 5, "都道府県コード": 33, "市区町村コード": 103, "所在地": "岡山県岡山市東区西大寺中三丁目４６０－２", "緯度": 34.657123, "経度": 134.03744, "url": "https://www.iryou.teikyouseido.mhlw.go.jp/znk-web/juminkanja/S2430/initialize?prefCd=33&kikanCd=5330000210&kikanKbn=5", "url2": "http://www.n-pharma.co.jp/", "内容": "成広薬局　西大寺店【5:薬局】岡山県岡山市東区西大寺中三丁目４６０－２" }, "geometry": { "type": "Point", "coordinates": [ 134.03744, 34.657123 ] } },
{ "type": "Feature", "properties": { "ID": 3355330000240, "正式名称": "甲浦薬局", "機関区分": 5, "都道府県コード": 33, "市区町村コード": 104, "所在地": "岡山県岡山市南区北浦７１４", "緯度": 34.587341, "経度": 133.968696, "url": "https://www.iryou.teikyouseido.mhlw.go.jp/znk-web/juminkanja/S2430/initialize?prefCd=33&kikanCd=5330000240&kikanKbn=5", "url2": null, "内容": "甲浦薬局【5:薬局】岡山県岡山市南区北浦７１４" }, "geometry": { "type": "Point", "coordinates": [ 133.968696, 34.587341 ] } },
{ "type": "Feature", "properties": { "ID": 3355330000250, "正式名称": "有限会社　新富薬局", "機関区分": 5, "都道府県コード": 33, "市区町村コード": 102, "所在地": "岡山県岡山市中区国富７８２－５", "緯度": 34.666154, "経度": 133.943679, "url": "https://www.iryou.teikyouseido.mhlw.go.jp/znk-web/juminkanja/S2430/initialize?prefCd=33&kikanCd=5330000250&kikanKbn=5", "url2": null, "内容": "有限会社　新富薬局【5:薬局】岡山県岡山市中区国富７８２－５" }, "geometry": { "type": "Point", "coordinates": [ 133.943679, 34.666154 ] } },
{ "type": "Feature", "properties": { "ID": 3355330000270, "正式名称": "築港ユアサ薬局", "機関区分": 5, "都道府県コード": 33, "市区町村コード": 104, "所在地": "岡山県岡山市南区築港緑町１－１５－１", "緯度": 34.603982, "経度": 133.933335, "url": "https://www.iryou.teikyouseido.mhlw.go.jp/znk-web/juminkanja/S2430/initialize?prefCd=33&kikanCd=5330000270&kikanKbn=5", "url2": "https://yuasa.pupu.jp/", "内容": "築港ユアサ薬局【5:薬局】岡山県岡山市南区築港緑町１－１５－１" }, "geometry": { "type": "Point", "coordinates": [ 133.933335, 34.603982 ] } },
{ "type": "Feature", "properties": { "ID": 3355330000290, "正式名称": "富永薬局　労災病院前", "機関区分": 5, "都道府県コード": 33, "市区町村コード": 104, "所在地": "岡山県岡山市南区築港緑町１－１５－２６", "緯度": 34.603688, "経度": 133.93329, "url": "https://www.iryou.teikyouseido.mhlw.go.jp/znk-web/juminkanja/S2430/initialize?prefCd=33&kikanCd=5330000290&kikanKbn=5", "url2": "https://kusuriya.co.jp/", "内容": "富永薬局　労災病院前【5:薬局】岡山県岡山市南区築港緑町１－１５－２６" }, "geometry": { "type": "Point", "coordinates": [ 133.93329, 34.603688 ] } },
{ "type": "Feature", "properties": { "ID": 3355330000300, "正式名称": "虹いろ薬局本店", "機関区分": 5, "都道府県コード": 33, "市区町村コード": 102, "所在地": "岡山県岡山市中区赤坂本町１‐１２", "緯度": 34.650625, "経度": 133.93736, "url": "https://www.iryou.teikyouseido.mhlw.go.jp/znk-web/juminkanja/S2430/initialize?prefCd=33&kikanCd=5330000300&kikanKbn=5", "url2": "http://www.nijiiro7.com/", "内容": "虹いろ薬局本店【5:薬局】岡山県岡山市中区赤坂本町１‐１２" }, "geometry": { "type": "Point", "coordinates": [ 133.93736, 34.650625 ] } },
{ "type": "Feature", "properties": { "ID": 3355330000310, "正式名称": "とみなが薬局　東畦店", "機関区分": 5, "都道府県コード": 33, "市区町村コード": 104, "所在地": "岡山県岡山市南区東畦７６７番地５", "緯度": 34.605061, "経度": 133.881395, "url": "https://www.iryou.teikyouseido.mhlw.go.jp/znk-web/juminkanja/S2430/initialize?prefCd=33&kikanCd=5330000310&kikanKbn=5", "url2": "https://kusuriya.co.jp/", "内容": "とみなが薬局　東畦店【5:薬局】岡山県岡山市南区東畦７６７番地５" }, "geometry": { "type": "Point", "coordinates": [ 133.881395, 34.605061 ] } },
{ "type": "Feature", "properties": { "ID": 3355330000320, "正式名称": "サンヨー薬局・三門店", "機関区分": 5, "都道府県コード": 33, "市区町村コード": 101, "所在地": "岡山県岡山市北区下伊福上町１６－１３カワサキビル１階", "緯度": 34.667944, "経度": 133.903686, "url": "https://www.iryou.teikyouseido.mhlw.go.jp/znk-web/juminkanja/S2430/initialize?prefCd=33&kikanCd=5330000320&kikanKbn=5", "url2": "http://www.sanyo3417.co.jp", "内容": "サンヨー薬局・三門店【5:薬局】岡山県岡山市北区下伊福上町１６－１３カワサキビル１階" }, "geometry": { "type": "Point", "coordinates": [ 133.903686, 34.667944 ] } },
{ "type": "Feature", "properties": { "ID": 3355330000350, "正式名称": "アイビー薬局一宮", "機関区分": 5, "都道府県コード": 33, "市区町村コード": 101, "所在地": "岡山県岡山市北区西辛川３０５－１", "緯度": 34.680891, "経度": 133.86284, "url": "https://www.iryou.teikyouseido.mhlw.go.jp/znk-web/juminkanja/S2430/initialize?prefCd=33&kikanCd=5330000350&kikanKbn=5", "url2": "https://ivy-pharmacy.studio.site/ichinomiya", "内容": "アイビー薬局一宮【5:薬局】岡山県岡山市北区西辛川３０５－１" }, "geometry": { "type": "Point", "coordinates": [ 133.86284, 34.680891 ] } },
{ "type": "Feature", "properties": { "ID": 3355330000360, "正式名称": "こやま薬局・西市店", "機関区分": 5, "都道府県コード": 33, "市区町村コード": 104, "所在地": "岡山県岡山市南区西市５２７－３", "緯度": 34.632006, "経度": 133.897579, "url": "https://www.iryou.teikyouseido.mhlw.go.jp/znk-web/juminkanja/S2430/initialize?prefCd=33&kikanCd=5330000360&kikanKbn=5", "url2": "https://k-create.jp/", "内容": "こやま薬局・西市店【5:薬局】岡山県岡山市南区西市５２７－３" }, "geometry": { "type": "Point", "coordinates": [ 133.897579, 34.632006 ] } },
{ "type": "Feature", "properties": { "ID": 3355330000370, "正式名称": "サカエ薬局　山南店", "機関区分": 5, "都道府県コード": 33, "市区町村コード": 103, "所在地": "岡山県岡山市東区宿毛７４４－１", "緯度": 34.62354, "経度": 134.08476, "url": "https://www.iryou.teikyouseido.mhlw.go.jp/znk-web/juminkanja/S2430/initialize?prefCd=33&kikanCd=5330000370&kikanKbn=5", "url2": "https://medicament.co.jp/", "内容": "サカエ薬局　山南店【5:薬局】岡山県岡山市東区宿毛７４４－１" }, "geometry": { "type": "Point", "coordinates": [ 134.08476, 34.62354 ] } },
{ "type": "Feature", "properties": { "ID": 3355330000380, "正式名称": "虹いろ薬局倉田店", "機関区分": 5, "都道府県コード": 33, "市区町村コード": 102, "所在地": "岡山県岡山市中区平井３－１０６２－６", "緯度": 34.63503, "経度": 133.953051, "url": "https://www.iryou.teikyouseido.mhlw.go.jp/znk-web/juminkanja/S2430/initialize?prefCd=33&kikanCd=5330000380&kikanKbn=5", "url2": "http://www.nijiiro7.com", "内容": "虹いろ薬局倉田店【5:薬局】岡山県岡山市中区平井３－１０６２－６" }, "geometry": { "type": "Point", "coordinates": [ 133.953051, 34.63503 ] } },
{ "type": "Feature", "properties": { "ID": 3355330000390, "正式名称": "赤松薬局　中仙道店", "機関区分": 5, "都道府県コード": 33, "市区町村コード": 101, "所在地": "岡山県岡山市北区中仙道５８－１２４", "緯度": 34.645025, "経度": 133.884254, "url": "https://www.iryou.teikyouseido.mhlw.go.jp/znk-web/juminkanja/S2430/initialize?prefCd=33&kikanCd=5330000390&kikanKbn=5", "url2": "http://akaph.co.jp/", "内容": "赤松薬局　中仙道店【5:薬局】岡山県岡山市北区中仙道５８－１２４" }, "geometry": { "type": "Point", "coordinates": [ 133.884254, 34.645025 ] } },
{ "type": "Feature", "properties": { "ID": 3355330000400, "正式名称": "こやま薬局・松新町店", "機関区分": 5, "都道府県コード": 33, "市区町村コード": 103, "所在地": "岡山県岡山市東区松新町２９－４", "緯度": 34.657676, "経度": 134.013308, "url": "https://www.iryou.teikyouseido.mhlw.go.jp/znk-web/juminkanja/S2430/initialize?prefCd=33&kikanCd=5330000400&kikanKbn=5", "url2": "https://k-create.jp/", "内容": "こやま薬局・松新町店【5:薬局】岡山県岡山市東区松新町２９－４" }, "geometry": { "type": "Point", "coordinates": [ 134.013308, 34.657676 ] } },
{ "type": "Feature", "properties": { "ID": 3355330000410, "正式名称": "あかね薬局", "機関区分": 5, "都道府県コード": 33, "市区町村コード": 103, "所在地": "岡山県岡山市東区神崎町１０５－１６", "緯度": 34.627526, "経度": 134.058321, "url": "https://www.iryou.teikyouseido.mhlw.go.jp/znk-web/juminkanja/S2430/initialize?prefCd=33&kikanCd=5330000410&kikanKbn=5", "url2": null, "内容": "あかね薬局【5:薬局】岡山県岡山市東区神崎町１０５－１６" }, "geometry": { "type": "Point", "coordinates": [ 134.058321, 34.627526 ] } },
{ "type": "Feature", "properties": { "ID": 3355330000420, "正式名称": "みのり薬局　庭瀬店", "機関区分": 5, "都道府県コード": 33, "市区町村コード": 101, "所在地": "岡山県岡山市北区庭瀬２２２－５", "緯度": 34.647241, "経度": 133.851366, "url": "https://www.iryou.teikyouseido.mhlw.go.jp/znk-web/juminkanja/S2430/initialize?prefCd=33&kikanCd=5330000420&kikanKbn=5", "url2": "http://www3.from-c.com/datal/kasumi", "内容": "みのり薬局　庭瀬店【5:薬局】岡山県岡山市北区庭瀬２２２－５" }, "geometry": { "type": "Point", "coordinates": [ 133.851366, 34.647241 ] } },
{ "type": "Feature", "properties": { "ID": 3355330000440, "正式名称": "はる薬局", "機関区分": 5, "都道府県コード": 33, "市区町村コード": 104, "所在地": "岡山県岡山市南区内尾４６３－１７", "緯度": 34.598886, "経度": 133.857889, "url": "https://www.iryou.teikyouseido.mhlw.go.jp/znk-web/juminkanja/S2430/initialize?prefCd=33&kikanCd=5330000440&kikanKbn=5", "url2": "http://www.hanayakkyoku.com/", "内容": "はる薬局【5:薬局】岡山県岡山市南区内尾４６３－１７" }, "geometry": { "type": "Point", "coordinates": [ 133.857889, 34.598886 ] } },
{ "type": "Feature", "properties": { "ID": 3355330000450, "正式名称": "調剤薬局マツモトキヨシ平和町店", "機関区分": 5, "都道府県コード": 33, "市区町村コード": 101, "所在地": "岡山県岡山市北区平和町５－１", "緯度": 34.664803, "経度": 133.923095, "url": "https://www.iryou.teikyouseido.mhlw.go.jp/znk-web/juminkanja/S2430/initialize?prefCd=33&kikanCd=5330000450&kikanKbn=5", "url2": "http://www.matsukiyococokara.com", "内容": "調剤薬局マツモトキヨシ平和町店【5:薬局】岡山県岡山市北区平和町５－１" }, "geometry": { "type": "Point", "coordinates": [ 133.923095, 34.664803 ] } },
{ "type": "Feature", "properties": { "ID": 3355330000460, "正式名称": "イズ薬局", "機関区分": 5, "都道府県コード": 33, "市区町村コード": 101, "所在地": "岡山県岡山市北区津島東一丁目３－８", "緯度": 34.687706, "経度": 133.928086, "url": "https://www.iryou.teikyouseido.mhlw.go.jp/znk-web/juminkanja/S2430/initialize?prefCd=33&kikanCd=5330000460&kikanKbn=5", "url2": null, "内容": "イズ薬局【5:薬局】岡山県岡山市北区津島東一丁目３－８" }, "geometry": { "type": "Point", "coordinates": [ 133.928086, 34.687706 ] } },
{ "type": "Feature", "properties": { "ID": 3355330000470, "正式名称": "ひかり薬局アイ店", "機関区分": 5, "都道府県コード": 33, "市区町村コード": 103, "所在地": "岡山県岡山市東区可知２－２－２０", "緯度": 34.657567, "経度": 134.002037, "url": "https://www.iryou.teikyouseido.mhlw.go.jp/znk-web/juminkanja/S2430/initialize?prefCd=33&kikanCd=5330000470&kikanKbn=5", "url2": "http://hikariph.co.jp/", "内容": "ひかり薬局アイ店【5:薬局】岡山県岡山市東区可知２－２－２０" }, "geometry": { "type": "Point", "coordinates": [ 134.002037, 34.657567 ] } },
{ "type": "Feature", "properties": { "ID": 3355330000480, "正式名称": "よつば薬局", "機関区分": 5, "都道府県コード": 33, "市区町村コード": 104, "所在地": "岡山県岡山市南区平福１－１３－１８", "緯度": 34.618235, "経度": 133.947729, "url": "https://www.iryou.teikyouseido.mhlw.go.jp/znk-web/juminkanja/S2430/initialize?prefCd=33&kikanCd=5330000480&kikanKbn=5", "url2": "https://k-create.jp/", "内容": "よつば薬局【5:薬局】岡山県岡山市南区平福１－１３－１８" }, "geometry": { "type": "Point", "coordinates": [ 133.947729, 34.618235 ] } },
{ "type": "Feature", "properties": { "ID": 3355330000490, "正式名称": "ひかり薬局駅前店", "機関区分": 5, "都道府県コード": 33, "市区町村コード": 103, "所在地": "岡山県岡山市東区西大寺上２－２－３３", "緯度": 34.660429, "経度": 134.034398, "url": "https://www.iryou.teikyouseido.mhlw.go.jp/znk-web/juminkanja/S2430/initialize?prefCd=33&kikanCd=5330000490&kikanKbn=5", "url2": "http://hikariph.co.jp/", "内容": "ひかり薬局駅前店【5:薬局】岡山県岡山市東区西大寺上２－２－３３" }, "geometry": { "type": "Point", "coordinates": [ 134.034398, 34.660429 ] } },
{ "type": "Feature", "properties": { "ID": 3355330000510, "正式名称": "あかね薬局　岡南店", "機関区分": 5, "都道府県コード": 33, "市区町村コード": 104, "所在地": "岡山県岡山市南区松浜町３－１５", "緯度": 34.613354, "経度": 133.942003, "url": "https://www.iryou.teikyouseido.mhlw.go.jp/znk-web/juminkanja/S2430/initialize?prefCd=33&kikanCd=5330000510&kikanKbn=5", "url2": null, "内容": "あかね薬局　岡南店【5:薬局】岡山県岡山市南区松浜町３－１５" }, "geometry": { "type": "Point", "coordinates": [ 133.942003, 34.613354 ] } },
{ "type": "Feature", "properties": { "ID": 3355330000520, "正式名称": "アップル薬局", "機関区分": 5, "都道府県コード": 33, "市区町村コード": 101, "所在地": "岡山県岡山市北区平野７００－６", "緯度": 34.648177, "経度": 133.862712, "url": "https://www.iryou.teikyouseido.mhlw.go.jp/znk-web/juminkanja/S2430/initialize?prefCd=33&kikanCd=5330000520&kikanKbn=5", "url2": null, "内容": "アップル薬局【5:薬局】岡山県岡山市北区平野７００－６" }, "geometry": { "type": "Point", "coordinates": [ 133.862712, 34.648177 ] } },
{ "type": "Feature", "properties": { "ID": 3355330000530, "正式名称": "快明薬局", "機関区分": 5, "都道府県コード": 33, "市区町村コード": 101, "所在地": "岡山県岡山市北区津島南１－１－３", "緯度": 34.681657, "経度": 133.91404, "url": "https://www.iryou.teikyouseido.mhlw.go.jp/znk-web/juminkanja/S2430/initialize?prefCd=33&kikanCd=5330000530&kikanKbn=5", "url2": "https://www.drug-net.jp/", "内容": "快明薬局【5:薬局】岡山県岡山市北区津島南１－１－３" }, "geometry": { "type": "Point", "coordinates": [ 133.91404, 34.681657 ] } },
{ "type": "Feature", "properties": { "ID": 3355330000540, "正式名称": "ひかり薬局新地店", "機関区分": 5, "都道府県コード": 33, "市区町村コード": 103, "所在地": "岡山県岡山市東区西大寺新地１６－７", "緯度": 34.651066, "経度": 134.056774, "url": "https://www.iryou.teikyouseido.mhlw.go.jp/znk-web/juminkanja/S2430/initialize?prefCd=33&kikanCd=5330000540&kikanKbn=5", "url2": "https://hikariph.co.jp/", "内容": "ひかり薬局新地店【5:薬局】岡山県岡山市東区西大寺新地１６－７" }, "geometry": { "type": "Point", "coordinates": [ 134.056774, 34.651066 ] } },
{ "type": "Feature", "properties": { "ID": 3355330000550, "正式名称": "ファーマシィ薬局藤原", "機関区分": 5, "都道府県コード": 33, "市区町村コード": 102, "所在地": "岡山県岡山市中区藤原１９－１６", "緯度": 34.675844, "経度": 133.9592, "url": "https://www.iryou.teikyouseido.mhlw.go.jp/znk-web/juminkanja/S2430/initialize?prefCd=33&kikanCd=5330000550&kikanKbn=5", "url2": "http://www.pharmacy-net.co.jp/", "内容": "ファーマシィ薬局藤原【5:薬局】岡山県岡山市中区藤原１９－１６" }, "geometry": { "type": "Point", "coordinates": [ 133.9592, 34.675844 ] } },
{ "type": "Feature", "properties": { "ID": 3355330000560, "正式名称": "富永薬局　岡大病院前", "機関区分": 5, "都道府県コード": 33, "市区町村コード": 101, "所在地": "岡山県岡山市北区大学町２－１２", "緯度": 34.652605, "経度": 133.920666, "url": "https://www.iryou.teikyouseido.mhlw.go.jp/znk-web/juminkanja/S2430/initialize?prefCd=33&kikanCd=5330000560&kikanKbn=5", "url2": "https://kusuriya.co.jp/", "内容": "富永薬局　岡大病院前【5:薬局】岡山県岡山市北区大学町２－１２" }, "geometry": { "type": "Point", "coordinates": [ 133.920666, 34.652605 ] } },
{ "type": "Feature", "properties": { "ID": 3355330000570, "正式名称": "藤波薬局", "機関区分": 5, "都道府県コード": 33, "市区町村コード": 101, "所在地": "岡山県岡山市北区表町２－３－４９", "緯度": 34.660655, "経度": 133.930211, "url": "https://www.iryou.teikyouseido.mhlw.go.jp/znk-web/juminkanja/S2430/initialize?prefCd=33&kikanCd=5330000570&kikanKbn=5", "url2": null, "内容": "藤波薬局【5:薬局】岡山県岡山市北区表町２－３－４９" }, "geometry": { "type": "Point", "coordinates": [ 133.930211, 34.660655 ] } },
{ "type": "Feature", "properties": { "ID": 3355330000590, "正式名称": "ケイ・アイ堂薬局　岡山", "機関区分": 5, "都道府県コード": 33, "市区町村コード": 101, "所在地": "岡山県岡山市北区伊福町１丁目１－６", "緯度": 34.670183, "経度": 133.917051, "url": "https://www.iryou.teikyouseido.mhlw.go.jp/znk-web/juminkanja/S2430/initialize?prefCd=33&kikanCd=5330000590&kikanKbn=5", "url2": "https://kid-hd.com/", "内容": "ケイ・アイ堂薬局　岡山【5:薬局】岡山県岡山市北区伊福町１丁目１－６" }, "geometry": { "type": "Point", "coordinates": [ 133.917051, 34.670183 ] } },
{ "type": "Feature", "properties": { "ID": 3355330000610, "正式名称": "モシモシ薬局　本店", "機関区分": 5, "都道府県コード": 33, "市区町村コード": 102, "所在地": "岡山県岡山市中区国府市場８０－１", "緯度": 34.69017, "経度": 133.958241, "url": "https://www.iryou.teikyouseido.mhlw.go.jp/znk-web/juminkanja/S2430/initialize?prefCd=33&kikanCd=5330000610&kikanKbn=5", "url2": "http://mo4mo4.com", "内容": "モシモシ薬局　本店【5:薬局】岡山県岡山市中区国府市場８０－１" }, "geometry": { "type": "Point", "coordinates": [ 133.958241, 34.69017 ] } },
{ "type": "Feature", "properties": { "ID": 3355330000620, "正式名称": "シライシ薬局", "機関区分": 5, "都道府県コード": 33, "市区町村コード": 101, "所在地": "岡山県岡山市北区白石西新町８－１１１", "緯度": 34.654368, "経度": 133.86835, "url": "https://www.iryou.teikyouseido.mhlw.go.jp/znk-web/juminkanja/S2430/initialize?prefCd=33&kikanCd=5330000620&kikanKbn=5", "url2": "http://shiraishi-p.jp/", "内容": "シライシ薬局【5:薬局】岡山県岡山市北区白石西新町８－１１１" }, "geometry": { "type": "Point", "coordinates": [ 133.86835, 34.654368 ] } },
{ "type": "Feature", "properties": { "ID": 3355330000630, "正式名称": "船越薬局", "機関区分": 5, "都道府県コード": 33, "市区町村コード": 101, "所在地": "岡山県岡山市北区新屋敷町１－１０－２０", "緯度": 34.656245, "経度": 133.908387, "url": "https://www.iryou.teikyouseido.mhlw.go.jp/znk-web/juminkanja/S2430/initialize?prefCd=33&kikanCd=5330000630&kikanKbn=5", "url2": null, "内容": "船越薬局【5:薬局】岡山県岡山市北区新屋敷町１－１０－２０" }, "geometry": { "type": "Point", "coordinates": [ 133.908387, 34.656245 ] } },
{ "type": "Feature", "properties": { "ID": 3355330000640, "正式名称": "小松原薬局", "機関区分": 5, "都道府県コード": 33, "市区町村コード": 101, "所在地": "岡山県岡山市北区奥田本町２４－１６", "緯度": 34.644453, "経度": 133.921519, "url": "https://www.iryou.teikyouseido.mhlw.go.jp/znk-web/juminkanja/S2430/initialize?prefCd=33&kikanCd=5330000640&kikanKbn=5", "url2": null, "内容": "小松原薬局【5:薬局】岡山県岡山市北区奥田本町２４－１６" }, "geometry": { "type": "Point", "coordinates": [ 133.921519, 34.644453 ] } },
{ "type": "Feature", "properties": { "ID": 3355330000650, "正式名称": "サニー薬局", "機関区分": 5, "都道府県コード": 33, "市区町村コード": 101, "所在地": "岡山県岡山市北区中仙道１丁目２－１", "緯度": 34.64769, "経度": 133.890836, "url": "https://www.iryou.teikyouseido.mhlw.go.jp/znk-web/juminkanja/S2430/initialize?prefCd=33&kikanCd=5330000650&kikanKbn=5", "url2": null, "内容": "サニー薬局【5:薬局】岡山県岡山市北区中仙道１丁目２－１" }, "geometry": { "type": "Point", "coordinates": [ 133.890836, 34.64769 ] } },
{ "type": "Feature", "properties": { "ID": 3355330000660, "正式名称": "かすみ薬局", "機関区分": 5, "都道府県コード": 33, "市区町村コード": 104, "所在地": "岡山県岡山市南区箕島１２７５－４", "緯度": 34.611161, "経度": 133.86026, "url": "https://www.iryou.teikyouseido.mhlw.go.jp/znk-web/juminkanja/S2430/initialize?prefCd=33&kikanCd=5330000660&kikanKbn=5", "url2": "http://www.kasumi-drug.com/", "内容": "かすみ薬局【5:薬局】岡山県岡山市南区箕島１２７５－４" }, "geometry": { "type": "Point", "coordinates": [ 133.86026, 34.611161 ] } },
{ "type": "Feature", "properties": { "ID": 3355330000670, "正式名称": "ハート薬局", "機関区分": 5, "都道府県コード": 33, "市区町村コード": 102, "所在地": "岡山県岡山市中区国富１－１－７", "緯度": 34.661823, "経度": 133.942413, "url": "https://www.iryou.teikyouseido.mhlw.go.jp/znk-web/juminkanja/S2430/initialize?prefCd=33&kikanCd=5330000670&kikanKbn=5", "url2": null, "内容": "ハート薬局【5:薬局】岡山県岡山市中区国富１－１－７" }, "geometry": { "type": "Point", "coordinates": [ 133.942413, 34.661823 ] } },
{ "type": "Feature", "properties": { "ID": 3355330000680, "正式名称": "みなと薬局", "機関区分": 5, "都道府県コード": 33, "市区町村コード": 102, "所在地": "岡山県岡山市中区湊３７７－３", "緯度": 34.648901, "経度": 133.960064, "url": "https://www.iryou.teikyouseido.mhlw.go.jp/znk-web/juminkanja/S2430/initialize?prefCd=33&kikanCd=5330000680&kikanKbn=5", "url2": "http://www.e-classa.net/minatohonnten/", "内容": "みなと薬局【5:薬局】岡山県岡山市中区湊３７７－３" }, "geometry": { "type": "Point", "coordinates": [ 133.960064, 34.648901 ] } },
{ "type": "Feature", "properties": { "ID": 3355330000690, "正式名称": "福神　トシモリ薬局", "機関区分": 5, "都道府県コード": 33, "市区町村コード": 101, "所在地": "岡山県岡山市北区清輝橋２－２－１０", "緯度": 34.651147, "経度": 133.925159, "url": "https://www.iryou.teikyouseido.mhlw.go.jp/znk-web/juminkanja/S2430/initialize?prefCd=33&kikanCd=5330000690&kikanKbn=5", "url2": "https://www.toshimori.jp", "内容": "福神　トシモリ薬局【5:薬局】岡山県岡山市北区清輝橋２－２－１０" }, "geometry": { "type": "Point", "coordinates": [ 133.925159, 34.651147 ] } },
{ "type": "Feature", "properties": { "ID": 3355330000700, "正式名称": "有限会社　友愛薬局", "機関区分": 5, "都道府県コード": 33, "市区町村コード": 101, "所在地": "岡山県岡山市北区昭和町１３－２８", "緯度": 34.66535, "経度": 133.913144, "url": "https://www.iryou.teikyouseido.mhlw.go.jp/znk-web/juminkanja/S2430/initialize?prefCd=33&kikanCd=5330000700&kikanKbn=5", "url2": "http://www.yuuai-pharmacy.jp/", "内容": "有限会社　友愛薬局【5:薬局】岡山県岡山市北区昭和町１３－２８" }, "geometry": { "type": "Point", "coordinates": [ 133.913144, 34.66535 ] } },
{ "type": "Feature", "properties": { "ID": 3355330000710, "正式名称": "西山薬局", "機関区分": 5, "都道府県コード": 33, "市区町村コード": 104, "所在地": "岡山県岡山市南区築港新町１－１５－１５", "緯度": 34.604852, "経度": 133.938418, "url": "https://www.iryou.teikyouseido.mhlw.go.jp/znk-web/juminkanja/S2430/initialize?prefCd=33&kikanCd=5330000710&kikanKbn=5", "url2": null, "内容": "西山薬局【5:薬局】岡山県岡山市南区築港新町１－１５－１５" }, "geometry": { "type": "Point", "coordinates": [ 133.938418, 34.604852 ] } },
{ "type": "Feature", "properties": { "ID": 3355330000720, "正式名称": "福泊薬局", "機関区分": 5, "都道府県コード": 33, "市区町村コード": 102, "所在地": "岡山県岡山市中区福泊２５８－４", "緯度": 34.656778, "経度": 133.974809, "url": "https://www.iryou.teikyouseido.mhlw.go.jp/znk-web/juminkanja/S2430/initialize?prefCd=33&kikanCd=5330000720&kikanKbn=5", "url2": "https://sites.google.com/view/fukudomaripharmacy/", "内容": "福泊薬局【5:薬局】岡山県岡山市中区福泊２５８－４" }, "geometry": { "type": "Point", "coordinates": [ 133.974809, 34.656778 ] } },
{ "type": "Feature", "properties": { "ID": 3355330000730, "正式名称": "渡辺薬局", "機関区分": 5, "都道府県コード": 33, "市区町村コード": 101, "所在地": "岡山県岡山市北区石関町１－１", "緯度": 34.666265, "経度": 133.930792, "url": "https://www.iryou.teikyouseido.mhlw.go.jp/znk-web/juminkanja/S2430/initialize?prefCd=33&kikanCd=5330000730&kikanKbn=5", "url2": null, "内容": "渡辺薬局【5:薬局】岡山県岡山市北区石関町１－１" }, "geometry": { "type": "Point", "coordinates": [ 133.930792, 34.666265 ] } },
{ "type": "Feature", "properties": { "ID": 3355330000750, "正式名称": "富永薬局　妹尾", "機関区分": 5, "都道府県コード": 33, "市区町村コード": 104, "所在地": "岡山県岡山市南区妹尾３３８７－３", "緯度": 34.620384, "経度": 133.871802, "url": "https://www.iryou.teikyouseido.mhlw.go.jp/znk-web/juminkanja/S2430/initialize?prefCd=33&kikanCd=5330000750&kikanKbn=5", "url2": "https://kusuriya.co.jp/", "内容": "富永薬局　妹尾【5:薬局】岡山県岡山市南区妹尾３３８７－３" }, "geometry": { "type": "Point", "coordinates": [ 133.871802, 34.620384 ] } },
{ "type": "Feature", "properties": { "ID": 3355330000770, "正式名称": "門田　薬局", "機関区分": 5, "都道府県コード": 33, "市区町村コード": 102, "所在地": "岡山県岡山市中区門田屋敷二丁目３番１８号", "緯度": 34.654849, "経度": 133.938461, "url": "https://www.iryou.teikyouseido.mhlw.go.jp/znk-web/juminkanja/S2430/initialize?prefCd=33&kikanCd=5330000770&kikanKbn=5", "url2": "https://kadota-pharmacy0201.site", "内容": "門田　薬局【5:薬局】岡山県岡山市中区門田屋敷二丁目３番１８号" }, "geometry": { "type": "Point", "coordinates": [ 133.938461, 34.654849 ] } },
{ "type": "Feature", "properties": { "ID": 3355330000780, "正式名称": "くすりのラブ薬局　福田店", "機関区分": 5, "都道府県コード": 33, "市区町村コード": 104, "所在地": "岡山県岡山市南区福田２２７－２３", "緯度": 34.619609, "経度": 133.928607, "url": "https://www.iryou.teikyouseido.mhlw.go.jp/znk-web/juminkanja/S2430/initialize?prefCd=33&kikanCd=5330000780&kikanKbn=5", "url2": "http://www.matsukiyo.co.jp/", "内容": "くすりのラブ薬局　福田店【5:薬局】岡山県岡山市南区福田２２７－２３" }, "geometry": { "type": "Point", "coordinates": [ 133.928607, 34.619609 ] } },
{ "type": "Feature", "properties": { "ID": 3355330000790, "正式名称": "さとう薬局", "機関区分": 5, "都道府県コード": 33, "市区町村コード": 101, "所在地": "岡山県岡山市北区伊島町２－１－３６", "緯度": 34.678523, "経度": 133.912665, "url": "https://www.iryou.teikyouseido.mhlw.go.jp/znk-web/juminkanja/S2430/initialize?prefCd=33&kikanCd=5330000790&kikanKbn=5", "url2": null, "内容": "さとう薬局【5:薬局】岡山県岡山市北区伊島町２－１－３６" }, "geometry": { "type": "Point", "coordinates": [ 133.912665, 34.678523 ] } },
{ "type": "Feature", "properties": { "ID": 3355330000800, "正式名称": "スマイル薬局　吉備津店", "機関区分": 5, "都道府県コード": 33, "市区町村コード": 101, "所在地": "岡山県岡山市北区吉備津１０１９－３", "緯度": 34.673208, "経度": 133.845104, "url": "https://www.iryou.teikyouseido.mhlw.go.jp/znk-web/juminkanja/S2430/initialize?prefCd=33&kikanCd=5330000800&kikanKbn=5", "url2": null, "内容": "スマイル薬局　吉備津店【5:薬局】岡山県岡山市北区吉備津１０１９－３" }, "geometry": { "type": "Point", "coordinates": [ 133.845104, 34.673208 ] } },
{ "type": "Feature", "properties": { "ID": 3355330000810, "正式名称": "くすりのラブ薬局岡南店", "機関区分": 5, "都道府県コード": 33, "市区町村コード": 104, "所在地": "岡山県岡山市南区築港新町１－１－６", "緯度": 34.60901, "経度": 133.937803, "url": "https://www.iryou.teikyouseido.mhlw.go.jp/znk-web/juminkanja/S2430/initialize?prefCd=33&kikanCd=5330000810&kikanKbn=5", "url2": "http://www.matsukiyo.co.jp/", "内容": "くすりのラブ薬局岡南店【5:薬局】岡山県岡山市南区築港新町１－１－６" }, "geometry": { "type": "Point", "coordinates": [ 133.937803, 34.60901 ] } },
{ "type": "Feature", "properties": { "ID": 3355330000820, "正式名称": "せとうち薬局妹尾店", "機関区分": 5, "都道府県コード": 33, "市区町村コード": 104, "所在地": "岡山県岡山市南区箕島９７１－１", "緯度": 34.609147, "経度": 133.862144, "url": "https://www.iryou.teikyouseido.mhlw.go.jp/znk-web/juminkanja/S2430/initialize?prefCd=33&kikanCd=5330000820&kikanKbn=5", "url2": null, "内容": "せとうち薬局妹尾店【5:薬局】岡山県岡山市南区箕島９７１－１" }, "geometry": { "type": "Point", "coordinates": [ 133.862144, 34.609147 ] } },
{ "type": "Feature", "properties": { "ID": 3355330000830, "正式名称": "妹尾薬局", "機関区分": 5, "都道府県コード": 33, "市区町村コード": 101, "所在地": "岡山県岡山市北区奥田２－８－１０", "緯度": 34.64322, "経度": 133.920103, "url": "https://www.iryou.teikyouseido.mhlw.go.jp/znk-web/juminkanja/S2430/initialize?prefCd=33&kikanCd=5330000830&kikanKbn=5", "url2": "http://www.ssmile.co.jp", "内容": "妹尾薬局【5:薬局】岡山県岡山市北区奥田２－８－１０" }, "geometry": { "type": "Point", "coordinates": [ 133.920103, 34.64322 ] } },
{ "type": "Feature", "properties": { "ID": 3355330000840, "正式名称": "マスカット薬局本店", "機関区分": 5, "都道府県コード": 33, "市区町村コード": 101, "所在地": "岡山県岡山市北区田益１２９０－１", "緯度": 34.710412, "経度": 133.900335, "url": "https://www.iryou.teikyouseido.mhlw.go.jp/znk-web/juminkanja/S2430/initialize?prefCd=33&kikanCd=5330000840&kikanKbn=5", "url2": "https://muscat-pharmacy.jp", "内容": "マスカット薬局本店【5:薬局】岡山県岡山市北区田益１２９０－１" }, "geometry": { "type": "Point", "coordinates": [ 133.900335, 34.710412 ] } },
{ "type": "Feature", "properties": { "ID": 3355330000850, "正式名称": "おかやま薬局岡北店", "機関区分": 5, "都道府県コード": 33, "市区町村コード": 101, "所在地": "岡山県岡山市北区大和町二丁目８－２５", "緯度": 34.682526, "経度": 133.928147, "url": "https://www.iryou.teikyouseido.mhlw.go.jp/znk-web/juminkanja/S2430/initialize?prefCd=33&kikanCd=5330000850&kikanKbn=5", "url2": "http://www.okai-medical.com", "内容": "おかやま薬局岡北店【5:薬局】岡山県岡山市北区大和町二丁目８－２５" }, "geometry": { "type": "Point", "coordinates": [ 133.928147, 34.682526 ] } },
{ "type": "Feature", "properties": { "ID": 3355330000870, "正式名称": "サンヨー薬局　ならづ店", "機関区分": 5, "都道府県コード": 33, "市区町村コード": 101, "所在地": "岡山県岡山市北区楢津７０９－７ヨシハラビル１階", "緯度": 34.680036, "経度": 133.88013, "url": "https://www.iryou.teikyouseido.mhlw.go.jp/znk-web/juminkanja/S2430/initialize?prefCd=33&kikanCd=5330000870&kikanKbn=5", "url2": "http://www.sanyo3417.co.jp", "内容": "サンヨー薬局　ならづ店【5:薬局】岡山県岡山市北区楢津７０９－７ヨシハラビル１階" }, "geometry": { "type": "Point", "coordinates": [ 133.88013, 34.680036 ] } },
{ "type": "Feature", "properties": { "ID": 3355330000880, "正式名称": "ハートライフ薬局　京町店", "機関区分": 5, "都道府県コード": 33, "市区町村コード": 101, "所在地": "岡山県岡山市北区京町８－１２", "緯度": 34.65369, "経度": 133.924226, "url": "https://www.iryou.teikyouseido.mhlw.go.jp/znk-web/juminkanja/S2430/initialize?prefCd=33&kikanCd=5330000880&kikanKbn=5", "url2": "http://hl810.jp", "内容": "ハートライフ薬局　京町店【5:薬局】岡山県岡山市北区京町８－１２" }, "geometry": { "type": "Point", "coordinates": [ 133.924226, 34.65369 ] } },
{ "type": "Feature", "properties": { "ID": 3355330000890, "正式名称": "けしごやま薬局", "機関区分": 5, "都道府県コード": 33, "市区町村コード": 103, "所在地": "岡山県岡山市東区西大寺松崎１７６－９", "緯度": 34.661583, "経度": 134.015086, "url": "https://www.iryou.teikyouseido.mhlw.go.jp/znk-web/juminkanja/S2430/initialize?prefCd=33&kikanCd=5330000890&kikanKbn=5", "url2": "https://k-create.jp/", "内容": "けしごやま薬局【5:薬局】岡山県岡山市東区西大寺松崎１７６－９" }, "geometry": { "type": "Point", "coordinates": [ 134.015086, 34.661583 ] } },
{ "type": "Feature", "properties": { "ID": 3355330000900, "正式名称": "くすりのラブ薬局　国立病院前店", "機関区分": 5, "都道府県コード": 33, "市区町村コード": 101, "所在地": "岡山県岡山市北区田益１７０５－１", "緯度": 34.710129, "経度": 133.90076, "url": "https://www.iryou.teikyouseido.mhlw.go.jp/znk-web/juminkanja/S2430/initialize?prefCd=33&kikanCd=5330000900&kikanKbn=5", "url2": "http://www.matsukiyo.co.jp/", "内容": "くすりのラブ薬局　国立病院前店【5:薬局】岡山県岡山市北区田益１７０５－１" }, "geometry": { "type": "Point", "coordinates": [ 133.90076, 34.710129 ] } },
{ "type": "Feature", "properties": { "ID": 3355330000910, "正式名称": "畑薬局庭瀬店", "機関区分": 5, "都道府県コード": 33, "市区町村コード": 101, "所在地": "岡山県岡山市北区庭瀬２３７－１０", "緯度": 34.646419, "経度": 133.853021, "url": "https://www.iryou.teikyouseido.mhlw.go.jp/znk-web/juminkanja/S2430/initialize?prefCd=33&kikanCd=5330000910&kikanKbn=5", "url2": "https://www.fieldpharmacia.com/", "内容": "畑薬局庭瀬店【5:薬局】岡山県岡山市北区庭瀬２３７－１０" }, "geometry": { "type": "Point", "coordinates": [ 133.853021, 34.646419 ] } },
{ "type": "Feature", "properties": { "ID": 3355330000920, "正式名称": "ひまわり薬局津高西店", "機関区分": 5, "都道府県コード": 33, "市区町村コード": 101, "所在地": "岡山県岡山市北区津高７１２－６", "緯度": 34.695479, "経度": 133.90246, "url": "https://www.iryou.teikyouseido.mhlw.go.jp/znk-web/juminkanja/S2430/initialize?prefCd=33&kikanCd=5330000920&kikanKbn=5", "url2": "http://www.himawariyakkyoku.co.jp/", "内容": "ひまわり薬局津高西店【5:薬局】岡山県岡山市北区津高７１２－６" }, "geometry": { "type": "Point", "coordinates": [ 133.90246, 34.695479 ] } },
{ "type": "Feature", "properties": { "ID": 3355330000930, "正式名称": "ノゾミ薬局　東畦店", "機関区分": 5, "都道府県コード": 33, "市区町村コード": 104, "所在地": "岡山県岡山市南区東畦８０－１０", "緯度": 34.604969, "経度": 133.871704, "url": "https://www.iryou.teikyouseido.mhlw.go.jp/znk-web/juminkanja/S2430/initialize?prefCd=33&kikanCd=5330000930&kikanKbn=5", "url2": null, "内容": "ノゾミ薬局　東畦店【5:薬局】岡山県岡山市南区東畦８０－１０" }, "geometry": { "type": "Point", "coordinates": [ 133.871704, 34.604969 ] } },
{ "type": "Feature", "properties": { "ID": 3355330000940, "正式名称": "足高薬局　雄町店", "機関区分": 5, "都道府県コード": 33, "市区町村コード": 102, "所在地": "岡山県岡山市中区雄町２９５－４", "緯度": 34.685944, "経度": 133.973819, "url": "https://www.iryou.teikyouseido.mhlw.go.jp/znk-web/juminkanja/S2430/initialize?prefCd=33&kikanCd=5330000940&kikanKbn=5", "url2": null, "内容": "足高薬局　雄町店【5:薬局】岡山県岡山市中区雄町２９５－４" }, "geometry": { "type": "Point", "coordinates": [ 133.973819, 34.685944 ] } },
{ "type": "Feature", "properties": { "ID": 3355330000950, "正式名称": "きたぞの薬局　岡大病院前店", "機関区分": 5, "都道府県コード": 33, "市区町村コード": 101, "所在地": "岡山県岡山市北区大学町３－１０", "緯度": 34.652455, "経度": 133.921147, "url": "https://www.iryou.teikyouseido.mhlw.go.jp/znk-web/juminkanja/S2430/initialize?prefCd=33&kikanCd=5330000950&kikanKbn=5", "url2": "http://www.kitazono-phar.co.jp/", "内容": "きたぞの薬局　岡大病院前店【5:薬局】岡山県岡山市北区大学町３－１０" }, "geometry": { "type": "Point", "coordinates": [ 133.921147, 34.652455 ] } },
{ "type": "Feature", "properties": { "ID": 3355330000960, "正式名称": "みのり薬局妹尾店", "機関区分": 5, "都道府県コード": 33, "市区町村コード": 104, "所在地": "岡山県岡山市南区妹尾８４０－１５", "緯度": 34.609775, "経度": 133.865205, "url": "https://www.iryou.teikyouseido.mhlw.go.jp/znk-web/juminkanja/S2430/initialize?prefCd=33&kikanCd=5330000960&kikanKbn=5", "url2": "http://kasumi-minori.com", "内容": "みのり薬局妹尾店【5:薬局】岡山県岡山市南区妹尾８４０－１５" }, "geometry": { "type": "Point", "coordinates": [ 133.865205, 34.609775 ] } },
{ "type": "Feature", "properties": { "ID": 3355330000970, "正式名称": "虹いろ薬局西大寺店", "機関区分": 5, "都道府県コード": 33, "市区町村コード": 103, "所在地": "岡山県岡山市東区西大寺中１－１０－５", "緯度": 34.654498, "経度": 134.033926, "url": "https://www.iryou.teikyouseido.mhlw.go.jp/znk-web/juminkanja/S2430/initialize?prefCd=33&kikanCd=5330000970&kikanKbn=5", "url2": "http://www.nijiiro7.com", "内容": "虹いろ薬局西大寺店【5:薬局】岡山県岡山市東区西大寺中１－１０－５" }, "geometry": { "type": "Point", "coordinates": [ 134.033926, 34.654498 ] } },
{ "type": "Feature", "properties": { "ID": 3355330000980, "正式名称": "高木薬局一宮店", "機関区分": 5, "都道府県コード": 33, "市区町村コード": 101, "所在地": "岡山県岡山市北区西辛川５３９－１２", "緯度": 34.682749, "経度": 133.861521, "url": "https://www.iryou.teikyouseido.mhlw.go.jp/znk-web/juminkanja/S2430/initialize?prefCd=33&kikanCd=5330000980&kikanKbn=5", "url2": null, "内容": "高木薬局一宮店【5:薬局】岡山県岡山市北区西辛川５３９－１２" }, "geometry": { "type": "Point", "coordinates": [ 133.861521, 34.682749 ] } },
{ "type": "Feature", "properties": { "ID": 3355330000990, "正式名称": "ふぁみりー薬局", "機関区分": 5, "都道府県コード": 33, "市区町村コード": 102, "所在地": "岡山県岡山市中区藤原西町２－７－３７", "緯度": 34.676067, "経度": 133.958275, "url": "https://www.iryou.teikyouseido.mhlw.go.jp/znk-web/juminkanja/S2430/initialize?prefCd=33&kikanCd=5330000990&kikanKbn=5", "url2": null, "内容": "ふぁみりー薬局【5:薬局】岡山県岡山市中区藤原西町２－７－３７" }, "geometry": { "type": "Point", "coordinates": [ 133.958275, 34.676067 ] } },
{ "type": "Feature", "properties": { "ID": 3355330001000, "正式名称": "いちのみや薬局", "機関区分": 5, "都道府県コード": 33, "市区町村コード": 101, "所在地": "岡山県岡山市北区一宮山崎２７９－７", "緯度": 34.679458, "経度": 133.87595, "url": "https://www.iryou.teikyouseido.mhlw.go.jp/znk-web/juminkanja/S2430/initialize?prefCd=33&kikanCd=5330001000&kikanKbn=5", "url2": "https://www.ichinomiya-p.com/", "内容": "いちのみや薬局【5:薬局】岡山県岡山市北区一宮山崎２７９－７" }, "geometry": { "type": "Point", "coordinates": [ 133.87595, 34.679458 ] } },
{ "type": "Feature", "properties": { "ID": 3355330001010, "正式名称": "鹿田薬局", "機関区分": 5, "都道府県コード": 33, "市区町村コード": 101, "所在地": "岡山県岡山市北区厚生町２－７－１５", "緯度": 34.654251, "経度": 133.913483, "url": "https://www.iryou.teikyouseido.mhlw.go.jp/znk-web/juminkanja/S2430/initialize?prefCd=33&kikanCd=5330001010&kikanKbn=5", "url2": "www.sikatayakkyoku.jp", "内容": "鹿田薬局【5:薬局】岡山県岡山市北区厚生町２－７－１５" }, "geometry": { "type": "Point", "coordinates": [ 133.913483, 34.654251 ] } },
{ "type": "Feature", "properties": { "ID": 3355330001020, "正式名称": "あかり薬局　本店", "機関区分": 5, "都道府県コード": 33, "市区町村コード": 103, "所在地": "岡山県岡山市東区東平島９２２－１", "緯度": 34.719901, "経度": 134.0505, "url": "https://www.iryou.teikyouseido.mhlw.go.jp/znk-web/juminkanja/S2430/initialize?prefCd=33&kikanCd=5330001020&kikanKbn=5", "url2": "https://www.akarix.com/", "内容": "あかり薬局　本店【5:薬局】岡山県岡山市東区東平島９２２－１" }, "geometry": { "type": "Point", "coordinates": [ 134.0505, 34.719901 ] } },
{ "type": "Feature", "properties": { "ID": 3355330001030, "正式名称": "北辰堂薬局", "機関区分": 5, "都道府県コード": 33, "市区町村コード": 101, "所在地": "岡山県岡山市北区伊福町３－１－１８", "緯度": 34.671919, "経度": 133.914935, "url": "https://www.iryou.teikyouseido.mhlw.go.jp/znk-web/juminkanja/S2430/initialize?prefCd=33&kikanCd=5330001030&kikanKbn=5", "url2": "http://hokushindookayama.jp/", "内容": "北辰堂薬局【5:薬局】岡山県岡山市北区伊福町３－１－１８" }, "geometry": { "type": "Point", "coordinates": [ 133.914935, 34.671919 ] } },
{ "type": "Feature", "properties": { "ID": 3355330001040, "正式名称": "こやま薬局・青江店", "機関区分": 5, "都道府県コード": 33, "市区町村コード": 101, "所在地": "岡山県岡山市北区青江５－１－１", "緯度": 34.631582, "経度": 133.917889, "url": "https://www.iryou.teikyouseido.mhlw.go.jp/znk-web/juminkanja/S2430/initialize?prefCd=33&kikanCd=5330001040&kikanKbn=5", "url2": "https://k-create.jp/", "内容": "こやま薬局・青江店【5:薬局】岡山県岡山市北区青江５－１－１" }, "geometry": { "type": "Point", "coordinates": [ 133.917889, 34.631582 ] } },
{ "type": "Feature", "properties": { "ID": 3355330001050, "正式名称": "マスカット薬局　湊店", "機関区分": 5, "都道府県コード": 33, "市区町村コード": 102, "所在地": "岡山県岡山市中区湊４９２－２", "緯度": 34.650465, "経度": 133.9579, "url": "https://www.iryou.teikyouseido.mhlw.go.jp/znk-web/juminkanja/S2430/initialize?prefCd=33&kikanCd=5330001050&kikanKbn=5", "url2": "http://muscat-pharmacy.jp", "内容": "マスカット薬局　湊店【5:薬局】岡山県岡山市中区湊４９２－２" }, "geometry": { "type": "Point", "coordinates": [ 133.9579, 34.650465 ] } },
{ "type": "Feature", "properties": { "ID": 3355330001060, "正式名称": "サンヨー薬局・倉田店", "機関区分": 5, "都道府県コード": 33, "市区町村コード": 102, "所在地": "岡山県岡山市中区倉田２１０番６", "緯度": 34.640096, "経度": 133.961914, "url": "https://www.iryou.teikyouseido.mhlw.go.jp/znk-web/juminkanja/S2430/initialize?prefCd=33&kikanCd=5330001060&kikanKbn=5", "url2": "http://www.sanyo3417.co.jp", "内容": "サンヨー薬局・倉田店【5:薬局】岡山県岡山市中区倉田２１０番６" }, "geometry": { "type": "Point", "coordinates": [ 133.961914, 34.640096 ] } },
{ "type": "Feature", "properties": { "ID": 3355330001070, "正式名称": "古都薬局有限会社", "機関区分": 5, "都道府県コード": 33, "市区町村コード": 103, "所在地": "岡山県岡山市東区南古都４４０－１６", "緯度": 34.706566, "経度": 134.049574, "url": "https://www.iryou.teikyouseido.mhlw.go.jp/znk-web/juminkanja/S2430/initialize?prefCd=33&kikanCd=5330001070&kikanKbn=5", "url2": null, "内容": "古都薬局有限会社【5:薬局】岡山県岡山市東区南古都４４０－１６" }, "geometry": { "type": "Point", "coordinates": [ 134.049574, 34.706566 ] } },
{ "type": "Feature", "properties": { "ID": 3355330001080, "正式名称": "サンヨー薬局　牟佐店", "機関区分": 5, "都道府県コード": 33, "市区町村コード": 101, "所在地": "岡山県岡山市北区牟佐９５－７", "緯度": 34.726243, "経度": 133.983328, "url": "https://www.iryou.teikyouseido.mhlw.go.jp/znk-web/juminkanja/S2430/initialize?prefCd=33&kikanCd=5330001080&kikanKbn=5", "url2": "http://sanyo3417.co.jp/", "内容": "サンヨー薬局　牟佐店【5:薬局】岡山県岡山市北区牟佐９５－７" }, "geometry": { "type": "Point", "coordinates": [ 133.983328, 34.726243 ] } },
{ "type": "Feature", "properties": { "ID": 3355330001090, "正式名称": "有限会社ひらの薬局", "機関区分": 5, "都道府県コード": 33, "市区町村コード": 101, "所在地": "岡山県岡山市北区平野１０１２－１５", "緯度": 34.648832, "経度": 133.857388, "url": "https://www.iryou.teikyouseido.mhlw.go.jp/znk-web/juminkanja/S2430/initialize?prefCd=33&kikanCd=5330001090&kikanKbn=5", "url2": null, "内容": "有限会社ひらの薬局【5:薬局】岡山県岡山市北区平野１０１２－１５" }, "geometry": { "type": "Point", "coordinates": [ 133.857388, 34.648832 ] } },
{ "type": "Feature", "properties": { "ID": 3355330001100, "正式名称": "エムエム薬局　大元店", "機関区分": 5, "都道府県コード": 33, "市区町村コード": 101, "所在地": "岡山県岡山市北区大元１－１－２", "緯度": 34.64721, "経度": 133.904582, "url": "https://www.iryou.teikyouseido.mhlw.go.jp/znk-web/juminkanja/S2430/initialize?prefCd=33&kikanCd=5330001100&kikanKbn=5", "url2": "http://www.emem.co.jp", "内容": "エムエム薬局　大元店【5:薬局】岡山県岡山市北区大元１－１－２" }, "geometry": { "type": "Point", "coordinates": [ 133.904582, 34.64721 ] } },
{ "type": "Feature", "properties": { "ID": 3355330001110, "正式名称": "有限会社　オレンジ薬局　三浜町店", "機関区分": 5, "都道府県コード": 33, "市区町村コード": 104, "所在地": "岡山県岡山市南区三浜町２－１７－１５", "緯度": 34.615198, "経度": 133.94195, "url": "https://www.iryou.teikyouseido.mhlw.go.jp/znk-web/juminkanja/S2430/initialize?prefCd=33&kikanCd=5330001110&kikanKbn=5", "url2": null, "内容": "有限会社　オレンジ薬局　三浜町店【5:薬局】岡山県岡山市南区三浜町２－１７－１５" }, "geometry": { "type": "Point", "coordinates": [ 133.94195, 34.615198 ] } },
{ "type": "Feature", "properties": { "ID": 3355330001120, "正式名称": "サンヨー薬局　築港店", "機関区分": 5, "都道府県コード": 33, "市区町村コード": 104, "所在地": "岡山県岡山市南区築港栄町７－３０", "緯度": 34.607171, "経度": 133.945192, "url": "https://www.iryou.teikyouseido.mhlw.go.jp/znk-web/juminkanja/S2430/initialize?prefCd=33&kikanCd=5330001120&kikanKbn=5", "url2": "http://sanyo3417.co.jp/", "内容": "サンヨー薬局　築港店【5:薬局】岡山県岡山市南区築港栄町７－３０" }, "geometry": { "type": "Point", "coordinates": [ 133.945192, 34.607171 ] } },
{ "type": "Feature", "properties": { "ID": 3355330001130, "正式名称": "陵南薬局", "機関区分": 5, "都道府県コード": 33, "市区町村コード": 101, "所在地": "岡山県岡山市北区平野５３６－１１", "緯度": 34.646605, "経度": 133.86174, "url": "https://www.iryou.teikyouseido.mhlw.go.jp/znk-web/juminkanja/S2430/initialize?prefCd=33&kikanCd=5330001130&kikanKbn=5", "url2": "https://ryonanph.com/", "内容": "陵南薬局【5:薬局】岡山県岡山市北区平野５３６－１１" }, "geometry": { "type": "Point", "coordinates": [ 133.86174, 34.646605 ] } },
{ "type": "Feature", "properties": { "ID": 3355330001140, "正式名称": "はな薬局妹尾店", "機関区分": 5, "都道府県コード": 33, "市区町村コード": 104, "所在地": "岡山県岡山市南区妹尾１１２０－７０", "緯度": 34.61359, "経度": 133.862788, "url": "https://www.iryou.teikyouseido.mhlw.go.jp/znk-web/juminkanja/S2430/initialize?prefCd=33&kikanCd=5330001140&kikanKbn=5", "url2": "https://www.hanayakkyoku.com", "内容": "はな薬局妹尾店【5:薬局】岡山県岡山市南区妹尾１１２０－７０" }, "geometry": { "type": "Point", "coordinates": [ 133.862788, 34.61359 ] } },
{ "type": "Feature", "properties": { "ID": 3355330001150, "正式名称": "畑薬局　平野店", "機関区分": 5, "都道府県コード": 33, "市区町村コード": 101, "所在地": "岡山県岡山市北区平野１０７３－３", "緯度": 34.651291, "経度": 133.856457, "url": "https://www.iryou.teikyouseido.mhlw.go.jp/znk-web/juminkanja/S2430/initialize?prefCd=33&kikanCd=5330001150&kikanKbn=5", "url2": "http://www.fieldpharmacia.com", "内容": "畑薬局　平野店【5:薬局】岡山県岡山市北区平野１０７３－３" }, "geometry": { "type": "Point", "coordinates": [ 133.856457, 34.651291 ] } },
{ "type": "Feature", "properties": { "ID": 3355330001160, "正式名称": "エル薬局", "機関区分": 5, "都道府県コード": 33, "市区町村コード": 101, "所在地": "岡山県岡山市北区高松原古才２５６－６", "緯度": 34.685504, "経度": 133.823496, "url": "https://www.iryou.teikyouseido.mhlw.go.jp/znk-web/juminkanja/S2430/initialize?prefCd=33&kikanCd=5330001160&kikanKbn=5", "url2": "https://www.iryou.teikyouseido.mhlw.go.jp/znk-web/juminkanja/S2430/initialize?kikanCd=5330001160&kikanKbn=5&prefCd=33", "内容": "エル薬局【5:薬局】岡山県岡山市北区高松原古才２５６－６" }, "geometry": { "type": "Point", "coordinates": [ 133.823496, 34.685504 ] } },
{ "type": "Feature", "properties": { "ID": 3355330001180, "正式名称": "ファーマシィ薬局オレンジ", "機関区分": 5, "都道府県コード": 33, "市区町村コード": 101, "所在地": "岡山県岡山市北区下中野７１８－１０９", "緯度": 34.634828, "経度": 133.893094, "url": "https://www.iryou.teikyouseido.mhlw.go.jp/znk-web/juminkanja/S2430/initialize?prefCd=33&kikanCd=5330001180&kikanKbn=5", "url2": "http://www.pharmacy-net.co.jp", "内容": "ファーマシィ薬局オレンジ【5:薬局】岡山県岡山市北区下中野７１８－１０９" }, "geometry": { "type": "Point", "coordinates": [ 133.893094, 34.634828 ] } },
{ "type": "Feature", "properties": { "ID": 3355330001210, "正式名称": "こやま薬局・並木町店", "機関区分": 5, "都道府県コード": 33, "市区町村コード": 104, "所在地": "岡山県岡山市南区並木町２丁目１３－１１", "緯度": 34.610127, "経度": 133.943653, "url": "https://www.iryou.teikyouseido.mhlw.go.jp/znk-web/juminkanja/S2430/initialize?prefCd=33&kikanCd=5330001210&kikanKbn=5", "url2": "https://k-create.jp/", "内容": "こやま薬局・並木町店【5:薬局】岡山県岡山市南区並木町２丁目１３－１１" }, "geometry": { "type": "Point", "coordinates": [ 133.943653, 34.610127 ] } },
{ "type": "Feature", "properties": { "ID": 3355330001220, "正式名称": "和田薬局おまち店", "機関区分": 5, "都道府県コード": 33, "市区町村コード": 102, "所在地": "岡山県岡山市中区国府市場５６５－９", "緯度": 34.689485, "経度": 133.974509, "url": "https://www.iryou.teikyouseido.mhlw.go.jp/znk-web/juminkanja/S2430/initialize?prefCd=33&kikanCd=5330001220&kikanKbn=5", "url2": "http://www.wada-ph.jp/", "内容": "和田薬局おまち店【5:薬局】岡山県岡山市中区国府市場５６５－９" }, "geometry": { "type": "Point", "coordinates": [ 133.974509, 34.689485 ] } },
{ "type": "Feature", "properties": { "ID": 3355330001230, "正式名称": "セガミ薬局　岡大病院前店", "機関区分": 5, "都道府県コード": 33, "市区町村コード": 101, "所在地": "岡山県岡山市北区大学町６－２８", "緯度": 34.652422, "経度": 133.921336, "url": "https://www.iryou.teikyouseido.mhlw.go.jp/znk-web/juminkanja/S2430/initialize?prefCd=33&kikanCd=5330001230&kikanKbn=5", "url2": "https://www.matsukiyococokara-online.com/map?kid=20001540", "内容": "セガミ薬局　岡大病院前店【5:薬局】岡山県岡山市北区大学町６－２８" }, "geometry": { "type": "Point", "coordinates": [ 133.921336, 34.652422 ] } },
{ "type": "Feature", "properties": { "ID": 3355330001240, "正式名称": "足高薬局　大元店", "機関区分": 5, "都道府県コード": 33, "市区町村コード": 101, "所在地": "岡山県岡山市北区大元上町１－１６", "緯度": 34.64919, "経度": 133.901943, "url": "https://www.iryou.teikyouseido.mhlw.go.jp/znk-web/juminkanja/S2430/initialize?prefCd=33&kikanCd=5330001240&kikanKbn=5", "url2": null, "内容": "足高薬局　大元店【5:薬局】岡山県岡山市北区大元上町１－１６" }, "geometry": { "type": "Point", "coordinates": [ 133.901943, 34.64919 ] } },
{ "type": "Feature", "properties": { "ID": 3355330001250, "正式名称": "調剤薬局マツモトキヨシ築港新町店", "機関区分": 5, "都道府県コード": 33, "市区町村コード": 104, "所在地": "岡山県岡山市南区築港新町一丁目１－１９", "緯度": 34.608156, "経度": 133.937457, "url": "https://www.iryou.teikyouseido.mhlw.go.jp/znk-web/juminkanja/S2430/initialize?prefCd=33&kikanCd=5330001250&kikanKbn=5", "url2": "http://www.matsukiyo.co.jp/", "内容": "調剤薬局マツモトキヨシ築港新町店【5:薬局】岡山県岡山市南区築港新町一丁目１－１９" }, "geometry": { "type": "Point", "coordinates": [ 133.937457, 34.608156 ] } },
{ "type": "Feature", "properties": { "ID": 3355330001260, "正式名称": "ユーカリ薬局・門田屋敷店", "機関区分": 5, "都道府県コード": 33, "市区町村コード": 102, "所在地": "岡山県岡山市中区門田屋敷三丁目５番４０－４", "緯度": 34.653335, "経度": 133.939733, "url": "https://www.iryou.teikyouseido.mhlw.go.jp/znk-web/juminkanja/S2430/initialize?prefCd=33&kikanCd=5330001260&kikanKbn=5", "url2": "https://www.yukari-h.co.jp/", "内容": "ユーカリ薬局・門田屋敷店【5:薬局】岡山県岡山市中区門田屋敷三丁目５番４０－４" }, "geometry": { "type": "Point", "coordinates": [ 133.939733, 34.653335 ] } },
{ "type": "Feature", "properties": { "ID": 3355330001280, "正式名称": "有限会社ふたば薬局岡山店", "機関区分": 5, "都道府県コード": 33, "市区町村コード": 101, "所在地": "岡山県岡山市北区野田３－１６－３１", "緯度": 34.653856, "経度": 133.900285, "url": "https://www.iryou.teikyouseido.mhlw.go.jp/znk-web/juminkanja/S2430/initialize?prefCd=33&kikanCd=5330001280&kikanKbn=5", "url2": "http://www.futabakanpo.jp/", "内容": "有限会社ふたば薬局岡山店【5:薬局】岡山県岡山市北区野田３－１６－３１" }, "geometry": { "type": "Point", "coordinates": [ 133.900285, 34.653856 ] } },
{ "type": "Feature", "properties": { "ID": 3355330001290, "正式名称": "あかり薬局　平島西店", "機関区分": 5, "都道府県コード": 33, "市区町村コード": 103, "所在地": "岡山県岡山市東区東平島１０４１－１", "緯度": 34.717154, "経度": 134.046786, "url": "https://www.iryou.teikyouseido.mhlw.go.jp/znk-web/juminkanja/S2430/initialize?prefCd=33&kikanCd=5330001290&kikanKbn=5", "url2": "https://www.akarix.com/", "内容": "あかり薬局　平島西店【5:薬局】岡山県岡山市東区東平島１０４１－１" }, "geometry": { "type": "Point", "coordinates": [ 134.046786, 34.717154 ] } },
{ "type": "Feature", "properties": { "ID": 3355330001300, "正式名称": "ザグザグ薬局一宮店", "機関区分": 5, "都道府県コード": 33, "市区町村コード": 101, "所在地": "岡山県岡山市北区一宮８８－１", "緯度": 34.67851, "経度": 133.872467, "url": "https://www.iryou.teikyouseido.mhlw.go.jp/znk-web/juminkanja/S2430/initialize?prefCd=33&kikanCd=5330001300&kikanKbn=5", "url2": "http://www.zagzag.co.jp/", "内容": "ザグザグ薬局一宮店【5:薬局】岡山県岡山市北区一宮８８－１" }, "geometry": { "type": "Point", "coordinates": [ 133.872467, 34.67851 ] } },
{ "type": "Feature", "properties": { "ID": 3355330001310, "正式名称": "成広薬局南町店", "機関区分": 5, "都道府県コード": 33, "市区町村コード": 101, "所在地": "岡山県岡山市北区御津金川９６３－８", "緯度": 34.797901, "経度": 133.934821, "url": "https://www.iryou.teikyouseido.mhlw.go.jp/znk-web/juminkanja/S2430/initialize?prefCd=33&kikanCd=5330001310&kikanKbn=5", "url2": "http://www.n-pharma.co.jp/", "内容": "成広薬局南町店【5:薬局】岡山県岡山市北区御津金川９６３－８" }, "geometry": { "type": "Point", "coordinates": [ 133.934821, 34.797901 ] } },
{ "type": "Feature", "properties": { "ID": 3355330001320, "正式名称": "ヘルスパークかくたに薬局みつ店", "機関区分": 5, "都道府県コード": 33, "市区町村コード": 101, "所在地": "岡山県岡山市北区御津宇垣１４１４－２", "緯度": 34.789046, "経度": 133.933026, "url": "https://www.iryou.teikyouseido.mhlw.go.jp/znk-web/juminkanja/S2430/initialize?prefCd=33&kikanCd=5330001320&kikanKbn=5", "url2": "http://www.kakutani-mitsu.com", "内容": "ヘルスパークかくたに薬局みつ店【5:薬局】岡山県岡山市北区御津宇垣１４１４－２" }, "geometry": { "type": "Point", "coordinates": [ 133.933026, 34.789046 ] } },
{ "type": "Feature", "properties": { "ID": 3355330001350, "正式名称": "成広薬局はら店", "機関区分": 5, "都道府県コード": 33, "市区町村コード": 101, "所在地": "岡山県岡山市北区御津宇垣１６８７－１１", "緯度": 34.782294, "経度": 133.926527, "url": "https://www.iryou.teikyouseido.mhlw.go.jp/znk-web/juminkanja/S2430/initialize?prefCd=33&kikanCd=5330001350&kikanKbn=5", "url2": "http://www.n-pharma.co.jp/", "内容": "成広薬局はら店【5:薬局】岡山県岡山市北区御津宇垣１６８７－１１" }, "geometry": { "type": "Point", "coordinates": [ 133.926527, 34.782294 ] } },
{ "type": "Feature", "properties": { "ID": 3355330001360, "正式名称": "ひかり薬局本店", "機関区分": 5, "都道府県コード": 33, "市区町村コード": 103, "所在地": "岡山県岡山市東区可知二丁目５番１号", "緯度": 34.656467, "経度": 134.001946, "url": "https://www.iryou.teikyouseido.mhlw.go.jp/znk-web/juminkanja/S2430/initialize?prefCd=33&kikanCd=5330001360&kikanKbn=5", "url2": "http://hikariph.co.jp/", "内容": "ひかり薬局本店【5:薬局】岡山県岡山市東区可知二丁目５番１号" }, "geometry": { "type": "Point", "coordinates": [ 134.001946, 34.656467 ] } },
{ "type": "Feature", "properties": { "ID": 3355330001370, "正式名称": "株式会社ダテ薬局彦崎店", "機関区分": 5, "都道府県コード": 33, "市区町村コード": 104, "所在地": "岡山県岡山市南区彦崎２９０７－３５", "緯度": 34.551992, "経度": 133.836063, "url": "https://www.iryou.teikyouseido.mhlw.go.jp/znk-web/juminkanja/S2430/initialize?prefCd=33&kikanCd=5330001370&kikanKbn=5", "url2": "http://www.date-yakkyoku.com", "内容": "株式会社ダテ薬局彦崎店【5:薬局】岡山県岡山市南区彦崎２９０７－３５" }, "geometry": { "type": "Point", "coordinates": [ 133.836063, 34.551992 ] } },
{ "type": "Feature", "properties": { "ID": 3355330001390, "正式名称": "アイビー薬局彦崎", "機関区分": 5, "都道府県コード": 33, "市区町村コード": 104, "所在地": "岡山県岡山市南区植松７００－２", "緯度": 34.553191, "経度": 133.8328, "url": "https://www.iryou.teikyouseido.mhlw.go.jp/znk-web/juminkanja/S2430/initialize?prefCd=33&kikanCd=5330001390&kikanKbn=5", "url2": "http://www.ivy-pharmacy.jp/", "内容": "アイビー薬局彦崎【5:薬局】岡山県岡山市南区植松７００－２" }, "geometry": { "type": "Point", "coordinates": [ 133.8328, 34.553191 ] } },
{ "type": "Feature", "properties": { "ID": 3355330001400, "正式名称": "なごみ薬局", "機関区分": 5, "都道府県コード": 33, "市区町村コード": 101, "所在地": "岡山県岡山市北区伊島北町１－２３", "緯度": 34.681588, "経度": 133.908268, "url": "https://www.iryou.teikyouseido.mhlw.go.jp/znk-web/juminkanja/S2430/initialize?prefCd=33&kikanCd=5330001400&kikanKbn=5", "url2": null, "内容": "なごみ薬局【5:薬局】岡山県岡山市北区伊島北町１－２３" }, "geometry": { "type": "Point", "coordinates": [ 133.908268, 34.681588 ] } },
{ "type": "Feature", "properties": { "ID": 3355330001410, "正式名称": "有限会社コア薬局", "機関区分": 5, "都道府県コード": 33, "市区町村コード": 101, "所在地": "岡山県岡山市北区下石井１－１－１", "緯度": 34.663764, "経度": 133.918654, "url": "https://www.iryou.teikyouseido.mhlw.go.jp/znk-web/juminkanja/S2430/initialize?prefCd=33&kikanCd=5330001410&kikanKbn=5", "url2": null, "内容": "有限会社コア薬局【5:薬局】岡山県岡山市北区下石井１－１－１" }, "geometry": { "type": "Point", "coordinates": [ 133.918654, 34.663764 ] } },
{ "type": "Feature", "properties": { "ID": 3355330001420, "正式名称": "調剤薬局マツモトキヨシ奥田南店", "機関区分": 5, "都道府県コード": 33, "市区町村コード": 101, "所在地": "岡山県岡山市北区奥田南町７－３９", "緯度": 34.641734, "経度": 133.920872, "url": "https://www.iryou.teikyouseido.mhlw.go.jp/znk-web/juminkanja/S2430/initialize?prefCd=33&kikanCd=5330001420&kikanKbn=5", "url2": "http://www.matsukiyo.co.jp/", "内容": "調剤薬局マツモトキヨシ奥田南店【5:薬局】岡山県岡山市北区奥田南町７－３９" }, "geometry": { "type": "Point", "coordinates": [ 133.920872, 34.641734 ] } },
{ "type": "Feature", "properties": { "ID": 3355330001430, "正式名称": "田辺の薬局", "機関区分": 5, "都道府県コード": 33, "市区町村コード": 101, "所在地": "岡山県岡山市北区桑田町４－１９", "緯度": 34.659018, "経度": 133.915763, "url": "https://www.iryou.teikyouseido.mhlw.go.jp/znk-web/juminkanja/S2430/initialize?prefCd=33&kikanCd=5330001430&kikanKbn=5", "url2": "https://yppp.jp/pharmacy/lhd0akvj", "内容": "田辺の薬局【5:薬局】岡山県岡山市北区桑田町４－１９" }, "geometry": { "type": "Point", "coordinates": [ 133.915763, 34.659018 ] } },
{ "type": "Feature", "properties": { "ID": 3355330001440, "正式名称": "ファーマシィ薬局岡山駅西口", "機関区分": 5, "都道府県コード": 33, "市区町村コード": 101, "所在地": "岡山県岡山市北区奉還町２－１－２９日笠ビル１Ｆ", "緯度": 34.668173, "経度": 133.917054, "url": "https://www.iryou.teikyouseido.mhlw.go.jp/znk-web/juminkanja/S2430/initialize?prefCd=33&kikanCd=5330001440&kikanKbn=5", "url2": "http://www.pharmacy-net.co.jp/", "内容": "ファーマシィ薬局岡山駅西口【5:薬局】岡山県岡山市北区奉還町２－１－２９日笠ビル１Ｆ" }, "geometry": { "type": "Point", "coordinates": [ 133.917054, 34.668173 ] } },
{ "type": "Feature", "properties": { "ID": 3355330001450, "正式名称": "高木薬局高松店", "機関区分": 5, "都道府県コード": 33, "市区町村コード": 101, "所在地": "岡山県岡山市北区小山１１２－７", "緯度": 34.691595, "経度": 133.814048, "url": "https://www.iryou.teikyouseido.mhlw.go.jp/znk-web/juminkanja/S2430/initialize?prefCd=33&kikanCd=5330001450&kikanKbn=5", "url2": "http://takagi-p.ecgo.jp", "内容": "高木薬局高松店【5:薬局】岡山県岡山市北区小山１１２－７" }, "geometry": { "type": "Point", "coordinates": [ 133.814048, 34.691595 ] } },
{ "type": "Feature", "properties": { "ID": 3355330001460, "正式名称": "有限会社竹水堂薬局", "機関区分": 5, "都道府県コード": 33, "市区町村コード": 102, "所在地": "岡山県岡山市中区八幡東町１９－４", "緯度": 34.68689, "経度": 133.950901, "url": "https://www.iryou.teikyouseido.mhlw.go.jp/znk-web/juminkanja/S2430/initialize?prefCd=33&kikanCd=5330001460&kikanKbn=5", "url2": "http://chikusuido.web.fc2.com/", "内容": "有限会社竹水堂薬局【5:薬局】岡山県岡山市中区八幡東町１９－４" }, "geometry": { "type": "Point", "coordinates": [ 133.950901, 34.68689 ] } },
{ "type": "Feature", "properties": { "ID": 3355330001470, "正式名称": "ビオス薬局　妹尾駅前店", "機関区分": 5, "都道府県コード": 33, "市区町村コード": 104, "所在地": "岡山県岡山市南区東畦１１２－４５", "緯度": 34.606691, "経度": 133.871229, "url": "https://www.iryou.teikyouseido.mhlw.go.jp/znk-web/juminkanja/S2430/initialize?prefCd=33&kikanCd=5330001470&kikanKbn=5", "url2": "kitazono-phar.co.jp", "内容": "ビオス薬局　妹尾駅前店【5:薬局】岡山県岡山市南区東畦１１２－４５" }, "geometry": { "type": "Point", "coordinates": [ 133.871229, 34.606691 ] } },
{ "type": "Feature", "properties": { "ID": 3355330001480, "正式名称": "エンドオ　薬局", "機関区分": 5, "都道府県コード": 33, "市区町村コード": 101, "所在地": "岡山県岡山市北区高松原古才２５４－１", "緯度": 34.685734, "経度": 133.822079, "url": "https://www.iryou.teikyouseido.mhlw.go.jp/znk-web/juminkanja/S2430/initialize?prefCd=33&kikanCd=5330001480&kikanKbn=5", "url2": null, "内容": "エンドオ　薬局【5:薬局】岡山県岡山市北区高松原古才２５４－１" }, "geometry": { "type": "Point", "coordinates": [ 133.822079, 34.685734 ] } },
{ "type": "Feature", "properties": { "ID": 3355330001490, "正式名称": "晴れのくに薬局　大元上町店", "機関区分": 5, "都道府県コード": 33, "市区町村コード": 101, "所在地": "岡山県岡山市北区大元上町１１－７", "緯度": 34.647715, "経度": 133.900163, "url": "https://www.iryou.teikyouseido.mhlw.go.jp/znk-web/juminkanja/S2430/initialize?prefCd=33&kikanCd=5330001490&kikanKbn=5", "url2": "http://www.emem.co.jp", "内容": "晴れのくに薬局　大元上町店【5:薬局】岡山県岡山市北区大元上町１１－７" }, "geometry": { "type": "Point", "coordinates": [ 133.900163, 34.647715 ] } },
{ "type": "Feature", "properties": { "ID": 3355330001500, "正式名称": "エムエム薬局　今店", "機関区分": 5, "都道府県コード": 33, "市区町村コード": 101, "所在地": "岡山県岡山市北区今７丁目２４－１８", "緯度": 34.642669, "経度": 133.891552, "url": "https://www.iryou.teikyouseido.mhlw.go.jp/znk-web/juminkanja/S2430/initialize?prefCd=33&kikanCd=5330001500&kikanKbn=5", "url2": null, "内容": "エムエム薬局　今店【5:薬局】岡山県岡山市北区今７丁目２４－１８" }, "geometry": { "type": "Point", "coordinates": [ 133.891552, 34.642669 ] } },
{ "type": "Feature", "properties": { "ID": 3355330001510, "正式名称": "東山薬局", "機関区分": 5, "都道府県コード": 33, "市区町村コード": 102, "所在地": "岡山県岡山市中区東山二丁目２－３", "緯度": 34.656049, "経度": 133.942696, "url": "https://www.iryou.teikyouseido.mhlw.go.jp/znk-web/juminkanja/S2430/initialize?prefCd=33&kikanCd=5330001510&kikanKbn=5", "url2": null, "内容": "東山薬局【5:薬局】岡山県岡山市中区東山二丁目２－３" }, "geometry": { "type": "Point", "coordinates": [ 133.942696, 34.656049 ] } },
{ "type": "Feature", "properties": { "ID": 3355330001520, "正式名称": "肥後薬局鹿田本町店", "機関区分": 5, "都道府県コード": 33, "市区町村コード": 101, "所在地": "岡山県岡山市北区鹿田本町２－１５", "緯度": 34.65073, "経度": 133.916855, "url": "https://www.iryou.teikyouseido.mhlw.go.jp/znk-web/juminkanja/S2430/initialize?prefCd=33&kikanCd=5330001520&kikanKbn=5", "url2": "http://www.higoyaku.com/", "内容": "肥後薬局鹿田本町店【5:薬局】岡山県岡山市北区鹿田本町２－１５" }, "geometry": { "type": "Point", "coordinates": [ 133.916855, 34.65073 ] } },
{ "type": "Feature", "properties": { "ID": 3355330001530, "正式名称": "きびじ薬局", "機関区分": 5, "都道府県コード": 33, "市区町村コード": 101, "所在地": "岡山県岡山市北区高松原古才４７８番２１", "緯度": 34.684019, "経度": 133.824943, "url": "https://www.iryou.teikyouseido.mhlw.go.jp/znk-web/juminkanja/S2430/initialize?prefCd=33&kikanCd=5330001530&kikanKbn=5", "url2": "https://appli.e-classa.net/kibiji/index.html", "内容": "きびじ薬局【5:薬局】岡山県岡山市北区高松原古才４７８番２１" }, "geometry": { "type": "Point", "coordinates": [ 133.824943, 34.684019 ] } },
{ "type": "Feature", "properties": { "ID": 3355330001540, "正式名称": "ひがしもん薬局", "機関区分": 5, "都道府県コード": 33, "市区町村コード": 101, "所在地": "岡山県岡山市北区岡町１番２３号（サンシティビル１Ｆ）", "緯度": 34.651189, "経度": 133.922623, "url": "https://www.iryou.teikyouseido.mhlw.go.jp/znk-web/juminkanja/S2430/initialize?prefCd=33&kikanCd=5330001540&kikanKbn=5", "url2": "http://www.sekizenkai.or.jp/index.html", "内容": "ひがしもん薬局【5:薬局】岡山県岡山市北区岡町１番２３号（サンシティビル１Ｆ）" }, "geometry": { "type": "Point", "coordinates": [ 133.922623, 34.651189 ] } },
{ "type": "Feature", "properties": { "ID": 3355330001550, "正式名称": "有限会社　大村薬局", "機関区分": 5, "都道府県コード": 33, "市区町村コード": 102, "所在地": "岡山県岡山市中区山崎６８－１", "緯度": 34.652832, "経度": 133.969669, "url": "https://www.iryou.teikyouseido.mhlw.go.jp/znk-web/juminkanja/S2430/initialize?prefCd=33&kikanCd=5330001550&kikanKbn=5", "url2": "https://sites.google.com/view/om2000547/", "内容": "有限会社　大村薬局【5:薬局】岡山県岡山市中区山崎６８－１" }, "geometry": { "type": "Point", "coordinates": [ 133.969669, 34.652832 ] } },
{ "type": "Feature", "properties": { "ID": 3355330001560, "正式名称": "はな薬局東畦店", "機関区分": 5, "都道府県コード": 33, "市区町村コード": 104, "所在地": "岡山県岡山市南区東畦７６６－２２", "緯度": 34.605209, "経度": 133.879045, "url": "https://www.iryou.teikyouseido.mhlw.go.jp/znk-web/juminkanja/S2430/initialize?prefCd=33&kikanCd=5330001560&kikanKbn=5", "url2": "http://hanayakkyoku.co.jp", "内容": "はな薬局東畦店【5:薬局】岡山県岡山市南区東畦７６６－２２" }, "geometry": { "type": "Point", "coordinates": [ 133.879045, 34.605209 ] } },
{ "type": "Feature", "properties": { "ID": 3355330001570, "正式名称": "中祥薬局", "機関区分": 5, "都道府県コード": 33, "市区町村コード": 101, "所在地": "岡山県岡山市北区小山２４２－１", "緯度": 34.69227, "経度": 133.813745, "url": "https://www.iryou.teikyouseido.mhlw.go.jp/znk-web/juminkanja/S2430/initialize?prefCd=33&kikanCd=5330001570&kikanKbn=5", "url2": null, "内容": "中祥薬局【5:薬局】岡山県岡山市北区小山２４２－１" }, "geometry": { "type": "Point", "coordinates": [ 133.813745, 34.69227 ] } },
{ "type": "Feature", "properties": { "ID": 3355330001580, "正式名称": "サンヨー薬局・原尾島店", "機関区分": 5, "都道府県コード": 33, "市区町村コード": 102, "所在地": "岡山県岡山市中区原尾島３－１２－５５", "緯度": 34.668535, "経度": 133.949461, "url": "https://www.iryou.teikyouseido.mhlw.go.jp/znk-web/juminkanja/S2430/initialize?prefCd=33&kikanCd=5330001580&kikanKbn=5", "url2": "http://www.sanyo3417.jp", "内容": "サンヨー薬局・原尾島店【5:薬局】岡山県岡山市中区原尾島３－１２－５５" }, "geometry": { "type": "Point", "coordinates": [ 133.949461, 34.668535 ] } },
{ "type": "Feature", "properties": { "ID": 3355330001590, "正式名称": "パステル薬局灘崎店", "機関区分": 5, "都道府県コード": 33, "市区町村コード": 104, "所在地": "岡山県岡山市南区西紅陽台３－１－１２０", "緯度": 34.543542, "経度": 133.890337, "url": "https://www.iryou.teikyouseido.mhlw.go.jp/znk-web/juminkanja/S2430/initialize?prefCd=33&kikanCd=5330001590&kikanKbn=5", "url2": null, "内容": "パステル薬局灘崎店【5:薬局】岡山県岡山市南区西紅陽台３－１－１２０" }, "geometry": { "type": "Point", "coordinates": [ 133.890337, 34.543542 ] } },
{ "type": "Feature", "properties": { "ID": 3355330001600, "正式名称": "岡薬局　田中店", "機関区分": 5, "都道府県コード": 33, "市区町村コード": 101, "所在地": "岡山県岡山市北区田中６２８－１", "緯度": 34.636983, "経度": 133.883255, "url": "https://www.iryou.teikyouseido.mhlw.go.jp/znk-web/juminkanja/S2430/initialize?prefCd=33&kikanCd=5330001600&kikanKbn=5", "url2": "okayakkyoku.jp/home", "内容": "岡薬局　田中店【5:薬局】岡山県岡山市北区田中６２８－１" }, "geometry": { "type": "Point", "coordinates": [ 133.883255, 34.636983 ] } },
{ "type": "Feature", "properties": { "ID": 3355330001620, "正式名称": "かくたに薬局", "機関区分": 5, "都道府県コード": 33, "市区町村コード": 101, "所在地": "岡山県岡山市北区建部町福渡４９７", "緯度": 34.870097, "経度": 133.903462, "url": "https://www.iryou.teikyouseido.mhlw.go.jp/znk-web/juminkanja/S2430/initialize?prefCd=33&kikanCd=5330001620&kikanKbn=5", "url2": null, "内容": "かくたに薬局【5:薬局】岡山県岡山市北区建部町福渡４９７" }, "geometry": { "type": "Point", "coordinates": [ 133.903462, 34.870097 ] } },
{ "type": "Feature", "properties": { "ID": 3355330001630, "正式名称": "サンヨー薬局・たけべ店", "機関区分": 5, "都道府県コード": 33, "市区町村コード": 101, "所在地": "岡山県岡山市北区建部町建部上３２６－３", "緯度": 34.856155, "経度": 133.902624, "url": "https://www.iryou.teikyouseido.mhlw.go.jp/znk-web/juminkanja/S2430/initialize?prefCd=33&kikanCd=5330001630&kikanKbn=5", "url2": "http://www.sanyo3417.co.jp", "内容": "サンヨー薬局・たけべ店【5:薬局】岡山県岡山市北区建部町建部上３２６－３" }, "geometry": { "type": "Point", "coordinates": [ 133.902624, 34.856155 ] } },
{ "type": "Feature", "properties": { "ID": 3355330001650, "正式名称": "あすなろ薬局", "機関区分": 5, "都道府県コード": 33, "市区町村コード": 103, "所在地": "岡山県岡山市東区瀬戸町江尻１３５７－１", "緯度": 34.724551, "経度": 134.046986, "url": "https://www.iryou.teikyouseido.mhlw.go.jp/znk-web/juminkanja/S2430/initialize?prefCd=33&kikanCd=5330001650&kikanKbn=5", "url2": "https://www.mint-pharmacy.jp/tenpo/asunaro.html", "内容": "あすなろ薬局【5:薬局】岡山県岡山市東区瀬戸町江尻１３５７－１" }, "geometry": { "type": "Point", "coordinates": [ 134.046986, 34.724551 ] } },
{ "type": "Feature", "properties": { "ID": 3355330001660, "正式名称": "サンヨー薬局・赤磐店", "機関区分": 5, "都道府県コード": 33, "市区町村コード": 103, "所在地": "岡山県岡山市東区瀬戸町光明谷字伊料２０１－１２", "緯度": 34.738588, "経度": 134.043142, "url": "https://www.iryou.teikyouseido.mhlw.go.jp/znk-web/juminkanja/S2430/initialize?prefCd=33&kikanCd=5330001660&kikanKbn=5", "url2": "http://sanyo3417.co.jp", "内容": "サンヨー薬局・赤磐店【5:薬局】岡山県岡山市東区瀬戸町光明谷字伊料２０１－１２" }, "geometry": { "type": "Point", "coordinates": [ 134.043142, 34.738588 ] } },
{ "type": "Feature", "properties": { "ID": 3355330001670, "正式名称": "サンヨー薬局瀬戸店", "機関区分": 5, "都道府県コード": 33, "市区町村コード": 103, "所在地": "岡山県岡山市東区瀬戸町光明谷２０９－１３", "緯度": 34.737769, "経度": 134.041975, "url": "https://www.iryou.teikyouseido.mhlw.go.jp/znk-web/juminkanja/S2430/initialize?prefCd=33&kikanCd=5330001670&kikanKbn=5", "url2": "http://www.sanyo3417.co.jp", "内容": "サンヨー薬局瀬戸店【5:薬局】岡山県岡山市東区瀬戸町光明谷２０９－１３" }, "geometry": { "type": "Point", "coordinates": [ 134.041975, 34.737769 ] } },
{ "type": "Feature", "properties": { "ID": 3355330001680, "正式名称": "ミント薬局", "機関区分": 5, "都道府県コード": 33, "市区町村コード": 103, "所在地": "岡山県岡山市東区瀬戸町光明谷２２１－１", "緯度": 34.739133, "経度": 134.043511, "url": "https://www.iryou.teikyouseido.mhlw.go.jp/znk-web/juminkanja/S2430/initialize?prefCd=33&kikanCd=5330001680&kikanKbn=5", "url2": null, "内容": "ミント薬局【5:薬局】岡山県岡山市東区瀬戸町光明谷２２１－１" }, "geometry": { "type": "Point", "coordinates": [ 134.043511, 34.739133 ] } },
{ "type": "Feature", "properties": { "ID": 3355330001690, "正式名称": "ザグザグ薬局瀬戸店", "機関区分": 5, "都道府県コード": 33, "市区町村コード": 103, "所在地": "岡山県岡山市東区瀬戸町沖３５５－１", "緯度": 34.718874, "経度": 134.046067, "url": "https://www.iryou.teikyouseido.mhlw.go.jp/znk-web/juminkanja/S2430/initialize?prefCd=33&kikanCd=5330001690&kikanKbn=5", "url2": "http://www.zagzag.co.jp/", "内容": "ザグザグ薬局瀬戸店【5:薬局】岡山県岡山市東区瀬戸町沖３５５－１" }, "geometry": { "type": "Point", "coordinates": [ 134.046067, 34.718874 ] } },
{ "type": "Feature", "properties": { "ID": 3355330001700, "正式名称": "パステル薬局　泉田店", "機関区分": 5, "都道府県コード": 33, "市区町村コード": 104, "所在地": "岡山県岡山市南区泉田５－１０－１９", "緯度": 34.62338, "経度": 133.912306, "url": "https://www.iryou.teikyouseido.mhlw.go.jp/znk-web/juminkanja/S2430/initialize?prefCd=33&kikanCd=5330001700&kikanKbn=5", "url2": null, "内容": "パステル薬局　泉田店【5:薬局】岡山県岡山市南区泉田５－１０－１９" }, "geometry": { "type": "Point", "coordinates": [ 133.912306, 34.62338 ] } },
{ "type": "Feature", "properties": { "ID": 3355330001710, "正式名称": "岡山平成薬局", "機関区分": 5, "都道府県コード": 33, "市区町村コード": 102, "所在地": "岡山県岡山市中区中井１丁目５－１", "緯度": 34.685338, "経度": 133.959036, "url": "https://www.iryou.teikyouseido.mhlw.go.jp/znk-web/juminkanja/S2430/initialize?prefCd=33&kikanCd=5330001710&kikanKbn=5", "url2": "http://okayama-heisei.com/", "内容": "岡山平成薬局【5:薬局】岡山県岡山市中区中井１丁目５－１" }, "geometry": { "type": "Point", "coordinates": [ 133.959036, 34.685338 ] } },
{ "type": "Feature", "properties": { "ID": 3355330001720, "正式名称": "富永薬局　浜店", "機関区分": 5, "都道府県コード": 33, "市区町村コード": 102, "所在地": "岡山県岡山市中区浜３－３－９", "緯度": 34.670072, "経度": 133.939024, "url": "https://www.iryou.teikyouseido.mhlw.go.jp/znk-web/juminkanja/S2430/initialize?prefCd=33&kikanCd=5330001720&kikanKbn=5", "url2": "https://kusuriya.co.jp/", "内容": "富永薬局　浜店【5:薬局】岡山県岡山市中区浜３－３－９" }, "geometry": { "type": "Point", "coordinates": [ 133.939024, 34.670072 ] } },
{ "type": "Feature", "properties": { "ID": 3355330001740, "正式名称": "井上薬局本店", "機関区分": 5, "都道府県コード": 33, "市区町村コード": 210, "所在地": "岡山県新見市新見８７９", "緯度": 34.984063, "経度": 133.467653, "url": "https://www.iryou.teikyouseido.mhlw.go.jp/znk-web/juminkanja/S2430/initialize?prefCd=33&kikanCd=5330001740&kikanKbn=5", "url2": null, "内容": "井上薬局本店【5:薬局】岡山県新見市新見８７９" }, "geometry": { "type": "Point", "coordinates": [ 133.467653, 34.984063 ] } },
{ "type": "Feature", "properties": { "ID": 3355330001750, "正式名称": "西井山陽堂薬局", "機関区分": 5, "都道府県コード": 33, "市区町村コード": 210, "所在地": "岡山県新見市新見７４３－１", "緯度": 34.98191, "経度": 133.471245, "url": "https://www.iryou.teikyouseido.mhlw.go.jp/znk-web/juminkanja/S2430/initialize?prefCd=33&kikanCd=5330001750&kikanKbn=5", "url2": null, "内容": "西井山陽堂薬局【5:薬局】岡山県新見市新見７４３－１" }, "geometry": { "type": "Point", "coordinates": [ 133.471245, 34.98191 ] } },
{ "type": "Feature", "properties": { "ID": 3355330001760, "正式名称": "そうごう薬局　新見店", "機関区分": 5, "都道府県コード": 33, "市区町村コード": 210, "所在地": "岡山県新見市高尾２２９２－１", "緯度": 34.993812, "経度": 133.445519, "url": "https://www.iryou.teikyouseido.mhlw.go.jp/znk-web/juminkanja/S2430/initialize?prefCd=33&kikanCd=5330001760&kikanKbn=5", "url2": "https://shop.sogo-pharmacy.jp/detail/45/", "内容": "そうごう薬局　新見店【5:薬局】岡山県新見市高尾２２９２－１" }, "geometry": { "type": "Point", "coordinates": [ 133.445519, 34.993812 ] } },
{ "type": "Feature", "properties": { "ID": 3355330001770, "正式名称": "新見堂薬局", "機関区分": 5, "都道府県コード": 33, "市区町村コード": 210, "所在地": "岡山県新見市新見９８８番地", "緯度": 34.985313, "経度": 133.465428, "url": "https://www.iryou.teikyouseido.mhlw.go.jp/znk-web/juminkanja/S2430/initialize?prefCd=33&kikanCd=5330001770&kikanKbn=5", "url2": null, "内容": "新見堂薬局【5:薬局】岡山県新見市新見９８８番地" }, "geometry": { "type": "Point", "coordinates": [ 133.465428, 34.985313 ] } },
{ "type": "Feature", "properties": { "ID": 3355330001780, "正式名称": "さくら薬局　大佐店", "機関区分": 5, "都道府県コード": 33, "市区町村コード": 210, "所在地": "岡山県新見市大佐小阪部１４６４－３", "緯度": 35.078788, "経度": 133.565319, "url": "https://www.iryou.teikyouseido.mhlw.go.jp/znk-web/juminkanja/S2430/initialize?prefCd=33&kikanCd=5330001780&kikanKbn=5", "url2": "https://sakurams.co.jp/", "内容": "さくら薬局　大佐店【5:薬局】岡山県新見市大佐小阪部１４６４－３" }, "geometry": { "type": "Point", "coordinates": [ 133.565319, 35.078788 ] } },
{ "type": "Feature", "properties": { "ID": 3355330001790, "正式名称": "さくら薬局新見店", "機関区分": 5, "都道府県コード": 33, "市区町村コード": 210, "所在地": "岡山県新見市新見８２０", "緯度": 34.983708, "経度": 133.46997, "url": "https://www.iryou.teikyouseido.mhlw.go.jp/znk-web/juminkanja/S2430/initialize?prefCd=33&kikanCd=5330001790&kikanKbn=5", "url2": "https://sakurams.co.jp/", "内容": "さくら薬局新見店【5:薬局】岡山県新見市新見８２０" }, "geometry": { "type": "Point", "coordinates": [ 133.46997, 34.983708 ] } },
{ "type": "Feature", "properties": { "ID": 3355330001800, "正式名称": "阿新薬局　インター店", "機関区分": 5, "都道府県コード": 33, "市区町村コード": 210, "所在地": "岡山県新見市高尾７９２－７", "緯度": 34.993767, "経度": 133.449515, "url": "https://www.iryou.teikyouseido.mhlw.go.jp/znk-web/juminkanja/S2430/initialize?prefCd=33&kikanCd=5330001800&kikanKbn=5", "url2": null, "内容": "阿新薬局　インター店【5:薬局】岡山県新見市高尾７９２－７" }, "geometry": { "type": "Point", "coordinates": [ 133.449515, 34.993767 ] } },
{ "type": "Feature", "properties": { "ID": 3355330001810, "正式名称": "阿新薬局駅前店", "機関区分": 5, "都道府県コード": 33, "市区町村コード": 210, "所在地": "岡山県新見市西方４３６－３", "緯度": 34.987442, "経度": 133.459087, "url": "https://www.iryou.teikyouseido.mhlw.go.jp/znk-web/juminkanja/S2430/initialize?prefCd=33&kikanCd=5330001810&kikanKbn=5", "url2": null, "内容": "阿新薬局駅前店【5:薬局】岡山県新見市西方４３６－３" }, "geometry": { "type": "Point", "coordinates": [ 133.459087, 34.987442 ] } },
{ "type": "Feature", "properties": { "ID": 3355330001820, "正式名称": "阿新薬局　高尾店", "機関区分": 5, "都道府県コード": 33, "市区町村コード": 210, "所在地": "岡山県新見市高尾２４８８－１１", "緯度": 34.990184, "経度": 133.455996, "url": "https://www.iryou.teikyouseido.mhlw.go.jp/znk-web/juminkanja/S2430/initialize?prefCd=33&kikanCd=5330001820&kikanKbn=5", "url2": "https://tsuyama-chouzai.co.jp/shop/takao/", "内容": "阿新薬局　高尾店【5:薬局】岡山県新見市高尾２４８８－１１" }, "geometry": { "type": "Point", "coordinates": [ 133.455996, 34.990184 ] } },
{ "type": "Feature", "properties": { "ID": 3355330001830, "正式名称": "アイビー薬局　水江", "機関区分": 5, "都道府県コード": 33, "市区町村コード": 202, "所在地": "岡山県倉敷市水江１０３８－１", "緯度": 34.598523, "経度": 133.740744, "url": "https://www.iryou.teikyouseido.mhlw.go.jp/znk-web/juminkanja/S2430/initialize?prefCd=33&kikanCd=5330001830&kikanKbn=5", "url2": "http://www.e-classa.net/ivy-pharmacy-mizue/?url=ivy-pharmacy-mizue", "内容": "アイビー薬局　水江【5:薬局】岡山県倉敷市水江１０３８－１" }, "geometry": { "type": "Point", "coordinates": [ 133.740744, 34.598523 ] } },
{ "type": "Feature", "properties": { "ID": 3355330001840, "正式名称": "アイ薬局　茶屋町店", "機関区分": 5, "都道府県コード": 33, "市区町村コード": 202, "所在地": "岡山県倉敷市茶屋町１６０８", "緯度": 34.579623, "経度": 133.828158, "url": "https://www.iryou.teikyouseido.mhlw.go.jp/znk-web/juminkanja/S2430/initialize?prefCd=33&kikanCd=5330001840&kikanKbn=5", "url2": "http://www.ai-ph.com/", "内容": "アイ薬局　茶屋町店【5:薬局】岡山県倉敷市茶屋町１６０８" }, "geometry": { "type": "Point", "coordinates": [ 133.828158, 34.579623 ] } },
{ "type": "Feature", "properties": { "ID": 3355330001850, "正式名称": "アオキ薬局", "機関区分": 5, "都道府県コード": 33, "市区町村コード": 202, "所在地": "岡山県倉敷市中島小溝２６４２－８", "緯度": 34.568922, "経度": 133.741888, "url": "https://www.iryou.teikyouseido.mhlw.go.jp/znk-web/juminkanja/S2430/initialize?prefCd=33&kikanCd=5330001850&kikanKbn=5", "url2": "http://www.okayamakanpou.com/", "内容": "アオキ薬局【5:薬局】岡山県倉敷市中島小溝２６４２－８" }, "geometry": { "type": "Point", "coordinates": [ 133.741888, 34.568922 ] } },
{ "type": "Feature", "properties": { "ID": 3355330001860, "正式名称": "アップル薬局　羽島店", "機関区分": 5, "都道府県コード": 33, "市区町村コード": 202, "所在地": "岡山県倉敷市羽島２００－１１", "緯度": 34.595993, "経度": 133.788274, "url": "https://www.iryou.teikyouseido.mhlw.go.jp/znk-web/juminkanja/S2430/initialize?prefCd=33&kikanCd=5330001860&kikanKbn=5", "url2": null, "内容": "アップル薬局　羽島店【5:薬局】岡山県倉敷市羽島２００－１１" }, "geometry": { "type": "Point", "coordinates": [ 133.788274, 34.595993 ] } },
{ "type": "Feature", "properties": { "ID": 3355330001870, "正式名称": "いずし薬局", "機関区分": 5, "都道府県コード": 33, "市区町村コード": 202, "所在地": "岡山県倉敷市児島駅前１－８８", "緯度": 34.46447, "経度": 133.802687, "url": "https://www.iryou.teikyouseido.mhlw.go.jp/znk-web/juminkanja/S2430/initialize?prefCd=33&kikanCd=5330001870&kikanKbn=5", "url2": null, "内容": "いずし薬局【5:薬局】岡山県倉敷市児島駅前１－８８" }, "geometry": { "type": "Point", "coordinates": [ 133.802687, 34.46447 ] } },
{ "type": "Feature", "properties": { "ID": 3355330001880, "正式名称": "いちご薬局", "機関区分": 5, "都道府県コード": 33, "市区町村コード": 202, "所在地": "岡山県倉敷市福島４９７－５", "緯度": 34.60437, "経度": 133.78601, "url": "https://www.iryou.teikyouseido.mhlw.go.jp/znk-web/juminkanja/S2430/initialize?prefCd=33&kikanCd=5330001880&kikanKbn=5", "url2": null, "内容": "いちご薬局【5:薬局】岡山県倉敷市福島４９７－５" }, "geometry": { "type": "Point", "coordinates": [ 133.78601, 34.60437 ] } },
{ "type": "Feature", "properties": { "ID": 3355330001890, "正式名称": "イヨウ薬局　水島店", "機関区分": 5, "都道府県コード": 33, "市区町村コード": 202, "所在地": "岡山県倉敷市水島南幸町１－５", "緯度": 34.536911, "経度": 133.740158, "url": "https://www.iryou.teikyouseido.mhlw.go.jp/znk-web/juminkanja/S2430/initialize?prefCd=33&kikanCd=5330001890&kikanKbn=5", "url2": "http://www.iyo-medical.co.jp", "内容": "イヨウ薬局　水島店【5:薬局】岡山県倉敷市水島南幸町１－５" }, "geometry": { "type": "Point", "coordinates": [ 133.740158, 34.536911 ] } },
{ "type": "Feature", "properties": { "ID": 3355330001900, "正式名称": "イヨウ薬局　北畝店", "機関区分": 5, "都道府県コード": 33, "市区町村コード": 202, "所在地": "岡山県倉敷市北畝２－２－１０", "緯度": 34.540204, "経度": 133.746501, "url": "https://www.iryou.teikyouseido.mhlw.go.jp/znk-web/juminkanja/S2430/initialize?prefCd=33&kikanCd=5330001900&kikanKbn=5", "url2": "https://e-bond.info/withs/", "内容": "イヨウ薬局　北畝店【5:薬局】岡山県倉敷市北畝２－２－１０" }, "geometry": { "type": "Point", "coordinates": [ 133.746501, 34.540204 ] } },
{ "type": "Feature", "properties": { "ID": 3355330001910, "正式名称": "ウイズ薬局児島店", "機関区分": 5, "都道府県コード": 33, "市区町村コード": 202, "所在地": "岡山県倉敷市児島味野１－１－９", "緯度": 34.468067, "経度": 133.805925, "url": "https://www.iryou.teikyouseido.mhlw.go.jp/znk-web/juminkanja/S2430/initialize?prefCd=33&kikanCd=5330001910&kikanKbn=5", "url2": "http://ssmile.co.jp/", "内容": "ウイズ薬局児島店【5:薬局】岡山県倉敷市児島味野１－１－９" }, "geometry": { "type": "Point", "coordinates": [ 133.805925, 34.468067 ] } },
{ "type": "Feature", "properties": { "ID": 3355330001920, "正式名称": "おかやま薬局　児島店", "機関区分": 5, "都道府県コード": 33, "市区町村コード": 202, "所在地": "岡山県倉敷市児島駅前一丁目１０４番地", "緯度": 34.466328, "経度": 133.802762, "url": "https://www.iryou.teikyouseido.mhlw.go.jp/znk-web/juminkanja/S2430/initialize?prefCd=33&kikanCd=5330001920&kikanKbn=5", "url2": "http://www.okai-medical.com", "内容": "おかやま薬局　児島店【5:薬局】岡山県倉敷市児島駅前一丁目１０４番地" }, "geometry": { "type": "Point", "coordinates": [ 133.802762, 34.466328 ] } },
{ "type": "Feature", "properties": { "ID": 3355330001930, "正式名称": "オバタ薬局", "機関区分": 5, "都道府県コード": 33, "市区町村コード": 202, "所在地": "岡山県倉敷市玉島中央町３－１２－８", "緯度": 34.544079, "経度": 133.670202, "url": "https://www.iryou.teikyouseido.mhlw.go.jp/znk-web/juminkanja/S2430/initialize?prefCd=33&kikanCd=5330001930&kikanKbn=5", "url2": null, "内容": "オバタ薬局【5:薬局】岡山県倉敷市玉島中央町３－１２－８" }, "geometry": { "type": "Point", "coordinates": [ 133.670202, 34.544079 ] } },
{ "type": "Feature", "properties": { "ID": 3355330001940, "正式名称": "クレア薬局", "機関区分": 5, "都道府県コード": 33, "市区町村コード": 202, "所在地": "岡山県倉敷市白楽町１２５ー１２", "緯度": 34.588574, "経度": 133.762829, "url": "https://www.iryou.teikyouseido.mhlw.go.jp/znk-web/juminkanja/S2430/initialize?prefCd=33&kikanCd=5330001940&kikanKbn=5", "url2": null, "内容": "クレア薬局【5:薬局】岡山県倉敷市白楽町１２５ー１２" }, "geometry": { "type": "Point", "coordinates": [ 133.762829, 34.588574 ] } },
{ "type": "Feature", "properties": { "ID": 3355330001950, "正式名称": "コーモト薬局Ｐ－ＭＡＬＬ店", "機関区分": 5, "都道府県コード": 33, "市区町村コード": 202, "所在地": "岡山県倉敷市玉島中央町２－３－６", "緯度": 34.5459, "経度": 133.671758, "url": "https://www.iryou.teikyouseido.mhlw.go.jp/znk-web/juminkanja/S2430/initialize?prefCd=33&kikanCd=5330001950&kikanKbn=5", "url2": "http://www.koumoto.jp", "内容": "コーモト薬局Ｐ－ＭＡＬＬ店【5:薬局】岡山県倉敷市玉島中央町２－３－６" }, "geometry": { "type": "Point", "coordinates": [ 133.671758, 34.5459 ] } },
{ "type": "Feature", "properties": { "ID": 3355330001960, "正式名称": "コーモト薬局乙島店", "機関区分": 5, "都道府県コード": 33, "市区町村コード": 202, "所在地": "岡山県倉敷市玉島２－２１－１５", "緯度": 34.54147, "経度": 133.679793, "url": "https://www.iryou.teikyouseido.mhlw.go.jp/znk-web/juminkanja/S2430/initialize?prefCd=33&kikanCd=5330001960&kikanKbn=5", "url2": "http://www.koumoto.jp/", "内容": "コーモト薬局乙島店【5:薬局】岡山県倉敷市玉島２－２１－１５" }, "geometry": { "type": "Point", "coordinates": [ 133.679793, 34.54147 ] } },
{ "type": "Feature", "properties": { "ID": 3355330001970, "正式名称": "コーモト薬局富田店", "機関区分": 5, "都道府県コード": 33, "市区町村コード": 202, "所在地": "岡山県倉敷市玉島八島１７５７－１０", "緯度": 34.560452, "経度": 133.659081, "url": "https://www.iryou.teikyouseido.mhlw.go.jp/znk-web/juminkanja/S2430/initialize?prefCd=33&kikanCd=5330001970&kikanKbn=5", "url2": "http://www.koumoto.jp/", "内容": "コーモト薬局富田店【5:薬局】岡山県倉敷市玉島八島１７５７－１０" }, "geometry": { "type": "Point", "coordinates": [ 133.659081, 34.560452 ] } },
{ "type": "Feature", "properties": { "ID": 3355330001980, "正式名称": "こにし薬局", "機関区分": 5, "都道府県コード": 33, "市区町村コード": 202, "所在地": "岡山県倉敷市浜町２－８－８", "緯度": 34.608678, "経度": 133.770922, "url": "https://www.iryou.teikyouseido.mhlw.go.jp/znk-web/juminkanja/S2430/initialize?prefCd=33&kikanCd=5330001980&kikanKbn=5", "url2": null, "内容": "こにし薬局【5:薬局】岡山県倉敷市浜町２－８－８" }, "geometry": { "type": "Point", "coordinates": [ 133.770922, 34.608678 ] } },
{ "type": "Feature", "properties": { "ID": 3355330001990, "正式名称": "サエラ薬局倉敷店", "機関区分": 5, "都道府県コード": 33, "市区町村コード": 202, "所在地": "岡山県倉敷市老松町４丁目１１番３５号", "緯度": 34.592596, "経度": 133.762217, "url": "https://www.iryou.teikyouseido.mhlw.go.jp/znk-web/juminkanja/S2430/initialize?prefCd=33&kikanCd=5330001990&kikanKbn=5", "url2": "https://www.saera-ph.co.jp/shop/kurashiki/", "内容": "サエラ薬局倉敷店【5:薬局】岡山県倉敷市老松町４丁目１１番３５号" }, "geometry": { "type": "Point", "coordinates": [ 133.762217, 34.592596 ] } },
{ "type": "Feature", "properties": { "ID": 3355330002000, "正式名称": "サカエ薬局児島店", "機関区分": 5, "都道府県コード": 33, "市区町村コード": 202, "所在地": "岡山県倉敷市児島柳田町８６６－１７", "緯度": 34.488572, "経度": 133.799706, "url": "https://www.iryou.teikyouseido.mhlw.go.jp/znk-web/juminkanja/S2430/initialize?prefCd=33&kikanCd=5330002000&kikanKbn=5", "url2": "https://medicament.co.jp/", "内容": "サカエ薬局児島店【5:薬局】岡山県倉敷市児島柳田町８６６－１７" }, "geometry": { "type": "Point", "coordinates": [ 133.799706, 34.488572 ] } },
{ "type": "Feature", "properties": { "ID": 3355330002010, "正式名称": "スマイル薬局　児島下の町店", "機関区分": 5, "都道府県コード": 33, "市区町村コード": 202, "所在地": "岡山県倉敷市児島下の町５－２－１５", "緯度": 34.47722, "経度": 133.82158, "url": "https://www.iryou.teikyouseido.mhlw.go.jp/znk-web/juminkanja/S2430/initialize?prefCd=33&kikanCd=5330002010&kikanKbn=5", "url2": "https://www.oml-inc.jp/business/pharmacy/", "内容": "スマイル薬局　児島下の町店【5:薬局】岡山県倉敷市児島下の町５－２－１５" }, "geometry": { "type": "Point", "coordinates": [ 133.82158, 34.47722 ] } },
{ "type": "Feature", "properties": { "ID": 3355330002020, "正式名称": "スマイル薬局　真備店", "機関区分": 5, "都道府県コード": 33, "市区町村コード": 202, "所在地": "岡山県倉敷市真備町川辺１８３４－６", "緯度": 34.640904, "経度": 133.712923, "url": "https://www.iryou.teikyouseido.mhlw.go.jp/znk-web/juminkanja/S2430/initialize?prefCd=33&kikanCd=5330002020&kikanKbn=5", "url2": null, "内容": "スマイル薬局　真備店【5:薬局】岡山県倉敷市真備町川辺１８３４－６" }, "geometry": { "type": "Point", "coordinates": [ 133.712923, 34.640904 ] } },
{ "type": "Feature", "properties": { "ID": 3355330002030, "正式名称": "スマイル薬局　水島店", "機関区分": 5, "都道府県コード": 33, "市区町村コード": 202, "所在地": "岡山県倉敷市神田２丁目３－１", "緯度": 34.541656, "経度": 133.738696, "url": "https://www.iryou.teikyouseido.mhlw.go.jp/znk-web/juminkanja/S2430/initialize?prefCd=33&kikanCd=5330002030&kikanKbn=5", "url2": null, "内容": "スマイル薬局　水島店【5:薬局】岡山県倉敷市神田２丁目３－１" }, "geometry": { "type": "Point", "coordinates": [ 133.738696, 34.541656 ] } },
{ "type": "Feature", "properties": { "ID": 3355330002040, "正式名称": "スマイル薬局　福田店", "機関区分": 5, "都道府県コード": 33, "市区町村コード": 202, "所在地": "岡山県倉敷市福田町古新田８１３－５", "緯度": 34.540096, "経度": 133.768991, "url": "https://www.iryou.teikyouseido.mhlw.go.jp/znk-web/juminkanja/S2430/initialize?prefCd=33&kikanCd=5330002040&kikanKbn=5", "url2": null, "内容": "スマイル薬局　福田店【5:薬局】岡山県倉敷市福田町古新田８１３－５" }, "geometry": { "type": "Point", "coordinates": [ 133.768991, 34.540096 ] } },
{ "type": "Feature", "properties": { "ID": 3355330002050, "正式名称": "そうごう薬局新倉敷店", "機関区分": 5, "都道府県コード": 33, "市区町村コード": 202, "所在地": "岡山県倉敷市玉島上成５３９－７", "緯度": 34.562601, "経度": 133.686431, "url": "https://www.iryou.teikyouseido.mhlw.go.jp/znk-web/juminkanja/S2430/initialize?prefCd=33&kikanCd=5330002050&kikanKbn=5", "url2": "http://www.sogo-medical.co.jp", "内容": "そうごう薬局新倉敷店【5:薬局】岡山県倉敷市玉島上成５３９－７" }, "geometry": { "type": "Point", "coordinates": [ 133.686431, 34.562601 ] } },
{ "type": "Feature", "properties": { "ID": 3355330002060, "正式名称": "そうごう薬局東塚店", "機関区分": 5, "都道府県コード": 33, "市区町村コード": 202, "所在地": "岡山県倉敷市東塚５丁目４番２８号", "緯度": 34.531184, "経度": 133.763897, "url": "https://www.iryou.teikyouseido.mhlw.go.jp/znk-web/juminkanja/S2430/initialize?prefCd=33&kikanCd=5330002060&kikanKbn=5", "url2": "http://www.sogo-medical.co.jp", "内容": "そうごう薬局東塚店【5:薬局】岡山県倉敷市東塚５丁目４番２８号" }, "geometry": { "type": "Point", "coordinates": [ 133.763897, 34.531184 ] } },
{ "type": "Feature", "properties": { "ID": 3355330002070, "正式名称": "そうごう薬局南春日店", "機関区分": 5, "都道府県コード": 33, "市区町村コード": 202, "所在地": "岡山県倉敷市水島南春日町６番３号", "緯度": 1451420845800.0, "経度": 133.74301, "url": "https://www.iryou.teikyouseido.mhlw.go.jp/znk-web/juminkanja/S2430/initialize?prefCd=33&kikanCd=5330002070&kikanKbn=5", "url2": "http://www.sogo-medical.co.jp", "内容": "そうごう薬局南春日店【5:薬局】岡山県倉敷市水島南春日町６番３号" }, "geometry": { "type": "Point", "coordinates": [ 133.74301, 1451420845800.0 ] } },
{ "type": "Feature", "properties": { "ID": 3355330002080, "正式名称": "ちひろ薬局", "機関区分": 5, "都道府県コード": 33, "市区町村コード": 202, "所在地": "岡山県倉敷市浜町１－１５－３３", "緯度": 34.609728, "経度": 133.770617, "url": "https://www.iryou.teikyouseido.mhlw.go.jp/znk-web/juminkanja/S2430/initialize?prefCd=33&kikanCd=5330002080&kikanKbn=5", "url2": "http://www.chihiro-ph.com/", "内容": "ちひろ薬局【5:薬局】岡山県倉敷市浜町１－１５－３３" }, "geometry": { "type": "Point", "coordinates": [ 133.770617, 34.609728 ] } },
{ "type": "Feature", "properties": { "ID": 3355330002090, "正式名称": "ちひろ薬局くらしき阿知店", "機関区分": 5, "都道府県コード": 33, "市区町村コード": 202, "所在地": "岡山県倉敷市阿知３丁目２１－３８", "緯度": 34.597243, "経度": 133.768992, "url": "https://www.iryou.teikyouseido.mhlw.go.jp/znk-web/juminkanja/S2430/initialize?prefCd=33&kikanCd=5330002090&kikanKbn=5", "url2": "http://www.chihiro-ph.com/", "内容": "ちひろ薬局くらしき阿知店【5:薬局】岡山県倉敷市阿知３丁目２１－３８" }, "geometry": { "type": "Point", "coordinates": [ 133.768992, 34.597243 ] } },
{ "type": "Feature", "properties": { "ID": 3355330002100, "正式名称": "どんぐり薬局", "機関区分": 5, "都道府県コード": 33, "市区町村コード": 202, "所在地": "岡山県倉敷市黒崎２６－１", "緯度": 34.603501, "経度": 133.786888, "url": "https://www.iryou.teikyouseido.mhlw.go.jp/znk-web/juminkanja/S2430/initialize?prefCd=33&kikanCd=5330002100&kikanKbn=5", "url2": "http://www.ssmile.co.jp", "内容": "どんぐり薬局【5:薬局】岡山県倉敷市黒崎２６－１" }, "geometry": { "type": "Point", "coordinates": [ 133.786888, 34.603501 ] } },
{ "type": "Feature", "properties": { "ID": 3355330002140, "正式名称": "ヒジヤ薬局連島店", "機関区分": 5, "都道府県コード": 33, "市区町村コード": 202, "所在地": "岡山県倉敷市連島中央５－２０－９", "緯度": 34.547861, "経度": 133.723166, "url": "https://www.iryou.teikyouseido.mhlw.go.jp/znk-web/juminkanja/S2430/initialize?prefCd=33&kikanCd=5330002140&kikanKbn=5", "url2": null, "内容": "ヒジヤ薬局連島店【5:薬局】岡山県倉敷市連島中央５－２０－９" }, "geometry": { "type": "Point", "coordinates": [ 133.723166, 34.547861 ] } },
{ "type": "Feature", "properties": { "ID": 3355330002150, "正式名称": "ひまわり薬局児島店", "機関区分": 5, "都道府県コード": 33, "市区町村コード": 202, "所在地": "岡山県倉敷市児島小川町３６８５－３", "緯度": 34.465537, "経度": 133.810158, "url": "https://www.iryou.teikyouseido.mhlw.go.jp/znk-web/juminkanja/S2430/initialize?prefCd=33&kikanCd=5330002150&kikanKbn=5", "url2": "http://ship-ph.co.jp/", "内容": "ひまわり薬局児島店【5:薬局】岡山県倉敷市児島小川町３６８５－３" }, "geometry": { "type": "Point", "coordinates": [ 133.810158, 34.465537 ] } },
{ "type": "Feature", "properties": { "ID": 3355330002160, "正式名称": "ひまわり薬局加須山店", "機関区分": 5, "都道府県コード": 33, "市区町村コード": 202, "所在地": "岡山県倉敷市加須山２２４－６", "緯度": 34.589583, "経度": 133.801223, "url": "https://www.iryou.teikyouseido.mhlw.go.jp/znk-web/juminkanja/S2430/initialize?prefCd=33&kikanCd=5330002160&kikanKbn=5", "url2": "http://www.himawariyakkyoku.co.jp/", "内容": "ひまわり薬局加須山店【5:薬局】岡山県倉敷市加須山２２４－６" }, "geometry": { "type": "Point", "coordinates": [ 133.801223, 34.589583 ] } },
{ "type": "Feature", "properties": { "ID": 3355330002190, "正式名称": "ププレひまわり薬局倉敷松島店", "機関区分": 5, "都道府県コード": 33, "市区町村コード": 202, "所在地": "岡山県倉敷市松島１０６５－１　松島創宅ビル２０４", "緯度": 34.629234, "経度": 133.80368, "url": "https://www.iryou.teikyouseido.mhlw.go.jp/znk-web/juminkanja/S2430/initialize?prefCd=33&kikanCd=5330002190&kikanKbn=5", "url2": "http://pupule.co.jp/", "内容": "ププレひまわり薬局倉敷松島店【5:薬局】岡山県倉敷市松島１０６５－１　松島創宅ビル２０４" }, "geometry": { "type": "Point", "coordinates": [ 133.80368, 34.629234 ] } },
{ "type": "Feature", "properties": { "ID": 3355330002200, "正式名称": "マスカット薬局倉敷店", "機関区分": 5, "都道府県コード": 33, "市区町村コード": 202, "所在地": "岡山県倉敷市中島８５８－６", "緯度": 34.579503, "経度": 133.739922, "url": "https://www.iryou.teikyouseido.mhlw.go.jp/znk-web/juminkanja/S2430/initialize?prefCd=33&kikanCd=5330002200&kikanKbn=5", "url2": "http://muscat-pharmacy.jp/", "内容": "マスカット薬局倉敷店【5:薬局】岡山県倉敷市中島８５８－６" }, "geometry": { "type": "Point", "coordinates": [ 133.739922, 34.579503 ] } },
{ "type": "Feature", "properties": { "ID": 3355330002210, "正式名称": "きたぞの薬局玉島店", "機関区分": 5, "都道府県コード": 33, "市区町村コード": 202, "所在地": "岡山県倉敷市玉島乙島６８６１－３", "緯度": 34.536241, "経度": 133.684576, "url": "https://www.iryou.teikyouseido.mhlw.go.jp/znk-web/juminkanja/S2430/initialize?prefCd=33&kikanCd=5330002210&kikanKbn=5", "url2": null, "内容": "きたぞの薬局玉島店【5:薬局】岡山県倉敷市玉島乙島６８６１－３" }, "geometry": { "type": "Point", "coordinates": [ 133.684576, 34.536241 ] } },
{ "type": "Feature", "properties": { "ID": 3355330002220, "正式名称": "みのり薬局", "機関区分": 5, "都道府県コード": 33, "市区町村コード": 202, "所在地": "岡山県倉敷市下庄４４１－５", "緯度": 34.638901, "経度": 133.820802, "url": "https://www.iryou.teikyouseido.mhlw.go.jp/znk-web/juminkanja/S2430/initialize?prefCd=33&kikanCd=5330002220&kikanKbn=5", "url2": "http://www.kasumi-drug.com/", "内容": "みのり薬局【5:薬局】岡山県倉敷市下庄４４１－５" }, "geometry": { "type": "Point", "coordinates": [ 133.820802, 34.638901 ] } },
{ "type": "Feature", "properties": { "ID": 3355330002230, "正式名称": "みのり薬局藤戸店", "機関区分": 5, "都道府県コード": 33, "市区町村コード": 202, "所在地": "岡山県倉敷市藤戸町藤戸鞭木沖新田２－１１", "緯度": 34.561302, "経度": 133.806753, "url": "https://www.iryou.teikyouseido.mhlw.go.jp/znk-web/juminkanja/S2430/initialize?prefCd=33&kikanCd=5330002230&kikanKbn=5", "url2": "Kasumi-minori.com", "内容": "みのり薬局藤戸店【5:薬局】岡山県倉敷市藤戸町藤戸鞭木沖新田２－１１" }, "geometry": { "type": "Point", "coordinates": [ 133.806753, 34.561302 ] } },
{ "type": "Feature", "properties": { "ID": 3355330002240, "正式名称": "ミモザ薬局", "機関区分": 5, "都道府県コード": 33, "市区町村コード": 202, "所在地": "岡山県倉敷市福江１１２－１", "緯度": 34.529008, "経度": 133.804309, "url": "https://www.iryou.teikyouseido.mhlw.go.jp/znk-web/juminkanja/S2430/initialize?prefCd=33&kikanCd=5330002240&kikanKbn=5", "url2": "http://www.mimosa-yakkyoku.co.jp/", "内容": "ミモザ薬局【5:薬局】岡山県倉敷市福江１１２－１" }, "geometry": { "type": "Point", "coordinates": [ 133.804309, 34.529008 ] } },
{ "type": "Feature", "properties": { "ID": 3355330002250, "正式名称": "わかくさ薬局", "機関区分": 5, "都道府県コード": 33, "市区町村コード": 202, "所在地": "岡山県倉敷市連島町西之浦３４０－３", "緯度": 34.5502, "経度": 133.714667, "url": "https://www.iryou.teikyouseido.mhlw.go.jp/znk-web/juminkanja/S2430/initialize?prefCd=33&kikanCd=5330002250&kikanKbn=5", "url2": "wakakusa-ph.co.jp", "内容": "わかくさ薬局【5:薬局】岡山県倉敷市連島町西之浦３４０－３" }, "geometry": { "type": "Point", "coordinates": [ 133.714667, 34.5502 ] } },
{ "type": "Feature", "properties": { "ID": 3355330002260, "正式名称": "ワカバ薬局", "機関区分": 5, "都道府県コード": 33, "市区町村コード": 202, "所在地": "岡山県倉敷市八王寺町６７－１０", "緯度": 34.601534, "経度": 133.751276, "url": "https://www.iryou.teikyouseido.mhlw.go.jp/znk-web/juminkanja/S2430/initialize?prefCd=33&kikanCd=5330002260&kikanKbn=5", "url2": null, "内容": "ワカバ薬局【5:薬局】岡山県倉敷市八王寺町６７－１０" }, "geometry": { "type": "Point", "coordinates": [ 133.751276, 34.601534 ] } },
{ "type": "Feature", "properties": { "ID": 3355330002270, "正式名称": "わかば薬局駅前店", "機関区分": 5, "都道府県コード": 33, "市区町村コード": 202, "所在地": "岡山県倉敷市児島駅前１丁目１０２番地", "緯度": 34.466303, "経度": 133.803267, "url": "https://www.iryou.teikyouseido.mhlw.go.jp/znk-web/juminkanja/S2430/initialize?prefCd=33&kikanCd=5330002270&kikanKbn=5", "url2": "https://kojima-wakabap.jp", "内容": "わかば薬局駅前店【5:薬局】岡山県倉敷市児島駅前１丁目１０２番地" }, "geometry": { "type": "Point", "coordinates": [ 133.803267, 34.466303 ] } },
{ "type": "Feature", "properties": { "ID": 3355330002290, "正式名称": "下山薬局有限会社", "機関区分": 5, "都道府県コード": 33, "市区町村コード": 202, "所在地": "岡山県倉敷市中央１丁目７番８号", "緯度": 34.59434, "経度": 133.769859, "url": "https://www.iryou.teikyouseido.mhlw.go.jp/znk-web/juminkanja/S2430/initialize?prefCd=33&kikanCd=5330002290&kikanKbn=5", "url2": "http://www.simoyama.co.jp/", "内容": "下山薬局有限会社【5:薬局】岡山県倉敷市中央１丁目７番８号" }, "geometry": { "type": "Point", "coordinates": [ 133.769859, 34.59434 ] } },
{ "type": "Feature", "properties": { "ID": 3355330002300, "正式名称": "下之町薬局", "機関区分": 5, "都道府県コード": 33, "市区町村コード": 202, "所在地": "岡山県倉敷市児島下の町２丁目１４－１５", "緯度": 34.473503, "経度": 133.822618, "url": "https://www.iryou.teikyouseido.mhlw.go.jp/znk-web/juminkanja/S2430/initialize?prefCd=33&kikanCd=5330002300&kikanKbn=5", "url2": null, "内容": "下之町薬局【5:薬局】岡山県倉敷市児島下の町２丁目１４－１５" }, "geometry": { "type": "Point", "coordinates": [ 133.822618, 34.473503 ] } },
{ "type": "Feature", "properties": { "ID": 3355330002310, "正式名称": "梶谷薬局", "機関区分": 5, "都道府県コード": 33, "市区町村コード": 202, "所在地": "岡山県倉敷市酒津２７３５", "緯度": 34.600229, "経度": 133.747849, "url": "https://www.iryou.teikyouseido.mhlw.go.jp/znk-web/juminkanja/S2430/initialize?prefCd=33&kikanCd=5330002310&kikanKbn=5", "url2": null, "内容": "梶谷薬局【5:薬局】岡山県倉敷市酒津２７３５" }, "geometry": { "type": "Point", "coordinates": [ 133.747849, 34.600229 ] } },
{ "type": "Feature", "properties": { "ID": 3355330002320, "正式名称": "チアー薬局", "機関区分": 5, "都道府県コード": 33, "市区町村コード": 202, "所在地": "岡山県倉敷市中島８１６－１", "緯度": 34.580961, "経度": 133.740906, "url": "https://www.iryou.teikyouseido.mhlw.go.jp/znk-web/juminkanja/S2430/initialize?prefCd=33&kikanCd=5330002320&kikanKbn=5", "url2": "https://bokki51.storeinfo.jp/", "内容": "チアー薬局【5:薬局】岡山県倉敷市中島８１６－１" }, "geometry": { "type": "Point", "coordinates": [ 133.740906, 34.580961 ] } },
{ "type": "Feature", "properties": { "ID": 3355330002330, "正式名称": "吉宗薬局本店", "機関区分": 5, "都道府県コード": 33, "市区町村コード": 202, "所在地": "岡山県倉敷市茶屋町３７５－７", "緯度": 34.577888, "経度": 133.826527, "url": "https://www.iryou.teikyouseido.mhlw.go.jp/znk-web/juminkanja/S2430/initialize?prefCd=33&kikanCd=5330002330&kikanKbn=5", "url2": null, "内容": "吉宗薬局本店【5:薬局】岡山県倉敷市茶屋町３７５－７" }, "geometry": { "type": "Point", "coordinates": [ 133.826527, 34.577888 ] } },
{ "type": "Feature", "properties": { "ID": 3355330002340, "正式名称": "金光薬局　児島柳田店", "機関区分": 5, "都道府県コード": 33, "市区町村コード": 202, "所在地": "岡山県倉敷市児島柳田町６１５", "緯度": 34.491347, "経度": 133.801395, "url": "https://www.iryou.teikyouseido.mhlw.go.jp/znk-web/juminkanja/S2430/initialize?prefCd=33&kikanCd=5330002340&kikanKbn=5", "url2": "https://store.welcia.co.jp/welcia/spot/detail?code=5929C", "内容": "金光薬局　児島柳田店【5:薬局】岡山県倉敷市児島柳田町６１５" }, "geometry": { "type": "Point", "coordinates": [ 133.801395, 34.491347 ] } },
{ "type": "Feature", "properties": { "ID": 3355330002350, "正式名称": "金光薬局新倉敷店", "機関区分": 5, "都道府県コード": 33, "市区町村コード": 202, "所在地": "岡山県倉敷市新倉敷駅前２－９０－２", "緯度": 34.566021, "経度": 133.680703, "url": "https://www.iryou.teikyouseido.mhlw.go.jp/znk-web/juminkanja/S2430/initialize?prefCd=33&kikanCd=5330002350&kikanKbn=5", "url2": "https://www.welcia-yakkyoku.co.jp", "内容": "金光薬局新倉敷店【5:薬局】岡山県倉敷市新倉敷駅前２－９０－２" }, "geometry": { "type": "Point", "coordinates": [ 133.680703, 34.566021 ] } },
{ "type": "Feature", "properties": { "ID": 3355330002360, "正式名称": "金光薬局倉敷店", "機関区分": 5, "都道府県コード": 33, "市区町村コード": 202, "所在地": "岡山県倉敷市阿知２－５－１９", "緯度": 34.600838, "経度": 133.768962, "url": "https://www.iryou.teikyouseido.mhlw.go.jp/znk-web/juminkanja/S2430/initialize?prefCd=33&kikanCd=5330002360&kikanKbn=5", "url2": "https://www.welcia-yakkyoku.co.jp/", "内容": "金光薬局倉敷店【5:薬局】岡山県倉敷市阿知２－５－１９" }, "geometry": { "type": "Point", "coordinates": [ 133.768962, 34.600838 ] } },
{ "type": "Feature", "properties": { "ID": 3355330002370, "正式名称": "金光薬局大高店", "機関区分": 5, "都道府県コード": 33, "市区町村コード": 202, "所在地": "岡山県倉敷市西中新田２０－１４", "緯度": 34.580572, "経度": 133.758532, "url": "https://www.iryou.teikyouseido.mhlw.go.jp/znk-web/juminkanja/S2430/initialize?prefCd=33&kikanCd=5330002370&kikanKbn=5", "url2": "https://www.welcia-yakkyoku.co.jp/", "内容": "金光薬局大高店【5:薬局】岡山県倉敷市西中新田２０－１４" }, "geometry": { "type": "Point", "coordinates": [ 133.758532, 34.580572 ] } },
{ "type": "Feature", "properties": { "ID": 3355330002380, "正式名称": "幸観堂薬局", "機関区分": 5, "都道府県コード": 33, "市区町村コード": 202, "所在地": "岡山県倉敷市児島赤崎３－２００５－１０", "緯度": 34.458312, "経度": 133.797269, "url": "https://www.iryou.teikyouseido.mhlw.go.jp/znk-web/juminkanja/S2430/initialize?prefCd=33&kikanCd=5330002380&kikanKbn=5", "url2": "http://www.kohkando.jp", "内容": "幸観堂薬局【5:薬局】岡山県倉敷市児島赤崎３－２００５－１０" }, "geometry": { "type": "Point", "coordinates": [ 133.797269, 34.458312 ] } },
{ "type": "Feature", "properties": { "ID": 3355330002390, "正式名称": "幸観堂薬局味野店", "機関区分": 5, "都道府県コード": 33, "市区町村コード": 202, "所在地": "岡山県倉敷市児島味野１－１－１５", "緯度": 34.467717, "経度": 133.806267, "url": "https://www.iryou.teikyouseido.mhlw.go.jp/znk-web/juminkanja/S2430/initialize?prefCd=33&kikanCd=5330002390&kikanKbn=5", "url2": "https://www.koukando873.com/store", "内容": "幸観堂薬局味野店【5:薬局】岡山県倉敷市児島味野１－１－１５" }, "geometry": { "type": "Point", "coordinates": [ 133.806267, 34.467717 ] } },
{ "type": "Feature", "properties": { "ID": 3355330002400, "正式名称": "黒川薬局", "機関区分": 5, "都道府県コード": 33, "市区町村コード": 202, "所在地": "岡山県倉敷市林６０６－５", "緯度": 34.537223, "経度": 133.81506, "url": "https://www.iryou.teikyouseido.mhlw.go.jp/znk-web/juminkanja/S2430/initialize?prefCd=33&kikanCd=5330002400&kikanKbn=5", "url2": null, "内容": "黒川薬局【5:薬局】岡山県倉敷市林６０６－５" }, "geometry": { "type": "Point", "coordinates": [ 133.81506, 34.537223 ] } },
{ "type": "Feature", "properties": { "ID": 3355330002420, "正式名称": "児島あい薬局", "機関区分": 5, "都道府県コード": 33, "市区町村コード": 202, "所在地": "岡山県倉敷市児島駅前２丁目１９", "緯度": 34.466828, "経度": 133.806962, "url": "https://www.iryou.teikyouseido.mhlw.go.jp/znk-web/juminkanja/S2430/initialize?prefCd=33&kikanCd=5330002420&kikanKbn=5", "url2": "https://ai.sy-pharmacy.com", "内容": "児島あい薬局【5:薬局】岡山県倉敷市児島駅前２丁目１９" }, "geometry": { "type": "Point", "coordinates": [ 133.806962, 34.466828 ] } },
{ "type": "Feature", "properties": { "ID": 3355330002430, "正式名称": "児島ひかり薬局", "機関区分": 5, "都道府県コード": 33, "市区町村コード": 202, "所在地": "岡山県倉敷市児島田の口１丁目３番５６号", "緯度": 34.477133, "経度": 133.835098, "url": "https://www.iryou.teikyouseido.mhlw.go.jp/znk-web/juminkanja/S2430/initialize?prefCd=33&kikanCd=5330002430&kikanKbn=5", "url2": null, "内容": "児島ひかり薬局【5:薬局】岡山県倉敷市児島田の口１丁目３番５６号" }, "geometry": { "type": "Point", "coordinates": [ 133.835098, 34.477133 ] } },
{ "type": "Feature", "properties": { "ID": 3355330002450, "正式名称": "水玉　薬局", "機関区分": 5, "都道府県コード": 33, "市区町村コード": 202, "所在地": "岡山県倉敷市玉島勇崎１９５－３", "緯度": 34.526628, "経度": 133.645367, "url": "https://www.iryou.teikyouseido.mhlw.go.jp/znk-web/juminkanja/S2430/initialize?prefCd=33&kikanCd=5330002450&kikanKbn=5", "url2": null, "内容": "水玉　薬局【5:薬局】岡山県倉敷市玉島勇崎１９５－３" }, "geometry": { "type": "Point", "coordinates": [ 133.645367, 34.526628 ] } },
{ "type": "Feature", "properties": { "ID": 3355330002470, "正式名称": "川上薬局", "機関区分": 5, "都道府県コード": 33, "市区町村コード": 202, "所在地": "岡山県倉敷市阿知２丁目３－２６", "緯度": 34.601159, "経度": 133.767745, "url": "https://www.iryou.teikyouseido.mhlw.go.jp/znk-web/juminkanja/S2430/initialize?prefCd=33&kikanCd=5330002470&kikanKbn=5", "url2": null, "内容": "川上薬局【5:薬局】岡山県倉敷市阿知２丁目３－２６" }, "geometry": { "type": "Point", "coordinates": [ 133.767745, 34.601159 ] } },
{ "type": "Feature", "properties": { "ID": 3355330002480, "正式名称": "川上薬局大高支店", "機関区分": 5, "都道府県コード": 33, "市区町村コード": 202, "所在地": "岡山県倉敷市東富井９６２－６", "緯度": 34.574537, "経度": 133.75468, "url": "https://www.iryou.teikyouseido.mhlw.go.jp/znk-web/juminkanja/S2430/initialize?prefCd=33&kikanCd=5330002480&kikanKbn=5", "url2": null, "内容": "川上薬局大高支店【5:薬局】岡山県倉敷市東富井９６２－６" }, "geometry": { "type": "Point", "coordinates": [ 133.75468, 34.574537 ] } },
{ "type": "Feature", "properties": { "ID": 3355330002490, "正式名称": "相互薬局　林店", "機関区分": 5, "都道府県コード": 33, "市区町村コード": 202, "所在地": "岡山県倉敷市林３５５－１", "緯度": 34.543103, "経度": 133.816971, "url": "https://www.iryou.teikyouseido.mhlw.go.jp/znk-web/juminkanja/S2430/initialize?prefCd=33&kikanCd=5330002490&kikanKbn=5", "url2": null, "内容": "相互薬局　林店【5:薬局】岡山県倉敷市林３５５－１" }, "geometry": { "type": "Point", "coordinates": [ 133.816971, 34.543103 ] } },
{ "type": "Feature", "properties": { "ID": 3355330002500, "正式名称": "足高薬局　笹沖支店", "機関区分": 5, "都道府県コード": 33, "市区町村コード": 202, "所在地": "岡山県倉敷市吉岡５５７－２８", "緯度": 34.569863, "経度": 133.770685, "url": "https://www.iryou.teikyouseido.mhlw.go.jp/znk-web/juminkanja/S2430/initialize?prefCd=33&kikanCd=5330002500&kikanKbn=5", "url2": null, "内容": "足高薬局　笹沖支店【5:薬局】岡山県倉敷市吉岡５５７－２８" }, "geometry": { "type": "Point", "coordinates": [ 133.770685, 34.569863 ] } },
{ "type": "Feature", "properties": { "ID": 3355330002510, "正式名称": "足高薬局　大高支店", "機関区分": 5, "都道府県コード": 33, "市区町村コード": 202, "所在地": "岡山県倉敷市沖新町９０－１", "緯度": 34.583078, "経度": 133.755743, "url": "https://www.iryou.teikyouseido.mhlw.go.jp/znk-web/juminkanja/S2430/initialize?prefCd=33&kikanCd=5330002510&kikanKbn=5", "url2": null, "内容": "足高薬局　大高支店【5:薬局】岡山県倉敷市沖新町９０－１" }, "geometry": { "type": "Point", "coordinates": [ 133.755743, 34.583078 ] } },
{ "type": "Feature", "properties": { "ID": 3355330002520, "正式名称": "村上　薬局", "機関区分": 5, "都道府県コード": 33, "市区町村コード": 202, "所在地": "岡山県倉敷市日ノ出町２－１－８", "緯度": 34.605967, "経度": 133.765953, "url": "https://www.iryou.teikyouseido.mhlw.go.jp/znk-web/juminkanja/S2430/initialize?prefCd=33&kikanCd=5330002520&kikanKbn=5", "url2": null, "内容": "村上　薬局【5:薬局】岡山県倉敷市日ノ出町２－１－８" }, "geometry": { "type": "Point", "coordinates": [ 133.765953, 34.605967 ] } },
{ "type": "Feature", "properties": { "ID": 3355330002530, "正式名称": "大倉薬局", "機関区分": 5, "都道府県コード": 33, "市区町村コード": 202, "所在地": "岡山県倉敷市玉島阿賀崎１－２－３３", "緯度": 34.549828, "経度": 133.674249, "url": "https://www.iryou.teikyouseido.mhlw.go.jp/znk-web/juminkanja/S2430/initialize?prefCd=33&kikanCd=5330002530&kikanKbn=5", "url2": "https://www.okura-ph.com/", "内容": "大倉薬局【5:薬局】岡山県倉敷市玉島阿賀崎１－２－３３" }, "geometry": { "type": "Point", "coordinates": [ 133.674249, 34.549828 ] } },
{ "type": "Feature", "properties": { "ID": 3355330002570, "正式名称": "藤原薬局", "機関区分": 5, "都道府県コード": 33, "市区町村コード": 202, "所在地": "岡山県倉敷市福田町浦田２３９１", "緯度": 34.560909, "経度": 133.750326, "url": "https://www.iryou.teikyouseido.mhlw.go.jp/znk-web/juminkanja/S2430/initialize?prefCd=33&kikanCd=5330002570&kikanKbn=5", "url2": null, "内容": "藤原薬局【5:薬局】岡山県倉敷市福田町浦田２３９１" }, "geometry": { "type": "Point", "coordinates": [ 133.750326, 34.560909 ] } },
{ "type": "Feature", "properties": { "ID": 3355330002580, "正式名称": "虹の薬局玉島店", "機関区分": 5, "都道府県コード": 33, "市区町村コード": 202, "所在地": "岡山県倉敷市玉島柏島５２０９－１５", "緯度": 34.53048, "経度": 133.65941, "url": "https://www.iryou.teikyouseido.mhlw.go.jp/znk-web/juminkanja/S2430/initialize?prefCd=33&kikanCd=5330002580&kikanKbn=5", "url2": "http://www.niji-ph.com/", "内容": "虹の薬局玉島店【5:薬局】岡山県倉敷市玉島柏島５２０９－１５" }, "geometry": { "type": "Point", "coordinates": [ 133.65941, 34.53048 ] } },
{ "type": "Feature", "properties": { "ID": 3355330002590, "正式名称": "虹の薬局倉敷店", "機関区分": 5, "都道府県コード": 33, "市区町村コード": 202, "所在地": "岡山県倉敷市宮前４７－１", "緯度": 34.610797, "経度": 133.762697, "url": "https://www.iryou.teikyouseido.mhlw.go.jp/znk-web/juminkanja/S2430/initialize?prefCd=33&kikanCd=5330002590&kikanKbn=5", "url2": "https://www.niji-ph.com/", "内容": "虹の薬局倉敷店【5:薬局】岡山県倉敷市宮前４７－１" }, "geometry": { "type": "Point", "coordinates": [ 133.762697, 34.610797 ] } },
{ "type": "Feature", "properties": { "ID": 3355330002600, "正式名称": "虹の薬局本店", "機関区分": 5, "都道府県コード": 33, "市区町村コード": 202, "所在地": "岡山県倉敷市水島南春日町６－２", "緯度": 34.542478, "経度": 133.743168, "url": "https://www.iryou.teikyouseido.mhlw.go.jp/znk-web/juminkanja/S2430/initialize?prefCd=33&kikanCd=5330002600&kikanKbn=5", "url2": "http://www.niji-ph.com/", "内容": "虹の薬局本店【5:薬局】岡山県倉敷市水島南春日町６－２" }, "geometry": { "type": "Point", "coordinates": [ 133.743168, 34.542478 ] } },
{ "type": "Feature", "properties": { "ID": 3355330002610, "正式名称": "日の出薬局", "機関区分": 5, "都道府県コード": 33, "市区町村コード": 202, "所在地": "岡山県倉敷市福島６９０－７", "緯度": 34.601062, "経度": 133.781927, "url": "https://www.iryou.teikyouseido.mhlw.go.jp/znk-web/juminkanja/S2430/initialize?prefCd=33&kikanCd=5330002610&kikanKbn=5", "url2": "http://www.hinode-cap.com", "内容": "日の出薬局【5:薬局】岡山県倉敷市福島６９０－７" }, "geometry": { "type": "Point", "coordinates": [ 133.781927, 34.601062 ] } },
{ "type": "Feature", "properties": { "ID": 3355330002630, "正式名称": "日の出薬局笹沖店", "機関区分": 5, "都道府県コード": 33, "市区町村コード": 202, "所在地": "岡山県倉敷市笹沖６１０－４", "緯度": 34.574551, "経度": 133.771354, "url": "https://www.iryou.teikyouseido.mhlw.go.jp/znk-web/juminkanja/S2430/initialize?prefCd=33&kikanCd=5330002630&kikanKbn=5", "url2": "https://www.hinode-cap.com/", "内容": "日の出薬局笹沖店【5:薬局】岡山県倉敷市笹沖６１０－４" }, "geometry": { "type": "Point", "coordinates": [ 133.771354, 34.574551 ] } },
{ "type": "Feature", "properties": { "ID": 3355330002640, "正式名称": "日の出薬局大高店", "機関区分": 5, "都道府県コード": 33, "市区町村コード": 202, "所在地": "岡山県倉敷市沖新町８８－５", "緯度": 34.581967, "経度": 133.756377, "url": "https://www.iryou.teikyouseido.mhlw.go.jp/znk-web/juminkanja/S2430/initialize?prefCd=33&kikanCd=5330002640&kikanKbn=5", "url2": "https://www.hinode-cap.com", "内容": "日の出薬局大高店【5:薬局】岡山県倉敷市沖新町８８－５" }, "geometry": { "type": "Point", "coordinates": [ 133.756377, 34.581967 ] } },
{ "type": "Feature", "properties": { "ID": 3355330002650, "正式名称": "日の出薬局大島店", "機関区分": 5, "都道府県コード": 33, "市区町村コード": 202, "所在地": "岡山県倉敷市大島３６４－１", "緯度": 34.600717, "経度": 133.78048, "url": "https://www.iryou.teikyouseido.mhlw.go.jp/znk-web/juminkanja/S2430/initialize?prefCd=33&kikanCd=5330002650&kikanKbn=5", "url2": "http://www.shirakabe.co.jp/cap/index.htm", "内容": "日の出薬局大島店【5:薬局】岡山県倉敷市大島３６４－１" }, "geometry": { "type": "Point", "coordinates": [ 133.78048, 34.600717 ] } },
{ "type": "Feature", "properties": { "ID": 3355330002670, "正式名称": "日の出薬局　福島店", "機関区分": 5, "都道府県コード": 33, "市区町村コード": 202, "所在地": "岡山県倉敷市黒崎７２－１", "緯度": 34.601401, "経度": 133.785816, "url": "https://www.iryou.teikyouseido.mhlw.go.jp/znk-web/juminkanja/S2430/initialize?prefCd=33&kikanCd=5330002670&kikanKbn=5", "url2": "https://www.hinode-cap.com", "内容": "日の出薬局　福島店【5:薬局】岡山県倉敷市黒崎７２－１" }, "geometry": { "type": "Point", "coordinates": [ 133.785816, 34.601401 ] } },
{ "type": "Feature", "properties": { "ID": 3355330002690, "正式名称": "富永薬局笹沖", "機関区分": 5, "都道府県コード": 33, "市区町村コード": 202, "所在地": "岡山県倉敷市新田２６８３－８", "緯度": 34.572885, "経度": 133.773892, "url": "https://www.iryou.teikyouseido.mhlw.go.jp/znk-web/juminkanja/S2430/initialize?prefCd=33&kikanCd=5330002690&kikanKbn=5", "url2": "https://kusuriya.co.jp/", "内容": "富永薬局笹沖【5:薬局】岡山県倉敷市新田２６８３－８" }, "geometry": { "type": "Point", "coordinates": [ 133.773892, 34.572885 ] } },
{ "type": "Feature", "properties": { "ID": 3355330002700, "正式名称": "富永薬局　水島店", "機関区分": 5, "都道府県コード": 33, "市区町村コード": 202, "所在地": "岡山県倉敷市中畝二丁目８番２１号", "緯度": 34.526961, "経度": 133.744777, "url": "https://www.iryou.teikyouseido.mhlw.go.jp/znk-web/juminkanja/S2430/initialize?prefCd=33&kikanCd=5330002700&kikanKbn=5", "url2": "https://kusuriya.co.jp/", "内容": "富永薬局　水島店【5:薬局】岡山県倉敷市中畝二丁目８番２１号" }, "geometry": { "type": "Point", "coordinates": [ 133.744777, 34.526961 ] } },
{ "type": "Feature", "properties": { "ID": 3355330002710, "正式名称": "富永薬局　白楽町", "機関区分": 5, "都道府県コード": 33, "市区町村コード": 202, "所在地": "岡山県倉敷市白楽町５５６－２１", "緯度": 34.58931, "経度": 133.767828, "url": "https://www.iryou.teikyouseido.mhlw.go.jp/znk-web/juminkanja/S2430/initialize?prefCd=33&kikanCd=5330002710&kikanKbn=5", "url2": "https://kusuriya.co.jp/", "内容": "富永薬局　白楽町【5:薬局】岡山県倉敷市白楽町５５６－２１" }, "geometry": { "type": "Point", "coordinates": [ 133.767828, 34.58931 ] } },
{ "type": "Feature", "properties": { "ID": 3355330002720, "正式名称": "富永薬局　林", "機関区分": 5, "都道府県コード": 33, "市区町村コード": 202, "所在地": "岡山県倉敷市林５１５", "緯度": 34.538945, "経度": 133.815366, "url": "https://www.iryou.teikyouseido.mhlw.go.jp/znk-web/juminkanja/S2430/initialize?prefCd=33&kikanCd=5330002720&kikanKbn=5", "url2": "https://kusuriya.co.jp/", "内容": "富永薬局　林【5:薬局】岡山県倉敷市林５１５" }, "geometry": { "type": "Point", "coordinates": [ 133.815366, 34.538945 ] } },
{ "type": "Feature", "properties": { "ID": 3355330002740, "正式名称": "有限会社さなだ薬局", "機関区分": 5, "都道府県コード": 33, "市区町村コード": 202, "所在地": "岡山県倉敷市船穂町船穂１４１３－１", "緯度": 34.574559, "経度": 133.704515, "url": "https://www.iryou.teikyouseido.mhlw.go.jp/znk-web/juminkanja/S2430/initialize?prefCd=33&kikanCd=5330002740&kikanKbn=5", "url2": "https://sanada-pharmacy.jp/", "内容": "有限会社さなだ薬局【5:薬局】岡山県倉敷市船穂町船穂１４１３－１" }, "geometry": { "type": "Point", "coordinates": [ 133.704515, 34.574559 ] } },
{ "type": "Feature", "properties": { "ID": 3355330002750, "正式名称": "とみなが薬局　美和店", "機関区分": 5, "都道府県コード": 33, "市区町村コード": 202, "所在地": "岡山県倉敷市美和２丁目１３－２１", "緯度": 34.599448, "経度": 133.777036, "url": "https://www.iryou.teikyouseido.mhlw.go.jp/znk-web/juminkanja/S2430/initialize?prefCd=33&kikanCd=5330002750&kikanKbn=5", "url2": "https://kusuriya.co.jp/", "内容": "とみなが薬局　美和店【5:薬局】岡山県倉敷市美和２丁目１３－２１" }, "geometry": { "type": "Point", "coordinates": [ 133.777036, 34.599448 ] } },
{ "type": "Feature", "properties": { "ID": 3355330002760, "正式名称": "有限会社　なの花薬局", "機関区分": 5, "都道府県コード": 33, "市区町村コード": 202, "所在地": "岡山県倉敷市福島６７４－５", "緯度": 34.601056, "経度": 133.783185, "url": "https://www.iryou.teikyouseido.mhlw.go.jp/znk-web/juminkanja/S2430/initialize?prefCd=33&kikanCd=5330002760&kikanKbn=5", "url2": "http://www.e-classa.net/nanohana_med/?url=nanohana_med", "内容": "有限会社　なの花薬局【5:薬局】岡山県倉敷市福島６７４－５" }, "geometry": { "type": "Point", "coordinates": [ 133.783185, 34.601056 ] } },
{ "type": "Feature", "properties": { "ID": 3355330002770, "正式名称": "有限会社　月光堂薬局", "機関区分": 5, "都道府県コード": 33, "市区町村コード": 202, "所在地": "岡山県倉敷市真備町上二万９１６－１", "緯度": 34.626389, "経度": 133.680444, "url": "https://www.iryou.teikyouseido.mhlw.go.jp/znk-web/juminkanja/S2430/initialize?prefCd=33&kikanCd=5330002770&kikanKbn=5", "url2": "kanpo-gekko.com", "内容": "有限会社　月光堂薬局【5:薬局】岡山県倉敷市真備町上二万９１６－１" }, "geometry": { "type": "Point", "coordinates": [ 133.680444, 34.626389 ] } },
{ "type": "Feature", "properties": { "ID": 3355330002800, "正式名称": "連島大熊薬局", "機関区分": 5, "都道府県コード": 33, "市区町村コード": 202, "所在地": "岡山県倉敷市連島町西之浦１２", "緯度": 34.549505, "経度": 133.7214, "url": "https://www.iryou.teikyouseido.mhlw.go.jp/znk-web/juminkanja/S2430/initialize?prefCd=33&kikanCd=5330002800&kikanKbn=5", "url2": null, "内容": "連島大熊薬局【5:薬局】岡山県倉敷市連島町西之浦１２" }, "geometry": { "type": "Point", "coordinates": [ 133.7214, 34.549505 ] } },
{ "type": "Feature", "properties": { "ID": 3355330002810, "正式名称": "葦陽勝田薬局", "機関区分": 5, "都道府県コード": 33, "市区町村コード": 215, "所在地": "岡山県美作市真加部５４－４", "緯度": 35.077741, "経度": 134.191066, "url": "https://www.iryou.teikyouseido.mhlw.go.jp/znk-web/juminkanja/S2430/initialize?prefCd=33&kikanCd=5330002810&kikanKbn=5", "url2": "http://www.marinegroup.jp/top.html", "内容": "葦陽勝田薬局【5:薬局】岡山県美作市真加部５４－４" }, "geometry": { "type": "Point", "coordinates": [ 134.191066, 35.077741 ] } },
{ "type": "Feature", "properties": { "ID": 3355330002830, "正式名称": "マスカット薬局　奈義店", "機関区分": 5, "都道府県コード": 33, "市区町村コード": 623, "所在地": "岡山県勝田郡奈義町豊沢２９２－１２", "緯度": 35.122194, "経度": 134.178308, "url": "https://www.iryou.teikyouseido.mhlw.go.jp/znk-web/juminkanja/S2430/initialize?prefCd=33&kikanCd=5330002830&kikanKbn=5", "url2": "http://muscat-pharmacy.jp", "内容": "マスカット薬局　奈義店【5:薬局】岡山県勝田郡奈義町豊沢２９２－１２" }, "geometry": { "type": "Point", "coordinates": [ 134.178308, 35.122194 ] } },
{ "type": "Feature", "properties": { "ID": 3355330002840, "正式名称": "鳥越薬局", "機関区分": 5, "都道府県コード": 33, "市区町村コード": 215, "所在地": "岡山県美作市湯郷７６６－１", "緯度": 34.993253, "経度": 134.134054, "url": "https://www.iryou.teikyouseido.mhlw.go.jp/znk-web/juminkanja/S2430/initialize?prefCd=33&kikanCd=5330002840&kikanKbn=5", "url2": null, "内容": "鳥越薬局【5:薬局】岡山県美作市湯郷７６６－１" }, "geometry": { "type": "Point", "coordinates": [ 134.134054, 34.993253 ] } },
{ "type": "Feature", "properties": { "ID": 3355330002850, "正式名称": "芳徳薬局", "機関区分": 5, "都道府県コード": 33, "市区町村コード": 215, "所在地": "岡山県美作市栄町４０－１", "緯度": 35.008867, "経度": 134.149113, "url": "https://www.iryou.teikyouseido.mhlw.go.jp/znk-web/juminkanja/S2430/initialize?prefCd=33&kikanCd=5330002850&kikanKbn=5", "url2": "https://k-create.jp/", "内容": "芳徳薬局【5:薬局】岡山県美作市栄町４０－１" }, "geometry": { "type": "Point", "coordinates": [ 134.149113, 35.008867 ] } },
{ "type": "Feature", "properties": { "ID": 3355330002870, "正式名称": "とよくに薬局", "機関区分": 5, "都道府県コード": 33, "市区町村コード": 215, "所在地": "岡山県美作市豊国原３０７－１", "緯度": 35.021318, "経度": 134.160306, "url": "https://www.iryou.teikyouseido.mhlw.go.jp/znk-web/juminkanja/S2430/initialize?prefCd=33&kikanCd=5330002870&kikanKbn=5", "url2": null, "内容": "とよくに薬局【5:薬局】岡山県美作市豊国原３０７－１" }, "geometry": { "type": "Point", "coordinates": [ 134.160306, 35.021318 ] } },
{ "type": "Feature", "properties": { "ID": 3355330002880, "正式名称": "山本薬局", "機関区分": 5, "都道府県コード": 33, "市区町村コード": 215, "所在地": "岡山県美作市栄町１８３", "緯度": 35.013088, "経度": 134.151021, "url": "https://www.iryou.teikyouseido.mhlw.go.jp/znk-web/juminkanja/S2430/initialize?prefCd=33&kikanCd=5330002880&kikanKbn=5", "url2": null, "内容": "山本薬局【5:薬局】岡山県美作市栄町１８３" }, "geometry": { "type": "Point", "coordinates": [ 134.151021, 35.013088 ] } },
{ "type": "Feature", "properties": { "ID": 3355330002890, "正式名称": "グリーン薬局", "機関区分": 5, "都道府県コード": 33, "市区町村コード": 215, "所在地": "岡山県美作市明見５６３", "緯度": 35.015513, "経度": 134.146186, "url": "https://www.iryou.teikyouseido.mhlw.go.jp/znk-web/juminkanja/S2430/initialize?prefCd=33&kikanCd=5330002890&kikanKbn=5", "url2": null, "内容": "グリーン薬局【5:薬局】岡山県美作市明見５６３" }, "geometry": { "type": "Point", "coordinates": [ 134.146186, 35.015513 ] } },
{ "type": "Feature", "properties": { "ID": 3355330002900, "正式名称": "湯郷薬局", "機関区分": 5, "都道府県コード": 33, "市区町村コード": 215, "所在地": "岡山県美作市湯郷９１５－１２", "緯度": 34.992793, "経度": 134.131768, "url": "https://www.iryou.teikyouseido.mhlw.go.jp/znk-web/juminkanja/S2430/initialize?prefCd=33&kikanCd=5330002900&kikanKbn=5", "url2": null, "内容": "湯郷薬局【5:薬局】岡山県美作市湯郷９１５－１２" }, "geometry": { "type": "Point", "coordinates": [ 134.131768, 34.992793 ] } },
{ "type": "Feature", "properties": { "ID": 3355330002910, "正式名称": "さくら薬局作東店", "機関区分": 5, "都道府県コード": 33, "市区町村コード": 215, "所在地": "岡山県美作市江見４８２－１", "緯度": 35.015433, "経度": 134.224792, "url": "https://www.iryou.teikyouseido.mhlw.go.jp/znk-web/juminkanja/S2430/initialize?prefCd=33&kikanCd=5330002910&kikanKbn=5", "url2": "https://sakurams.co.jp/", "内容": "さくら薬局作東店【5:薬局】岡山県美作市江見４８２－１" }, "geometry": { "type": "Point", "coordinates": [ 134.224792, 35.015433 ] } },
{ "type": "Feature", "properties": { "ID": 3355330002920, "正式名称": "有限会社　春名薬局", "機関区分": 5, "都道府県コード": 33, "市区町村コード": 215, "所在地": "岡山県美作市江見４７６－２", "緯度": 35.015498, "経度": 134.225573, "url": "https://www.iryou.teikyouseido.mhlw.go.jp/znk-web/juminkanja/S2430/initialize?prefCd=33&kikanCd=5330002920&kikanKbn=5", "url2": "http://ric.shokokai.or.jp/33/3364510021/index.htm", "内容": "有限会社　春名薬局【5:薬局】岡山県美作市江見４７６－２" }, "geometry": { "type": "Point", "coordinates": [ 134.225573, 35.015498 ] } },
{ "type": "Feature", "properties": { "ID": 3355330002940, "正式名称": "可児薬局", "機関区分": 5, "都道府県コード": 33, "市区町村コード": 622, "所在地": "岡山県勝田郡勝央町勝間田７０７－３", "緯度": 35.038337, "経度": 134.11629, "url": "https://www.iryou.teikyouseido.mhlw.go.jp/znk-web/juminkanja/S2430/initialize?prefCd=33&kikanCd=5330002940&kikanKbn=5", "url2": "http://www.kani-yakkyoku.jp/", "内容": "可児薬局【5:薬局】岡山県勝田郡勝央町勝間田７０７－３" }, "geometry": { "type": "Point", "coordinates": [ 134.11629, 35.038337 ] } },
{ "type": "Feature", "properties": { "ID": 3355330002950, "正式名称": "ありもと薬局大原病院前店", "機関区分": 5, "都道府県コード": 33, "市区町村コード": 215, "所在地": "岡山県美作市古町１７７８－１", "緯度": 35.11892, "経度": 134.326611, "url": "https://www.iryou.teikyouseido.mhlw.go.jp/znk-web/juminkanja/S2430/initialize?prefCd=33&kikanCd=5330002950&kikanKbn=5", "url2": null, "内容": "ありもと薬局大原病院前店【5:薬局】岡山県美作市古町１７７８－１" }, "geometry": { "type": "Point", "coordinates": [ 134.326611, 35.11892 ] } },
{ "type": "Feature", "properties": { "ID": 3355330002960, "正式名称": "むさしの里薬局", "機関区分": 5, "都道府県コード": 33, "市区町村コード": 215, "所在地": "岡山県美作市古町１６６３－２", "緯度": 35.121363, "経度": 134.326194, "url": "https://www.iryou.teikyouseido.mhlw.go.jp/znk-web/juminkanja/S2430/initialize?prefCd=33&kikanCd=5330002960&kikanKbn=5", "url2": null, "内容": "むさしの里薬局【5:薬局】岡山県美作市古町１６６３－２" }, "geometry": { "type": "Point", "coordinates": [ 134.326194, 35.121363 ] } },
{ "type": "Feature", "properties": { "ID": 3355330002970, "正式名称": "金時薬局", "機関区分": 5, "都道府県コード": 33, "市区町村コード": 622, "所在地": "岡山県勝田郡勝央町黒土７２－２", "緯度": 35.0278, "経度": 134.127612, "url": "https://www.iryou.teikyouseido.mhlw.go.jp/znk-web/juminkanja/S2430/initialize?prefCd=33&kikanCd=5330002970&kikanKbn=5", "url2": "https://sunpharmacy.co.jp/", "内容": "金時薬局【5:薬局】岡山県勝田郡勝央町黒土７２－２" }, "geometry": { "type": "Point", "coordinates": [ 134.127612, 35.0278 ] } },
{ "type": "Feature", "properties": { "ID": 3355330002980, "正式名称": "みつぼし薬局", "機関区分": 5, "都道府県コード": 33, "市区町村コード": 215, "所在地": "岡山県美作市明見３５７－１４", "緯度": 35.013235, "経度": 134.14758, "url": "https://www.iryou.teikyouseido.mhlw.go.jp/znk-web/juminkanja/S2430/initialize?prefCd=33&kikanCd=5330002980&kikanKbn=5", "url2": null, "内容": "みつぼし薬局【5:薬局】岡山県美作市明見３５７－１４" }, "geometry": { "type": "Point", "coordinates": [ 134.14758, 35.013235 ] } },
{ "type": "Feature", "properties": { "ID": 3355330002990, "正式名称": "芳徳薬局英田店", "機関区分": 5, "都道府県コード": 33, "市区町村コード": 215, "所在地": "岡山県美作市福本５７２－１", "緯度": 34.937562, "経度": 134.123163, "url": "https://www.iryou.teikyouseido.mhlw.go.jp/znk-web/juminkanja/S2430/initialize?prefCd=33&kikanCd=5330002990&kikanKbn=5", "url2": "https://k-create.jp/", "内容": "芳徳薬局英田店【5:薬局】岡山県美作市福本５７２－１" }, "geometry": { "type": "Point", "coordinates": [ 134.123163, 34.937562 ] } },
{ "type": "Feature", "properties": { "ID": 3355330003000, "正式名称": "吉野薬局", "機関区分": 5, "都道府県コード": 33, "市区町村コード": 215, "所在地": "岡山県美作市豆田４９－４", "緯度": 35.055641, "経度": 134.273354, "url": "https://www.iryou.teikyouseido.mhlw.go.jp/znk-web/juminkanja/S2430/initialize?prefCd=33&kikanCd=5330003000&kikanKbn=5", "url2": "https://www.marinegroup.jp/detail/%E5%90%89%E9%87%8E%E8%96%AC%E5%B1%80/", "内容": "吉野薬局【5:薬局】岡山県美作市豆田４９－４" }, "geometry": { "type": "Point", "coordinates": [ 134.273354, 35.055641 ] } },
{ "type": "Feature", "properties": { "ID": 3355330003010, "正式名称": "マスカット薬局　湯郷店", "機関区分": 5, "都道府県コード": 33, "市区町村コード": 215, "所在地": "岡山県美作市湯郷８１５－４", "緯度": 34.992295, "経度": 134.133343, "url": "https://www.iryou.teikyouseido.mhlw.go.jp/znk-web/juminkanja/S2430/initialize?prefCd=33&kikanCd=5330003010&kikanKbn=5", "url2": "https://muscat-pharmacy.jp/", "内容": "マスカット薬局　湯郷店【5:薬局】岡山県美作市湯郷８１５－４" }, "geometry": { "type": "Point", "coordinates": [ 134.133343, 34.992295 ] } },
{ "type": "Feature", "properties": { "ID": 3355330003020, "正式名称": "マヤ薬局　津山口店", "機関区分": 5, "都道府県コード": 33, "市区町村コード": 203, "所在地": "岡山県津山市津山口３３０－４", "緯度": 35.055041, "経度": 133.980667, "url": "https://www.iryou.teikyouseido.mhlw.go.jp/znk-web/juminkanja/S2430/initialize?prefCd=33&kikanCd=5330003020&kikanKbn=5", "url2": null, "内容": "マヤ薬局　津山口店【5:薬局】岡山県津山市津山口３３０－４" }, "geometry": { "type": "Point", "coordinates": [ 133.980667, 35.055041 ] } },
{ "type": "Feature", "properties": { "ID": 3355330003030, "正式名称": "よつば薬局", "機関区分": 5, "都道府県コード": 33, "市区町村コード": 203, "所在地": "岡山県津山市南新座１０８－３", "緯度": 35.058442, "経度": 133.996027, "url": "https://www.iryou.teikyouseido.mhlw.go.jp/znk-web/juminkanja/S2430/initialize?prefCd=33&kikanCd=5330003030&kikanKbn=5", "url2": null, "内容": "よつば薬局【5:薬局】岡山県津山市南新座１０８－３" }, "geometry": { "type": "Point", "coordinates": [ 133.996027, 35.058442 ] } },
{ "type": "Feature", "properties": { "ID": 3355330003040, "正式名称": "にのみや薬局", "機関区分": 5, "都道府県コード": 33, "市区町村コード": 203, "所在地": "岡山県津山市二宮１９００－１４", "緯度": 35.060519, "経度": 133.973801, "url": "https://www.iryou.teikyouseido.mhlw.go.jp/znk-web/juminkanja/S2430/initialize?prefCd=33&kikanCd=5330003040&kikanKbn=5", "url2": null, "内容": "にのみや薬局【5:薬局】岡山県津山市二宮１９００－１４" }, "geometry": { "type": "Point", "coordinates": [ 133.973801, 35.060519 ] } },
{ "type": "Feature", "properties": { "ID": 3355330003050, "正式名称": "アサヒ薬局　小原店", "機関区分": 5, "都道府県コード": 33, "市区町村コード": 203, "所在地": "岡山県津山市小原１０７－２", "緯度": 35.079403, "経度": 134.000792, "url": "https://www.iryou.teikyouseido.mhlw.go.jp/znk-web/juminkanja/S2430/initialize?prefCd=33&kikanCd=5330003050&kikanKbn=5", "url2": "https://www.doremi-asahi.com", "内容": "アサヒ薬局　小原店【5:薬局】岡山県津山市小原１０７－２" }, "geometry": { "type": "Point", "coordinates": [ 134.000792, 35.079403 ] } },
{ "type": "Feature", "properties": { "ID": 3355330003060, "正式名称": "アサヒ薬局　河辺店", "機関区分": 5, "都道府県コード": 33, "市区町村コード": 203, "所在地": "岡山県津山市河辺９３３－１３", "緯度": 35.062386, "経度": 134.045489, "url": "https://www.iryou.teikyouseido.mhlw.go.jp/znk-web/juminkanja/S2430/initialize?prefCd=33&kikanCd=5330003060&kikanKbn=5", "url2": null, "内容": "アサヒ薬局　河辺店【5:薬局】岡山県津山市河辺９３３－１３" }, "geometry": { "type": "Point", "coordinates": [ 134.045489, 35.062386 ] } },
{ "type": "Feature", "properties": { "ID": 3355330003070, "正式名称": "小林薬局", "機関区分": 5, "都道府県コード": 33, "市区町村コード": 203, "所在地": "岡山県津山市京町６４", "緯度": 35.059039, "経度": 134.00379, "url": "https://www.iryou.teikyouseido.mhlw.go.jp/znk-web/juminkanja/S2430/initialize?prefCd=33&kikanCd=5330003070&kikanKbn=5", "url2": null, "内容": "小林薬局【5:薬局】岡山県津山市京町６４" }, "geometry": { "type": "Point", "coordinates": [ 134.00379, 35.059039 ] } },
{ "type": "Feature", "properties": { "ID": 3355330003080, "正式名称": "マスカット薬局　日本原店", "機関区分": 5, "都道府県コード": 33, "市区町村コード": 203, "所在地": "岡山県津山市日本原３４５－５", "緯度": 35.110594, "経度": 134.130643, "url": "https://www.iryou.teikyouseido.mhlw.go.jp/znk-web/juminkanja/S2430/initialize?prefCd=33&kikanCd=5330003080&kikanKbn=5", "url2": "http://muscat-pharmacy.jp", "内容": "マスカット薬局　日本原店【5:薬局】岡山県津山市日本原３４５－５" }, "geometry": { "type": "Point", "coordinates": [ 134.130643, 35.110594 ] } },
{ "type": "Feature", "properties": { "ID": 3355330003090, "正式名称": "エスマイル薬局鶴山店", "機関区分": 5, "都道府県コード": 33, "市区町村コード": 203, "所在地": "岡山県津山市川崎１７５６－２２", "緯度": 35.064325, "経度": 134.038106, "url": "https://www.iryou.teikyouseido.mhlw.go.jp/znk-web/juminkanja/S2430/initialize?prefCd=33&kikanCd=5330003090&kikanKbn=5", "url2": "http://www.ssmile.co.jp/", "内容": "エスマイル薬局鶴山店【5:薬局】岡山県津山市川崎１７５６－２２" }, "geometry": { "type": "Point", "coordinates": [ 134.038106, 35.064325 ] } },
{ "type": "Feature", "properties": { "ID": 3355330003110, "正式名称": "くすりのラブ薬局津山東店", "機関区分": 5, "都道府県コード": 33, "市区町村コード": 203, "所在地": "岡山県津山市押入１１３６－１６", "緯度": 35.063281, "経度": 134.039134, "url": "https://www.iryou.teikyouseido.mhlw.go.jp/znk-web/juminkanja/S2430/initialize?prefCd=33&kikanCd=5330003110&kikanKbn=5", "url2": "http://www.matsukiyo.co.jp/", "内容": "くすりのラブ薬局津山東店【5:薬局】岡山県津山市押入１１３６－１６" }, "geometry": { "type": "Point", "coordinates": [ 134.039134, 35.063281 ] } },
{ "type": "Feature", "properties": { "ID": 3355330003120, "正式名称": "くすりのラブ薬局　二階町店", "機関区分": 5, "都道府県コード": 33, "市区町村コード": 203, "所在地": "岡山県津山市二階町３番地", "緯度": 35.061117, "経度": 134.001867, "url": "https://www.iryou.teikyouseido.mhlw.go.jp/znk-web/juminkanja/S2430/initialize?prefCd=33&kikanCd=5330003120&kikanKbn=5", "url2": "http://www.matsukiyo.co.jp/", "内容": "くすりのラブ薬局　二階町店【5:薬局】岡山県津山市二階町３番地" }, "geometry": { "type": "Point", "coordinates": [ 134.001867, 35.061117 ] } },
{ "type": "Feature", "properties": { "ID": 3355330003130, "正式名称": "井尾薬局", "機関区分": 5, "都道府県コード": 33, "市区町村コード": 203, "所在地": "岡山県津山市伏見町２７", "緯度": 35.058959, "経度": 134.006037, "url": "https://www.iryou.teikyouseido.mhlw.go.jp/znk-web/juminkanja/S2430/initialize?prefCd=33&kikanCd=5330003130&kikanKbn=5", "url2": null, "内容": "井尾薬局【5:薬局】岡山県津山市伏見町２７" }, "geometry": { "type": "Point", "coordinates": [ 134.006037, 35.058959 ] } },
{ "type": "Feature", "properties": { "ID": 3355330003140, "正式名称": "株式会社　池田薬局", "機関区分": 5, "都道府県コード": 33, "市区町村コード": 203, "所在地": "岡山県津山市二宮８１－２", "緯度": 35.060927, "経度": 133.957491, "url": "https://www.iryou.teikyouseido.mhlw.go.jp/znk-web/juminkanja/S2430/initialize?prefCd=33&kikanCd=5330003140&kikanKbn=5", "url2": null, "内容": "株式会社　池田薬局【5:薬局】岡山県津山市二宮８１－２" }, "geometry": { "type": "Point", "coordinates": [ 133.957491, 35.060927 ] } },
{ "type": "Feature", "properties": { "ID": 3355330003150, "正式名称": "株式会社　服部薬局", "機関区分": 5, "都道府県コード": 33, "市区町村コード": 203, "所在地": "岡山県津山市田町２１－１", "緯度": 35.063266, "経度": 134.000712, "url": "https://www.iryou.teikyouseido.mhlw.go.jp/znk-web/juminkanja/S2430/initialize?prefCd=33&kikanCd=5330003150&kikanKbn=5", "url2": "http://www.hattori-yakkyoku.jp/", "内容": "株式会社　服部薬局【5:薬局】岡山県津山市田町２１－１" }, "geometry": { "type": "Point", "coordinates": [ 134.000712, 35.063266 ] } },
{ "type": "Feature", "properties": { "ID": 3355330003170, "正式名称": "株式会社　服部薬局　城南店", "機関区分": 5, "都道府県コード": 33, "市区町村コード": 203, "所在地": "岡山県津山市山下９－５", "緯度": 35.060603, "経度": 134.006737, "url": "https://www.iryou.teikyouseido.mhlw.go.jp/znk-web/juminkanja/S2430/initialize?prefCd=33&kikanCd=5330003170&kikanKbn=5", "url2": "http://www.hattori-yakkyoku.jp/", "内容": "株式会社　服部薬局　城南店【5:薬局】岡山県津山市山下９－５" }, "geometry": { "type": "Point", "coordinates": [ 134.006737, 35.060603 ] } },
{ "type": "Feature", "properties": { "ID": 3355330003180, "正式名称": "株式会社　服部薬局　南新座店", "機関区分": 5, "都道府県コード": 33, "市区町村コード": 203, "所在地": "岡山県津山市南新座２４－８", "緯度": 35.058372, "経度": 133.99844, "url": "https://www.iryou.teikyouseido.mhlw.go.jp/znk-web/juminkanja/S2430/initialize?prefCd=33&kikanCd=5330003180&kikanKbn=5", "url2": "http://www.hattori-yakkyoku.jp/", "内容": "株式会社　服部薬局　南新座店【5:薬局】岡山県津山市南新座２４－８" }, "geometry": { "type": "Point", "coordinates": [ 133.99844, 35.058372 ] } },
{ "type": "Feature", "properties": { "ID": 3355330003190, "正式名称": "株式会社服部薬局加茂店", "機関区分": 5, "都道府県コード": 33, "市区町村コード": 203, "所在地": "岡山県津山市加茂町小中原３０－１", "緯度": 35.177466, "経度": 134.052767, "url": "https://www.iryou.teikyouseido.mhlw.go.jp/znk-web/juminkanja/S2430/initialize?prefCd=33&kikanCd=5330003190&kikanKbn=5", "url2": "http://www.hattori-yakkyoku.jp", "内容": "株式会社服部薬局加茂店【5:薬局】岡山県津山市加茂町小中原３０－１" }, "geometry": { "type": "Point", "coordinates": [ 134.052767, 35.177466 ] } },
{ "type": "Feature", "properties": { "ID": 3355330003200, "正式名称": "株式会社服部薬局二宮店", "機関区分": 5, "都道府県コード": 33, "市区町村コード": 203, "所在地": "岡山県津山市二宮１９６１－１", "緯度": 35.059421, "経度": 133.967688, "url": "https://www.iryou.teikyouseido.mhlw.go.jp/znk-web/juminkanja/S2430/initialize?prefCd=33&kikanCd=5330003200&kikanKbn=5", "url2": "http://www.hattori-yakkyoku.jp/", "内容": "株式会社服部薬局二宮店【5:薬局】岡山県津山市二宮１９６１－１" }, "geometry": { "type": "Point", "coordinates": [ 133.967688, 35.059421 ] } },
{ "type": "Feature", "properties": { "ID": 3355330003210, "正式名称": "きたぞの薬局　津山第一病院前店", "機関区分": 5, "都道府県コード": 33, "市区町村コード": 203, "所在地": "岡山県津山市中島４２７－１", "緯度": 35.054346, "経度": 133.967057, "url": "https://www.iryou.teikyouseido.mhlw.go.jp/znk-web/juminkanja/S2430/initialize?prefCd=33&kikanCd=5330003210&kikanKbn=5", "url2": "http://www.kitazono-phar.co.jp", "内容": "きたぞの薬局　津山第一病院前店【5:薬局】岡山県津山市中島４２７－１" }, "geometry": { "type": "Point", "coordinates": [ 133.967057, 35.054346 ] } },
{ "type": "Feature", "properties": { "ID": 3355330003220, "正式名称": "きたぞの薬局山北店", "機関区分": 5, "都道府県コード": 33, "市区町村コード": 203, "所在地": "岡山県津山市山北５４９－２", "緯度": 35.072775, "経度": 134.003849, "url": "https://www.iryou.teikyouseido.mhlw.go.jp/znk-web/juminkanja/S2430/initialize?prefCd=33&kikanCd=5330003220&kikanKbn=5", "url2": "http://www.kitazono-phar.co.jp", "内容": "きたぞの薬局山北店【5:薬局】岡山県津山市山北５４９－２" }, "geometry": { "type": "Point", "coordinates": [ 134.003849, 35.072775 ] } },
{ "type": "Feature", "properties": { "ID": 3355330003230, "正式名称": "きたぞの薬局本店", "機関区分": 5, "都道府県コード": 33, "市区町村コード": 203, "所在地": "岡山県津山市北園町２３－１３", "緯度": 35.077407, "経度": 134.003728, "url": "https://www.iryou.teikyouseido.mhlw.go.jp/znk-web/juminkanja/S2430/initialize?prefCd=33&kikanCd=5330003230&kikanKbn=5", "url2": "http://www.kitazono-phar.co.jp/", "内容": "きたぞの薬局本店【5:薬局】岡山県津山市北園町２３－１３" }, "geometry": { "type": "Point", "coordinates": [ 134.003728, 35.077407 ] } },
{ "type": "Feature", "properties": { "ID": 3355330003240, "正式名称": "佐古薬局", "機関区分": 5, "都道府県コード": 33, "市区町村コード": 203, "所在地": "岡山県津山市川崎１０３", "緯度": 35.061001, "経度": 134.030232, "url": "https://www.iryou.teikyouseido.mhlw.go.jp/znk-web/juminkanja/S2430/initialize?prefCd=33&kikanCd=5330003240&kikanKbn=5", "url2": null, "内容": "佐古薬局【5:薬局】岡山県津山市川崎１０３" }, "geometry": { "type": "Point", "coordinates": [ 134.030232, 35.061001 ] } },
{ "type": "Feature", "properties": { "ID": 3355330003260, "正式名称": "サン薬局　中央病院前店", "機関区分": 5, "都道府県コード": 33, "市区町村コード": 203, "所在地": "岡山県津山市押入１１４０－２", "緯度": 35.063598, "経度": 134.038895, "url": "https://www.iryou.teikyouseido.mhlw.go.jp/znk-web/juminkanja/S2430/initialize?prefCd=33&kikanCd=5330003260&kikanKbn=5", "url2": "http://sunpharmacy.co.jp/", "内容": "サン薬局　中央病院前店【5:薬局】岡山県津山市押入１１４０－２" }, "geometry": { "type": "Point", "coordinates": [ 134.038895, 35.063598 ] } },
{ "type": "Feature", "properties": { "ID": 3355330003270, "正式名称": "津山薬局田町南店", "機関区分": 5, "都道府県コード": 33, "市区町村コード": 203, "所在地": "岡山県津山市田町９５", "緯度": 35.06206, "経度": 133.99513, "url": "https://www.iryou.teikyouseido.mhlw.go.jp/znk-web/juminkanja/S2430/initialize?prefCd=33&kikanCd=5330003270&kikanKbn=5", "url2": "http://tsuyama-chouzai.co.jp", "内容": "津山薬局田町南店【5:薬局】岡山県津山市田町９５" }, "geometry": { "type": "Point", "coordinates": [ 133.99513, 35.06206 ] } },
{ "type": "Feature", "properties": { "ID": 3355330003280, "正式名称": "椿ケ丘薬局", "機関区分": 5, "都道府県コード": 33, "市区町村コード": 203, "所在地": "岡山県津山市椿高下４０", "緯度": 35.065772, "経度": 134.000895, "url": "https://www.iryou.teikyouseido.mhlw.go.jp/znk-web/juminkanja/S2430/initialize?prefCd=33&kikanCd=5330003280&kikanKbn=5", "url2": "http://tsuyama-chouzai.co.jp/", "内容": "椿ケ丘薬局【5:薬局】岡山県津山市椿高下４０" }, "geometry": { "type": "Point", "coordinates": [ 134.000895, 35.065772 ] } },
{ "type": "Feature", "properties": { "ID": 3355330003290, "正式名称": "津山口薬局", "機関区分": 5, "都道府県コード": 33, "市区町村コード": 203, "所在地": "岡山県津山市津山口５７－４", "緯度": 35.056811, "経度": 133.988914, "url": "https://www.iryou.teikyouseido.mhlw.go.jp/znk-web/juminkanja/S2430/initialize?prefCd=33&kikanCd=5330003290&kikanKbn=5", "url2": "http://tsuyama-chouzai.co.jp", "内容": "津山口薬局【5:薬局】岡山県津山市津山口５７－４" }, "geometry": { "type": "Point", "coordinates": [ 133.988914, 35.056811 ] } },
{ "type": "Feature", "properties": { "ID": 3355330003300, "正式名称": "有限会社　あしだ薬局　上村店", "機関区分": 5, "都道府県コード": 33, "市区町村コード": 203, "所在地": "岡山県津山市上村６１－４", "緯度": 35.099303, "経度": 134.098515, "url": "https://www.iryou.teikyouseido.mhlw.go.jp/znk-web/juminkanja/S2430/initialize?prefCd=33&kikanCd=5330003300&kikanKbn=5", "url2": null, "内容": "有限会社　あしだ薬局　上村店【5:薬局】岡山県津山市上村６１－４" }, "geometry": { "type": "Point", "coordinates": [ 134.098515, 35.099303 ] } },
{ "type": "Feature", "properties": { "ID": 3355330003310, "正式名称": "あしだ薬局　日本原店", "機関区分": 5, "都道府県コード": 33, "市区町村コード": 203, "所在地": "岡山県津山市新野東１８１０－６１", "緯度": 35.104307, "経度": 134.129797, "url": "https://www.iryou.teikyouseido.mhlw.go.jp/znk-web/juminkanja/S2430/initialize?prefCd=33&kikanCd=5330003310&kikanKbn=5", "url2": "https://www.ashidap.com", "内容": "あしだ薬局　日本原店【5:薬局】岡山県津山市新野東１８１０－６１" }, "geometry": { "type": "Point", "coordinates": [ 134.129797, 35.104307 ] } },
{ "type": "Feature", "properties": { "ID": 3355330003320, "正式名称": "有限会社　あしだ薬局　植月店", "機関区分": 5, "都道府県コード": 33, "市区町村コード": 622, "所在地": "岡山県勝田郡勝央町植月中２８６４－３", "緯度": 35.07058, "経度": 134.111386, "url": "https://www.iryou.teikyouseido.mhlw.go.jp/znk-web/juminkanja/S2430/initialize?prefCd=33&kikanCd=5330003320&kikanKbn=5", "url2": "https://www.ashidap.com", "内容": "有限会社　あしだ薬局　植月店【5:薬局】岡山県勝田郡勝央町植月中２８６４－３" }, "geometry": { "type": "Point", "coordinates": [ 134.111386, 35.07058 ] } },
{ "type": "Feature", "properties": { "ID": 3355330003340, "正式名称": "Ｅ薬局　久米南店", "機関区分": 5, "都道府県コード": 33, "市区町村コード": 663, "所在地": "岡山県久米郡久米南町下弓削３８９－２", "緯度": 34.927013, "経度": 133.959478, "url": "https://www.iryou.teikyouseido.mhlw.go.jp/znk-web/juminkanja/S2430/initialize?prefCd=33&kikanCd=5330003340&kikanKbn=5", "url2": "https://mo4mo4.com", "内容": "Ｅ薬局　久米南店【5:薬局】岡山県久米郡久米南町下弓削３８９－２" }, "geometry": { "type": "Point", "coordinates": [ 133.959478, 34.927013 ] } },
{ "type": "Feature", "properties": { "ID": 3355330003350, "正式名称": "向陽薬局　田町店", "機関区分": 5, "都道府県コード": 33, "市区町村コード": 203, "所在地": "岡山県津山市田町９６－５", "緯度": 35.062435, "経度": 133.995196, "url": "https://www.iryou.teikyouseido.mhlw.go.jp/znk-web/juminkanja/S2430/initialize?prefCd=33&kikanCd=5330003350&kikanKbn=5", "url2": "https://www.koyo-pharmacy.jp/", "内容": "向陽薬局　田町店【5:薬局】岡山県津山市田町９６－５" }, "geometry": { "type": "Point", "coordinates": [ 133.995196, 35.062435 ] } },
{ "type": "Feature", "properties": { "ID": 3355330003360, "正式名称": "向陽薬局　高野店", "機関区分": 5, "都道府県コード": 33, "市区町村コード": 203, "所在地": "岡山県津山市高野本郷１２７４－１１", "緯度": 35.074402, "経度": 134.052502, "url": "https://www.iryou.teikyouseido.mhlw.go.jp/znk-web/juminkanja/S2430/initialize?prefCd=33&kikanCd=5330003360&kikanKbn=5", "url2": null, "内容": "向陽薬局　高野店【5:薬局】岡山県津山市高野本郷１２７４－１１" }, "geometry": { "type": "Point", "coordinates": [ 134.052502, 35.074402 ] } },
{ "type": "Feature", "properties": { "ID": 3355330003370, "正式名称": "そよかぜ薬局", "機関区分": 5, "都道府県コード": 33, "市区町村コード": 606, "所在地": "岡山県苫田郡鏡野町吉原２９", "緯度": 35.072308, "経度": 133.935237, "url": "https://www.iryou.teikyouseido.mhlw.go.jp/znk-web/juminkanja/S2430/initialize?prefCd=33&kikanCd=5330003370&kikanKbn=5", "url2": "https://soyokaze-ph.co.jp/", "内容": "そよかぜ薬局【5:薬局】岡山県苫田郡鏡野町吉原２９" }, "geometry": { "type": "Point", "coordinates": [ 133.935237, 35.072308 ] } },
{ "type": "Feature", "properties": { "ID": 3355330003390, "正式名称": "有限会社ドレミ薬局", "機関区分": 5, "都道府県コード": 33, "市区町村コード": 203, "所在地": "岡山県津山市小原１５４－２０", "緯度": 35.084381, "経度": 134.001186, "url": "https://www.iryou.teikyouseido.mhlw.go.jp/znk-web/juminkanja/S2430/initialize?prefCd=33&kikanCd=5330003390&kikanKbn=5", "url2": "http://www.doremi.asahi.com/info", "内容": "有限会社ドレミ薬局【5:薬局】岡山県津山市小原１５４－２０" }, "geometry": { "type": "Point", "coordinates": [ 134.001186, 35.084381 ] } },
{ "type": "Feature", "properties": { "ID": 3355330003400, "正式名称": "有限会社　のぞみ薬局", "機関区分": 5, "都道府県コード": 33, "市区町村コード": 203, "所在地": "岡山県津山市山方３４－５", "緯度": 35.102337, "経度": 133.999727, "url": "https://www.iryou.teikyouseido.mhlw.go.jp/znk-web/juminkanja/S2430/initialize?prefCd=33&kikanCd=5330003400&kikanKbn=5", "url2": "https://nozomi-ph.jp/", "内容": "有限会社　のぞみ薬局【5:薬局】岡山県津山市山方３４－５" }, "geometry": { "type": "Point", "coordinates": [ 133.999727, 35.102337 ] } },
{ "type": "Feature", "properties": { "ID": 3355330003420, "正式名称": "のぞみ薬局　中島店", "機関区分": 5, "都道府県コード": 33, "市区町村コード": 203, "所在地": "岡山県津山市中島４２６－１", "緯度": 35.054349, "経度": 133.967224, "url": "https://www.iryou.teikyouseido.mhlw.go.jp/znk-web/juminkanja/S2430/initialize?prefCd=33&kikanCd=5330003420&kikanKbn=5", "url2": "https://nozomi-ph.jp/", "内容": "のぞみ薬局　中島店【5:薬局】岡山県津山市中島４２６－１" }, "geometry": { "type": "Point", "coordinates": [ 133.967224, 35.054349 ] } },
{ "type": "Feature", "properties": { "ID": 3355330003430, "正式名称": "のぞみ薬局山下店", "機関区分": 5, "都道府県コード": 33, "市区町村コード": 203, "所在地": "岡山県津山市山下９９－１１", "緯度": 35.061439, "経度": 134.003767, "url": "https://www.iryou.teikyouseido.mhlw.go.jp/znk-web/juminkanja/S2430/initialize?prefCd=33&kikanCd=5330003430&kikanKbn=5", "url2": "https://nozomi-ph.jp/", "内容": "のぞみ薬局山下店【5:薬局】岡山県津山市山下９９－１１" }, "geometry": { "type": "Point", "coordinates": [ 134.003767, 35.061439 ] } },
{ "type": "Feature", "properties": { "ID": 3355330003440, "正式名称": "有限会社　わかば薬局", "機関区分": 5, "都道府県コード": 33, "市区町村コード": 203, "所在地": "岡山県津山市草加部９５４－９", "緯度": 35.096371, "経度": 134.070132, "url": "https://www.iryou.teikyouseido.mhlw.go.jp/znk-web/juminkanja/S2430/initialize?prefCd=33&kikanCd=5330003440&kikanKbn=5", "url2": "https://www.e-classa.net/wakaba-ph-/index.html", "内容": "有限会社　わかば薬局【5:薬局】岡山県津山市草加部９５４－９" }, "geometry": { "type": "Point", "coordinates": [ 134.070132, 35.096371 ] } },
{ "type": "Feature", "properties": { "ID": 3355330003450, "正式名称": "一宮薬局", "機関区分": 5, "都道府県コード": 33, "市区町村コード": 203, "所在地": "岡山県津山市東一宮４３－１０", "緯度": 35.097773, "経度": 134.003464, "url": "https://www.iryou.teikyouseido.mhlw.go.jp/znk-web/juminkanja/S2430/initialize?prefCd=33&kikanCd=5330003450&kikanKbn=5", "url2": null, "内容": "一宮薬局【5:薬局】岡山県津山市東一宮４３－１０" }, "geometry": { "type": "Point", "coordinates": [ 134.003464, 35.097773 ] } },
{ "type": "Feature", "properties": { "ID": 3355330003460, "正式名称": "かに薬局", "機関区分": 5, "都道府県コード": 33, "市区町村コード": 203, "所在地": "岡山県津山市沼５０－１９", "緯度": 35.077966, "経度": 134.010241, "url": "https://www.iryou.teikyouseido.mhlw.go.jp/znk-web/juminkanja/S2430/initialize?prefCd=33&kikanCd=5330003460&kikanKbn=5", "url2": "https://kani-pharmacy.jp/", "内容": "かに薬局【5:薬局】岡山県津山市沼５０－１９" }, "geometry": { "type": "Point", "coordinates": [ 134.010241, 35.077966 ] } },
{ "type": "Feature", "properties": { "ID": 3355330003470, "正式名称": "向陽薬局", "機関区分": 5, "都道府県コード": 33, "市区町村コード": 203, "所在地": "岡山県津山市二宮５１－１５", "緯度": 35.059518, "経度": 133.959378, "url": "https://www.iryou.teikyouseido.mhlw.go.jp/znk-web/juminkanja/S2430/initialize?prefCd=33&kikanCd=5330003470&kikanKbn=5", "url2": "http://www.koyo-ph.com", "内容": "向陽薬局【5:薬局】岡山県津山市二宮５１－１５" }, "geometry": { "type": "Point", "coordinates": [ 133.959378, 35.059518 ] } },
{ "type": "Feature", "properties": { "ID": 3355330003480, "正式名称": "上河原薬局", "機関区分": 5, "都道府県コード": 33, "市区町村コード": 203, "所在地": "岡山県津山市上河原２２２－５", "緯度": 35.083428, "経度": 134.004994, "url": "https://www.iryou.teikyouseido.mhlw.go.jp/znk-web/juminkanja/S2430/initialize?prefCd=33&kikanCd=5330003480&kikanKbn=5", "url2": null, "内容": "上河原薬局【5:薬局】岡山県津山市上河原２２２－５" }, "geometry": { "type": "Point", "coordinates": [ 134.004994, 35.083428 ] } },
{ "type": "Feature", "properties": { "ID": 3355330003490, "正式名称": "大手町薬局　椿高下店", "機関区分": 5, "都道府県コード": 33, "市区町村コード": 203, "所在地": "岡山県津山市椿高下１３１－３", "緯度": 35.065513, "経度": 134.00319, "url": "https://www.iryou.teikyouseido.mhlw.go.jp/znk-web/juminkanja/S2430/initialize?prefCd=33&kikanCd=5330003490&kikanKbn=5", "url2": "http://www.ohtemachi.com/", "内容": "大手町薬局　椿高下店【5:薬局】岡山県津山市椿高下１３１－３" }, "geometry": { "type": "Point", "coordinates": [ 134.00319, 35.065513 ] } },
{ "type": "Feature", "properties": { "ID": 3355330003500, "正式名称": "有限会社　大手町薬局　メディカルアルファ", "機関区分": 5, "都道府県コード": 33, "市区町村コード": 203, "所在地": "岡山県津山市大田４５２－４", "緯度": 35.101888, "経度": 134.0121, "url": "https://www.iryou.teikyouseido.mhlw.go.jp/znk-web/juminkanja/S2430/initialize?prefCd=33&kikanCd=5330003500&kikanKbn=5", "url2": "http://ohtemachi-ph.com/pharmacy.html", "内容": "有限会社　大手町薬局　メディカルアルファ【5:薬局】岡山県津山市大田４５２－４" }, "geometry": { "type": "Point", "coordinates": [ 134.0121, 35.101888 ] } },
{ "type": "Feature", "properties": { "ID": 3355330003510, "正式名称": "有限会社大手町薬局メディカルクレオ", "機関区分": 5, "都道府県コード": 33, "市区町村コード": 203, "所在地": "岡山県津山市沼８４１－４", "緯度": 35.07279, "経度": 134.015067, "url": "https://www.iryou.teikyouseido.mhlw.go.jp/znk-web/juminkanja/S2430/initialize?prefCd=33&kikanCd=5330003510&kikanKbn=5", "url2": "http://ohtemachi.net/", "内容": "有限会社大手町薬局メディカルクレオ【5:薬局】岡山県津山市沼８４１－４" }, "geometry": { "type": "Point", "coordinates": [ 134.015067, 35.07279 ] } },
{ "type": "Feature", "properties": { "ID": 3355330003520, "正式名称": "有限会社　大手町薬局　メディカルガンガ", "機関区分": 5, "都道府県コード": 33, "市区町村コード": 203, "所在地": "岡山県津山市二階町９", "緯度": 35.060542, "経度": 134.001581, "url": "https://www.iryou.teikyouseido.mhlw.go.jp/znk-web/juminkanja/S2430/initialize?prefCd=33&kikanCd=5330003520&kikanKbn=5", "url2": "http://www.ohtemachi.com/", "内容": "有限会社　大手町薬局　メディカルガンガ【5:薬局】岡山県津山市二階町９" }, "geometry": { "type": "Point", "coordinates": [ 134.001581, 35.060542 ] } },
{ "type": "Feature", "properties": { "ID": 3355330003530, "正式名称": "大手町薬局メディカルファラオ", "機関区分": 5, "都道府県コード": 33, "市区町村コード": 203, "所在地": "岡山県津山市東一宮２－１６", "緯度": 35.092808, "経度": 133.999611, "url": "https://www.iryou.teikyouseido.mhlw.go.jp/znk-web/juminkanja/S2430/initialize?prefCd=33&kikanCd=5330003530&kikanKbn=5", "url2": "http://ohtemachi-ph.com/index.html", "内容": "大手町薬局メディカルファラオ【5:薬局】岡山県津山市東一宮２－１６" }, "geometry": { "type": "Point", "coordinates": [ 133.999611, 35.092808 ] } },
{ "type": "Feature", "properties": { "ID": 3355330003540, "正式名称": "東津山薬局", "機関区分": 5, "都道府県コード": 33, "市区町村コード": 203, "所在地": "岡山県津山市川崎１１３５－３", "緯度": 35.062014, "経度": 134.030482, "url": "https://www.iryou.teikyouseido.mhlw.go.jp/znk-web/juminkanja/S2430/initialize?prefCd=33&kikanCd=5330003540&kikanKbn=5", "url2": "http://www.hattori-yakkyoku.jp", "内容": "東津山薬局【5:薬局】岡山県津山市川崎１１３５－３" }, "geometry": { "type": "Point", "coordinates": [ 134.030482, 35.062014 ] } },
{ "type": "Feature", "properties": { "ID": 3355330003550, "正式名称": "くすのき薬局", "機関区分": 5, "都道府県コード": 33, "市区町村コード": 203, "所在地": "岡山県津山市新魚町１７アルネ津山", "緯度": 35.058845, "経度": 134.000479, "url": "https://www.iryou.teikyouseido.mhlw.go.jp/znk-web/juminkanja/S2430/initialize?prefCd=33&kikanCd=5330003550&kikanKbn=5", "url2": null, "内容": "くすのき薬局【5:薬局】岡山県津山市新魚町１７アルネ津山" }, "geometry": { "type": "Point", "coordinates": [ 134.000479, 35.058845 ] } },
{ "type": "Feature", "properties": { "ID": 3355330003560, "正式名称": "有限会社　美作薬局", "機関区分": 5, "都道府県コード": 33, "市区町村コード": 203, "所在地": "岡山県津山市河辺９４２－１", "緯度": 35.062648, "経度": 134.046222, "url": "https://www.iryou.teikyouseido.mhlw.go.jp/znk-web/juminkanja/S2430/initialize?prefCd=33&kikanCd=5330003560&kikanKbn=5", "url2": null, "内容": "有限会社　美作薬局【5:薬局】岡山県津山市河辺９４２－１" }, "geometry": { "type": "Point", "coordinates": [ 134.046222, 35.062648 ] } },
{ "type": "Feature", "properties": { "ID": 3355330003580, "正式名称": "ユアサ泉橋薬局", "機関区分": 5, "都道府県コード": 33, "市区町村コード": 214, "所在地": "岡山県真庭市中島４１１－５", "緯度": 35.072207, "経度": 133.749544, "url": "https://www.iryou.teikyouseido.mhlw.go.jp/znk-web/juminkanja/S2430/initialize?prefCd=33&kikanCd=5330003580&kikanKbn=5", "url2": "http://yuasa.pupu.jp/", "内容": "ユアサ泉橋薬局【5:薬局】岡山県真庭市中島４１１－５" }, "geometry": { "type": "Point", "coordinates": [ 133.749544, 35.072207 ] } },
{ "type": "Feature", "properties": { "ID": 3355330003590, "正式名称": "エンジェル薬局", "機関区分": 5, "都道府県コード": 33, "市区町村コード": 214, "所在地": "岡山県真庭市勝山１０７３－６", "緯度": 35.083923, "経度": 133.697098, "url": "https://www.iryou.teikyouseido.mhlw.go.jp/znk-web/juminkanja/S2430/initialize?prefCd=33&kikanCd=5330003590&kikanKbn=5", "url2": null, "内容": "エンジェル薬局【5:薬局】岡山県真庭市勝山１０７３－６" }, "geometry": { "type": "Point", "coordinates": [ 133.697098, 35.083923 ] } },
{ "type": "Feature", "properties": { "ID": 3355330003600, "正式名称": "安部薬局", "機関区分": 5, "都道府県コード": 33, "市区町村コード": 214, "所在地": "岡山県真庭市目木１８８１", "緯度": 35.075918, "経度": 133.775233, "url": "https://www.iryou.teikyouseido.mhlw.go.jp/znk-web/juminkanja/S2430/initialize?prefCd=33&kikanCd=5330003600&kikanKbn=5", "url2": null, "内容": "安部薬局【5:薬局】岡山県真庭市目木１８８１" }, "geometry": { "type": "Point", "coordinates": [ 133.775233, 35.075918 ] } },
{ "type": "Feature", "properties": { "ID": 3355330003610, "正式名称": "有）エス・ジー・エッチ　てしま薬局　旭町店", "機関区分": 5, "都道府県コード": 33, "市区町村コード": 214, "所在地": "岡山県真庭市久世２９２３－１", "緯度": 35.076557, "経度": 133.75199, "url": "https://www.iryou.teikyouseido.mhlw.go.jp/znk-web/juminkanja/S2430/initialize?prefCd=33&kikanCd=5330003610&kikanKbn=5", "url2": null, "内容": "有）エス・ジー・エッチ　てしま薬局　旭町店【5:薬局】岡山県真庭市久世２９２３－１" }, "geometry": { "type": "Point", "coordinates": [ 133.75199, 35.076557 ] } },
{ "type": "Feature", "properties": { "ID": 3355330003620, "正式名称": "有）エス・ジー・エッチ　てしま薬局", "機関区分": 5, "都道府県コード": 33, "市区町村コード": 214, "所在地": "岡山県真庭市中島４０５－１", "緯度": 35.071249, "経度": 133.749063, "url": "https://www.iryou.teikyouseido.mhlw.go.jp/znk-web/juminkanja/S2430/initialize?prefCd=33&kikanCd=5330003620&kikanKbn=5", "url2": null, "内容": "有）エス・ジー・エッチ　てしま薬局【5:薬局】岡山県真庭市中島４０５－１" }, "geometry": { "type": "Point", "coordinates": [ 133.749063, 35.071249 ] } },
{ "type": "Feature", "properties": { "ID": 3355330003630, "正式名称": "ユアサ薬局", "機関区分": 5, "都道府県コード": 33, "市区町村コード": 214, "所在地": "岡山県真庭市西原１６６－１", "緯度": 35.020563, "経度": 133.755559, "url": "https://www.iryou.teikyouseido.mhlw.go.jp/znk-web/juminkanja/S2430/initialize?prefCd=33&kikanCd=5330003630&kikanKbn=5", "url2": "http://yuasa.pupu.jp/index.html", "内容": "ユアサ薬局【5:薬局】岡山県真庭市西原１６６－１" }, "geometry": { "type": "Point", "coordinates": [ 133.755559, 35.020563 ] } },
{ "type": "Feature", "properties": { "ID": 3355330003660, "正式名称": "サカエ薬局勝山店", "機関区分": 5, "都道府県コード": 33, "市区町村コード": 214, "所在地": "岡山県真庭市本郷１８２３－３", "緯度": 35.084595, "経度": 133.688631, "url": "https://www.iryou.teikyouseido.mhlw.go.jp/znk-web/juminkanja/S2430/initialize?prefCd=33&kikanCd=5330003660&kikanKbn=5", "url2": "https://medicament.co.jp/", "内容": "サカエ薬局勝山店【5:薬局】岡山県真庭市本郷１８２３－３" }, "geometry": { "type": "Point", "coordinates": [ 133.688631, 35.084595 ] } },
{ "type": "Feature", "properties": { "ID": 3355330003670, "正式名称": "こうち薬局", "機関区分": 5, "都道府県コード": 33, "市区町村コード": 214, "所在地": "岡山県真庭市下河内３１３－８", "緯度": 35.035899, "経度": 133.783087, "url": "https://www.iryou.teikyouseido.mhlw.go.jp/znk-web/juminkanja/S2430/initialize?prefCd=33&kikanCd=5330003670&kikanKbn=5", "url2": "http://www.tsuyama-chouzai.co.jp/tenpo.html#maniwa", "内容": "こうち薬局【5:薬局】岡山県真庭市下河内３１３－８" }, "geometry": { "type": "Point", "coordinates": [ 133.783087, 35.035899 ] } },
{ "type": "Feature", "properties": { "ID": 3355330003680, "正式名称": "スーパードラッグたんぽぽ勝山薬局", "機関区分": 5, "都道府県コード": 33, "市区町村コード": 214, "所在地": "岡山県真庭市三田１４９－１", "緯度": 35.081951, "経度": 133.688923, "url": "https://www.iryou.teikyouseido.mhlw.go.jp/znk-web/juminkanja/S2430/initialize?prefCd=33&kikanCd=5330003680&kikanKbn=5", "url2": null, "内容": "スーパードラッグたんぽぽ勝山薬局【5:薬局】岡山県真庭市三田１４９－１" }, "geometry": { "type": "Point", "coordinates": [ 133.688923, 35.081951 ] } },
{ "type": "Feature", "properties": { "ID": 3355330003690, "正式名称": "有限会社エス・ジー・エッチてしま薬局勝山店", "機関区分": 5, "都道府県コード": 33, "市区町村コード": 214, "所在地": "岡山県真庭市勝山８６－１", "緯度": 35.086589, "経度": 133.691226, "url": "https://www.iryou.teikyouseido.mhlw.go.jp/znk-web/juminkanja/S2430/initialize?prefCd=33&kikanCd=5330003690&kikanKbn=5", "url2": null, "内容": "有限会社エス・ジー・エッチてしま薬局勝山店【5:薬局】岡山県真庭市勝山８６－１" }, "geometry": { "type": "Point", "coordinates": [ 133.691226, 35.086589 ] } },
{ "type": "Feature", "properties": { "ID": 3355330003710, "正式名称": "有限会社エス・ジー・エッチてしま薬局久世駅前店", "機関区分": 5, "都道府県コード": 33, "市区町村コード": 214, "所在地": "岡山県真庭市久世２４３３－７", "緯度": 35.081215, "経度": 133.743514, "url": "https://www.iryou.teikyouseido.mhlw.go.jp/znk-web/juminkanja/S2430/initialize?prefCd=33&kikanCd=5330003710&kikanKbn=5", "url2": null, "内容": "有限会社エス・ジー・エッチてしま薬局久世駅前店【5:薬局】岡山県真庭市久世２４３３－７" }, "geometry": { "type": "Point", "coordinates": [ 133.743514, 35.081215 ] } },
{ "type": "Feature", "properties": { "ID": 3355330003740, "正式名称": "コスモス薬局", "機関区分": 5, "都道府県コード": 33, "市区町村コード": 214, "所在地": "岡山県真庭市山田１８９４", "緯度": 34.975463, "経度": 133.661632, "url": "https://www.iryou.teikyouseido.mhlw.go.jp/znk-web/juminkanja/S2430/initialize?prefCd=33&kikanCd=5330003740&kikanKbn=5", "url2": "http://www.ai-ph.com", "内容": "コスモス薬局【5:薬局】岡山県真庭市山田１８９４" }, "geometry": { "type": "Point", "coordinates": [ 133.661632, 34.975463 ] } },
{ "type": "Feature", "properties": { "ID": 3355330003750, "正式名称": "幸観堂薬局　秀天橋店", "機関区分": 5, "都道府県コード": 33, "市区町村コード": 204, "所在地": "岡山県玉野市槌ヶ原１０１７－８", "緯度": 34.523392, "経度": 133.901822, "url": "https://www.iryou.teikyouseido.mhlw.go.jp/znk-web/juminkanja/S2430/initialize?prefCd=33&kikanCd=5330003750&kikanKbn=5", "url2": "http://http//www.kohkando.jp", "内容": "幸観堂薬局　秀天橋店【5:薬局】岡山県玉野市槌ヶ原１０１７－８" }, "geometry": { "type": "Point", "coordinates": [ 133.901822, 34.523392 ] } },
{ "type": "Feature", "properties": { "ID": 3355330003760, "正式名称": "コスモス薬局　八浜店", "機関区分": 5, "都道府県コード": 33, "市区町村コード": 204, "所在地": "岡山県玉野市八浜町八浜１４８４－７", "緯度": 34.552724, "経度": 133.945491, "url": "https://www.iryou.teikyouseido.mhlw.go.jp/znk-web/juminkanja/S2430/initialize?prefCd=33&kikanCd=5330003760&kikanKbn=5", "url2": "http://www.e-classa.net/cosmos_pharm/", "内容": "コスモス薬局　八浜店【5:薬局】岡山県玉野市八浜町八浜１４８４－７" }, "geometry": { "type": "Point", "coordinates": [ 133.945491, 34.552724 ] } },
{ "type": "Feature", "properties": { "ID": 3355330003770, "正式名称": "竹原薬局", "機関区分": 5, "都道府県コード": 33, "市区町村コード": 212, "所在地": "岡山県瀬戸内市長船町土師１１２－５", "緯度": 34.69986, "経度": 134.099785, "url": "https://www.iryou.teikyouseido.mhlw.go.jp/znk-web/juminkanja/S2430/initialize?prefCd=33&kikanCd=5330003770&kikanKbn=5", "url2": "https://takeharapharmacy.wixsite.com/okayama", "内容": "竹原薬局【5:薬局】岡山県瀬戸内市長船町土師１１２－５" }, "geometry": { "type": "Point", "coordinates": [ 134.099785, 34.69986 ] } },
{ "type": "Feature", "properties": { "ID": 3355330003780, "正式名称": "和田薬局", "機関区分": 5, "都道府県コード": 33, "市区町村コード": 204, "所在地": "岡山県玉野市和田３－４－１０", "緯度": 34.467818, "経度": 133.923616, "url": "https://www.iryou.teikyouseido.mhlw.go.jp/znk-web/juminkanja/S2430/initialize?prefCd=33&kikanCd=5330003780&kikanKbn=5", "url2": "http://www.wada-ph.jp", "内容": "和田薬局【5:薬局】岡山県玉野市和田３－４－１０" }, "geometry": { "type": "Point", "coordinates": [ 133.923616, 34.467818 ] } },
{ "type": "Feature", "properties": { "ID": 3355330003790, "正式名称": "株式会社ダテ薬局東高崎店", "機関区分": 5, "都道府県コード": 33, "市区町村コード": 204, "所在地": "岡山県玉野市東高崎２６－１２４", "緯度": 34.533613, "経度": 133.895078, "url": "https://www.iryou.teikyouseido.mhlw.go.jp/znk-web/juminkanja/S2430/initialize?prefCd=33&kikanCd=5330003790&kikanKbn=5", "url2": "http://www.date-yakkuoku.com", "内容": "株式会社ダテ薬局東高崎店【5:薬局】岡山県玉野市東高崎２６－１２４" }, "geometry": { "type": "Point", "coordinates": [ 133.895078, 34.533613 ] } },
{ "type": "Feature", "properties": { "ID": 3355330003800, "正式名称": "株式会社ダテ薬局メルカ店", "機関区分": 5, "都道府県コード": 33, "市区町村コード": 204, "所在地": "岡山県玉野市宇野１－３８－１", "緯度": 34.491993, "経度": 133.944948, "url": "https://www.iryou.teikyouseido.mhlw.go.jp/znk-web/juminkanja/S2430/initialize?prefCd=33&kikanCd=5330003800&kikanKbn=5", "url2": "http://www.date-yakkyoku.com", "内容": "株式会社ダテ薬局メルカ店【5:薬局】岡山県玉野市宇野１－３８－１" }, "geometry": { "type": "Point", "coordinates": [ 133.944948, 34.491993 ] } },
{ "type": "Feature", "properties": { "ID": 3355330003810, "正式名称": "株式会社ダテ薬局　宇野店", "機関区分": 5, "都道府県コード": 33, "市区町村コード": 204, "所在地": "岡山県玉野市宇野８－３－１０", "緯度": 34.493621, "経度": 133.944292, "url": "https://www.iryou.teikyouseido.mhlw.go.jp/znk-web/juminkanja/S2430/initialize?prefCd=33&kikanCd=5330003810&kikanKbn=5", "url2": "http://www.date-yakkyoku.com/", "内容": "株式会社ダテ薬局　宇野店【5:薬局】岡山県玉野市宇野８－３－１０" }, "geometry": { "type": "Point", "coordinates": [ 133.944292, 34.493621 ] } },
{ "type": "Feature", "properties": { "ID": 3355330003820, "正式名称": "富永薬局", "機関区分": 5, "都道府県コード": 33, "市区町村コード": 204, "所在地": "岡山県玉野市玉４－１１－６", "緯度": 34.480041, "経度": 133.930688, "url": "https://www.iryou.teikyouseido.mhlw.go.jp/znk-web/juminkanja/S2430/initialize?prefCd=33&kikanCd=5330003820&kikanKbn=5", "url2": "https://kusuriya.co.jp/", "内容": "富永薬局【5:薬局】岡山県玉野市玉４－１１－６" }, "geometry": { "type": "Point", "coordinates": [ 133.930688, 34.480041 ] } },
{ "type": "Feature", "properties": { "ID": 3355330003830, "正式名称": "有限会社　山田薬局", "機関区分": 5, "都道府県コード": 33, "市区町村コード": 204, "所在地": "岡山県玉野市田井３－８－１０", "緯度": 34.515791, "経度": 133.94592, "url": "https://www.iryou.teikyouseido.mhlw.go.jp/znk-web/juminkanja/S2430/initialize?prefCd=33&kikanCd=5330003830&kikanKbn=5", "url2": null, "内容": "有限会社　山田薬局【5:薬局】岡山県玉野市田井３－８－１０" }, "geometry": { "type": "Point", "coordinates": [ 133.94592, 34.515791 ] } },
{ "type": "Feature", "properties": { "ID": 3355330003850, "正式名称": "有限会社　栄町ヤマト薬局", "機関区分": 5, "都道府県コード": 33, "市区町村コード": 212, "所在地": "岡山県瀬戸内市牛窓町牛窓４８０８－３", "緯度": 34.620527, "経度": 134.149124, "url": "https://www.iryou.teikyouseido.mhlw.go.jp/znk-web/juminkanja/S2430/initialize?prefCd=33&kikanCd=5330003850&kikanKbn=5", "url2": "http://www8.ocn.ne.jp/~yamatoph/", "内容": "有限会社　栄町ヤマト薬局【5:薬局】岡山県瀬戸内市牛窓町牛窓４８０８－３" }, "geometry": { "type": "Point", "coordinates": [ 134.149124, 34.620527 ] } },
{ "type": "Feature", "properties": { "ID": 3355330003860, "正式名称": "有限会社　中島薬局", "機関区分": 5, "都道府県コード": 33, "市区町村コード": 204, "所在地": "岡山県玉野市宇野２－３２－８", "緯度": 34.490235, "経度": 133.940195, "url": "https://www.iryou.teikyouseido.mhlw.go.jp/znk-web/juminkanja/S2430/initialize?prefCd=33&kikanCd=5330003860&kikanKbn=5", "url2": null, "内容": "有限会社　中島薬局【5:薬局】岡山県玉野市宇野２－３２－８" }, "geometry": { "type": "Point", "coordinates": [ 133.940195, 34.490235 ] } },
{ "type": "Feature", "properties": { "ID": 3355330003870, "正式名称": "宇野薬局", "機関区分": 5, "都道府県コード": 33, "市区町村コード": 204, "所在地": "岡山県玉野市宇野２－１９－１８", "緯度": 34.491385, "経度": 133.940523, "url": "https://www.iryou.teikyouseido.mhlw.go.jp/znk-web/juminkanja/S2430/initialize?prefCd=33&kikanCd=5330003870&kikanKbn=5", "url2": "https://www.unoyakkyoku.com/", "内容": "宇野薬局【5:薬局】岡山県玉野市宇野２－１９－１８" }, "geometry": { "type": "Point", "coordinates": [ 133.940523, 34.491385 ] } },
{ "type": "Feature", "properties": { "ID": 3355330003880, "正式名称": "ミルキー薬局", "機関区分": 5, "都道府県コード": 33, "市区町村コード": 204, "所在地": "岡山県玉野市宇藤木５５０－２９", "緯度": 34.529677, "経度": 133.896084, "url": "https://www.iryou.teikyouseido.mhlw.go.jp/znk-web/juminkanja/S2430/initialize?prefCd=33&kikanCd=5330003880&kikanKbn=5", "url2": null, "内容": "ミルキー薬局【5:薬局】岡山県玉野市宇藤木５５０－２９" }, "geometry": { "type": "Point", "coordinates": [ 133.896084, 34.529677 ] } },
{ "type": "Feature", "properties": { "ID": 3355330003890, "正式名称": "肥後薬局", "機関区分": 5, "都道府県コード": 33, "市区町村コード": 204, "所在地": "岡山県玉野市築港１－１５－２３", "緯度": 34.494157, "経度": 133.949905, "url": "https://www.iryou.teikyouseido.mhlw.go.jp/znk-web/juminkanja/S2430/initialize?prefCd=33&kikanCd=5330003890&kikanKbn=5", "url2": "http://www.higoyaku.com/", "内容": "肥後薬局【5:薬局】岡山県玉野市築港１－１５－２３" }, "geometry": { "type": "Point", "coordinates": [ 133.949905, 34.494157 ] } },
{ "type": "Feature", "properties": { "ID": 3355330003900, "正式名称": "岡薬局", "機関区分": 5, "都道府県コード": 33, "市区町村コード": 204, "所在地": "岡山県玉野市田井５－２４－３３", "緯度": 34.518214, "経度": 133.954558, "url": "https://www.iryou.teikyouseido.mhlw.go.jp/znk-web/juminkanja/S2430/initialize?prefCd=33&kikanCd=5330003900&kikanKbn=5", "url2": "https://oka.sy-pharmacy.com/", "内容": "岡薬局【5:薬局】岡山県玉野市田井５－２４－３３" }, "geometry": { "type": "Point", "coordinates": [ 133.954558, 34.518214 ] } },
{ "type": "Feature", "properties": { "ID": 3355330003910, "正式名称": "たまの薬局", "機関区分": 5, "都道府県コード": 33, "市区町村コード": 204, "所在地": "岡山県玉野市宇野１－１４－３０", "緯度": 34.49136, "経度": 133.94805, "url": "https://www.iryou.teikyouseido.mhlw.go.jp/znk-web/juminkanja/S2430/initialize?prefCd=33&kikanCd=5330003910&kikanKbn=5", "url2": "http://www.senyaku.jp/", "内容": "たまの薬局【5:薬局】岡山県玉野市宇野１－１４－３０" }, "geometry": { "type": "Point", "coordinates": [ 133.94805, 34.49136 ] } },
{ "type": "Feature", "properties": { "ID": 3355330003930, "正式名称": "コスモス薬局", "機関区分": 5, "都道府県コード": 33, "市区町村コード": 204, "所在地": "岡山県玉野市迫間２１３７－１", "緯度": 34.505922, "経度": 133.892229, "url": "https://www.iryou.teikyouseido.mhlw.go.jp/znk-web/juminkanja/S2430/initialize?prefCd=33&kikanCd=5330003930&kikanKbn=5", "url2": "http://www.e-classa.net/cosmos_pharm/", "内容": "コスモス薬局【5:薬局】岡山県玉野市迫間２１３７－１" }, "geometry": { "type": "Point", "coordinates": [ 133.892229, 34.505922 ] } },
{ "type": "Feature", "properties": { "ID": 3355330003940, "正式名称": "コスモス薬局　宇野店", "機関区分": 5, "都道府県コード": 33, "市区町村コード": 204, "所在地": "岡山県玉野市宇野１－１５－２５", "緯度": 34.490821, "経度": 133.947611, "url": "https://www.iryou.teikyouseido.mhlw.go.jp/znk-web/juminkanja/S2430/initialize?prefCd=33&kikanCd=5330003940&kikanKbn=5", "url2": "http://www.e-classa.net/cosmos_pharm/", "内容": "コスモス薬局　宇野店【5:薬局】岡山県玉野市宇野１－１５－２５" }, "geometry": { "type": "Point", "coordinates": [ 133.947611, 34.490821 ] } },
{ "type": "Feature", "properties": { "ID": 3355330003950, "正式名称": "富永薬局　宇野", "機関区分": 5, "都道府県コード": 33, "市区町村コード": 204, "所在地": "岡山県玉野市宇野２－１－２４", "緯度": 34.49317, "経度": 133.942933, "url": "https://www.iryou.teikyouseido.mhlw.go.jp/znk-web/juminkanja/S2430/initialize?prefCd=33&kikanCd=5330003950&kikanKbn=5", "url2": "http://www.kusuriya.jp", "内容": "富永薬局　宇野【5:薬局】岡山県玉野市宇野２－１－２４" }, "geometry": { "type": "Point", "coordinates": [ 133.942933, 34.49317 ] } },
{ "type": "Feature", "properties": { "ID": 3355330003960, "正式名称": "アルファオオギヤ薬局", "機関区分": 5, "都道府県コード": 33, "市区町村コード": 204, "所在地": "岡山県玉野市宇野２－１６－９", "緯度": 34.492232, "経度": 133.942492, "url": "https://www.iryou.teikyouseido.mhlw.go.jp/znk-web/juminkanja/S2430/initialize?prefCd=33&kikanCd=5330003960&kikanKbn=5", "url2": null, "内容": "アルファオオギヤ薬局【5:薬局】岡山県玉野市宇野２－１６－９" }, "geometry": { "type": "Point", "coordinates": [ 133.942492, 34.492232 ] } },
{ "type": "Feature", "properties": { "ID": 3355330003980, "正式名称": "扇屋薬局", "機関区分": 5, "都道府県コード": 33, "市区町村コード": 204, "所在地": "岡山県玉野市田井３－４－６", "緯度": 34.515247, "経度": 133.945584, "url": "https://www.iryou.teikyouseido.mhlw.go.jp/znk-web/juminkanja/S2430/initialize?prefCd=33&kikanCd=5330003980&kikanKbn=5", "url2": null, "内容": "扇屋薬局【5:薬局】岡山県玉野市田井３－４－６" }, "geometry": { "type": "Point", "coordinates": [ 133.945584, 34.515247 ] } },
{ "type": "Feature", "properties": { "ID": 3355330004000, "正式名称": "神山薬局", "機関区分": 5, "都道府県コード": 33, "市区町村コード": 204, "所在地": "岡山県玉野市和田１－９－３２", "緯度": 34.470567, "経度": 133.925274, "url": "https://www.iryou.teikyouseido.mhlw.go.jp/znk-web/juminkanja/S2430/initialize?prefCd=33&kikanCd=5330004000&kikanKbn=5", "url2": null, "内容": "神山薬局【5:薬局】岡山県玉野市和田１－９－３２" }, "geometry": { "type": "Point", "coordinates": [ 133.925274, 34.470567 ] } },
{ "type": "Feature", "properties": { "ID": 3355330004010, "正式名称": "井上薬局", "機関区分": 5, "都道府県コード": 33, "市区町村コード": 204, "所在地": "岡山県玉野市宇野２－１７－２", "緯度": 34.481574, "経度": 133.933524, "url": "https://www.iryou.teikyouseido.mhlw.go.jp/znk-web/juminkanja/S2430/initialize?prefCd=33&kikanCd=5330004010&kikanKbn=5", "url2": "https://inoue-yakkyoku.co.jp", "内容": "井上薬局【5:薬局】岡山県玉野市宇野２－１７－２" }, "geometry": { "type": "Point", "coordinates": [ 133.933524, 34.481574 ] } },
{ "type": "Feature", "properties": { "ID": 3355330004020, "正式名称": "ドラッグセイムス玉野和田薬局", "機関区分": 5, "都道府県コード": 33, "市区町村コード": 204, "所在地": "岡山県玉野市和田５－８２３－１", "緯度": 34.46972, "経度": 133.919402, "url": "https://www.iryou.teikyouseido.mhlw.go.jp/znk-web/juminkanja/S2430/initialize?prefCd=33&kikanCd=5330004020&kikanKbn=5", "url2": "https://store.seims.co.jp/map/4026/", "内容": "ドラッグセイムス玉野和田薬局【5:薬局】岡山県玉野市和田５－８２３－１" }, "geometry": { "type": "Point", "coordinates": [ 133.919402, 34.46972 ] } },
{ "type": "Feature", "properties": { "ID": 3355330004030, "正式名称": "こやま薬局・長船店", "機関区分": 5, "都道府県コード": 33, "市区町村コード": 212, "所在地": "岡山県瀬戸内市長船町土師３３２－２", "緯度": 34.699385, "経度": 134.100927, "url": "https://www.iryou.teikyouseido.mhlw.go.jp/znk-web/juminkanja/S2430/initialize?prefCd=33&kikanCd=5330004030&kikanKbn=5", "url2": "https://k-create.jp/", "内容": "こやま薬局・長船店【5:薬局】岡山県瀬戸内市長船町土師３３２－２" }, "geometry": { "type": "Point", "coordinates": [ 134.100927, 34.699385 ] } },
{ "type": "Feature", "properties": { "ID": 3355330004040, "正式名称": "田辺薬局今市店", "機関区分": 5, "都道府県コード": 33, "市区町村コード": 207, "所在地": "岡山県井原市西江原町２５－１", "緯度": 34.596088, "経度": 133.496348, "url": "https://www.iryou.teikyouseido.mhlw.go.jp/znk-web/juminkanja/S2430/initialize?prefCd=33&kikanCd=5330004040&kikanKbn=5", "url2": null, "内容": "田辺薬局今市店【5:薬局】岡山県井原市西江原町２５－１" }, "geometry": { "type": "Point", "coordinates": [ 133.496348, 34.596088 ] } },
{ "type": "Feature", "properties": { "ID": 3355330004050, "正式名称": "宮のはな薬局", "機関区分": 5, "都道府県コード": 33, "市区町村コード": 207, "所在地": "岡山県井原市西方町１４２５－３", "緯度": 34.577935, "経度": 133.481571, "url": "https://www.iryou.teikyouseido.mhlw.go.jp/znk-web/juminkanja/S2430/initialize?prefCd=33&kikanCd=5330004050&kikanKbn=5", "url2": "https://www.miyanohanapharmacy.jp/", "内容": "宮のはな薬局【5:薬局】岡山県井原市西方町１４２５－３" }, "geometry": { "type": "Point", "coordinates": [ 133.481571, 34.577935 ] } },
{ "type": "Feature", "properties": { "ID": 3355330004060, "正式名称": "金谷　薬局", "機関区分": 5, "都道府県コード": 33, "市区町村コード": 205, "所在地": "岡山県笠岡市金浦１０９４", "緯度": 34.513946, "経度": 133.49045, "url": "https://www.iryou.teikyouseido.mhlw.go.jp/znk-web/juminkanja/S2430/initialize?prefCd=33&kikanCd=5330004060&kikanKbn=5", "url2": null, "内容": "金谷　薬局【5:薬局】岡山県笠岡市金浦１０９４" }, "geometry": { "type": "Point", "coordinates": [ 133.49045, 34.513946 ] } },
{ "type": "Feature", "properties": { "ID": 3355330004070, "正式名称": "黒田薬局", "機関区分": 5, "都道府県コード": 33, "市区町村コード": 205, "所在地": "岡山県笠岡市三番町４－１０", "緯度": 34.49812, "経度": 133.519107, "url": "https://www.iryou.teikyouseido.mhlw.go.jp/znk-web/juminkanja/S2430/initialize?prefCd=33&kikanCd=5330004070&kikanKbn=5", "url2": null, "内容": "黒田薬局【5:薬局】岡山県笠岡市三番町４－１０" }, "geometry": { "type": "Point", "coordinates": [ 133.519107, 34.49812 ] } },
{ "type": "Feature", "properties": { "ID": 3355330004090, "正式名称": "大本薬局", "機関区分": 5, "都道府県コード": 33, "市区町村コード": 205, "所在地": "岡山県笠岡市七番町１－９６", "緯度": 34.496909, "経度": 133.519251, "url": "https://www.iryou.teikyouseido.mhlw.go.jp/znk-web/juminkanja/S2430/initialize?prefCd=33&kikanCd=5330004090&kikanKbn=5", "url2": "http://www.kanpou-oomoto.com/", "内容": "大本薬局【5:薬局】岡山県笠岡市七番町１－９６" }, "geometry": { "type": "Point", "coordinates": [ 133.519251, 34.496909 ] } },
{ "type": "Feature", "properties": { "ID": 3355330004100, "正式名称": "田辺薬局新町店", "機関区分": 5, "都道府県コード": 33, "市区町村コード": 216, "所在地": "岡山県浅口市鴨方町鴨方１０７９－１３", "緯度": 34.541338, "経度": 133.588445, "url": "https://www.iryou.teikyouseido.mhlw.go.jp/znk-web/juminkanja/S2430/initialize?prefCd=33&kikanCd=5330004100&kikanKbn=5", "url2": null, "内容": "田辺薬局新町店【5:薬局】岡山県浅口市鴨方町鴨方１０７９－１３" }, "geometry": { "type": "Point", "coordinates": [ 133.588445, 34.541338 ] } },
{ "type": "Feature", "properties": { "ID": 3355330004110, "正式名称": "ファーマシィ薬局西大島", "機関区分": 5, "都道府県コード": 33, "市区町村コード": 205, "所在地": "岡山県笠岡市西大島新田６６９", "緯度": 34.480711, "経度": 133.532321, "url": "https://www.iryou.teikyouseido.mhlw.go.jp/znk-web/juminkanja/S2430/initialize?prefCd=33&kikanCd=5330004110&kikanKbn=5", "url2": "https://www.pharmacy-net.co.jp", "内容": "ファーマシィ薬局西大島【5:薬局】岡山県笠岡市西大島新田６６９" }, "geometry": { "type": "Point", "coordinates": [ 133.532321, 34.480711 ] } },
{ "type": "Feature", "properties": { "ID": 3355330004120, "正式名称": "田辺薬局本店", "機関区分": 5, "都道府県コード": 33, "市区町村コード": 216, "所在地": "岡山県浅口市鴨方町六条院中３２３３－１", "緯度": 34.527725, "経度": 133.586645, "url": "https://www.iryou.teikyouseido.mhlw.go.jp/znk-web/juminkanja/S2430/initialize?prefCd=33&kikanCd=5330004120&kikanKbn=5", "url2": "http://tanabe-pharmacy.com/", "内容": "田辺薬局本店【5:薬局】岡山県浅口市鴨方町六条院中３２３３－１" }, "geometry": { "type": "Point", "coordinates": [ 133.586645, 34.527725 ] } },
{ "type": "Feature", "properties": { "ID": 3355330004130, "正式名称": "ウエル薬局", "機関区分": 5, "都道府県コード": 33, "市区町村コード": 205, "所在地": "岡山県笠岡市大井南２９－４", "緯度": 34.530403, "経度": 133.509745, "url": "https://www.iryou.teikyouseido.mhlw.go.jp/znk-web/juminkanja/S2430/initialize?prefCd=33&kikanCd=5330004130&kikanKbn=5", "url2": null, "内容": "ウエル薬局【5:薬局】岡山県笠岡市大井南２９－４" }, "geometry": { "type": "Point", "coordinates": [ 133.509745, 34.530403 ] } },
{ "type": "Feature", "properties": { "ID": 3355330004140, "正式名称": "イヨウ薬局　矢掛店", "機関区分": 5, "都道府県コード": 33, "市区町村コード": 461, "所在地": "岡山県小田郡矢掛町小林２９２－１", "緯度": 34.630284, "経度": 133.581949, "url": "https://www.iryou.teikyouseido.mhlw.go.jp/znk-web/juminkanja/S2430/initialize?prefCd=33&kikanCd=5330004140&kikanKbn=5", "url2": "http://www.iyo-medical.co.jp", "内容": "イヨウ薬局　矢掛店【5:薬局】岡山県小田郡矢掛町小林２９２－１" }, "geometry": { "type": "Point", "coordinates": [ 133.581949, 34.630284 ] } },
{ "type": "Feature", "properties": { "ID": 3355330004150, "正式名称": "アルファー薬局", "機関区分": 5, "都道府県コード": 33, "市区町村コード": 205, "所在地": "岡山県笠岡市笠岡５１０１－４", "緯度": 34.512121, "経度": 133.507915, "url": "https://www.iryou.teikyouseido.mhlw.go.jp/znk-web/juminkanja/S2430/initialize?prefCd=33&kikanCd=5330004150&kikanKbn=5", "url2": null, "内容": "アルファー薬局【5:薬局】岡山県笠岡市笠岡５１０１－４" }, "geometry": { "type": "Point", "coordinates": [ 133.507915, 34.512121 ] } },
{ "type": "Feature", "properties": { "ID": 3355330004160, "正式名称": "かさおか薬局", "機関区分": 5, "都道府県コード": 33, "市区町村コード": 205, "所在地": "岡山県笠岡市笠岡５８９１－１１", "緯度": 34.506019, "経度": 133.49543, "url": "https://www.iryou.teikyouseido.mhlw.go.jp/znk-web/juminkanja/S2430/initialize?prefCd=33&kikanCd=5330004160&kikanKbn=5", "url2": "http://kakuda-i.co.jp/", "内容": "かさおか薬局【5:薬局】岡山県笠岡市笠岡５８９１－１１" }, "geometry": { "type": "Point", "coordinates": [ 133.49543, 34.506019 ] } },
{ "type": "Feature", "properties": { "ID": 3355330004170, "正式名称": "すぎはら薬局　笹賀店", "機関区分": 5, "都道府県コード": 33, "市区町村コード": 207, "所在地": "岡山県井原市笹賀町二丁目２１番の７", "緯度": 34.58982, "経度": 133.445811, "url": "https://www.iryou.teikyouseido.mhlw.go.jp/znk-web/juminkanja/S2430/initialize?prefCd=33&kikanCd=5330004170&kikanKbn=5", "url2": "http://www7b.biglobe.ne.jp/~smcnext/", "内容": "すぎはら薬局　笹賀店【5:薬局】岡山県井原市笹賀町二丁目２１番の７" }, "geometry": { "type": "Point", "coordinates": [ 133.445811, 34.58982 ] } },
{ "type": "Feature", "properties": { "ID": 3355330004190, "正式名称": "サンメディカル薬局浜中店", "機関区分": 5, "都道府県コード": 33, "市区町村コード": 445, "所在地": "岡山県浅口郡里庄町浜中９３－１０４", "緯度": 34.496942, "経度": 133.531748, "url": "https://www.iryou.teikyouseido.mhlw.go.jp/znk-web/juminkanja/S2430/initialize?prefCd=33&kikanCd=5330004190&kikanKbn=5", "url2": "http://www.sanmedhikaru.jp", "内容": "サンメディカル薬局浜中店【5:薬局】岡山県浅口郡里庄町浜中９３－１０４" }, "geometry": { "type": "Point", "coordinates": [ 133.531748, 34.496942 ] } },
{ "type": "Feature", "properties": { "ID": 3355330004200, "正式名称": "エスマイル薬局立脇店", "機関区分": 5, "都道府県コード": 33, "市区町村コード": 216, "所在地": "岡山県浅口市鴨方町深田９９０－４", "緯度": 34.534872, "経度": 133.577149, "url": "https://www.iryou.teikyouseido.mhlw.go.jp/znk-web/juminkanja/S2430/initialize?prefCd=33&kikanCd=5330004200&kikanKbn=5", "url2": "http://www.ssmile.co.jp", "内容": "エスマイル薬局立脇店【5:薬局】岡山県浅口市鴨方町深田９９０－４" }, "geometry": { "type": "Point", "coordinates": [ 133.577149, 34.534872 ] } },
{ "type": "Feature", "properties": { "ID": 3355330004210, "正式名称": "すぎはら薬局　井原駅前店", "機関区分": 5, "都道府県コード": 33, "市区町村コード": 207, "所在地": "岡山県井原市七日市町１３１番２", "緯度": 34.594612, "経度": 133.467705, "url": "https://www.iryou.teikyouseido.mhlw.go.jp/znk-web/juminkanja/S2430/initialize?prefCd=33&kikanCd=5330004210&kikanKbn=5", "url2": "https://www7b.biglobe.ne.jp/~smcnext/shoplist.html", "内容": "すぎはら薬局　井原駅前店【5:薬局】岡山県井原市七日市町１３１番２" }, "geometry": { "type": "Point", "coordinates": [ 133.467705, 34.594612 ] } },
{ "type": "Feature", "properties": { "ID": 3355330004220, "正式名称": "いばらセンター薬局", "機関区分": 5, "都道府県コード": 33, "市区町村コード": 207, "所在地": "岡山県井原市井原町１２０５－５", "緯度": 34.604113, "経度": 133.458187, "url": "https://www.iryou.teikyouseido.mhlw.go.jp/znk-web/juminkanja/S2430/initialize?prefCd=33&kikanCd=5330004220&kikanKbn=5", "url2": "https://www7b.biglobe.ne.jp/~smcnext/ibara-center/index.html", "内容": "いばらセンター薬局【5:薬局】岡山県井原市井原町１２０５－５" }, "geometry": { "type": "Point", "coordinates": [ 133.458187, 34.604113 ] } },
{ "type": "Feature", "properties": { "ID": 3355330004230, "正式名称": "のぞみ薬局", "機関区分": 5, "都道府県コード": 33, "市区町村コード": 205, "所在地": "岡山県笠岡市笠岡２２６５－１", "緯度": 34.503813, "経度": 133.506954, "url": "https://www.iryou.teikyouseido.mhlw.go.jp/znk-web/juminkanja/S2430/initialize?prefCd=33&kikanCd=5330004230&kikanKbn=5", "url2": "www.unico-kasaoka.co.jp", "内容": "のぞみ薬局【5:薬局】岡山県笠岡市笠岡２２６５－１" }, "geometry": { "type": "Point", "coordinates": [ 133.506954, 34.503813 ] } },
{ "type": "Feature", "properties": { "ID": 3355330004240, "正式名称": "ピノキオ薬局", "機関区分": 5, "都道府県コード": 33, "市区町村コード": 207, "所在地": "岡山県井原市井原町１２６番地の１", "緯度": 34.595569, "経度": 133.463973, "url": "https://www.iryou.teikyouseido.mhlw.go.jp/znk-web/juminkanja/S2430/initialize?prefCd=33&kikanCd=5330004240&kikanKbn=5", "url2": null, "内容": "ピノキオ薬局【5:薬局】岡山県井原市井原町１２６番地の１" }, "geometry": { "type": "Point", "coordinates": [ 133.463973, 34.595569 ] } },
{ "type": "Feature", "properties": { "ID": 3355330004250, "正式名称": "ファミリー薬局", "機関区分": 5, "都道府県コード": 33, "市区町村コード": 445, "所在地": "岡山県浅口郡里庄町新庄２９２８－２", "緯度": 34.506394, "経度": 133.550872, "url": "https://www.iryou.teikyouseido.mhlw.go.jp/znk-web/juminkanja/S2430/initialize?prefCd=33&kikanCd=5330004250&kikanKbn=5", "url2": null, "内容": "ファミリー薬局【5:薬局】岡山県浅口郡里庄町新庄２９２８－２" }, "geometry": { "type": "Point", "coordinates": [ 133.550872, 34.506394 ] } },
{ "type": "Feature", "properties": { "ID": 3355330004270, "正式名称": "日本調剤　井笠薬局", "機関区分": 5, "都道府県コード": 33, "市区町村コード": 205, "所在地": "岡山県笠岡市笠岡５６１８－１７", "緯度": 34.506113, "経度": 133.498274, "url": "https://www.iryou.teikyouseido.mhlw.go.jp/znk-web/juminkanja/S2430/initialize?prefCd=33&kikanCd=5330004270&kikanKbn=5", "url2": "http://www.nicho.co.jp/tenpo/ikasa.html", "内容": "日本調剤　井笠薬局【5:薬局】岡山県笠岡市笠岡５６１８－１７" }, "geometry": { "type": "Point", "coordinates": [ 133.498274, 34.506113 ] } },
{ "type": "Feature", "properties": { "ID": 3355330004280, "正式名称": "ファーマシィ薬局せと", "機関区分": 5, "都道府県コード": 33, "市区町村コード": 205, "所在地": "岡山県笠岡市横島１９４４－１", "緯度": 34.478508, "経度": 133.519941, "url": "https://www.iryou.teikyouseido.mhlw.go.jp/znk-web/juminkanja/S2430/initialize?prefCd=33&kikanCd=5330004280&kikanKbn=5", "url2": "http://www.pharmacy-net.co.jp/", "内容": "ファーマシィ薬局せと【5:薬局】岡山県笠岡市横島１９４４－１" }, "geometry": { "type": "Point", "coordinates": [ 133.519941, 34.478508 ] } },
{ "type": "Feature", "properties": { "ID": 3355330004290, "正式名称": "ファーマシィ薬局よりしま", "機関区分": 5, "都道府県コード": 33, "市区町村コード": 216, "所在地": "岡山県浅口市寄島町７５４３－１０", "緯度": 34.480753, "経度": 133.586282, "url": "https://www.iryou.teikyouseido.mhlw.go.jp/znk-web/juminkanja/S2430/initialize?prefCd=33&kikanCd=5330004290&kikanKbn=5", "url2": "http://www.pharmacy-net.co.jp", "内容": "ファーマシィ薬局よりしま【5:薬局】岡山県浅口市寄島町７５４３－１０" }, "geometry": { "type": "Point", "coordinates": [ 133.586282, 34.480753 ] } },
{ "type": "Feature", "properties": { "ID": 3355330004310, "正式名称": "ココ薬局", "機関区分": 5, "都道府県コード": 33, "市区町村コード": 205, "所在地": "岡山県笠岡市五番町５番地３４", "緯度": 34.498928, "経度": 133.512679, "url": "https://www.iryou.teikyouseido.mhlw.go.jp/znk-web/juminkanja/S2430/initialize?prefCd=33&kikanCd=5330004310&kikanKbn=5", "url2": "http://www.kcv.ne.jp/~coco2008/index.html", "内容": "ココ薬局【5:薬局】岡山県笠岡市五番町５番地３４" }, "geometry": { "type": "Point", "coordinates": [ 133.512679, 34.498928 ] } },
{ "type": "Feature", "properties": { "ID": 3355330004330, "正式名称": "アルファー薬局　美星店", "機関区分": 5, "都道府県コード": 33, "市区町村コード": 207, "所在地": "岡山県井原市美星町黒忠２９５６－２", "緯度": 34.680232, "経度": 133.494568, "url": "https://www.iryou.teikyouseido.mhlw.go.jp/znk-web/juminkanja/S2430/initialize?prefCd=33&kikanCd=5330004330&kikanKbn=5", "url2": null, "内容": "アルファー薬局　美星店【5:薬局】岡山県井原市美星町黒忠２９５６－２" }, "geometry": { "type": "Point", "coordinates": [ 133.494568, 34.680232 ] } },
{ "type": "Feature", "properties": { "ID": 3355330004340, "正式名称": "メロン薬局", "機関区分": 5, "都道府県コード": 33, "市区町村コード": 207, "所在地": "岡山県井原市七日市町１０２", "緯度": 34.595244, "経度": 133.470011, "url": "https://www.iryou.teikyouseido.mhlw.go.jp/znk-web/juminkanja/S2430/initialize?prefCd=33&kikanCd=5330004340&kikanKbn=5", "url2": "http://www.ssmile.co.jp", "内容": "メロン薬局【5:薬局】岡山県井原市七日市町１０２" }, "geometry": { "type": "Point", "coordinates": [ 133.470011, 34.595244 ] } },
{ "type": "Feature", "properties": { "ID": 3355330004360, "正式名称": "あおぞら薬局", "機関区分": 5, "都道府県コード": 33, "市区町村コード": 207, "所在地": "岡山県井原市上出部町５００－１", "緯度": 34.593953, "経度": 133.464975, "url": "https://www.iryou.teikyouseido.mhlw.go.jp/znk-web/juminkanja/S2430/initialize?prefCd=33&kikanCd=5330004360&kikanKbn=5", "url2": "http://www7b.biglobe.ne.jp/~smcnext/medical-pdt/", "内容": "あおぞら薬局【5:薬局】岡山県井原市上出部町５００－１" }, "geometry": { "type": "Point", "coordinates": [ 133.464975, 34.593953 ] } },
{ "type": "Feature", "properties": { "ID": 3355330004370, "正式名称": "すぎはら薬局高屋店", "機関区分": 5, "都道府県コード": 33, "市区町村コード": 207, "所在地": "岡山県井原市高屋町４丁目２４－９", "緯度": 34.579946, "経度": 133.435601, "url": "https://www.iryou.teikyouseido.mhlw.go.jp/znk-web/juminkanja/S2430/initialize?prefCd=33&kikanCd=5330004370&kikanKbn=5", "url2": null, "内容": "すぎはら薬局高屋店【5:薬局】岡山県井原市高屋町４丁目２４－９" }, "geometry": { "type": "Point", "coordinates": [ 133.435601, 34.579946 ] } },
{ "type": "Feature", "properties": { "ID": 3355330004380, "正式名称": "こんこうファーマシー薬局", "機関区分": 5, "都道府県コード": 33, "市区町村コード": 216, "所在地": "岡山県浅口市金光町占見新田７４０－２", "緯度": 34.541887, "経度": 133.626438, "url": "https://www.iryou.teikyouseido.mhlw.go.jp/znk-web/juminkanja/S2430/initialize?prefCd=33&kikanCd=5330004380&kikanKbn=5", "url2": null, "内容": "こんこうファーマシー薬局【5:薬局】岡山県浅口市金光町占見新田７４０－２" }, "geometry": { "type": "Point", "coordinates": [ 133.626438, 34.541887 ] } },
{ "type": "Feature", "properties": { "ID": 3355330004390, "正式名称": "かくだ薬局　運動公園店", "機関区分": 5, "都道府県コード": 33, "市区町村コード": 205, "所在地": "岡山県笠岡市九番町２番２３", "緯度": 34.495692, "経度": 133.517587, "url": "https://www.iryou.teikyouseido.mhlw.go.jp/znk-web/juminkanja/S2430/initialize?prefCd=33&kikanCd=5330004390&kikanKbn=5", "url2": "http://kakuda-i.co.jp", "内容": "かくだ薬局　運動公園店【5:薬局】岡山県笠岡市九番町２番２３" }, "geometry": { "type": "Point", "coordinates": [ 133.517587, 34.495692 ] } },
{ "type": "Feature", "properties": { "ID": 3355330004400, "正式名称": "久津間　薬局", "機関区分": 5, "都道府県コード": 33, "市区町村コード": 461, "所在地": "岡山県小田郡矢掛町矢掛３１７４", "緯度": 34.624019, "経度": 133.586284, "url": "https://www.iryou.teikyouseido.mhlw.go.jp/znk-web/juminkanja/S2430/initialize?prefCd=33&kikanCd=5330004400&kikanKbn=5", "url2": null, "内容": "久津間　薬局【5:薬局】岡山県小田郡矢掛町矢掛３１７４" }, "geometry": { "type": "Point", "coordinates": [ 133.586284, 34.624019 ] } },
{ "type": "Feature", "properties": { "ID": 3355330004410, "正式名称": "はた薬局里庄店", "機関区分": 5, "都道府県コード": 33, "市区町村コード": 445, "所在地": "岡山県浅口郡里庄町新庄１３８８－３", "緯度": 34.510797, "経度": 133.556938, "url": "https://www.iryou.teikyouseido.mhlw.go.jp/znk-web/juminkanja/S2430/initialize?prefCd=33&kikanCd=5330004410&kikanKbn=5", "url2": null, "内容": "はた薬局里庄店【5:薬局】岡山県浅口郡里庄町新庄１３８８－３" }, "geometry": { "type": "Point", "coordinates": [ 133.556938, 34.510797 ] } },
{ "type": "Feature", "properties": { "ID": 3355330004420, "正式名称": "かすみ薬局　早島店", "機関区分": 5, "都道府県コード": 33, "市区町村コード": 423, "所在地": "岡山県都窪郡早島町前潟２８１－２", "緯度": 34.599552, "経度": 133.828728, "url": "https://www.iryou.teikyouseido.mhlw.go.jp/znk-web/juminkanja/S2430/initialize?prefCd=33&kikanCd=5330004420&kikanKbn=5", "url2": "http://www.kasumi-drug.com/", "内容": "かすみ薬局　早島店【5:薬局】岡山県都窪郡早島町前潟２８１－２" }, "geometry": { "type": "Point", "coordinates": [ 133.828728, 34.599552 ] } },
{ "type": "Feature", "properties": { "ID": 3355330004430, "正式名称": "ヒジヤ薬局駅前店", "機関区分": 5, "都道府県コード": 33, "市区町村コード": 208, "所在地": "岡山県総社市駅前１－４－２", "緯度": 34.674151, "経度": 133.741643, "url": "https://www.iryou.teikyouseido.mhlw.go.jp/znk-web/juminkanja/S2430/initialize?prefCd=33&kikanCd=5330004430&kikanKbn=5", "url2": null, "内容": "ヒジヤ薬局駅前店【5:薬局】岡山県総社市駅前１－４－２" }, "geometry": { "type": "Point", "coordinates": [ 133.741643, 34.674151 ] } },
{ "type": "Feature", "properties": { "ID": 3355330004440, "正式名称": "有限会社　よしだ薬局リブ店", "機関区分": 5, "都道府県コード": 33, "市区町村コード": 208, "所在地": "岡山県総社市門田１８７リブ総社店１Ｆ", "緯度": 34.676685, "経度": 133.741851, "url": "https://www.iryou.teikyouseido.mhlw.go.jp/znk-web/juminkanja/S2430/initialize?prefCd=33&kikanCd=5330004440&kikanKbn=5", "url2": "https://yoshidaph.com/", "内容": "有限会社　よしだ薬局リブ店【5:薬局】岡山県総社市門田１８７リブ総社店１Ｆ" }, "geometry": { "type": "Point", "coordinates": [ 133.741851, 34.676685 ] } },
{ "type": "Feature", "properties": { "ID": 3355330004450, "正式名称": "トキワ薬局", "機関区分": 5, "都道府県コード": 33, "市区町村コード": 208, "所在地": "岡山県総社市駅前２丁目１７－７", "緯度": 34.67101, "経度": 133.740387, "url": "https://www.iryou.teikyouseido.mhlw.go.jp/znk-web/juminkanja/S2430/initialize?prefCd=33&kikanCd=5330004450&kikanKbn=5", "url2": "https://yuasa.pupu.jp/store/05.html", "内容": "トキワ薬局【5:薬局】岡山県総社市駅前２丁目１７－７" }, "geometry": { "type": "Point", "coordinates": [ 133.740387, 34.67101 ] } },
{ "type": "Feature", "properties": { "ID": 3355330004460, "正式名称": "つばさ薬局", "機関区分": 5, "都道府県コード": 33, "市区町村コード": 208, "所在地": "岡山県総社市井手９３３－１", "緯度": 34.679369, "経度": 133.770943, "url": "https://www.iryou.teikyouseido.mhlw.go.jp/znk-web/juminkanja/S2430/initialize?prefCd=33&kikanCd=5330004460&kikanKbn=5", "url2": "https://www.tsubasa2464.jp", "内容": "つばさ薬局【5:薬局】岡山県総社市井手９３３－１" }, "geometry": { "type": "Point", "coordinates": [ 133.770943, 34.679369 ] } },
{ "type": "Feature", "properties": { "ID": 3355330004470, "正式名称": "みわ薬局", "機関区分": 5, "都道府県コード": 33, "市区町村コード": 208, "所在地": "岡山県総社市駅南２丁目４１－１２", "緯度": 34.663958, "経度": 133.741638, "url": "https://www.iryou.teikyouseido.mhlw.go.jp/znk-web/juminkanja/S2430/initialize?prefCd=33&kikanCd=5330004470&kikanKbn=5", "url2": "http://www.ai-ph.com/", "内容": "みわ薬局【5:薬局】岡山県総社市駅南２丁目４１－１２" }, "geometry": { "type": "Point", "coordinates": [ 133.741638, 34.663958 ] } },
{ "type": "Feature", "properties": { "ID": 3355330004480, "正式名称": "すみれ薬局", "機関区分": 5, "都道府県コード": 33, "市区町村コード": 208, "所在地": "岡山県総社市井手１２０８－４", "緯度": 34.679661, "経度": 133.767924, "url": "https://www.iryou.teikyouseido.mhlw.go.jp/znk-web/juminkanja/S2430/initialize?prefCd=33&kikanCd=5330004480&kikanKbn=5", "url2": "https://www.sumire-pharmacy-soja.com", "内容": "すみれ薬局【5:薬局】岡山県総社市井手１２０８－４" }, "geometry": { "type": "Point", "coordinates": [ 133.767924, 34.679661 ] } },
{ "type": "Feature", "properties": { "ID": 3355330004500, "正式名称": "ハヤシマ薬局", "機関区分": 5, "都道府県コード": 33, "市区町村コード": 423, "所在地": "岡山県都窪郡早島町早島字水田３３１７－３", "緯度": 34.609765, "経度": 133.819254, "url": "https://www.iryou.teikyouseido.mhlw.go.jp/znk-web/juminkanja/S2430/initialize?prefCd=33&kikanCd=5330004500&kikanKbn=5", "url2": null, "内容": "ハヤシマ薬局【5:薬局】岡山県都窪郡早島町早島字水田３３１７－３" }, "geometry": { "type": "Point", "coordinates": [ 133.819254, 34.609765 ] } },
{ "type": "Feature", "properties": { "ID": 3355330004510, "正式名称": "フロンティア薬局早島店", "機関区分": 5, "都道府県コード": 33, "市区町村コード": 423, "所在地": "岡山県都窪郡早島町早島３５２６番地の６", "緯度": 34.613523, "経度": 133.82872, "url": "https://www.iryou.teikyouseido.mhlw.go.jp/znk-web/juminkanja/S2430/initialize?prefCd=33&kikanCd=5330004510&kikanKbn=5", "url2": "https://www.frontier-ph.com/area/frontier-ph-hayashima-store/", "内容": "フロンティア薬局早島店【5:薬局】岡山県都窪郡早島町早島３５２６番地の６" }, "geometry": { "type": "Point", "coordinates": [ 133.82872, 34.613523 ] } },
{ "type": "Feature", "properties": { "ID": 3355330004520, "正式名称": "きび薬局", "機関区分": 5, "都道府県コード": 33, "市区町村コード": 208, "所在地": "岡山県総社市総社２丁目２０－１", "緯度": 34.676615, "経度": 133.750495, "url": "https://www.iryou.teikyouseido.mhlw.go.jp/znk-web/juminkanja/S2430/initialize?prefCd=33&kikanCd=5330004520&kikanKbn=5", "url2": null, "内容": "きび薬局【5:薬局】岡山県総社市総社２丁目２０－１" }, "geometry": { "type": "Point", "coordinates": [ 133.750495, 34.676615 ] } },
{ "type": "Feature", "properties": { "ID": 3355330004530, "正式名称": "マスカット薬局　総社店", "機関区分": 5, "都道府県コード": 33, "市区町村コード": 208, "所在地": "岡山県総社市中央１丁目２２－１０１", "緯度": 34.671154, "経度": 133.747084, "url": "https://www.iryou.teikyouseido.mhlw.go.jp/znk-web/juminkanja/S2430/initialize?prefCd=33&kikanCd=5330004530&kikanKbn=5", "url2": "https://muscat-pharmacy.jp", "内容": "マスカット薬局　総社店【5:薬局】岡山県総社市中央１丁目２２－１０１" }, "geometry": { "type": "Point", "coordinates": [ 133.747084, 34.671154 ] } },
{ "type": "Feature", "properties": { "ID": 3355330004540, "正式名称": "まきび薬局", "機関区分": 5, "都道府県コード": 33, "市区町村コード": 208, "所在地": "岡山県総社市中央２－６－３６", "緯度": 34.673354, "経度": 133.743954, "url": "https://www.iryou.teikyouseido.mhlw.go.jp/znk-web/juminkanja/S2430/initialize?prefCd=33&kikanCd=5330004540&kikanKbn=5", "url2": null, "内容": "まきび薬局【5:薬局】岡山県総社市中央２－６－３６" }, "geometry": { "type": "Point", "coordinates": [ 133.743954, 34.673354 ] } },
{ "type": "Feature", "properties": { "ID": 3355330004550, "正式名称": "つくし薬局", "機関区分": 5, "都道府県コード": 33, "市区町村コード": 208, "所在地": "岡山県総社市中央３丁目１１－１０１", "緯度": 34.671171, "経度": 133.747787, "url": "https://www.iryou.teikyouseido.mhlw.go.jp/znk-web/juminkanja/S2430/initialize?prefCd=33&kikanCd=5330004550&kikanKbn=5", "url2": "http://www.ssmile.co.jp", "内容": "つくし薬局【5:薬局】岡山県総社市中央３丁目１１－１０１" }, "geometry": { "type": "Point", "coordinates": [ 133.747787, 34.671171 ] } },
{ "type": "Feature", "properties": { "ID": 3355330004560, "正式名称": "とんぼ薬局", "機関区分": 5, "都道府県コード": 33, "市区町村コード": 208, "所在地": "岡山県総社市真壁１５８－６", "緯度": 34.669183, "経度": 133.757, "url": "https://www.iryou.teikyouseido.mhlw.go.jp/znk-web/juminkanja/S2430/initialize?prefCd=33&kikanCd=5330004560&kikanKbn=5", "url2": null, "内容": "とんぼ薬局【5:薬局】岡山県総社市真壁１５８－６" }, "geometry": { "type": "Point", "coordinates": [ 133.757, 34.669183 ] } },
{ "type": "Feature", "properties": { "ID": 3355330004580, "正式名称": "いんべ薬局", "機関区分": 5, "都道府県コード": 33, "市区町村コード": 211, "所在地": "岡山県備前市伊部４００－１３", "緯度": 34.744571, "経度": 134.165659, "url": "https://www.iryou.teikyouseido.mhlw.go.jp/znk-web/juminkanja/S2430/initialize?prefCd=33&kikanCd=5330004580&kikanKbn=5", "url2": "https://www.inbeyakkyoku.com", "内容": "いんべ薬局【5:薬局】岡山県備前市伊部４００－１３" }, "geometry": { "type": "Point", "coordinates": [ 134.165659, 34.744571 ] } },
{ "type": "Feature", "properties": { "ID": 3355330004590, "正式名称": "みついし薬局", "機関区分": 5, "都道府県コード": 33, "市区町村コード": 211, "所在地": "岡山県備前市三石１６６－３", "緯度": 34.801463, "経度": 134.268772, "url": "https://www.iryou.teikyouseido.mhlw.go.jp/znk-web/juminkanja/S2430/initialize?prefCd=33&kikanCd=5330004590&kikanKbn=5", "url2": null, "内容": "みついし薬局【5:薬局】岡山県備前市三石１６６－３" }, "geometry": { "type": "Point", "coordinates": [ 134.268772, 34.801463 ] } },
{ "type": "Feature", "properties": { "ID": 3355330004600, "正式名称": "さくら薬局", "機関区分": 5, "都道府県コード": 33, "市区町村コード": 213, "所在地": "岡山県赤磐市岩田６３－１", "緯度": 34.739142, "経度": 134.005914, "url": "https://www.iryou.teikyouseido.mhlw.go.jp/znk-web/juminkanja/S2430/initialize?prefCd=33&kikanCd=5330004600&kikanKbn=5", "url2": "http://www.sakuraph.jp", "内容": "さくら薬局【5:薬局】岡山県赤磐市岩田６３－１" }, "geometry": { "type": "Point", "coordinates": [ 134.005914, 34.739142 ] } },
{ "type": "Feature", "properties": { "ID": 3355330004610, "正式名称": "大谷薬局", "機関区分": 5, "都道府県コード": 33, "市区町村コード": 213, "所在地": "岡山県赤磐市沼田１２６０－１", "緯度": 34.759571, "経度": 134.027081, "url": "https://www.iryou.teikyouseido.mhlw.go.jp/znk-web/juminkanja/S2430/initialize?prefCd=33&kikanCd=5330004610&kikanKbn=5", "url2": null, "内容": "大谷薬局【5:薬局】岡山県赤磐市沼田１２６０－１" }, "geometry": { "type": "Point", "coordinates": [ 134.027081, 34.759571 ] } },
{ "type": "Feature", "properties": { "ID": 3355330004620, "正式名称": "サンヨー薬局", "機関区分": 5, "都道府県コード": 33, "市区町村コード": 213, "所在地": "岡山県赤磐市下市１８６－１", "緯度": 34.7504, "経度": 134.018943, "url": "https://www.iryou.teikyouseido.mhlw.go.jp/znk-web/juminkanja/S2430/initialize?prefCd=33&kikanCd=5330004620&kikanKbn=5", "url2": "http://www.sanyo3417.co.jp", "内容": "サンヨー薬局【5:薬局】岡山県赤磐市下市１８６－１" }, "geometry": { "type": "Point", "coordinates": [ 134.018943, 34.7504 ] } },
{ "type": "Feature", "properties": { "ID": 3355330004630, "正式名称": "ファーマシー蒼樹薬局", "機関区分": 5, "都道府県コード": 33, "市区町村コード": 213, "所在地": "岡山県赤磐市桜が丘西２丁目１－１２", "緯度": 34.771747, "経度": 134.039804, "url": "https://www.iryou.teikyouseido.mhlw.go.jp/znk-web/juminkanja/S2430/initialize?prefCd=33&kikanCd=5330004630&kikanKbn=5", "url2": null, "内容": "ファーマシー蒼樹薬局【5:薬局】岡山県赤磐市桜が丘西２丁目１－１２" }, "geometry": { "type": "Point", "coordinates": [ 134.039804, 34.771747 ] } },
{ "type": "Feature", "properties": { "ID": 3355330004640, "正式名称": "ナビ薬局　赤坂店", "機関区分": 5, "都道府県コード": 33, "市区町村コード": 213, "所在地": "岡山県赤磐市西窪田５３４－２", "緯度": 34.785154, "経度": 134.003745, "url": "https://www.iryou.teikyouseido.mhlw.go.jp/znk-web/juminkanja/S2430/initialize?prefCd=33&kikanCd=5330004640&kikanKbn=5", "url2": null, "内容": "ナビ薬局　赤坂店【5:薬局】岡山県赤磐市西窪田５３４－２" }, "geometry": { "type": "Point", "coordinates": [ 134.003745, 34.785154 ] } },
{ "type": "Feature", "properties": { "ID": 3355330004650, "正式名称": "サカエ薬局赤坂店", "機関区分": 5, "都道府県コード": 33, "市区町村コード": 213, "所在地": "岡山県赤磐市町苅田９４４－３", "緯度": 34.790048, "経度": 134.009936, "url": "https://www.iryou.teikyouseido.mhlw.go.jp/znk-web/juminkanja/S2430/initialize?prefCd=33&kikanCd=5330004650&kikanKbn=5", "url2": "https://medicament.co.jp/", "内容": "サカエ薬局赤坂店【5:薬局】岡山県赤磐市町苅田９４４－３" }, "geometry": { "type": "Point", "coordinates": [ 134.009936, 34.790048 ] } },
{ "type": "Feature", "properties": { "ID": 3355330004660, "正式名称": "林薬局", "機関区分": 5, "都道府県コード": 33, "市区町村コード": 346, "所在地": "岡山県和気郡和気町父井原４３０－３", "緯度": 34.84468, "経度": 134.094251, "url": "https://www.iryou.teikyouseido.mhlw.go.jp/znk-web/juminkanja/S2430/initialize?prefCd=33&kikanCd=5330004660&kikanKbn=5", "url2": null, "内容": "林薬局【5:薬局】岡山県和気郡和気町父井原４３０－３" }, "geometry": { "type": "Point", "coordinates": [ 134.094251, 34.84468 ] } },
{ "type": "Feature", "properties": { "ID": 3355330004680, "正式名称": "サンヨー薬局　和気店", "機関区分": 5, "都道府県コード": 33, "市区町村コード": 346, "所在地": "岡山県和気郡和気町和気６６９－１", "緯度": 34.802046, "経度": 134.143271, "url": "https://www.iryou.teikyouseido.mhlw.go.jp/znk-web/juminkanja/S2430/initialize?prefCd=33&kikanCd=5330004680&kikanKbn=5", "url2": "http://www.sanyo3417.jp/shop/wake/", "内容": "サンヨー薬局　和気店【5:薬局】岡山県和気郡和気町和気６６９－１" }, "geometry": { "type": "Point", "coordinates": [ 134.143271, 34.802046 ] } },
{ "type": "Feature", "properties": { "ID": 3355330004700, "正式名称": "みらい薬局山陽桜が丘西店", "機関区分": 5, "都道府県コード": 33, "市区町村コード": 213, "所在地": "岡山県赤磐市桜が丘西４－１－９", "緯度": 34.778744, "経度": 134.044065, "url": "https://www.iryou.teikyouseido.mhlw.go.jp/znk-web/juminkanja/S2430/initialize?prefCd=33&kikanCd=5330004700&kikanKbn=5", "url2": null, "内容": "みらい薬局山陽桜が丘西店【5:薬局】岡山県赤磐市桜が丘西４－１－９" }, "geometry": { "type": "Point", "coordinates": [ 134.044065, 34.778744 ] } },
{ "type": "Feature", "properties": { "ID": 3355330004710, "正式名称": "有限会社　大手町薬局メディカルスワミ", "機関区分": 5, "都道府県コード": 33, "市区町村コード": 213, "所在地": "岡山県赤磐市河本１１４１－１", "緯度": 34.748789, "経度": 134.018209, "url": "https://www.iryou.teikyouseido.mhlw.go.jp/znk-web/juminkanja/S2430/initialize?prefCd=33&kikanCd=5330004710&kikanKbn=5", "url2": "http://www.ohtemachi-ph.com/", "内容": "有限会社　大手町薬局メディカルスワミ【5:薬局】岡山県赤磐市河本１１４１－１" }, "geometry": { "type": "Point", "coordinates": [ 134.018209, 34.748789 ] } },
{ "type": "Feature", "properties": { "ID": 3355330004720, "正式名称": "マスカット薬局備前店", "機関区分": 5, "都道府県コード": 33, "市区町村コード": 211, "所在地": "岡山県備前市伊部２１５５－２", "緯度": 34.738634, "経度": 134.155927, "url": "https://www.iryou.teikyouseido.mhlw.go.jp/znk-web/juminkanja/S2430/initialize?prefCd=33&kikanCd=5330004720&kikanKbn=5", "url2": "http://muscat-pharmacy.jp/", "内容": "マスカット薬局備前店【5:薬局】岡山県備前市伊部２１５５－２" }, "geometry": { "type": "Point", "coordinates": [ 134.155927, 34.738634 ] } },
{ "type": "Feature", "properties": { "ID": 3355330004730, "正式名称": "ザグザグ薬局町苅田店", "機関区分": 5, "都道府県コード": 33, "市区町村コード": 213, "所在地": "岡山県赤磐市町苅田９４０－１", "緯度": 34.790606, "経度": 134.009836, "url": "https://www.iryou.teikyouseido.mhlw.go.jp/znk-web/juminkanja/S2430/initialize?prefCd=33&kikanCd=5330004730&kikanKbn=5", "url2": "http://www.zagzag.co.jp/", "内容": "ザグザグ薬局町苅田店【5:薬局】岡山県赤磐市町苅田９４０－１" }, "geometry": { "type": "Point", "coordinates": [ 134.009836, 34.790606 ] } },
{ "type": "Feature", "properties": { "ID": 3355330004740, "正式名称": "ゴダイ薬局　桜が丘店", "機関区分": 5, "都道府県コード": 33, "市区町村コード": 213, "所在地": "岡山県赤磐市桜が丘東５丁目５－２７９", "緯度": 34.781888, "経度": 134.039112, "url": "https://www.iryou.teikyouseido.mhlw.go.jp/znk-web/juminkanja/S2430/initialize?prefCd=33&kikanCd=5330004740&kikanKbn=5", "url2": null, "内容": "ゴダイ薬局　桜が丘店【5:薬局】岡山県赤磐市桜が丘東５丁目５－２７９" }, "geometry": { "type": "Point", "coordinates": [ 134.039112, 34.781888 ] } },
{ "type": "Feature", "properties": { "ID": 3355330004750, "正式名称": "やまかわ薬局", "機関区分": 5, "都道府県コード": 33, "市区町村コード": 213, "所在地": "岡山県赤磐市西中１１８８－６", "緯度": 34.766575, "経度": 134.005254, "url": "https://www.iryou.teikyouseido.mhlw.go.jp/znk-web/juminkanja/S2430/initialize?prefCd=33&kikanCd=5330004750&kikanKbn=5", "url2": "http://yamakawa-pharm.jp/", "内容": "やまかわ薬局【5:薬局】岡山県赤磐市西中１１８８－６" }, "geometry": { "type": "Point", "coordinates": [ 134.005254, 34.766575 ] } },
{ "type": "Feature", "properties": { "ID": 3355330004760, "正式名称": "エスマイル薬局　高梁店", "機関区分": 5, "都道府県コード": 33, "市区町村コード": 209, "所在地": "岡山県高梁市南町７９－１", "緯度": 34.787462, "経度": 133.61281, "url": "https://www.iryou.teikyouseido.mhlw.go.jp/znk-web/juminkanja/S2430/initialize?prefCd=33&kikanCd=5330004760&kikanKbn=5", "url2": "http://www.ssmile.co.jp", "内容": "エスマイル薬局　高梁店【5:薬局】岡山県高梁市南町７９－１" }, "geometry": { "type": "Point", "coordinates": [ 133.61281, 34.787462 ] } },
{ "type": "Feature", "properties": { "ID": 3355330004770, "正式名称": "クオール薬局高梁南町店", "機関区分": 5, "都道府県コード": 33, "市区町村コード": 209, "所在地": "岡山県高梁市南町７９－２", "緯度": 34.787547, "経度": 133.612793, "url": "https://www.iryou.teikyouseido.mhlw.go.jp/znk-web/juminkanja/S2430/initialize?prefCd=33&kikanCd=5330004770&kikanKbn=5", "url2": "https://store.qol-net.co.jp/detail/322/", "内容": "クオール薬局高梁南町店【5:薬局】岡山県高梁市南町７９－２" }, "geometry": { "type": "Point", "coordinates": [ 133.612793, 34.787547 ] } },
{ "type": "Feature", "properties": { "ID": 3355330004780, "正式名称": "おがわ薬局", "機関区分": 5, "都道府県コード": 33, "市区町村コード": 209, "所在地": "岡山県高梁市落合町阿部５９９－１９", "緯度": 34.779715, "経度": 133.593576, "url": "https://www.iryou.teikyouseido.mhlw.go.jp/znk-web/juminkanja/S2430/initialize?prefCd=33&kikanCd=5330004780&kikanKbn=5", "url2": "http://www.e-classa.net/ogawa/", "内容": "おがわ薬局【5:薬局】岡山県高梁市落合町阿部５９９－１９" }, "geometry": { "type": "Point", "coordinates": [ 133.593576, 34.779715 ] } },
{ "type": "Feature", "properties": { "ID": 3355330004790, "正式名称": "落合薬局", "機関区分": 5, "都道府県コード": 33, "市区町村コード": 209, "所在地": "岡山県高梁市落合町阿部１６７６－５", "緯度": 34.77884, "経度": 133.586199, "url": "https://www.iryou.teikyouseido.mhlw.go.jp/znk-web/juminkanja/S2430/initialize?prefCd=33&kikanCd=5330004790&kikanKbn=5", "url2": null, "内容": "落合薬局【5:薬局】岡山県高梁市落合町阿部１６７６－５" }, "geometry": { "type": "Point", "coordinates": [ 133.586199, 34.77884 ] } },
{ "type": "Feature", "properties": { "ID": 3355330004800, "正式名称": "のぞみ薬局", "機関区分": 5, "都道府県コード": 33, "市区町村コード": 209, "所在地": "岡山県高梁市東町１８９８－４", "緯度": 34.791573, "経度": 133.616013, "url": "https://www.iryou.teikyouseido.mhlw.go.jp/znk-web/juminkanja/S2430/initialize?prefCd=33&kikanCd=5330004800&kikanKbn=5", "url2": null, "内容": "のぞみ薬局【5:薬局】岡山県高梁市東町１８９８－４" }, "geometry": { "type": "Point", "coordinates": [ 133.616013, 34.791573 ] } },
{ "type": "Feature", "properties": { "ID": 3355330004810, "正式名称": "さくらんぼ薬局", "機関区分": 5, "都道府県コード": 33, "市区町村コード": 202, "所在地": "岡山県倉敷市西阿知町新田６－２", "緯度": 34.574503, "経度": 133.722971, "url": "https://www.iryou.teikyouseido.mhlw.go.jp/znk-web/juminkanja/S2430/initialize?prefCd=33&kikanCd=5330004810&kikanKbn=5", "url2": null, "内容": "さくらんぼ薬局【5:薬局】岡山県倉敷市西阿知町新田６－２" }, "geometry": { "type": "Point", "coordinates": [ 133.722971, 34.574503 ] } },
{ "type": "Feature", "properties": { "ID": 3355330004820, "正式名称": "びぜん薬局", "機関区分": 5, "都道府県コード": 33, "市区町村コード": 211, "所在地": "岡山県備前市伊部９０－５", "緯度": 34.744901, "経度": 134.16667, "url": "https://www.iryou.teikyouseido.mhlw.go.jp/znk-web/juminkanja/S2430/initialize?prefCd=33&kikanCd=5330004820&kikanKbn=5", "url2": null, "内容": "びぜん薬局【5:薬局】岡山県備前市伊部９０－５" }, "geometry": { "type": "Point", "coordinates": [ 134.16667, 34.744901 ] } },
{ "type": "Feature", "properties": { "ID": 3355330004830, "正式名称": "ゆずりは薬局", "機関区分": 5, "都道府県コード": 33, "市区町村コード": 210, "所在地": "岡山県新見市石蟹６５－５", "緯度": 34.953073, "経度": 133.479462, "url": "https://www.iryou.teikyouseido.mhlw.go.jp/znk-web/juminkanja/S2430/initialize?prefCd=33&kikanCd=5330004830&kikanKbn=5", "url2": "https://yuzuriha-mj.jp/", "内容": "ゆずりは薬局【5:薬局】岡山県新見市石蟹６５－５" }, "geometry": { "type": "Point", "coordinates": [ 133.479462, 34.953073 ] } },
{ "type": "Feature", "properties": { "ID": 3355330004840, "正式名称": "おかやま薬局山陽店", "機関区分": 5, "都道府県コード": 33, "市区町村コード": 213, "所在地": "岡山県赤磐市山陽４丁目１３－１", "緯度": 34.75258, "経度": 134.005396, "url": "https://www.iryou.teikyouseido.mhlw.go.jp/znk-web/juminkanja/S2430/initialize?prefCd=33&kikanCd=5330004840&kikanKbn=5", "url2": "http://www.okai-medical.com", "内容": "おかやま薬局山陽店【5:薬局】岡山県赤磐市山陽４丁目１３－１" }, "geometry": { "type": "Point", "coordinates": [ 134.005396, 34.75258 ] } },
{ "type": "Feature", "properties": { "ID": 3355330004850, "正式名称": "つぼい薬局", "機関区分": 5, "都道府県コード": 33, "市区町村コード": 101, "所在地": "岡山県岡山市北区西山内８５", "緯度": 34.766225, "経度": 133.791255, "url": "https://www.iryou.teikyouseido.mhlw.go.jp/znk-web/juminkanja/S2430/initialize?prefCd=33&kikanCd=5330004850&kikanKbn=5", "url2": null, "内容": "つぼい薬局【5:薬局】岡山県岡山市北区西山内８５" }, "geometry": { "type": "Point", "coordinates": [ 133.791255, 34.766225 ] } },
{ "type": "Feature", "properties": { "ID": 3355330004860, "正式名称": "富永薬局　沖新町", "機関区分": 5, "都道府県コード": 33, "市区町村コード": 202, "所在地": "岡山県倉敷市沖新町９２－１０", "緯度": 34.584039, "経度": 133.755635, "url": "https://www.iryou.teikyouseido.mhlw.go.jp/znk-web/juminkanja/S2430/initialize?prefCd=33&kikanCd=5330004860&kikanKbn=5", "url2": "https://kusuriya.co.jp/", "内容": "富永薬局　沖新町【5:薬局】岡山県倉敷市沖新町９２－１０" }, "geometry": { "type": "Point", "coordinates": [ 133.755635, 34.584039 ] } },
{ "type": "Feature", "properties": { "ID": 3355330004880, "正式名称": "ソーク薬局福井店", "機関区分": 5, "都道府県コード": 33, "市区町村コード": 202, "所在地": "岡山県倉敷市福井１３－１", "緯度": 34.568179, "経度": 133.754802, "url": "https://www.iryou.teikyouseido.mhlw.go.jp/znk-web/juminkanja/S2430/initialize?prefCd=33&kikanCd=5330004880&kikanKbn=5", "url2": "http://sohk-p.com", "内容": "ソーク薬局福井店【5:薬局】岡山県倉敷市福井１３－１" }, "geometry": { "type": "Point", "coordinates": [ 133.754802, 34.568179 ] } },
{ "type": "Feature", "properties": { "ID": 3355330004890, "正式名称": "虹の薬局ちどり店", "機関区分": 5, "都道府県コード": 33, "市区町村コード": 202, "所在地": "岡山県倉敷市水島西千鳥町３－２１ノヴァシティ第１ビル１階", "緯度": 34.529777, "経度": 133.739163, "url": "https://www.iryou.teikyouseido.mhlw.go.jp/znk-web/juminkanja/S2430/initialize?prefCd=33&kikanCd=5330004890&kikanKbn=5", "url2": "https://www.niji-ph.com/shops/chidori/", "内容": "虹の薬局ちどり店【5:薬局】岡山県倉敷市水島西千鳥町３－２１ノヴァシティ第１ビル１階" }, "geometry": { "type": "Point", "coordinates": [ 133.739163, 34.529777 ] } },
{ "type": "Feature", "properties": { "ID": 3355330004900, "正式名称": "株式会社末田薬局", "機関区分": 5, "都道府県コード": 33, "市区町村コード": 203, "所在地": "岡山県津山市田町９－３", "緯度": 35.062077, "経度": 133.99944, "url": "https://www.iryou.teikyouseido.mhlw.go.jp/znk-web/juminkanja/S2430/initialize?prefCd=33&kikanCd=5330004900&kikanKbn=5", "url2": "http://www.sueda.co.jp", "内容": "株式会社末田薬局【5:薬局】岡山県津山市田町９－３" }, "geometry": { "type": "Point", "coordinates": [ 133.99944, 35.062077 ] } },
{ "type": "Feature", "properties": { "ID": 3355330004910, "正式名称": "おかやま薬局総社店", "機関区分": 5, "都道府県コード": 33, "市区町村コード": 208, "所在地": "岡山県総社市岡谷１２１－１４", "緯度": 34.66152, "経度": 133.7707, "url": "https://www.iryou.teikyouseido.mhlw.go.jp/znk-web/juminkanja/S2430/initialize?prefCd=33&kikanCd=5330004910&kikanKbn=5", "url2": "http://www.okai-medical.com", "内容": "おかやま薬局総社店【5:薬局】岡山県総社市岡谷１２１－１４" }, "geometry": { "type": "Point", "coordinates": [ 133.7707, 34.66152 ] } },
{ "type": "Feature", "properties": { "ID": 3355330004940, "正式名称": "みなと薬局　円山店", "機関区分": 5, "都道府県コード": 33, "市区町村コード": 102, "所在地": "岡山県岡山市中区円山８８－７", "緯度": 34.652915, "経度": 133.967273, "url": "https://www.iryou.teikyouseido.mhlw.go.jp/znk-web/juminkanja/S2430/initialize?prefCd=33&kikanCd=5330004940&kikanKbn=5", "url2": "http://www.e-classa.net/minatomaruyama/", "内容": "みなと薬局　円山店【5:薬局】岡山県岡山市中区円山８８－７" }, "geometry": { "type": "Point", "coordinates": [ 133.967273, 34.652915 ] } },
{ "type": "Feature", "properties": { "ID": 3355330004950, "正式名称": "ザグザグ薬局江崎店", "機関区分": 5, "都道府県コード": 33, "市区町村コード": 102, "所在地": "岡山県岡山市中区江崎６９０－１", "緯度": 34.620292, "経度": 133.965562, "url": "https://www.iryou.teikyouseido.mhlw.go.jp/znk-web/juminkanja/S2430/initialize?prefCd=33&kikanCd=5330004950&kikanKbn=5", "url2": "http://www.zagzag.co.jp/", "内容": "ザグザグ薬局江崎店【5:薬局】岡山県岡山市中区江崎６９０－１" }, "geometry": { "type": "Point", "coordinates": [ 133.965562, 34.620292 ] } },
{ "type": "Feature", "properties": { "ID": 3355330004960, "正式名称": "ふじ薬局　備前店", "機関区分": 5, "都道府県コード": 33, "市区町村コード": 211, "所在地": "岡山県備前市伊部１２５９－２", "緯度": 34.738959, "経度": 134.167645, "url": "https://www.iryou.teikyouseido.mhlw.go.jp/znk-web/juminkanja/S2430/initialize?prefCd=33&kikanCd=5330004960&kikanKbn=5", "url2": null, "内容": "ふじ薬局　備前店【5:薬局】岡山県備前市伊部１２５９－２" }, "geometry": { "type": "Point", "coordinates": [ 134.167645, 34.738959 ] } },
{ "type": "Feature", "properties": { "ID": 3355330004970, "正式名称": "小野薬局宇野店", "機関区分": 5, "都道府県コード": 33, "市区町村コード": 204, "所在地": "岡山県玉野市宇野１－１２－２５", "緯度": 34.492282, "経度": 133.947653, "url": "https://www.iryou.teikyouseido.mhlw.go.jp/znk-web/juminkanja/S2430/initialize?prefCd=33&kikanCd=5330004970&kikanKbn=5", "url2": "https://www.e-classa.net/nana/information.html", "内容": "小野薬局宇野店【5:薬局】岡山県玉野市宇野１－１２－２５" }, "geometry": { "type": "Point", "coordinates": [ 133.947653, 34.492282 ] } },
{ "type": "Feature", "properties": { "ID": 3355330004980, "正式名称": "マスカット薬局一宮店", "機関区分": 5, "都道府県コード": 33, "市区町村コード": 101, "所在地": "岡山県岡山市北区一宮３４－１", "緯度": 34.678808, "経度": 133.871823, "url": "https://www.iryou.teikyouseido.mhlw.go.jp/znk-web/juminkanja/S2430/initialize?prefCd=33&kikanCd=5330004980&kikanKbn=5", "url2": "https://muscat-pharmacy.jp/", "内容": "マスカット薬局一宮店【5:薬局】岡山県岡山市北区一宮３４－１" }, "geometry": { "type": "Point", "coordinates": [ 133.871823, 34.678808 ] } },
{ "type": "Feature", "properties": { "ID": 3355330004990, "正式名称": "ザグザグ薬局高島東店", "機関区分": 5, "都道府県コード": 33, "市区町村コード": 102, "所在地": "岡山県岡山市中区中井一丁目１７番２０号", "緯度": 34.683814, "経度": 133.961774, "url": "https://www.iryou.teikyouseido.mhlw.go.jp/znk-web/juminkanja/S2430/initialize?prefCd=33&kikanCd=5330004990&kikanKbn=5", "url2": "http://www.zagzag.co.jp/", "内容": "ザグザグ薬局高島東店【5:薬局】岡山県岡山市中区中井一丁目１７番２０号" }, "geometry": { "type": "Point", "coordinates": [ 133.961774, 34.683814 ] } },
{ "type": "Feature", "properties": { "ID": 3355330005000, "正式名称": "こやま薬局・豊成店", "機関区分": 5, "都道府県コード": 33, "市区町村コード": 104, "所在地": "岡山県岡山市南区豊浜町１－３０", "緯度": 34.633468, "経度": 133.931468, "url": "https://www.iryou.teikyouseido.mhlw.go.jp/znk-web/juminkanja/S2430/initialize?prefCd=33&kikanCd=5330005000&kikanKbn=5", "url2": "https://k-create.jp/", "内容": "こやま薬局・豊成店【5:薬局】岡山県岡山市南区豊浜町１－３０" }, "geometry": { "type": "Point", "coordinates": [ 133.931468, 34.633468 ] } },
{ "type": "Feature", "properties": { "ID": 3355330005010, "正式名称": "エスマイル薬局まるやま店", "機関区分": 5, "都道府県コード": 33, "市区町村コード": 102, "所在地": "岡山県岡山市中区円山１０２５－１", "緯度": 34.65585, "経度": 133.973587, "url": "https://www.iryou.teikyouseido.mhlw.go.jp/znk-web/juminkanja/S2430/initialize?prefCd=33&kikanCd=5330005010&kikanKbn=5", "url2": "http://www.ssmile.co.jp", "内容": "エスマイル薬局まるやま店【5:薬局】岡山県岡山市中区円山１０２５－１" }, "geometry": { "type": "Point", "coordinates": [ 133.973587, 34.65585 ] } },
{ "type": "Feature", "properties": { "ID": 3355330005020, "正式名称": "ライト薬局", "機関区分": 5, "都道府県コード": 33, "市区町村コード": 202, "所在地": "岡山県倉敷市児島駅前１－９０", "緯度": 34.46402, "経度": 133.802851, "url": "https://www.iryou.teikyouseido.mhlw.go.jp/znk-web/juminkanja/S2430/initialize?prefCd=33&kikanCd=5330005020&kikanKbn=5", "url2": null, "内容": "ライト薬局【5:薬局】岡山県倉敷市児島駅前１－９０" }, "geometry": { "type": "Point", "coordinates": [ 133.802851, 34.46402 ] } },
{ "type": "Feature", "properties": { "ID": 3355330005030, "正式名称": "つばさ薬局", "機関区分": 5, "都道府県コード": 33, "市区町村コード": 102, "所在地": "岡山県岡山市中区浜６２１－１", "緯度": 34.672747, "経度": 133.943526, "url": "https://www.iryou.teikyouseido.mhlw.go.jp/znk-web/juminkanja/S2430/initialize?prefCd=33&kikanCd=5330005030&kikanKbn=5", "url2": "https://www.tsubasa-drug.jp/", "内容": "つばさ薬局【5:薬局】岡山県岡山市中区浜６２１－１" }, "geometry": { "type": "Point", "coordinates": [ 133.943526, 34.672747 ] } },
{ "type": "Feature", "properties": { "ID": 3355330005040, "正式名称": "日の出薬局　イオンモール倉敷店", "機関区分": 5, "都道府県コード": 33, "市区町村コード": 202, "所在地": "岡山県倉敷市水江１", "緯度": 34.602398, "経度": 133.745222, "url": "https://www.iryou.teikyouseido.mhlw.go.jp/znk-web/juminkanja/S2430/initialize?prefCd=33&kikanCd=5330005040&kikanKbn=5", "url2": null, "内容": "日の出薬局　イオンモール倉敷店【5:薬局】岡山県倉敷市水江１" }, "geometry": { "type": "Point", "coordinates": [ 133.745222, 34.602398 ] } },
{ "type": "Feature", "properties": { "ID": 3355330005050, "正式名称": "アイビー薬局　大安寺", "機関区分": 5, "都道府県コード": 33, "市区町村コード": 101, "所在地": "岡山県岡山市北区野殿東町１－３３", "緯度": 34.65835, "経度": 133.883215, "url": "https://www.iryou.teikyouseido.mhlw.go.jp/znk-web/juminkanja/S2430/initialize?prefCd=33&kikanCd=5330005050&kikanKbn=5", "url2": "https://ivy-pharmacy.studio.site/", "内容": "アイビー薬局　大安寺【5:薬局】岡山県岡山市北区野殿東町１－３３" }, "geometry": { "type": "Point", "coordinates": [ 133.883215, 34.65835 ] } },
{ "type": "Feature", "properties": { "ID": 3355330005060, "正式名称": "セントラル薬局倉益店", "機関区分": 5, "都道府県コード": 33, "市区町村コード": 102, "所在地": "岡山県岡山市中区倉益２０６－３", "緯度": 34.643623, "経度": 133.97288, "url": "https://www.iryou.teikyouseido.mhlw.go.jp/znk-web/juminkanja/S2430/initialize?prefCd=33&kikanCd=5330005060&kikanKbn=5", "url2": null, "内容": "セントラル薬局倉益店【5:薬局】岡山県岡山市中区倉益２０６－３" }, "geometry": { "type": "Point", "coordinates": [ 133.97288, 34.643623 ] } },
{ "type": "Feature", "properties": { "ID": 3355330005070, "正式名称": "イオン薬局津山インター店", "機関区分": 5, "都道府県コード": 33, "市区町村コード": 203, "所在地": "岡山県津山市河辺１０００－１", "緯度": 35.064892, "経度": 134.045834, "url": "https://www.iryou.teikyouseido.mhlw.go.jp/znk-web/juminkanja/S2430/initialize?prefCd=33&kikanCd=5330005070&kikanKbn=5", "url2": null, "内容": "イオン薬局津山インター店【5:薬局】岡山県津山市河辺１０００－１" }, "geometry": { "type": "Point", "coordinates": [ 134.045834, 35.064892 ] } },
{ "type": "Feature", "properties": { "ID": 3355330005080, "正式名称": "すずらん薬局", "機関区分": 5, "都道府県コード": 33, "市区町村コード": 102, "所在地": "岡山県岡山市中区藤原西町２丁目６－５０", "緯度": 34.67522, "経度": 133.957714, "url": "https://www.iryou.teikyouseido.mhlw.go.jp/znk-web/juminkanja/S2430/initialize?prefCd=33&kikanCd=5330005080&kikanKbn=5", "url2": "https://appli.e-classa.net/suzuran-pharmacy/index.html", "内容": "すずらん薬局【5:薬局】岡山県岡山市中区藤原西町２丁目６－５０" }, "geometry": { "type": "Point", "coordinates": [ 133.957714, 34.67522 ] } },
{ "type": "Feature", "properties": { "ID": 3355330005090, "正式名称": "田村薬局", "機関区分": 5, "都道府県コード": 33, "市区町村コード": 681, "所在地": "岡山県加賀郡吉備中央町竹荘４９１番地の９", "緯度": 34.861256, "経度": 133.690091, "url": "https://www.iryou.teikyouseido.mhlw.go.jp/znk-web/juminkanja/S2430/initialize?prefCd=33&kikanCd=5330005090&kikanKbn=5", "url2": null, "内容": "田村薬局【5:薬局】岡山県加賀郡吉備中央町竹荘４９１番地の９" }, "geometry": { "type": "Point", "coordinates": [ 133.690091, 34.861256 ] } },
{ "type": "Feature", "properties": { "ID": 3355330005100, "正式名称": "富永薬局", "機関区分": 5, "都道府県コード": 33, "市区町村コード": 101, "所在地": "岡山県岡山市北区奉還町１－２－７", "緯度": 34.668156, "経度": 133.917535, "url": "https://www.iryou.teikyouseido.mhlw.go.jp/znk-web/juminkanja/S2430/initialize?prefCd=33&kikanCd=5330005100&kikanKbn=5", "url2": "https://kusuriya.co.jp/", "内容": "富永薬局【5:薬局】岡山県岡山市北区奉還町１－２－７" }, "geometry": { "type": "Point", "coordinates": [ 133.917535, 34.668156 ] } },
{ "type": "Feature", "properties": { "ID": 3355330005110, "正式名称": "こやま薬局・泉田店", "機関区分": 5, "都道府県コード": 33, "市区町村コード": 104, "所在地": "岡山県岡山市南区泉田５－１０－３０", "緯度": 34.623441, "経度": 133.911156, "url": "https://www.iryou.teikyouseido.mhlw.go.jp/znk-web/juminkanja/S2430/initialize?prefCd=33&kikanCd=5330005110&kikanKbn=5", "url2": "https://k-create.jp/", "内容": "こやま薬局・泉田店【5:薬局】岡山県岡山市南区泉田５－１０－３０" }, "geometry": { "type": "Point", "coordinates": [ 133.911156, 34.623441 ] } },
{ "type": "Feature", "properties": { "ID": 3355330005120, "正式名称": "ザグザグ薬局小山店", "機関区分": 5, "都道府県コード": 33, "市区町村コード": 101, "所在地": "岡山県岡山市北区小山５２－１", "緯度": 34.690003, "経度": 133.815806, "url": "https://www.iryou.teikyouseido.mhlw.go.jp/znk-web/juminkanja/S2430/initialize?prefCd=33&kikanCd=5330005120&kikanKbn=5", "url2": "http://www.zagzag.co.jp/", "内容": "ザグザグ薬局小山店【5:薬局】岡山県岡山市北区小山５２－１" }, "geometry": { "type": "Point", "coordinates": [ 133.815806, 34.690003 ] } },
{ "type": "Feature", "properties": { "ID": 3355330005130, "正式名称": "スマイル薬局　水島南店", "機関区分": 5, "都道府県コード": 33, "市区町村コード": 202, "所在地": "岡山県倉敷市南畝３丁目１番－３５", "緯度": 34.524286, "経度": 133.745516, "url": "https://www.iryou.teikyouseido.mhlw.go.jp/znk-web/juminkanja/S2430/initialize?prefCd=33&kikanCd=5330005130&kikanKbn=5", "url2": "https://www.oml-inc.jp/", "内容": "スマイル薬局　水島南店【5:薬局】岡山県倉敷市南畝３丁目１番－３５" }, "geometry": { "type": "Point", "coordinates": [ 133.745516, 34.524286 ] } },
{ "type": "Feature", "properties": { "ID": 3355330005140, "正式名称": "足高薬局　東総社店", "機関区分": 5, "都道府県コード": 33, "市区町村コード": 208, "所在地": "岡山県総社市総社２丁目２０－１４", "緯度": 34.677248, "経度": 133.750858, "url": "https://www.iryou.teikyouseido.mhlw.go.jp/znk-web/juminkanja/S2430/initialize?prefCd=33&kikanCd=5330005140&kikanKbn=5", "url2": null, "内容": "足高薬局　東総社店【5:薬局】岡山県総社市総社２丁目２０－１４" }, "geometry": { "type": "Point", "coordinates": [ 133.750858, 34.677248 ] } },
{ "type": "Feature", "properties": { "ID": 3355330005150, "正式名称": "大手町薬局メディカルトーラー", "機関区分": 5, "都道府県コード": 33, "市区町村コード": 202, "所在地": "岡山県倉敷市上東１０５７－４", "緯度": 34.645369, "経度": 133.826222, "url": "https://www.iryou.teikyouseido.mhlw.go.jp/znk-web/juminkanja/S2430/initialize?prefCd=33&kikanCd=5330005150&kikanKbn=5", "url2": "http://www.ohtemachi-ph.com/index.html", "内容": "大手町薬局メディカルトーラー【5:薬局】岡山県倉敷市上東１０５７－４" }, "geometry": { "type": "Point", "coordinates": [ 133.826222, 34.645369 ] } },
{ "type": "Feature", "properties": { "ID": 3355330005160, "正式名称": "なの花薬局　新倉敷駅前店", "機関区分": 5, "都道府県コード": 33, "市区町村コード": 202, "所在地": "岡山県倉敷市新倉敷駅前３丁目３０番", "緯度": 34.563948, "経度": 133.681531, "url": "https://www.iryou.teikyouseido.mhlw.go.jp/znk-web/juminkanja/S2430/initialize?prefCd=33&kikanCd=5330005160&kikanKbn=5", "url2": null, "内容": "なの花薬局　新倉敷駅前店【5:薬局】岡山県倉敷市新倉敷駅前３丁目３０番" }, "geometry": { "type": "Point", "coordinates": [ 133.681531, 34.563948 ] } },
{ "type": "Feature", "properties": { "ID": 3355330005170, "正式名称": "渡辺薬局", "機関区分": 5, "都道府県コード": 33, "市区町村コード": 101, "所在地": "岡山県岡山市北区柳町２－６－２７", "緯度": 34.657646, "経度": 133.919563, "url": "https://www.iryou.teikyouseido.mhlw.go.jp/znk-web/juminkanja/S2430/initialize?prefCd=33&kikanCd=5330005170&kikanKbn=5", "url2": null, "内容": "渡辺薬局【5:薬局】岡山県岡山市北区柳町２－６－２７" }, "geometry": { "type": "Point", "coordinates": [ 133.919563, 34.657646 ] } },
{ "type": "Feature", "properties": { "ID": 3355330005180, "正式名称": "有限会社　あしだ薬局　高野店", "機関区分": 5, "都道府県コード": 33, "市区町村コード": 203, "所在地": "岡山県津山市高野本郷１２５８－９", "緯度": 35.07206, "経度": 134.046472, "url": "https://www.iryou.teikyouseido.mhlw.go.jp/znk-web/juminkanja/S2430/initialize?prefCd=33&kikanCd=5330005180&kikanKbn=5", "url2": "https://www.ashidap.com", "内容": "有限会社　あしだ薬局　高野店【5:薬局】岡山県津山市高野本郷１２５８－９" }, "geometry": { "type": "Point", "coordinates": [ 134.046472, 35.07206 ] } },
{ "type": "Feature", "properties": { "ID": 3355330005190, "正式名称": "サンヨー薬局・西川原店", "機関区分": 5, "都道府県コード": 33, "市区町村コード": 102, "所在地": "岡山県岡山市中区西川原６８－１", "緯度": 34.681052, "経度": 133.939747, "url": "https://www.iryou.teikyouseido.mhlw.go.jp/znk-web/juminkanja/S2430/initialize?prefCd=33&kikanCd=5330005190&kikanKbn=5", "url2": "http://www.sanyo3417.co.jp/index.html", "内容": "サンヨー薬局・西川原店【5:薬局】岡山県岡山市中区西川原６８－１" }, "geometry": { "type": "Point", "coordinates": [ 133.939747, 34.681052 ] } },
{ "type": "Feature", "properties": { "ID": 3355330005200, "正式名称": "パール薬局", "機関区分": 5, "都道府県コード": 33, "市区町村コード": 101, "所在地": "岡山県岡山市北区清心町５－２８", "緯度": 34.67311, "経度": 133.918746, "url": "https://www.iryou.teikyouseido.mhlw.go.jp/znk-web/juminkanja/S2430/initialize?prefCd=33&kikanCd=5330005200&kikanKbn=5", "url2": null, "内容": "パール薬局【5:薬局】岡山県岡山市北区清心町５－２８" }, "geometry": { "type": "Point", "coordinates": [ 133.918746, 34.67311 ] } },
{ "type": "Feature", "properties": { "ID": 3355330005210, "正式名称": "あおぞら薬局", "機関区分": 5, "都道府県コード": 33, "市区町村コード": 101, "所在地": "岡山県岡山市北区津島西坂２－２－２０－２", "緯度": 34.682923, "経度": 133.907924, "url": "https://www.iryou.teikyouseido.mhlw.go.jp/znk-web/juminkanja/S2430/initialize?prefCd=33&kikanCd=5330005210&kikanKbn=5", "url2": null, "内容": "あおぞら薬局【5:薬局】岡山県岡山市北区津島西坂２－２－２０－２" }, "geometry": { "type": "Point", "coordinates": [ 133.907924, 34.682923 ] } },
{ "type": "Feature", "properties": { "ID": 3355330005220, "正式名称": "ソーク薬局用吉店", "機関区分": 5, "都道府県コード": 33, "市区町村コード": 204, "所在地": "岡山県玉野市用吉１６７６－７", "緯度": 34.525998, "経度": 133.897469, "url": "https://www.iryou.teikyouseido.mhlw.go.jp/znk-web/juminkanja/S2430/initialize?prefCd=33&kikanCd=5330005220&kikanKbn=5", "url2": "http://www.sohkpharmacy.com", "内容": "ソーク薬局用吉店【5:薬局】岡山県玉野市用吉１６７６－７" }, "geometry": { "type": "Point", "coordinates": [ 133.897469, 34.525998 ] } },
{ "type": "Feature", "properties": { "ID": 3355330005230, "正式名称": "ほり薬局", "機関区分": 5, "都道府県コード": 33, "市区町村コード": 209, "所在地": "岡山県高梁市南町４６", "緯度": 34.787982, "経度": 133.612826, "url": "https://www.iryou.teikyouseido.mhlw.go.jp/znk-web/juminkanja/S2430/initialize?prefCd=33&kikanCd=5330005230&kikanKbn=5", "url2": "https://www.facebook.com/horiyakkyoku/", "内容": "ほり薬局【5:薬局】岡山県高梁市南町４６" }, "geometry": { "type": "Point", "coordinates": [ 133.612826, 34.787982 ] } },
{ "type": "Feature", "properties": { "ID": 3355330005240, "正式名称": "虹いろ薬局　乙多見店", "機関区分": 5, "都道府県コード": 33, "市区町村コード": 102, "所在地": "岡山県岡山市中区乙多見１０１－３", "緯度": 34.677218, "経度": 133.978039, "url": "https://www.iryou.teikyouseido.mhlw.go.jp/znk-web/juminkanja/S2430/initialize?prefCd=33&kikanCd=5330005240&kikanKbn=5", "url2": "http://www.nijiiro7.com", "内容": "虹いろ薬局　乙多見店【5:薬局】岡山県岡山市中区乙多見１０１－３" }, "geometry": { "type": "Point", "coordinates": [ 133.978039, 34.677218 ] } },
{ "type": "Feature", "properties": { "ID": 3355330005250, "正式名称": "オール薬局　西古松店", "機関区分": 5, "都道府県コード": 33, "市区町村コード": 101, "所在地": "岡山県岡山市北区西古松２丁目２７－１１", "緯度": 34.646035, "経度": 133.905268, "url": "https://www.iryou.teikyouseido.mhlw.go.jp/znk-web/juminkanja/S2430/initialize?prefCd=33&kikanCd=5330005250&kikanKbn=5", "url2": "https://www.e-classa.net/owl-nishifurumatsu", "内容": "オール薬局　西古松店【5:薬局】岡山県岡山市北区西古松２丁目２７－１１" }, "geometry": { "type": "Point", "coordinates": [ 133.905268, 34.646035 ] } },
{ "type": "Feature", "properties": { "ID": 3355330005260, "正式名称": "ニシナ薬局", "機関区分": 5, "都道府県コード": 33, "市区町村コード": 202, "所在地": "岡山県倉敷市福田町古新田１２１４－２２", "緯度": 34.536682, "経度": 133.760112, "url": "https://www.iryou.teikyouseido.mhlw.go.jp/znk-web/juminkanja/S2430/initialize?prefCd=33&kikanCd=5330005260&kikanKbn=5", "url2": null, "内容": "ニシナ薬局【5:薬局】岡山県倉敷市福田町古新田１２１４－２２" }, "geometry": { "type": "Point", "coordinates": [ 133.760112, 34.536682 ] } },
{ "type": "Feature", "properties": { "ID": 3355330005270, "正式名称": "さくら薬局", "機関区分": 5, "都道府県コード": 33, "市区町村コード": 202, "所在地": "岡山県倉敷市玉島乙島７１２５－６", "緯度": 34.534516, "経度": 133.682351, "url": "https://www.iryou.teikyouseido.mhlw.go.jp/znk-web/juminkanja/S2430/initialize?prefCd=33&kikanCd=5330005270&kikanKbn=5", "url2": null, "内容": "さくら薬局【5:薬局】岡山県倉敷市玉島乙島７１２５－６" }, "geometry": { "type": "Point", "coordinates": [ 133.682351, 34.534516 ] } },
{ "type": "Feature", "properties": { "ID": 3355330005280, "正式名称": "足高薬局　福成店", "機関区分": 5, "都道府県コード": 33, "市区町村コード": 104, "所在地": "岡山県岡山市南区福成１丁目１７９－１４", "緯度": 34.613284, "経度": 133.932435, "url": "https://www.iryou.teikyouseido.mhlw.go.jp/znk-web/juminkanja/S2430/initialize?prefCd=33&kikanCd=5330005280&kikanKbn=5", "url2": null, "内容": "足高薬局　福成店【5:薬局】岡山県岡山市南区福成１丁目１７９－１４" }, "geometry": { "type": "Point", "coordinates": [ 133.932435, 34.613284 ] } },
{ "type": "Feature", "properties": { "ID": 3355330005290, "正式名称": "エスマイル薬局ほのぼの店", "機関区分": 5, "都道府県コード": 33, "市区町村コード": 208, "所在地": "岡山県総社市富原３４５－２", "緯度": 34.670569, "経度": 133.716006, "url": "https://www.iryou.teikyouseido.mhlw.go.jp/znk-web/juminkanja/S2430/initialize?prefCd=33&kikanCd=5330005290&kikanKbn=5", "url2": "http://www.ssmile.co.jp/", "内容": "エスマイル薬局ほのぼの店【5:薬局】岡山県総社市富原３４５－２" }, "geometry": { "type": "Point", "coordinates": [ 133.716006, 34.670569 ] } },
{ "type": "Feature", "properties": { "ID": 3355330005300, "正式名称": "ファーマシィ薬局やかげ", "機関区分": 5, "都道府県コード": 33, "市区町村コード": 461, "所在地": "岡山県小田郡矢掛町矢掛２６８５－１", "緯度": 34.628107, "経度": 133.588177, "url": "https://www.iryou.teikyouseido.mhlw.go.jp/znk-web/juminkanja/S2430/initialize?prefCd=33&kikanCd=5330005300&kikanKbn=5", "url2": "http://www.pharmacy-net.co.jp/", "内容": "ファーマシィ薬局やかげ【5:薬局】岡山県小田郡矢掛町矢掛２６８５－１" }, "geometry": { "type": "Point", "coordinates": [ 133.588177, 34.628107 ] } },
{ "type": "Feature", "properties": { "ID": 3355330005310, "正式名称": "やまかわ薬局上中野店", "機関区分": 5, "都道府県コード": 33, "市区町村コード": 101, "所在地": "岡山県岡山市北区上中野１丁目８－２９", "緯度": 34.644933, "経度": 133.898983, "url": "https://www.iryou.teikyouseido.mhlw.go.jp/znk-web/juminkanja/S2430/initialize?prefCd=33&kikanCd=5330005310&kikanKbn=5", "url2": "https://yamakawa-pharm.jp", "内容": "やまかわ薬局上中野店【5:薬局】岡山県岡山市北区上中野１丁目８－２９" }, "geometry": { "type": "Point", "coordinates": [ 133.898983, 34.644933 ] } },
{ "type": "Feature", "properties": { "ID": 3355330005320, "正式名称": "マスカット薬局　庭瀬店", "機関区分": 5, "都道府県コード": 33, "市区町村コード": 101, "所在地": "岡山県岡山市北区庭瀬８１２－６", "緯度": 34.643936, "経度": 133.848876, "url": "https://www.iryou.teikyouseido.mhlw.go.jp/znk-web/juminkanja/S2430/initialize?prefCd=33&kikanCd=5330005320&kikanKbn=5", "url2": "http://muscat-pharmacy.jp/", "内容": "マスカット薬局　庭瀬店【5:薬局】岡山県岡山市北区庭瀬８１２－６" }, "geometry": { "type": "Point", "coordinates": [ 133.848876, 34.643936 ] } },
{ "type": "Feature", "properties": { "ID": 3355330005340, "正式名称": "こやま薬局・大供店", "機関区分": 5, "都道府県コード": 33, "市区町村コード": 101, "所在地": "岡山県岡山市北区大供２－２－８", "緯度": 34.655221, "経度": 133.918249, "url": "https://www.iryou.teikyouseido.mhlw.go.jp/znk-web/juminkanja/S2430/initialize?prefCd=33&kikanCd=5330005340&kikanKbn=5", "url2": "https://k-create.jp/", "内容": "こやま薬局・大供店【5:薬局】岡山県岡山市北区大供２－２－８" }, "geometry": { "type": "Point", "coordinates": [ 133.918249, 34.655221 ] } },
{ "type": "Feature", "properties": { "ID": 3355330005360, "正式名称": "パステル薬局　大元店", "機関区分": 5, "都道府県コード": 33, "市区町村コード": 101, "所在地": "岡山県岡山市北区大元上町１４－２８上町ビル１Ｆ", "緯度": 34.649177, "経度": 133.898849, "url": "https://www.iryou.teikyouseido.mhlw.go.jp/znk-web/juminkanja/S2430/initialize?prefCd=33&kikanCd=5330005360&kikanKbn=5", "url2": null, "内容": "パステル薬局　大元店【5:薬局】岡山県岡山市北区大元上町１４－２８上町ビル１Ｆ" }, "geometry": { "type": "Point", "coordinates": [ 133.898849, 34.649177 ] } },
{ "type": "Feature", "properties": { "ID": 3355330005370, "正式名称": "サカエ薬局山陽店", "機関区分": 5, "都道府県コード": 33, "市区町村コード": 213, "所在地": "岡山県赤磐市日古木７９９－１", "緯度": 34.763954, "経度": 134.032097, "url": "https://www.iryou.teikyouseido.mhlw.go.jp/znk-web/juminkanja/S2430/initialize?prefCd=33&kikanCd=5330005370&kikanKbn=5", "url2": "https://medicament.co.jp/", "内容": "サカエ薬局山陽店【5:薬局】岡山県赤磐市日古木７９９－１" }, "geometry": { "type": "Point", "coordinates": [ 134.032097, 34.763954 ] } },
{ "type": "Feature", "properties": { "ID": 3355330005380, "正式名称": "はれのまち薬局宇野店", "機関区分": 5, "都道府県コード": 33, "市区町村コード": 204, "所在地": "岡山県玉野市宇野１丁目４２番２５号", "緯度": 34.48936, "経度": 133.945212, "url": "https://www.iryou.teikyouseido.mhlw.go.jp/znk-web/juminkanja/S2430/initialize?prefCd=33&kikanCd=5330005380&kikanKbn=5", "url2": "https://www.harenomachi-pharmacy-uno.com/home", "内容": "はれのまち薬局宇野店【5:薬局】岡山県玉野市宇野１丁目４２番２５号" }, "geometry": { "type": "Point", "coordinates": [ 133.945212, 34.48936 ] } },
{ "type": "Feature", "properties": { "ID": 3355330005390, "正式名称": "中務薬局", "機関区分": 5, "都道府県コード": 33, "市区町村コード": 216, "所在地": "岡山県浅口市金光町占見新田７４８", "緯度": 34.542281, "経度": 133.624727, "url": "https://www.iryou.teikyouseido.mhlw.go.jp/znk-web/juminkanja/S2430/initialize?prefCd=33&kikanCd=5330005390&kikanKbn=5", "url2": null, "内容": "中務薬局【5:薬局】岡山県浅口市金光町占見新田７４８" }, "geometry": { "type": "Point", "coordinates": [ 133.624727, 34.542281 ] } },
{ "type": "Feature", "properties": { "ID": 3355330005400, "正式名称": "おかやま薬局　津高店", "機関区分": 5, "都道府県コード": 33, "市区町村コード": 101, "所在地": "岡山県岡山市北区横井上２２０－１", "緯度": 34.702623, "経度": 133.904152, "url": "https://www.iryou.teikyouseido.mhlw.go.jp/znk-web/juminkanja/S2430/initialize?prefCd=33&kikanCd=5330005400&kikanKbn=5", "url2": "https://www.okai-medical.com/", "内容": "おかやま薬局　津高店【5:薬局】岡山県岡山市北区横井上２２０－１" }, "geometry": { "type": "Point", "coordinates": [ 133.904152, 34.702623 ] } },
{ "type": "Feature", "properties": { "ID": 3355330005420, "正式名称": "そうごう薬局水島中央店", "機関区分": 5, "都道府県コード": 33, "市区町村コード": 202, "所在地": "岡山県倉敷市水島青葉町２－４０", "緯度": 34.53361, "経度": 133.738827, "url": "https://www.iryou.teikyouseido.mhlw.go.jp/znk-web/juminkanja/S2430/initialize?prefCd=33&kikanCd=5330005420&kikanKbn=5", "url2": "https://shop.sogo-pharmacy.jp/detail/322/", "内容": "そうごう薬局水島中央店【5:薬局】岡山県倉敷市水島青葉町２－４０" }, "geometry": { "type": "Point", "coordinates": [ 133.738827, 34.53361 ] } },
{ "type": "Feature", "properties": { "ID": 3355330005430, "正式名称": "すぎはら薬局芳井店", "機関区分": 5, "都道府県コード": 33, "市区町村コード": 207, "所在地": "岡山県井原市芳井町吉井２５０", "緯度": 34.632193, "経度": 133.434462, "url": "https://www.iryou.teikyouseido.mhlw.go.jp/znk-web/juminkanja/S2430/initialize?prefCd=33&kikanCd=5330005430&kikanKbn=5", "url2": null, "内容": "すぎはら薬局芳井店【5:薬局】岡山県井原市芳井町吉井２５０" }, "geometry": { "type": "Point", "coordinates": [ 133.434462, 34.632193 ] } },
{ "type": "Feature", "properties": { "ID": 3355330005440, "正式名称": "大手町薬局メディカルラピス", "機関区分": 5, "都道府県コード": 33, "市区町村コード": 101, "所在地": "岡山県岡山市北区楢津４９８－５", "緯度": 34.679403, "経度": 133.883211, "url": "https://www.iryou.teikyouseido.mhlw.go.jp/znk-web/juminkanja/S2430/initialize?prefCd=33&kikanCd=5330005440&kikanKbn=5", "url2": "http://www.ohtemachi-ph.com/", "内容": "大手町薬局メディカルラピス【5:薬局】岡山県岡山市北区楢津４９８－５" }, "geometry": { "type": "Point", "coordinates": [ 133.883211, 34.679403 ] } },
{ "type": "Feature", "properties": { "ID": 3355330005450, "正式名称": "津山薬局　産業道路店", "機関区分": 5, "都道府県コード": 33, "市区町村コード": 203, "所在地": "岡山県津山市小田中２２３－２", "緯度": 35.06398, "経度": 133.994221, "url": "https://www.iryou.teikyouseido.mhlw.go.jp/znk-web/juminkanja/S2430/initialize?prefCd=33&kikanCd=5330005450&kikanKbn=5", "url2": "http://tsuyama-chouzai.co.jp/", "内容": "津山薬局　産業道路店【5:薬局】岡山県津山市小田中２２３－２" }, "geometry": { "type": "Point", "coordinates": [ 133.994221, 35.06398 ] } },
{ "type": "Feature", "properties": { "ID": 3355330005460, "正式名称": "有限会社吉松屋薬局", "機関区分": 5, "都道府県コード": 33, "市区町村コード": 214, "所在地": "岡山県真庭市久世２８１３", "緯度": 35.077441, "経度": 133.749529, "url": "https://www.iryou.teikyouseido.mhlw.go.jp/znk-web/juminkanja/S2430/initialize?prefCd=33&kikanCd=5330005460&kikanKbn=5", "url2": null, "内容": "有限会社吉松屋薬局【5:薬局】岡山県真庭市久世２８１３" }, "geometry": { "type": "Point", "coordinates": [ 133.749529, 35.077441 ] } },
{ "type": "Feature", "properties": { "ID": 3355330005470, "正式名称": "金光薬局　倉敷昭和店", "機関区分": 5, "都道府県コード": 33, "市区町村コード": 202, "所在地": "岡山県倉敷市昭和２丁目４６０－２０", "緯度": 34.602659, "経度": 133.771375, "url": "https://www.iryou.teikyouseido.mhlw.go.jp/znk-web/juminkanja/S2430/initialize?prefCd=33&kikanCd=5330005470&kikanKbn=5", "url2": "https://store.welcia.co.jp/welcia/", "内容": "金光薬局　倉敷昭和店【5:薬局】岡山県倉敷市昭和２丁目４６０－２０" }, "geometry": { "type": "Point", "coordinates": [ 133.771375, 34.602659 ] } },
{ "type": "Feature", "properties": { "ID": 3355330005480, "正式名称": "富永薬局　新倉敷店", "機関区分": 5, "都道府県コード": 33, "市区町村コード": 202, "所在地": "岡山県倉敷市新倉敷駅前３丁目１３７", "緯度": 34.562223, "経度": 133.682679, "url": "https://www.iryou.teikyouseido.mhlw.go.jp/znk-web/juminkanja/S2430/initialize?prefCd=33&kikanCd=5330005480&kikanKbn=5", "url2": "https://kusuriya.co.jp/", "内容": "富永薬局　新倉敷店【5:薬局】岡山県倉敷市新倉敷駅前３丁目１３７" }, "geometry": { "type": "Point", "coordinates": [ 133.682679, 34.562223 ] } },
{ "type": "Feature", "properties": { "ID": 3355330005490, "正式名称": "株式会社ダテ薬局藤田店", "機関区分": 5, "都道府県コード": 33, "市区町村コード": 104, "所在地": "岡山県岡山市南区藤田６７４－１８", "緯度": 34.615842, "経度": 133.903229, "url": "https://www.iryou.teikyouseido.mhlw.go.jp/znk-web/juminkanja/S2430/initialize?prefCd=33&kikanCd=5330005490&kikanKbn=5", "url2": "http://www.date-yakkyoku.com/index.htm", "内容": "株式会社ダテ薬局藤田店【5:薬局】岡山県岡山市南区藤田６７４－１８" }, "geometry": { "type": "Point", "coordinates": [ 133.903229, 34.615842 ] } },
{ "type": "Feature", "properties": { "ID": 3355330005500, "正式名称": "あしたか薬局　浜野店", "機関区分": 5, "都道府県コード": 33, "市区町村コード": 104, "所在地": "岡山県岡山市南区浜野２丁目７番２２号", "緯度": 34.628538, "経度": 133.936898, "url": "https://www.iryou.teikyouseido.mhlw.go.jp/znk-web/juminkanja/S2430/initialize?prefCd=33&kikanCd=5330005500&kikanKbn=5", "url2": null, "内容": "あしたか薬局　浜野店【5:薬局】岡山県岡山市南区浜野２丁目７番２２号" }, "geometry": { "type": "Point", "coordinates": [ 133.936898, 34.628538 ] } },
{ "type": "Feature", "properties": { "ID": 3355330005510, "正式名称": "倉敷なかしま薬局", "機関区分": 5, "都道府県コード": 33, "市区町村コード": 202, "所在地": "岡山県倉敷市中島２５４３", "緯度": 34.574684, "経度": 133.740459, "url": "https://www.iryou.teikyouseido.mhlw.go.jp/znk-web/juminkanja/S2430/initialize?prefCd=33&kikanCd=5330005510&kikanKbn=5", "url2": "http://www.ts-nishicho.com/shop/detail/id/7", "内容": "倉敷なかしま薬局【5:薬局】岡山県倉敷市中島２５４３" }, "geometry": { "type": "Point", "coordinates": [ 133.740459, 34.574684 ] } },
{ "type": "Feature", "properties": { "ID": 3355330005520, "正式名称": "そうごう薬局　児島店", "機関区分": 5, "都道府県コード": 33, "市区町村コード": 202, "所在地": "岡山県倉敷市児島稗田町１８３８－１", "緯度": 34.496168, "経度": 133.803464, "url": "https://www.iryou.teikyouseido.mhlw.go.jp/znk-web/juminkanja/S2430/initialize?prefCd=33&kikanCd=5330005520&kikanKbn=5", "url2": "http://www.sogo-medical.co.jp/", "内容": "そうごう薬局　児島店【5:薬局】岡山県倉敷市児島稗田町１８３８－１" }, "geometry": { "type": "Point", "coordinates": [ 133.803464, 34.496168 ] } },
{ "type": "Feature", "properties": { "ID": 3355330005530, "正式名称": "ドレミ薬局　倉敷下庄店", "機関区分": 5, "都道府県コード": 33, "市区町村コード": 202, "所在地": "岡山県倉敷市下庄４６５－５", "緯度": 34.639886, "経度": 133.828072, "url": "https://www.iryou.teikyouseido.mhlw.go.jp/znk-web/juminkanja/S2430/initialize?prefCd=33&kikanCd=5330005530&kikanKbn=5", "url2": "https://www.doremi-asahi.com/", "内容": "ドレミ薬局　倉敷下庄店【5:薬局】岡山県倉敷市下庄４６５－５" }, "geometry": { "type": "Point", "coordinates": [ 133.828072, 34.639886 ] } },
{ "type": "Feature", "properties": { "ID": 3355330005540, "正式名称": "ザグザグ薬局門田屋敷南店", "機関区分": 5, "都道府県コード": 33, "市区町村コード": 102, "所在地": "岡山県岡山市中区赤坂本町８－３３", "緯度": 34.650647, "経度": 133.937027, "url": "https://www.iryou.teikyouseido.mhlw.go.jp/znk-web/juminkanja/S2430/initialize?prefCd=33&kikanCd=5330005540&kikanKbn=5", "url2": "http://www.zagzag.co.jp/", "内容": "ザグザグ薬局門田屋敷南店【5:薬局】岡山県岡山市中区赤坂本町８－３３" }, "geometry": { "type": "Point", "coordinates": [ 133.937027, 34.650647 ] } },
{ "type": "Feature", "properties": { "ID": 3355330005550, "正式名称": "アルファー薬局　星の郷店", "機関区分": 5, "都道府県コード": 33, "市区町村コード": 207, "所在地": "岡山県井原市美星町大倉２４６７－４", "緯度": 34.673758, "経度": 133.532706, "url": "https://www.iryou.teikyouseido.mhlw.go.jp/znk-web/juminkanja/S2430/initialize?prefCd=33&kikanCd=5330005550&kikanKbn=5", "url2": null, "内容": "アルファー薬局　星の郷店【5:薬局】岡山県井原市美星町大倉２４６７－４" }, "geometry": { "type": "Point", "coordinates": [ 133.532706, 34.673758 ] } },
{ "type": "Feature", "properties": { "ID": 3355330005560, "正式名称": "オール薬局　北方店", "機関区分": 5, "都道府県コード": 33, "市区町村コード": 101, "所在地": "岡山県岡山市北区北方２丁目１－３０", "緯度": 34.687942, "経度": 133.930208, "url": "https://www.iryou.teikyouseido.mhlw.go.jp/znk-web/juminkanja/S2430/initialize?prefCd=33&kikanCd=5330005560&kikanKbn=5", "url2": "http://www.e-classa.net/owl-kitagata/", "内容": "オール薬局　北方店【5:薬局】岡山県岡山市北区北方２丁目１－３０" }, "geometry": { "type": "Point", "coordinates": [ 133.930208, 34.687942 ] } },
{ "type": "Feature", "properties": { "ID": 3355330005570, "正式名称": "大手町薬局メディカルアンク", "機関区分": 5, "都道府県コード": 33, "市区町村コード": 202, "所在地": "岡山県倉敷市平田４０３－１１", "緯度": 34.614933, "経度": 133.779833, "url": "https://www.iryou.teikyouseido.mhlw.go.jp/znk-web/juminkanja/S2430/initialize?prefCd=33&kikanCd=5330005570&kikanKbn=5", "url2": "https://www.ohtemachi-ph.com/", "内容": "大手町薬局メディカルアンク【5:薬局】岡山県倉敷市平田４０３－１１" }, "geometry": { "type": "Point", "coordinates": [ 133.779833, 34.614933 ] } },
{ "type": "Feature", "properties": { "ID": 3355330005580, "正式名称": "やまかわ薬局　庭瀬店", "機関区分": 5, "都道府県コード": 33, "市区町村コード": 101, "所在地": "岡山県岡山市北区平野８５０－１", "緯度": 34.645624, "経度": 133.857924, "url": "https://www.iryou.teikyouseido.mhlw.go.jp/znk-web/juminkanja/S2430/initialize?prefCd=33&kikanCd=5330005580&kikanKbn=5", "url2": "http://yamakawa-pharm.jp/", "内容": "やまかわ薬局　庭瀬店【5:薬局】岡山県岡山市北区平野８５０－１" }, "geometry": { "type": "Point", "coordinates": [ 133.857924, 34.645624 ] } },
{ "type": "Feature", "properties": { "ID": 3355330005590, "正式名称": "ザグザグ薬局津高店", "機関区分": 5, "都道府県コード": 33, "市区町村コード": 101, "所在地": "岡山県岡山市北区津高９１６", "緯度": 34.695374, "経度": 133.903424, "url": "https://www.iryou.teikyouseido.mhlw.go.jp/znk-web/juminkanja/S2430/initialize?prefCd=33&kikanCd=5330005590&kikanKbn=5", "url2": "http://www.zagzag.co.jp", "内容": "ザグザグ薬局津高店【5:薬局】岡山県岡山市北区津高９１６" }, "geometry": { "type": "Point", "coordinates": [ 133.903424, 34.695374 ] } },
{ "type": "Feature", "properties": { "ID": 3355330005600, "正式名称": "なかよし薬局", "機関区分": 5, "都道府県コード": 33, "市区町村コード": 101, "所在地": "岡山県岡山市北区吉宗４２８－１３", "緯度": 34.732551, "経度": 133.905512, "url": "https://www.iryou.teikyouseido.mhlw.go.jp/znk-web/juminkanja/S2430/initialize?prefCd=33&kikanCd=5330005600&kikanKbn=5", "url2": "https://nakayoshipharmacy.com/", "内容": "なかよし薬局【5:薬局】岡山県岡山市北区吉宗４２８－１３" }, "geometry": { "type": "Point", "coordinates": [ 133.905512, 34.732551 ] } },
{ "type": "Feature", "properties": { "ID": 3355330005610, "正式名称": "くまぎし薬局", "機関区分": 5, "都道府県コード": 33, "市区町村コード": 104, "所在地": "岡山県岡山市南区福成１丁目１６７－１５", "緯度": 34.616052, "経度": 133.932616, "url": "https://www.iryou.teikyouseido.mhlw.go.jp/znk-web/juminkanja/S2430/initialize?prefCd=33&kikanCd=5330005610&kikanKbn=5", "url2": null, "内容": "くまぎし薬局【5:薬局】岡山県岡山市南区福成１丁目１６７－１５" }, "geometry": { "type": "Point", "coordinates": [ 133.932616, 34.616052 ] } },
{ "type": "Feature", "properties": { "ID": 3355330005620, "正式名称": "かえで薬局", "機関区分": 5, "都道府県コード": 33, "市区町村コード": 208, "所在地": "岡山県総社市三須１３４４－３", "緯度": 34.673432, "経度": 133.767122, "url": "https://www.iryou.teikyouseido.mhlw.go.jp/znk-web/juminkanja/S2430/initialize?prefCd=33&kikanCd=5330005620&kikanKbn=5", "url2": "https://yoshidaph.com/", "内容": "かえで薬局【5:薬局】岡山県総社市三須１３４４－３" }, "geometry": { "type": "Point", "coordinates": [ 133.767122, 34.673432 ] } },
{ "type": "Feature", "properties": { "ID": 3355330005630, "正式名称": "サンヨー薬局・あけぼの店", "機関区分": 5, "都道府県コード": 33, "市区町村コード": 104, "所在地": "岡山県岡山市南区築港新町１－７－３０", "緯度": 34.60681, "経度": 133.937456, "url": "https://www.iryou.teikyouseido.mhlw.go.jp/znk-web/juminkanja/S2430/initialize?prefCd=33&kikanCd=5330005630&kikanKbn=5", "url2": "http://sanyo3417.co.jp/", "内容": "サンヨー薬局・あけぼの店【5:薬局】岡山県岡山市南区築港新町１－７－３０" }, "geometry": { "type": "Point", "coordinates": [ 133.937456, 34.60681 ] } },
{ "type": "Feature", "properties": { "ID": 3355330005640, "正式名称": "虹いろ薬局駅元店", "機関区分": 5, "都道府県コード": 33, "市区町村コード": 101, "所在地": "岡山県岡山市北区駅元町１７－３コムコム駅西館１Ｆ", "緯度": 34.667072, "経度": 133.916232, "url": "https://www.iryou.teikyouseido.mhlw.go.jp/znk-web/juminkanja/S2430/initialize?prefCd=33&kikanCd=5330005640&kikanKbn=5", "url2": "http://www.nijiiro7.com/", "内容": "虹いろ薬局駅元店【5:薬局】岡山県岡山市北区駅元町１７－３コムコム駅西館１Ｆ" }, "geometry": { "type": "Point", "coordinates": [ 133.916232, 34.667072 ] } },
{ "type": "Feature", "properties": { "ID": 3355330005660, "正式名称": "後藤薬局", "機関区分": 5, "都道府県コード": 33, "市区町村コード": 101, "所在地": "岡山県岡山市北区芳賀５１１２－１１２", "緯度": 34.707666, "経度": 133.877845, "url": "https://www.iryou.teikyouseido.mhlw.go.jp/znk-web/juminkanja/S2430/initialize?prefCd=33&kikanCd=5330005660&kikanKbn=5", "url2": null, "内容": "後藤薬局【5:薬局】岡山県岡山市北区芳賀５１１２－１１２" }, "geometry": { "type": "Point", "coordinates": [ 133.877845, 34.707666 ] } },
{ "type": "Feature", "properties": { "ID": 3355330005670, "正式名称": "ゴダイ薬局　和気店", "機関区分": 5, "都道府県コード": 33, "市区町村コード": 346, "所在地": "岡山県和気郡和気町福富６３８－３", "緯度": 34.796275, "経度": 134.152901, "url": "https://www.iryou.teikyouseido.mhlw.go.jp/znk-web/juminkanja/S2430/initialize?prefCd=33&kikanCd=5330005670&kikanKbn=5", "url2": null, "内容": "ゴダイ薬局　和気店【5:薬局】岡山県和気郡和気町福富６３８－３" }, "geometry": { "type": "Point", "coordinates": [ 134.152901, 34.796275 ] } },
{ "type": "Feature", "properties": { "ID": 3355330005680, "正式名称": "フロンティア薬局　岡山日赤前店", "機関区分": 5, "都道府県コード": 33, "市区町村コード": 101, "所在地": "岡山県岡山市北区青江１－８－６", "緯度": 34.636035, "経度": 133.921616, "url": "https://www.iryou.teikyouseido.mhlw.go.jp/znk-web/juminkanja/S2430/initialize?prefCd=33&kikanCd=5330005680&kikanKbn=5", "url2": "http://www.frontier-ph.com", "内容": "フロンティア薬局　岡山日赤前店【5:薬局】岡山県岡山市北区青江１－８－６" }, "geometry": { "type": "Point", "coordinates": [ 133.921616, 34.636035 ] } },
{ "type": "Feature", "properties": { "ID": 3355330005690, "正式名称": "肥後薬局　日赤前店", "機関区分": 5, "都道府県コード": 33, "市区町村コード": 101, "所在地": "岡山県岡山市北区青江１－１１－６", "緯度": 34.635637, "経度": 133.920925, "url": "https://www.iryou.teikyouseido.mhlw.go.jp/znk-web/juminkanja/S2430/initialize?prefCd=33&kikanCd=5330005690&kikanKbn=5", "url2": "http://www.higoyaku.com/", "内容": "肥後薬局　日赤前店【5:薬局】岡山県岡山市北区青江１－１１－６" }, "geometry": { "type": "Point", "coordinates": [ 133.920925, 34.635637 ] } },
{ "type": "Feature", "properties": { "ID": 3355330005700, "正式名称": "日本調剤岡大前薬局", "機関区分": 5, "都道府県コード": 33, "市区町村コード": 101, "所在地": "岡山県岡山市北区大学町６－２７－２", "緯度": 34.652394, "経度": 133.9214, "url": "https://www.iryou.teikyouseido.mhlw.go.jp/znk-web/juminkanja/S2430/initialize?prefCd=33&kikanCd=5330005700&kikanKbn=5", "url2": "http://www.nicho.co.jp/tenpo/tyushikoku/okayama/post_410.html", "内容": "日本調剤岡大前薬局【5:薬局】岡山県岡山市北区大学町６－２７－２" }, "geometry": { "type": "Point", "coordinates": [ 133.9214, 34.652394 ] } },
{ "type": "Feature", "properties": { "ID": 3355330005710, "正式名称": "エスマイル薬局　十日市店", "機関区分": 5, "都道府県コード": 33, "市区町村コード": 101, "所在地": "岡山県岡山市北区十日市西町５－２３", "緯度": 34.636631, "経度": 133.923005, "url": "https://www.iryou.teikyouseido.mhlw.go.jp/znk-web/juminkanja/S2430/initialize?prefCd=33&kikanCd=5330005710&kikanKbn=5", "url2": "http://www.ssmile.co.jp/", "内容": "エスマイル薬局　十日市店【5:薬局】岡山県岡山市北区十日市西町５－２３" }, "geometry": { "type": "Point", "coordinates": [ 133.923005, 34.636631 ] } },
{ "type": "Feature", "properties": { "ID": 3355330005720, "正式名称": "エスマイル薬局あおえ店", "機関区分": 5, "都道府県コード": 33, "市区町村コード": 101, "所在地": "岡山県岡山市北区青江１－７－３３", "緯度": 34.636229, "経度": 133.921714, "url": "https://www.iryou.teikyouseido.mhlw.go.jp/znk-web/juminkanja/S2430/initialize?prefCd=33&kikanCd=5330005720&kikanKbn=5", "url2": "http://www.ssmile.co.jp", "内容": "エスマイル薬局あおえ店【5:薬局】岡山県岡山市北区青江１－７－３３" }, "geometry": { "type": "Point", "coordinates": [ 133.921714, 34.636229 ] } },
{ "type": "Feature", "properties": { "ID": 3355330005730, "正式名称": "いずみ薬局", "機関区分": 5, "都道府県コード": 33, "市区町村コード": 101, "所在地": "岡山県岡山市北区東古松３丁目２－２８", "緯度": 34.647846, "経度": 133.914278, "url": "https://www.iryou.teikyouseido.mhlw.go.jp/znk-web/juminkanja/S2430/initialize?prefCd=33&kikanCd=5330005730&kikanKbn=5", "url2": null, "内容": "いずみ薬局【5:薬局】岡山県岡山市北区東古松３丁目２－２８" }, "geometry": { "type": "Point", "coordinates": [ 133.914278, 34.647846 ] } },
{ "type": "Feature", "properties": { "ID": 3355330005740, "正式名称": "ザグザグ薬局下市店", "機関区分": 5, "都道府県コード": 33, "市区町村コード": 213, "所在地": "岡山県赤磐市下市３６４－３", "緯度": 34.754271, "経度": 134.018515, "url": "https://www.iryou.teikyouseido.mhlw.go.jp/znk-web/juminkanja/S2430/initialize?prefCd=33&kikanCd=5330005740&kikanKbn=5", "url2": "http://www.zagzag.co.jp", "内容": "ザグザグ薬局下市店【5:薬局】岡山県赤磐市下市３６４－３" }, "geometry": { "type": "Point", "coordinates": [ 134.018515, 34.754271 ] } },
{ "type": "Feature", "properties": { "ID": 3355330005750, "正式名称": "ハーネス薬局平野店", "機関区分": 5, "都道府県コード": 33, "市区町村コード": 101, "所在地": "岡山県岡山市北区平野１０１１－８", "緯度": 34.647505, "経度": 133.858049, "url": "https://www.iryou.teikyouseido.mhlw.go.jp/znk-web/juminkanja/S2430/initialize?prefCd=33&kikanCd=5330005750&kikanKbn=5", "url2": null, "内容": "ハーネス薬局平野店【5:薬局】岡山県岡山市北区平野１０１１－８" }, "geometry": { "type": "Point", "coordinates": [ 133.858049, 34.647505 ] } },
{ "type": "Feature", "properties": { "ID": 3355330005770, "正式名称": "東児薬局", "機関区分": 5, "都道府県コード": 33, "市区町村コード": 204, "所在地": "岡山県玉野市東田井地１３９８", "緯度": 34.552958, "経度": 133.99751, "url": "https://www.iryou.teikyouseido.mhlw.go.jp/znk-web/juminkanja/S2430/initialize?prefCd=33&kikanCd=5330005770&kikanKbn=5", "url2": "http://www.ssmile.co.jp", "内容": "東児薬局【5:薬局】岡山県玉野市東田井地１３９８" }, "geometry": { "type": "Point", "coordinates": [ 133.99751, 34.552958 ] } },
{ "type": "Feature", "properties": { "ID": 3355330005780, "正式名称": "オール薬局倉敷店", "機関区分": 5, "都道府県コード": 33, "市区町村コード": 202, "所在地": "岡山県倉敷市新田２５０８－１６", "緯度": 34.582296, "経度": 133.773762, "url": "https://www.iryou.teikyouseido.mhlw.go.jp/znk-web/juminkanja/S2430/initialize?prefCd=33&kikanCd=5330005780&kikanKbn=5", "url2": "https://www.e-classa.net/owl-kurashiki/information.html", "内容": "オール薬局倉敷店【5:薬局】岡山県倉敷市新田２５０８－１６" }, "geometry": { "type": "Point", "coordinates": [ 133.773762, 34.582296 ] } },
{ "type": "Feature", "properties": { "ID": 3355330005790, "正式名称": "らくだ薬局茶屋町店", "機関区分": 5, "都道府県コード": 33, "市区町村コード": 202, "所在地": "岡山県倉敷市茶屋町４９４－６", "緯度": 34.57446, "経度": 133.825992, "url": "https://www.iryou.teikyouseido.mhlw.go.jp/znk-web/juminkanja/S2430/initialize?prefCd=33&kikanCd=5330005790&kikanKbn=5", "url2": "http://www.e-classa.net/rakuda/", "内容": "らくだ薬局茶屋町店【5:薬局】岡山県倉敷市茶屋町４９４－６" }, "geometry": { "type": "Point", "coordinates": [ 133.825992, 34.57446 ] } },
{ "type": "Feature", "properties": { "ID": 3355330005800, "正式名称": "イオン薬局倉敷店", "機関区分": 5, "都道府県コード": 33, "市区町村コード": 202, "所在地": "岡山県倉敷市水江１番地", "緯度": 34.602398, "経度": 133.745222, "url": "https://www.iryou.teikyouseido.mhlw.go.jp/znk-web/juminkanja/S2430/initialize?prefCd=33&kikanCd=5330005800&kikanKbn=5", "url2": "https://www.aeonretail.jp/syohousen/index.html", "内容": "イオン薬局倉敷店【5:薬局】岡山県倉敷市水江１番地" }, "geometry": { "type": "Point", "coordinates": [ 133.745222, 34.602398 ] } },
{ "type": "Feature", "properties": { "ID": 3355330005810, "正式名称": "ザグザグ薬局大元店", "機関区分": 5, "都道府県コード": 33, "市区町村コード": 101, "所在地": "岡山県岡山市北区大元１－１３－１８", "緯度": 34.646971, "経度": 133.902787, "url": "https://www.iryou.teikyouseido.mhlw.go.jp/znk-web/juminkanja/S2430/initialize?prefCd=33&kikanCd=5330005810&kikanKbn=5", "url2": "http://www.zagzag.co.jp/", "内容": "ザグザグ薬局大元店【5:薬局】岡山県岡山市北区大元１－１３－１８" }, "geometry": { "type": "Point", "coordinates": [ 133.902787, 34.646971 ] } },
{ "type": "Feature", "properties": { "ID": 3355330005830, "正式名称": "エスマイル薬局成羽店", "機関区分": 5, "都道府県コード": 33, "市区町村コード": 209, "所在地": "岡山県高梁市成羽町下原４１２", "緯度": 34.782779, "経度": 133.544488, "url": "https://www.iryou.teikyouseido.mhlw.go.jp/znk-web/juminkanja/S2430/initialize?prefCd=33&kikanCd=5330005830&kikanKbn=5", "url2": "http://www.ssmile.co.jp/", "内容": "エスマイル薬局成羽店【5:薬局】岡山県高梁市成羽町下原４１２" }, "geometry": { "type": "Point", "coordinates": [ 133.544488, 34.782779 ] } },
{ "type": "Feature", "properties": { "ID": 3355330005840, "正式名称": "成羽かわかみ薬局", "機関区分": 5, "都道府県コード": 33, "市区町村コード": 209, "所在地": "岡山県高梁市成羽町下原３２６－１", "緯度": 34.782309, "経度": 133.544062, "url": "https://www.iryou.teikyouseido.mhlw.go.jp/znk-web/juminkanja/S2430/initialize?prefCd=33&kikanCd=5330005840&kikanKbn=5", "url2": "https://kpcorporation.co.jp/about/", "内容": "成羽かわかみ薬局【5:薬局】岡山県高梁市成羽町下原３２６－１" }, "geometry": { "type": "Point", "coordinates": [ 133.544062, 34.782309 ] } },
{ "type": "Feature", "properties": { "ID": 3355330005850, "正式名称": "やまかわ薬局大供表町店", "機関区分": 5, "都道府県コード": 33, "市区町村コード": 101, "所在地": "岡山県岡山市北区大供表町１４－１５", "緯度": 34.654223, "経度": 133.915439, "url": "https://www.iryou.teikyouseido.mhlw.go.jp/znk-web/juminkanja/S2430/initialize?prefCd=33&kikanCd=5330005850&kikanKbn=5", "url2": "http://dmcnet.sakura.ne.jp/kari/yamakawa/", "内容": "やまかわ薬局大供表町店【5:薬局】岡山県岡山市北区大供表町１４－１５" }, "geometry": { "type": "Point", "coordinates": [ 133.915439, 34.654223 ] } },
{ "type": "Feature", "properties": { "ID": 3355330005860, "正式名称": "金光薬局　岡南店", "機関区分": 5, "都道府県コード": 33, "市区町村コード": 104, "所在地": "岡山県岡山市南区築港栄町１９－２", "緯度": 34.605885, "経度": 133.942617, "url": "https://www.iryou.teikyouseido.mhlw.go.jp/znk-web/juminkanja/S2430/initialize?prefCd=33&kikanCd=5330005860&kikanKbn=5", "url2": "https://stores.welcia.co.jp/5928C", "内容": "金光薬局　岡南店【5:薬局】岡山県岡山市南区築港栄町１９－２" }, "geometry": { "type": "Point", "coordinates": [ 133.942617, 34.605885 ] } },
{ "type": "Feature", "properties": { "ID": 3355330005870, "正式名称": "プラザワン薬局", "機関区分": 5, "都道府県コード": 33, "市区町村コード": 104, "所在地": "岡山県岡山市南区新保１６１１－１２－２", "緯度": 34.637458, "経度": 133.909751, "url": "https://www.iryou.teikyouseido.mhlw.go.jp/znk-web/juminkanja/S2430/initialize?prefCd=33&kikanCd=5330005870&kikanKbn=5", "url2": "http://plaza-1.com/", "内容": "プラザワン薬局【5:薬局】岡山県岡山市南区新保１６１１－１２－２" }, "geometry": { "type": "Point", "coordinates": [ 133.909751, 34.637458 ] } },
{ "type": "Feature", "properties": { "ID": 3355330005880, "正式名称": "ザグザグ薬局邑久店", "機関区分": 5, "都道府県コード": 33, "市区町村コード": 212, "所在地": "岡山県瀬戸内市邑久町豊原８６－１", "緯度": 34.66411, "経度": 134.089845, "url": "https://www.iryou.teikyouseido.mhlw.go.jp/znk-web/juminkanja/S2430/initialize?prefCd=33&kikanCd=5330005880&kikanKbn=5", "url2": "http://www.zagzag.co.jp/", "内容": "ザグザグ薬局邑久店【5:薬局】岡山県瀬戸内市邑久町豊原８６－１" }, "geometry": { "type": "Point", "coordinates": [ 134.089845, 34.66411 ] } },
{ "type": "Feature", "properties": { "ID": 3355330005890, "正式名称": "パステル薬局　花の街店", "機関区分": 5, "都道府県コード": 33, "市区町村コード": 202, "所在地": "岡山県倉敷市浜ノ茶屋３１７－３４", "緯度": 34.612585, "経度": 133.767398, "url": "https://www.iryou.teikyouseido.mhlw.go.jp/znk-web/juminkanja/S2430/initialize?prefCd=33&kikanCd=5330005890&kikanKbn=5", "url2": null, "内容": "パステル薬局　花の街店【5:薬局】岡山県倉敷市浜ノ茶屋３１７－３４" }, "geometry": { "type": "Point", "coordinates": [ 133.767398, 34.612585 ] } },
{ "type": "Feature", "properties": { "ID": 3355330005900, "正式名称": "クオール薬局倉敷店", "機関区分": 5, "都道府県コード": 33, "市区町村コード": 202, "所在地": "岡山県倉敷市中島２３４０－７０", "緯度": 34.589633, "経度": 133.743486, "url": "https://www.iryou.teikyouseido.mhlw.go.jp/znk-web/juminkanja/S2430/initialize?prefCd=33&kikanCd=5330005900&kikanKbn=5", "url2": "http://www.qol-net.co.jp/", "内容": "クオール薬局倉敷店【5:薬局】岡山県倉敷市中島２３４０－７０" }, "geometry": { "type": "Point", "coordinates": [ 133.743486, 34.589633 ] } },
{ "type": "Feature", "properties": { "ID": 3355330005910, "正式名称": "おざき薬局", "機関区分": 5, "都道府県コード": 33, "市区町村コード": 212, "所在地": "岡山県瀬戸内市長船町福岡１０３－１３", "緯度": 34.704953, "経度": 134.092597, "url": "https://www.iryou.teikyouseido.mhlw.go.jp/znk-web/juminkanja/S2430/initialize?prefCd=33&kikanCd=5330005910&kikanKbn=5", "url2": "http://ozaki-pharmacy.sakura.ne.jp/", "内容": "おざき薬局【5:薬局】岡山県瀬戸内市長船町福岡１０３－１３" }, "geometry": { "type": "Point", "coordinates": [ 134.092597, 34.704953 ] } },
{ "type": "Feature", "properties": { "ID": 3355330005920, "正式名称": "ハートライフ薬局　西大寺町店", "機関区分": 5, "都道府県コード": 33, "市区町村コード": 101, "所在地": "岡山県岡山市北区表町３丁目６－２５", "緯度": 34.658423, "経度": 133.929453, "url": "https://www.iryou.teikyouseido.mhlw.go.jp/znk-web/juminkanja/S2430/initialize?prefCd=33&kikanCd=5330005920&kikanKbn=5", "url2": "http://hl810.jp", "内容": "ハートライフ薬局　西大寺町店【5:薬局】岡山県岡山市北区表町３丁目６－２５" }, "geometry": { "type": "Point", "coordinates": [ 133.929453, 34.658423 ] } },
{ "type": "Feature", "properties": { "ID": 3355330005930, "正式名称": "おかやま薬局　大安寺店", "機関区分": 5, "都道府県コード": 33, "市区町村コード": 101, "所在地": "岡山県岡山市北区大安寺東町２２－２２", "緯度": 34.664252, "経度": 133.889749, "url": "https://www.iryou.teikyouseido.mhlw.go.jp/znk-web/juminkanja/S2430/initialize?prefCd=33&kikanCd=5330005930&kikanKbn=5", "url2": "http://www.okai-medical.com/", "内容": "おかやま薬局　大安寺店【5:薬局】岡山県岡山市北区大安寺東町２２－２２" }, "geometry": { "type": "Point", "coordinates": [ 133.889749, 34.664252 ] } },
{ "type": "Feature", "properties": { "ID": 3355330005940, "正式名称": "金光薬局　新倉敷西店", "機関区分": 5, "都道府県コード": 33, "市区町村コード": 202, "所在地": "岡山県倉敷市新倉敷駅前５－６９", "緯度": 34.561502, "経度": 133.676162, "url": "https://www.iryou.teikyouseido.mhlw.go.jp/znk-web/juminkanja/S2430/initialize?prefCd=33&kikanCd=5330005940&kikanKbn=5", "url2": "https://www.welcia-yakkyoku.co.jp/", "内容": "金光薬局　新倉敷西店【5:薬局】岡山県倉敷市新倉敷駅前５－６９" }, "geometry": { "type": "Point", "coordinates": [ 133.676162, 34.561502 ] } },
{ "type": "Feature", "properties": { "ID": 3355330005960, "正式名称": "そうごう薬局中庄店", "機関区分": 5, "都道府県コード": 33, "市区町村コード": 202, "所在地": "岡山県倉敷市中庄３５３８－１", "緯度": 34.623577, "経度": 133.803509, "url": "https://www.iryou.teikyouseido.mhlw.go.jp/znk-web/juminkanja/S2430/initialize?prefCd=33&kikanCd=5330005960&kikanKbn=5", "url2": "http://www.sogo-medical.co.jp/sogopharmacy/shop/view/414", "内容": "そうごう薬局中庄店【5:薬局】岡山県倉敷市中庄３５３８－１" }, "geometry": { "type": "Point", "coordinates": [ 133.803509, 34.623577 ] } },
{ "type": "Feature", "properties": { "ID": 3355330005970, "正式名称": "クオール薬局　富原店", "機関区分": 5, "都道府県コード": 33, "市区町村コード": 101, "所在地": "岡山県岡山市北区富原３７０２－１", "緯度": 34.703789, "経度": 133.899633, "url": "https://www.iryou.teikyouseido.mhlw.go.jp/znk-web/juminkanja/S2430/initialize?prefCd=33&kikanCd=5330005970&kikanKbn=5", "url2": "http://www.qol-net.co.jp/pharmacy/map/detail.php?id=320", "内容": "クオール薬局　富原店【5:薬局】岡山県岡山市北区富原３７０２－１" }, "geometry": { "type": "Point", "coordinates": [ 133.899633, 34.703789 ] } },
{ "type": "Feature", "properties": { "ID": 3355330005980, "正式名称": "クオール薬局楢津店", "機関区分": 5, "都道府県コード": 33, "市区町村コード": 101, "所在地": "岡山県岡山市北区楢津３１１－８", "緯度": 34.679628, "経度": 133.886798, "url": "https://www.iryou.teikyouseido.mhlw.go.jp/znk-web/juminkanja/S2430/initialize?prefCd=33&kikanCd=5330005980&kikanKbn=5", "url2": "https://store.qol-net.co.jp/detail/319/", "内容": "クオール薬局楢津店【5:薬局】岡山県岡山市北区楢津３１１－８" }, "geometry": { "type": "Point", "coordinates": [ 133.886798, 34.679628 ] } },
{ "type": "Feature", "properties": { "ID": 3355330005990, "正式名称": "クオール薬局　栢谷店", "機関区分": 5, "都道府県コード": 33, "市区町村コード": 101, "所在地": "岡山県岡山市北区栢谷１６７９－１", "緯度": 34.726238, "経度": 133.906565, "url": "https://www.iryou.teikyouseido.mhlw.go.jp/znk-web/juminkanja/S2430/initialize?prefCd=33&kikanCd=5330005990&kikanKbn=5", "url2": "http://www.qol-net.co.jp/pharmacy/", "内容": "クオール薬局　栢谷店【5:薬局】岡山県岡山市北区栢谷１６７９－１" }, "geometry": { "type": "Point", "coordinates": [ 133.906565, 34.726238 ] } },
{ "type": "Feature", "properties": { "ID": 3355330006000, "正式名称": "サエラ薬局倉敷２号店", "機関区分": 5, "都道府県コード": 33, "市区町村コード": 202, "所在地": "岡山県倉敷市老松町４－２－４４", "緯度": 34.592868, "経度": 133.763217, "url": "https://www.iryou.teikyouseido.mhlw.go.jp/znk-web/juminkanja/S2430/initialize?prefCd=33&kikanCd=5330006000&kikanKbn=5", "url2": "https://www.saera-ph.co.jp/shop/kurashiki2/", "内容": "サエラ薬局倉敷２号店【5:薬局】岡山県倉敷市老松町４－２－４４" }, "geometry": { "type": "Point", "coordinates": [ 133.763217, 34.592868 ] } },
{ "type": "Feature", "properties": { "ID": 3355330006010, "正式名称": "大手町薬局メディカルケーシー", "機関区分": 5, "都道府県コード": 33, "市区町村コード": 203, "所在地": "岡山県津山市河辺９３３－１６", "緯度": 35.062228, "経度": 134.045314, "url": "https://www.iryou.teikyouseido.mhlw.go.jp/znk-web/juminkanja/S2430/initialize?prefCd=33&kikanCd=5330006010&kikanKbn=5", "url2": null, "内容": "大手町薬局メディカルケーシー【5:薬局】岡山県津山市河辺９３３－１６" }, "geometry": { "type": "Point", "coordinates": [ 134.045314, 35.062228 ] } },
{ "type": "Feature", "properties": { "ID": 3355330006020, "正式名称": "ダテ薬局　日比店", "機関区分": 5, "都道府県コード": 33, "市区町村コード": 204, "所在地": "岡山県玉野市羽根崎町５番３号", "緯度": 34.46083, "経度": 133.925324, "url": "https://www.iryou.teikyouseido.mhlw.go.jp/znk-web/juminkanja/S2430/initialize?prefCd=33&kikanCd=5330006020&kikanKbn=5", "url2": "http://www.date-yakkyoku.com/", "内容": "ダテ薬局　日比店【5:薬局】岡山県玉野市羽根崎町５番３号" }, "geometry": { "type": "Point", "coordinates": [ 133.925324, 34.46083 ] } },
{ "type": "Feature", "properties": { "ID": 3355330006030, "正式名称": "クオール薬局　高梁店", "機関区分": 5, "都道府県コード": 33, "市区町村コード": 209, "所在地": "岡山県高梁市落合町阿部２１４３－５", "緯度": 34.779246, "経度": 133.583572, "url": "https://www.iryou.teikyouseido.mhlw.go.jp/znk-web/juminkanja/S2430/initialize?prefCd=33&kikanCd=5330006030&kikanKbn=5", "url2": "http://www.qol-net.co.jp/", "内容": "クオール薬局　高梁店【5:薬局】岡山県高梁市落合町阿部２１４３－５" }, "geometry": { "type": "Point", "coordinates": [ 133.583572, 34.779246 ] } },
{ "type": "Feature", "properties": { "ID": 3355330006040, "正式名称": "ププレひまわり薬局妹尾店", "機関区分": 5, "都道府県コード": 33, "市区町村コード": 104, "所在地": "岡山県岡山市南区箕島１３４４－１", "緯度": 34.611873, "経度": 133.857831, "url": "https://www.iryou.teikyouseido.mhlw.go.jp/znk-web/juminkanja/S2430/initialize?prefCd=33&kikanCd=5330006040&kikanKbn=5", "url2": "http://pupule.co.jp/", "内容": "ププレひまわり薬局妹尾店【5:薬局】岡山県岡山市南区箕島１３４４－１" }, "geometry": { "type": "Point", "coordinates": [ 133.857831, 34.611873 ] } },
{ "type": "Feature", "properties": { "ID": 3355330006050, "正式名称": "サンヨー薬局・南方店", "機関区分": 5, "都道府県コード": 33, "市区町村コード": 101, "所在地": "岡山県岡山市北区南方３－９－１６", "緯度": 34.677389, "経度": 133.927469, "url": "https://www.iryou.teikyouseido.mhlw.go.jp/znk-web/juminkanja/S2430/initialize?prefCd=33&kikanCd=5330006050&kikanKbn=5", "url2": "http://sanyo3417.co.jp/", "内容": "サンヨー薬局・南方店【5:薬局】岡山県岡山市北区南方３－９－１６" }, "geometry": { "type": "Point", "coordinates": [ 133.927469, 34.677389 ] } },
{ "type": "Feature", "properties": { "ID": 3355330006060, "正式名称": "ザグザグ薬局雄町店", "機関区分": 5, "都道府県コード": 33, "市区町村コード": 102, "所在地": "岡山県岡山市中区雄町４９２－１", "緯度": 34.687693, "経度": 133.975054, "url": "https://www.iryou.teikyouseido.mhlw.go.jp/znk-web/juminkanja/S2430/initialize?prefCd=33&kikanCd=5330006060&kikanKbn=5", "url2": "http://www.zagzag.co.jp/", "内容": "ザグザグ薬局雄町店【5:薬局】岡山県岡山市中区雄町４９２－１" }, "geometry": { "type": "Point", "coordinates": [ 133.975054, 34.687693 ] } },
{ "type": "Feature", "properties": { "ID": 3355330006070, "正式名称": "ファミリー薬局鴨方店", "機関区分": 5, "都道府県コード": 33, "市区町村コード": 216, "所在地": "岡山県浅口市鴨方町鴨方１６３９－５", "緯度": 34.540299, "経度": 133.593504, "url": "https://www.iryou.teikyouseido.mhlw.go.jp/znk-web/juminkanja/S2430/initialize?prefCd=33&kikanCd=5330006070&kikanKbn=5", "url2": null, "内容": "ファミリー薬局鴨方店【5:薬局】岡山県浅口市鴨方町鴨方１６３９－５" }, "geometry": { "type": "Point", "coordinates": [ 133.593504, 34.540299 ] } },
{ "type": "Feature", "properties": { "ID": 3355330006080, "正式名称": "サンヨー薬局・西崎店", "機関区分": 5, "都道府県コード": 33, "市区町村コード": 101, "所在地": "岡山県岡山市北区西崎本町４ー３６", "緯度": 34.666682, "経度": 133.89721, "url": "https://www.iryou.teikyouseido.mhlw.go.jp/znk-web/juminkanja/S2430/initialize?prefCd=33&kikanCd=5330006080&kikanKbn=5", "url2": "http://www.sanyo3417.co.jp/", "内容": "サンヨー薬局・西崎店【5:薬局】岡山県岡山市北区西崎本町４ー３６" }, "geometry": { "type": "Point", "coordinates": [ 133.89721, 34.666682 ] } },
{ "type": "Feature", "properties": { "ID": 3355330006090, "正式名称": "有限会社さくら薬局", "機関区分": 5, "都道府県コード": 33, "市区町村コード": 101, "所在地": "岡山県岡山市北区東花尻２５２－１", "緯度": 34.652275, "経度": 133.862206, "url": "https://www.iryou.teikyouseido.mhlw.go.jp/znk-web/juminkanja/S2430/initialize?prefCd=33&kikanCd=5330006090&kikanKbn=5", "url2": null, "内容": "有限会社さくら薬局【5:薬局】岡山県岡山市北区東花尻２５２－１" }, "geometry": { "type": "Point", "coordinates": [ 133.862206, 34.652275 ] } },
{ "type": "Feature", "properties": { "ID": 3355330006100, "正式名称": "マスカット薬局高梁店", "機関区分": 5, "都道府県コード": 33, "市区町村コード": 209, "所在地": "岡山県高梁市柿木町２０－１", "緯度": 34.795358, "経度": 133.617762, "url": "https://www.iryou.teikyouseido.mhlw.go.jp/znk-web/juminkanja/S2430/initialize?prefCd=33&kikanCd=5330006100&kikanKbn=5", "url2": "http://www.muscat-pharmacy.jp/", "内容": "マスカット薬局高梁店【5:薬局】岡山県高梁市柿木町２０－１" }, "geometry": { "type": "Point", "coordinates": [ 133.617762, 34.795358 ] } },
{ "type": "Feature", "properties": { "ID": 3355330006110, "正式名称": "ユーカリ薬局清水店", "機関区分": 5, "都道府県コード": 33, "市区町村コード": 102, "所在地": "岡山県岡山市中区清水２９２－１", "緯度": 34.679911, "経度": 133.959158, "url": "https://www.iryou.teikyouseido.mhlw.go.jp/znk-web/juminkanja/S2430/initialize?prefCd=33&kikanCd=5330006110&kikanKbn=5", "url2": "https://www.yukari-h.co.jp/", "内容": "ユーカリ薬局清水店【5:薬局】岡山県岡山市中区清水２９２－１" }, "geometry": { "type": "Point", "coordinates": [ 133.959158, 34.679911 ] } },
{ "type": "Feature", "properties": { "ID": 3355330006120, "正式名称": "ロマン薬局", "機関区分": 5, "都道府県コード": 33, "市区町村コード": 461, "所在地": "岡山県小田郡矢掛町矢掛２５５８－７", "緯度": 34.624986, "経度": 133.590856, "url": "https://www.iryou.teikyouseido.mhlw.go.jp/znk-web/juminkanja/S2430/initialize?prefCd=33&kikanCd=5330006120&kikanKbn=5", "url2": "http://www7b.biglobe.ne.jp/~smcnext/shoplist.html", "内容": "ロマン薬局【5:薬局】岡山県小田郡矢掛町矢掛２５５８－７" }, "geometry": { "type": "Point", "coordinates": [ 133.590856, 34.624986 ] } },
{ "type": "Feature", "properties": { "ID": 3355330006130, "正式名称": "サカエ薬局真壁店", "機関区分": 5, "都道府県コード": 33, "市区町村コード": 208, "所在地": "岡山県総社市真壁１２３１－６", "緯度": 34.673098, "経度": 133.730023, "url": "https://www.iryou.teikyouseido.mhlw.go.jp/znk-web/juminkanja/S2430/initialize?prefCd=33&kikanCd=5330006130&kikanKbn=5", "url2": "https://medicament.co.jp/", "内容": "サカエ薬局真壁店【5:薬局】岡山県総社市真壁１２３１－６" }, "geometry": { "type": "Point", "coordinates": [ 133.730023, 34.673098 ] } },
{ "type": "Feature", "properties": { "ID": 3355330006140, "正式名称": "マスカット薬局東古松店", "機関区分": 5, "都道府県コード": 33, "市区町村コード": 101, "所在地": "岡山県岡山市北区東古松３丁目１－１１", "緯度": 34.647133, "経度": 133.915178, "url": "https://www.iryou.teikyouseido.mhlw.go.jp/znk-web/juminkanja/S2430/initialize?prefCd=33&kikanCd=5330006140&kikanKbn=5", "url2": "https://muscat-pharmacy.jp/", "内容": "マスカット薬局東古松店【5:薬局】岡山県岡山市北区東古松３丁目１－１１" }, "geometry": { "type": "Point", "coordinates": [ 133.915178, 34.647133 ] } },
{ "type": "Feature", "properties": { "ID": 3355330006150, "正式名称": "いほり薬局", "機関区分": 5, "都道府県コード": 33, "市区町村コード": 202, "所在地": "岡山県倉敷市藤戸町藤戸１３８４－３", "緯度": 34.558318, "経度": 133.822129, "url": "https://www.iryou.teikyouseido.mhlw.go.jp/znk-web/juminkanja/S2430/initialize?prefCd=33&kikanCd=5330006150&kikanKbn=5", "url2": "http://ihori-pharmacy.jp/", "内容": "いほり薬局【5:薬局】岡山県倉敷市藤戸町藤戸１３８４－３" }, "geometry": { "type": "Point", "coordinates": [ 133.822129, 34.558318 ] } },
{ "type": "Feature", "properties": { "ID": 3355330006160, "正式名称": "トマト薬局　倉敷店", "機関区分": 5, "都道府県コード": 33, "市区町村コード": 202, "所在地": "岡山県倉敷市浜町２－８５１－２", "緯度": 34.610292, "経度": 133.773897, "url": "https://www.iryou.teikyouseido.mhlw.go.jp/znk-web/juminkanja/S2430/initialize?prefCd=33&kikanCd=5330006160&kikanKbn=5", "url2": "https://www.kk-tomato.com/", "内容": "トマト薬局　倉敷店【5:薬局】岡山県倉敷市浜町２－８５１－２" }, "geometry": { "type": "Point", "coordinates": [ 133.773897, 34.610292 ] } },
{ "type": "Feature", "properties": { "ID": 3355330006170, "正式名称": "みどり薬局", "機関区分": 5, "都道府県コード": 33, "市区町村コード": 202, "所在地": "岡山県倉敷市阿知２－１１－７えびす通り商店街", "緯度": 34.599751, "経度": 133.768453, "url": "https://www.iryou.teikyouseido.mhlw.go.jp/znk-web/juminkanja/S2430/initialize?prefCd=33&kikanCd=5330006170&kikanKbn=5", "url2": null, "内容": "みどり薬局【5:薬局】岡山県倉敷市阿知２－１１－７えびす通り商店街" }, "geometry": { "type": "Point", "coordinates": [ 133.768453, 34.599751 ] } },
{ "type": "Feature", "properties": { "ID": 3355330006180, "正式名称": "日の出薬局白楽町店", "機関区分": 5, "都道府県コード": 33, "市区町村コード": 202, "所在地": "岡山県倉敷市白楽町１７４－３", "緯度": 34.588038, "経度": 133.761032, "url": "https://www.iryou.teikyouseido.mhlw.go.jp/znk-web/juminkanja/S2430/initialize?prefCd=33&kikanCd=5330006180&kikanKbn=5", "url2": "https://www.hinode-cap.com/", "内容": "日の出薬局白楽町店【5:薬局】岡山県倉敷市白楽町１７４－３" }, "geometry": { "type": "Point", "coordinates": [ 133.761032, 34.588038 ] } },
{ "type": "Feature", "properties": { "ID": 3355330006190, "正式名称": "ザグザグ薬局宇野店", "機関区分": 5, "都道府県コード": 33, "市区町村コード": 204, "所在地": "岡山県玉野市宇野２ー６ー２", "緯度": 34.49061, "経度": 133.943845, "url": "https://www.iryou.teikyouseido.mhlw.go.jp/znk-web/juminkanja/S2430/initialize?prefCd=33&kikanCd=5330006190&kikanKbn=5", "url2": "http://www.zagzag.co.jp", "内容": "ザグザグ薬局宇野店【5:薬局】岡山県玉野市宇野２ー６ー２" }, "geometry": { "type": "Point", "coordinates": [ 133.943845, 34.49061 ] } },
{ "type": "Feature", "properties": { "ID": 3355330006200, "正式名称": "やまかわ薬局野田店", "機関区分": 5, "都道府県コード": 33, "市区町村コード": 101, "所在地": "岡山県岡山市北区野田３丁目１８－５２", "緯度": 34.653038, "経度": 133.897404, "url": "https://www.iryou.teikyouseido.mhlw.go.jp/znk-web/juminkanja/S2430/initialize?prefCd=33&kikanCd=5330006200&kikanKbn=5", "url2": "http://yamakawa-pharm.jp/", "内容": "やまかわ薬局野田店【5:薬局】岡山県岡山市北区野田３丁目１８－５２" }, "geometry": { "type": "Point", "coordinates": [ 133.897404, 34.653038 ] } },
{ "type": "Feature", "properties": { "ID": 3355330006210, "正式名称": "ひらまつ薬局", "機関区分": 5, "都道府県コード": 33, "市区町村コード": 101, "所在地": "岡山県岡山市北区大供１－３－２３１Ｆ", "緯度": 34.65588, "経度": 133.921636, "url": "https://www.iryou.teikyouseido.mhlw.go.jp/znk-web/juminkanja/S2430/initialize?prefCd=33&kikanCd=5330006210&kikanKbn=5", "url2": "http://www.e-classa.net/hiramatsu/request.html", "内容": "ひらまつ薬局【5:薬局】岡山県岡山市北区大供１－３－２３１Ｆ" }, "geometry": { "type": "Point", "coordinates": [ 133.921636, 34.65588 ] } },
{ "type": "Feature", "properties": { "ID": 3355330006220, "正式名称": "津山薬局　平福店", "機関区分": 5, "都道府県コード": 33, "市区町村コード": 203, "所在地": "岡山県津山市平福５４７－１", "緯度": 35.049169, "経度": 133.969099, "url": "https://www.iryou.teikyouseido.mhlw.go.jp/znk-web/juminkanja/S2430/initialize?prefCd=33&kikanCd=5330006220&kikanKbn=5", "url2": "https://tsuyama-chouzai.co.jp/shop/hirafuku/", "内容": "津山薬局　平福店【5:薬局】岡山県津山市平福５４７－１" }, "geometry": { "type": "Point", "coordinates": [ 133.969099, 35.049169 ] } },
{ "type": "Feature", "properties": { "ID": 3355330006230, "正式名称": "あしたか薬局　表町店", "機関区分": 5, "都道府県コード": 33, "市区町村コード": 101, "所在地": "岡山県岡山市北区表町１丁目５番１号　岡山シンフォニービル１階", "緯度": 34.664592, "経度": 133.929956, "url": "https://www.iryou.teikyouseido.mhlw.go.jp/znk-web/juminkanja/S2430/initialize?prefCd=33&kikanCd=5330006230&kikanKbn=5", "url2": null, "内容": "あしたか薬局　表町店【5:薬局】岡山県岡山市北区表町１丁目５番１号　岡山シンフォニービル１階" }, "geometry": { "type": "Point", "coordinates": [ 133.929956, 34.664592 ] } },
{ "type": "Feature", "properties": { "ID": 3355330006240, "正式名称": "あおば薬局", "機関区分": 5, "都道府県コード": 33, "市区町村コード": 103, "所在地": "岡山県岡山市東区西大寺上３丁目８－４２", "緯度": 34.66114, "経度": 134.039541, "url": "https://www.iryou.teikyouseido.mhlw.go.jp/znk-web/juminkanja/S2430/initialize?prefCd=33&kikanCd=5330006240&kikanKbn=5", "url2": "https://www.aobayakkyoku-okayama.com/", "内容": "あおば薬局【5:薬局】岡山県岡山市東区西大寺上３丁目８－４２" }, "geometry": { "type": "Point", "coordinates": [ 134.039541, 34.66114 ] } },
{ "type": "Feature", "properties": { "ID": 3355330006250, "正式名称": "あかね薬局一宮店", "機関区分": 5, "都道府県コード": 33, "市区町村コード": 101, "所在地": "岡山県岡山市北区一宮５０８－３", "緯度": 34.679005, "経度": 133.869585, "url": "https://www.iryou.teikyouseido.mhlw.go.jp/znk-web/juminkanja/S2430/initialize?prefCd=33&kikanCd=5330006250&kikanKbn=5", "url2": null, "内容": "あかね薬局一宮店【5:薬局】岡山県岡山市北区一宮５０８－３" }, "geometry": { "type": "Point", "coordinates": [ 133.869585, 34.679005 ] } },
{ "type": "Feature", "properties": { "ID": 3355330006270, "正式名称": "スマイル薬局　北畝店", "機関区分": 5, "都道府県コード": 33, "市区町村コード": 202, "所在地": "岡山県倉敷市北畝７－３－６", "緯度": 34.545661, "経度": 133.752651, "url": "https://www.iryou.teikyouseido.mhlw.go.jp/znk-web/juminkanja/S2430/initialize?prefCd=33&kikanCd=5330006270&kikanKbn=5", "url2": null, "内容": "スマイル薬局　北畝店【5:薬局】岡山県倉敷市北畝７－３－６" }, "geometry": { "type": "Point", "coordinates": [ 133.752651, 34.545661 ] } },
{ "type": "Feature", "properties": { "ID": 3355330006280, "正式名称": "有限会社富士薬局", "機関区分": 5, "都道府県コード": 33, "市区町村コード": 202, "所在地": "岡山県倉敷市児島味野上２－７－２５", "緯度": 34.480907, "経度": 133.799031, "url": "https://www.iryou.teikyouseido.mhlw.go.jp/znk-web/juminkanja/S2430/initialize?prefCd=33&kikanCd=5330006280&kikanKbn=5", "url2": "https://fuji.sy-pharmacy.com", "内容": "有限会社富士薬局【5:薬局】岡山県倉敷市児島味野上２－７－２５" }, "geometry": { "type": "Point", "coordinates": [ 133.799031, 34.480907 ] } },
{ "type": "Feature", "properties": { "ID": 3355330006290, "正式名称": "アイン薬局岡山北店", "機関区分": 5, "都道府県コード": 33, "市区町村コード": 101, "所在地": "岡山県岡山市北区下伊福２丁目１－１５", "緯度": 34.66573, "経度": 133.906094, "url": "https://www.iryou.teikyouseido.mhlw.go.jp/znk-web/juminkanja/S2430/initialize?prefCd=33&kikanCd=5330006290&kikanKbn=5", "url2": "http://www.ainj.co.jp/", "内容": "アイン薬局岡山北店【5:薬局】岡山県岡山市北区下伊福２丁目１－１５" }, "geometry": { "type": "Point", "coordinates": [ 133.906094, 34.66573 ] } },
{ "type": "Feature", "properties": { "ID": 3355330006300, "正式名称": "はな薬局　藤田店", "機関区分": 5, "都道府県コード": 33, "市区町村コード": 104, "所在地": "岡山県岡山市南区藤田５６０－５１５", "緯度": 34.597533, "経度": 133.893855, "url": "https://www.iryou.teikyouseido.mhlw.go.jp/znk-web/juminkanja/S2430/initialize?prefCd=33&kikanCd=5330006300&kikanKbn=5", "url2": "http://www.hanayakkyoku.com/", "内容": "はな薬局　藤田店【5:薬局】岡山県岡山市南区藤田５６０－５１５" }, "geometry": { "type": "Point", "coordinates": [ 133.893855, 34.597533 ] } },
{ "type": "Feature", "properties": { "ID": 3355330006310, "正式名称": "あしたか薬局　雄町北店", "機関区分": 5, "都道府県コード": 33, "市区町村コード": 102, "所在地": "岡山県岡山市中区雄町３１３－１", "緯度": 34.686266, "経度": 133.974457, "url": "https://www.iryou.teikyouseido.mhlw.go.jp/znk-web/juminkanja/S2430/initialize?prefCd=33&kikanCd=5330006310&kikanKbn=5", "url2": null, "内容": "あしたか薬局　雄町北店【5:薬局】岡山県岡山市中区雄町３１３－１" }, "geometry": { "type": "Point", "coordinates": [ 133.974457, 34.686266 ] } },
{ "type": "Feature", "properties": { "ID": 3355330006320, "正式名称": "そうごう薬局　真庭勝山店", "機関区分": 5, "都道府県コード": 33, "市区町村コード": 214, "所在地": "岡山県真庭市勝山２６０番地", "緯度": 35.081148, "経度": 133.691051, "url": "https://www.iryou.teikyouseido.mhlw.go.jp/znk-web/juminkanja/S2430/initialize?prefCd=33&kikanCd=5330006320&kikanKbn=5", "url2": "https://shop.sogo-pharmacy.jp/detail/522/", "内容": "そうごう薬局　真庭勝山店【5:薬局】岡山県真庭市勝山２６０番地" }, "geometry": { "type": "Point", "coordinates": [ 133.691051, 35.081148 ] } },
{ "type": "Feature", "properties": { "ID": 3355330006330, "正式名称": "ハロー薬局　尾張店", "機関区分": 5, "都道府県コード": 33, "市区町村コード": 212, "所在地": "岡山県瀬戸内市邑久町尾張１３４６－６", "緯度": 34.662577, "経度": 134.107989, "url": "https://www.iryou.teikyouseido.mhlw.go.jp/znk-web/juminkanja/S2430/initialize?prefCd=33&kikanCd=5330006330&kikanKbn=5", "url2": "https://hello-pharmacy.jp/", "内容": "ハロー薬局　尾張店【5:薬局】岡山県瀬戸内市邑久町尾張１３４６－６" }, "geometry": { "type": "Point", "coordinates": [ 134.107989, 34.662577 ] } },
{ "type": "Feature", "properties": { "ID": 3355330006340, "正式名称": "ゆたか薬局", "機関区分": 5, "都道府県コード": 33, "市区町村コード": 202, "所在地": "岡山県倉敷市真備町川辺２０００－１１", "緯度": 34.63751, "経度": 133.710148, "url": "https://www.iryou.teikyouseido.mhlw.go.jp/znk-web/juminkanja/S2430/initialize?prefCd=33&kikanCd=5330006340&kikanKbn=5", "url2": null, "内容": "ゆたか薬局【5:薬局】岡山県倉敷市真備町川辺２０００－１１" }, "geometry": { "type": "Point", "coordinates": [ 133.710148, 34.63751 ] } },
{ "type": "Feature", "properties": { "ID": 3355330006350, "正式名称": "ザグザグ薬局山崎店", "機関区分": 5, "都道府県コード": 33, "市区町村コード": 102, "所在地": "岡山県岡山市中区山崎２６６番５", "緯度": 34.648651, "経度": 133.974962, "url": "https://www.iryou.teikyouseido.mhlw.go.jp/znk-web/juminkanja/S2430/initialize?prefCd=33&kikanCd=5330006350&kikanKbn=5", "url2": "http://www.zagzag.co.jp/", "内容": "ザグザグ薬局山崎店【5:薬局】岡山県岡山市中区山崎２６６番５" }, "geometry": { "type": "Point", "coordinates": [ 133.974962, 34.648651 ] } },
{ "type": "Feature", "properties": { "ID": 3355330006360, "正式名称": "岡山平成薬局　城東台店", "機関区分": 5, "都道府県コード": 33, "市区町村コード": 103, "所在地": "岡山県岡山市東区城東台西２－６－４", "緯度": 34.69628, "経度": 134.021783, "url": "https://www.iryou.teikyouseido.mhlw.go.jp/znk-web/juminkanja/S2430/initialize?prefCd=33&kikanCd=5330006360&kikanKbn=5", "url2": "http://okayama-heisei.com", "内容": "岡山平成薬局　城東台店【5:薬局】岡山県岡山市東区城東台西２－６－４" }, "geometry": { "type": "Point", "coordinates": [ 134.021783, 34.69628 ] } },
{ "type": "Feature", "properties": { "ID": 3355330006370, "正式名称": "スマイル薬局　上道店", "機関区分": 5, "都道府県コード": 33, "市区町村コード": 103, "所在地": "岡山県岡山市東区中尾６４６－７", "緯度": 34.70148, "経度": 134.022479, "url": "https://www.iryou.teikyouseido.mhlw.go.jp/znk-web/juminkanja/S2430/initialize?prefCd=33&kikanCd=5330006370&kikanKbn=5", "url2": null, "内容": "スマイル薬局　上道店【5:薬局】岡山県岡山市東区中尾６４６－７" }, "geometry": { "type": "Point", "coordinates": [ 134.022479, 34.70148 ] } },
{ "type": "Feature", "properties": { "ID": 3355330006380, "正式名称": "赤松薬局　古京店", "機関区分": 5, "都道府県コード": 33, "市区町村コード": 102, "所在地": "岡山県岡山市中区古京町１丁目４－３２－１", "緯度": 34.661873, "経度": 133.940063, "url": "https://www.iryou.teikyouseido.mhlw.go.jp/znk-web/juminkanja/S2430/initialize?prefCd=33&kikanCd=5330006380&kikanKbn=5", "url2": "http://akaph.co.jp/", "内容": "赤松薬局　古京店【5:薬局】岡山県岡山市中区古京町１丁目４－３２－１" }, "geometry": { "type": "Point", "coordinates": [ 133.940063, 34.661873 ] } },
{ "type": "Feature", "properties": { "ID": 3355330006390, "正式名称": "あかり薬局　富田店", "機関区分": 5, "都道府県コード": 33, "市区町村コード": 101, "所在地": "岡山県岡山市北区富田４１１－６", "緯度": 34.640236, "経度": 133.913089, "url": "https://www.iryou.teikyouseido.mhlw.go.jp/znk-web/juminkanja/S2430/initialize?prefCd=33&kikanCd=5330006390&kikanKbn=5", "url2": "https://www.akarix.com/", "内容": "あかり薬局　富田店【5:薬局】岡山県岡山市北区富田４１１－６" }, "geometry": { "type": "Point", "coordinates": [ 133.913089, 34.640236 ] } },
{ "type": "Feature", "properties": { "ID": 3355330006400, "正式名称": "さくら薬局江崎店", "機関区分": 5, "都道府県コード": 33, "市区町村コード": 102, "所在地": "岡山県岡山市中区江崎７８－４", "緯度": 34.628447, "経度": 133.958651, "url": "https://www.iryou.teikyouseido.mhlw.go.jp/znk-web/juminkanja/S2430/initialize?prefCd=33&kikanCd=5330006400&kikanKbn=5", "url2": "http://www.sakurams.co.jp", "内容": "さくら薬局江崎店【5:薬局】岡山県岡山市中区江崎７８－４" }, "geometry": { "type": "Point", "coordinates": [ 133.958651, 34.628447 ] } },
{ "type": "Feature", "properties": { "ID": 3355330006410, "正式名称": "ザグザグ薬局妹尾店", "機関区分": 5, "都道府県コード": 33, "市区町村コード": 104, "所在地": "岡山県岡山市南区妹尾１８８３ー１", "緯度": 34.61628, "経度": 133.872551, "url": "https://www.iryou.teikyouseido.mhlw.go.jp/znk-web/juminkanja/S2430/initialize?prefCd=33&kikanCd=5330006410&kikanKbn=5", "url2": "http://www.zagzag.co.jp/", "内容": "ザグザグ薬局妹尾店【5:薬局】岡山県岡山市南区妹尾１８８３ー１" }, "geometry": { "type": "Point", "coordinates": [ 133.872551, 34.61628 ] } },
{ "type": "Feature", "properties": { "ID": 3355330006420, "正式名称": "くるみ薬局", "機関区分": 5, "都道府県コード": 33, "市区町村コード": 212, "所在地": "岡山県瀬戸内市邑久町山田庄２１２－１１", "緯度": 34.669987, "経度": 134.093278, "url": "https://www.iryou.teikyouseido.mhlw.go.jp/znk-web/juminkanja/S2430/initialize?prefCd=33&kikanCd=5330006420&kikanKbn=5", "url2": "http://www.ritsurinn-ph.com/", "内容": "くるみ薬局【5:薬局】岡山県瀬戸内市邑久町山田庄２１２－１１" }, "geometry": { "type": "Point", "coordinates": [ 134.093278, 34.669987 ] } },
{ "type": "Feature", "properties": { "ID": 3355330006430, "正式名称": "くすの木薬局", "機関区分": 5, "都道府県コード": 33, "市区町村コード": 202, "所在地": "岡山県倉敷市加須山２５４－１２", "緯度": 34.589663, "経度": 133.797537, "url": "https://www.iryou.teikyouseido.mhlw.go.jp/znk-web/juminkanja/S2430/initialize?prefCd=33&kikanCd=5330006430&kikanKbn=5", "url2": "http://www.ts-nishicho.com/", "内容": "くすの木薬局【5:薬局】岡山県倉敷市加須山２５４－１２" }, "geometry": { "type": "Point", "coordinates": [ 133.797537, 34.589663 ] } },
{ "type": "Feature", "properties": { "ID": 3355330006440, "正式名称": "もとはま薬局", "機関区分": 5, "都道府県コード": 33, "市区町村コード": 202, "所在地": "岡山県倉敷市児島元浜町７８３－６", "緯度": 34.454446, "経度": 133.808462, "url": "https://www.iryou.teikyouseido.mhlw.go.jp/znk-web/juminkanja/S2430/initialize?prefCd=33&kikanCd=5330006440&kikanKbn=5", "url2": null, "内容": "もとはま薬局【5:薬局】岡山県倉敷市児島元浜町７８３－６" }, "geometry": { "type": "Point", "coordinates": [ 133.808462, 34.454446 ] } },
{ "type": "Feature", "properties": { "ID": 3355330006450, "正式名称": "株式会社服部薬局志戸部店", "機関区分": 5, "都道府県コード": 33, "市区町村コード": 203, "所在地": "岡山県津山市志戸部６５１－６", "緯度": 35.077382, "経度": 134.018388, "url": "https://www.iryou.teikyouseido.mhlw.go.jp/znk-web/juminkanja/S2430/initialize?prefCd=33&kikanCd=5330006450&kikanKbn=5", "url2": "https://www.hattori-yakkyoku.jp", "内容": "株式会社服部薬局志戸部店【5:薬局】岡山県津山市志戸部６５１－６" }, "geometry": { "type": "Point", "coordinates": [ 134.018388, 35.077382 ] } },
{ "type": "Feature", "properties": { "ID": 3355330006460, "正式名称": "ザグザグ薬局北長瀬店", "機関区分": 5, "都道府県コード": 33, "市区町村コード": 101, "所在地": "岡山県岡山市北区北長瀬表町三丁目２番１号", "緯度": 34.650004, "経度": 133.885964, "url": "https://www.iryou.teikyouseido.mhlw.go.jp/znk-web/juminkanja/S2430/initialize?prefCd=33&kikanCd=5330006460&kikanKbn=5", "url2": "http://www.zagzag.co.jp/", "内容": "ザグザグ薬局北長瀬店【5:薬局】岡山県岡山市北区北長瀬表町三丁目２番１号" }, "geometry": { "type": "Point", "coordinates": [ 133.885964, 34.650004 ] } },
{ "type": "Feature", "properties": { "ID": 3355330006480, "正式名称": "トマト薬局　奉還町店", "機関区分": 5, "都道府県コード": 33, "市区町村コード": 101, "所在地": "岡山県岡山市北区奉還町１丁目７－７オルガビル内", "緯度": 34.66985, "経度": 133.918115, "url": "https://www.iryou.teikyouseido.mhlw.go.jp/znk-web/juminkanja/S2430/initialize?prefCd=33&kikanCd=5330006480&kikanKbn=5", "url2": "https://www.kk-tomato.com/", "内容": "トマト薬局　奉還町店【5:薬局】岡山県岡山市北区奉還町１丁目７－７オルガビル内" }, "geometry": { "type": "Point", "coordinates": [ 133.918115, 34.66985 ] } },
{ "type": "Feature", "properties": { "ID": 3355330006490, "正式名称": "あんず薬局", "機関区分": 5, "都道府県コード": 33, "市区町村コード": 208, "所在地": "岡山県総社市小寺９９８－４", "緯度": 34.687367, "経度": 133.746394, "url": "https://www.iryou.teikyouseido.mhlw.go.jp/znk-web/juminkanja/S2430/initialize?prefCd=33&kikanCd=5330006490&kikanKbn=5", "url2": "https://ks-office.group/facilities.html", "内容": "あんず薬局【5:薬局】岡山県総社市小寺９９８－４" }, "geometry": { "type": "Point", "coordinates": [ 133.746394, 34.687367 ] } },
{ "type": "Feature", "properties": { "ID": 3355330006510, "正式名称": "ファーマシィ薬局井原セントレ", "機関区分": 5, "都道府県コード": 33, "市区町村コード": 207, "所在地": "岡山県井原市井原町５４３－９", "緯度": 34.59975, "経度": 133.464719, "url": "https://www.iryou.teikyouseido.mhlw.go.jp/znk-web/juminkanja/S2430/initialize?prefCd=33&kikanCd=5330006510&kikanKbn=5", "url2": "https://www.pharmacy-net.co.jp", "内容": "ファーマシィ薬局井原セントレ【5:薬局】岡山県井原市井原町５４３－９" }, "geometry": { "type": "Point", "coordinates": [ 133.464719, 34.59975 ] } },
{ "type": "Feature", "properties": { "ID": 3355330006520, "正式名称": "足高薬局下石井店", "機関区分": 5, "都道府県コード": 33, "市区町村コード": 101, "所在地": "岡山県岡山市北区下石井２－８－６三木第一ビル１０２", "緯度": 34.65941, "経度": 133.917769, "url": "https://www.iryou.teikyouseido.mhlw.go.jp/znk-web/juminkanja/S2430/initialize?prefCd=33&kikanCd=5330006520&kikanKbn=5", "url2": null, "内容": "足高薬局下石井店【5:薬局】岡山県岡山市北区下石井２－８－６三木第一ビル１０２" }, "geometry": { "type": "Point", "coordinates": [ 133.917769, 34.65941 ] } },
{ "type": "Feature", "properties": { "ID": 3355330006530, "正式名称": "イオン薬局　岡山店", "機関区分": 5, "都道府県コード": 33, "市区町村コード": 101, "所在地": "岡山県岡山市北区下石井１丁目２番１号", "緯度": 34.662134, "経度": 133.91766, "url": "https://www.iryou.teikyouseido.mhlw.go.jp/znk-web/juminkanja/S2430/initialize?prefCd=33&kikanCd=5330006530&kikanKbn=5", "url2": "http://www.aeon.jp/aeon/okayama/", "内容": "イオン薬局　岡山店【5:薬局】岡山県岡山市北区下石井１丁目２番１号" }, "geometry": { "type": "Point", "coordinates": [ 133.91766, 34.662134 ] } },
{ "type": "Feature", "properties": { "ID": 3355330006540, "正式名称": "めばえ薬局", "機関区分": 5, "都道府県コード": 33, "市区町村コード": 102, "所在地": "岡山県岡山市中区中井２８５－５", "緯度": 34.688577, "経度": 133.962358, "url": "https://www.iryou.teikyouseido.mhlw.go.jp/znk-web/juminkanja/S2430/initialize?prefCd=33&kikanCd=5330006540&kikanKbn=5", "url2": null, "内容": "めばえ薬局【5:薬局】岡山県岡山市中区中井２８５－５" }, "geometry": { "type": "Point", "coordinates": [ 133.962358, 34.688577 ] } },
{ "type": "Feature", "properties": { "ID": 3355330006550, "正式名称": "サカエ薬局　瀬戸店", "機関区分": 5, "都道府県コード": 33, "市区町村コード": 103, "所在地": "岡山県岡山市東区瀬戸町沖２１０－９", "緯度": 34.721767, "経度": 134.044381, "url": "https://www.iryou.teikyouseido.mhlw.go.jp/znk-web/juminkanja/S2430/initialize?prefCd=33&kikanCd=5330006550&kikanKbn=5", "url2": "https://medicament.co.jp/", "内容": "サカエ薬局　瀬戸店【5:薬局】岡山県岡山市東区瀬戸町沖２１０－９" }, "geometry": { "type": "Point", "coordinates": [ 134.044381, 34.721767 ] } },
{ "type": "Feature", "properties": { "ID": 3355330006560, "正式名称": "ももたろう薬局　中原店", "機関区分": 5, "都道府県コード": 33, "市区町村コード": 101, "所在地": "岡山県岡山市北区中原１４２－８", "緯度": 34.7091, "経度": 133.956993, "url": "https://www.iryou.teikyouseido.mhlw.go.jp/znk-web/juminkanja/S2430/initialize?prefCd=33&kikanCd=5330006560&kikanKbn=5", "url2": null, "内容": "ももたろう薬局　中原店【5:薬局】岡山県岡山市北区中原１４２－８" }, "geometry": { "type": "Point", "coordinates": [ 133.956993, 34.7091 ] } },
{ "type": "Feature", "properties": { "ID": 3355330006570, "正式名称": "ザグザグ薬局北方店", "機関区分": 5, "都道府県コード": 33, "市区町村コード": 101, "所在地": "岡山県岡山市北区北方２－１－２４", "緯度": 34.687483, "経度": 133.92975, "url": "https://www.iryou.teikyouseido.mhlw.go.jp/znk-web/juminkanja/S2430/initialize?prefCd=33&kikanCd=5330006570&kikanKbn=5", "url2": "http://www.zagzag.co.jp/", "内容": "ザグザグ薬局北方店【5:薬局】岡山県岡山市北区北方２－１－２４" }, "geometry": { "type": "Point", "coordinates": [ 133.92975, 34.687483 ] } },
{ "type": "Feature", "properties": { "ID": 3355330006580, "正式名称": "アイン薬局　岡山厚生店", "機関区分": 5, "都道府県コード": 33, "市区町村コード": 101, "所在地": "岡山県岡山市北区新屋敷町１－２－１", "緯度": 34.65577, "経度": 133.909897, "url": "https://www.iryou.teikyouseido.mhlw.go.jp/znk-web/juminkanja/S2430/initialize?prefCd=33&kikanCd=5330006580&kikanKbn=5", "url2": "http://www.ainj.co.jp/", "内容": "アイン薬局　岡山厚生店【5:薬局】岡山県岡山市北区新屋敷町１－２－１" }, "geometry": { "type": "Point", "coordinates": [ 133.909897, 34.65577 ] } },
{ "type": "Feature", "properties": { "ID": 3355330006590, "正式名称": "ザグザグ薬局西市店", "機関区分": 5, "都道府県コード": 33, "市区町村コード": 104, "所在地": "岡山県岡山市南区西市５８５－１", "緯度": 34.633849, "経度": 133.894852, "url": "https://www.iryou.teikyouseido.mhlw.go.jp/znk-web/juminkanja/S2430/initialize?prefCd=33&kikanCd=5330006590&kikanKbn=5", "url2": "http://www.zagzag.co.jp/", "内容": "ザグザグ薬局西市店【5:薬局】岡山県岡山市南区西市５８５－１" }, "geometry": { "type": "Point", "coordinates": [ 133.894852, 34.633849 ] } },
{ "type": "Feature", "properties": { "ID": 3355330006600, "正式名称": "ザグザグ薬局総社東店", "機関区分": 5, "都道府県コード": 33, "市区町村コード": 208, "所在地": "岡山県総社市井手１２４２－３", "緯度": 34.680422, "経度": 133.769505, "url": "https://www.iryou.teikyouseido.mhlw.go.jp/znk-web/juminkanja/S2430/initialize?prefCd=33&kikanCd=5330006600&kikanKbn=5", "url2": "http://www.zagzag.co.jp/", "内容": "ザグザグ薬局総社東店【5:薬局】岡山県総社市井手１２４２－３" }, "geometry": { "type": "Point", "coordinates": [ 133.769505, 34.680422 ] } },
{ "type": "Feature", "properties": { "ID": 3355330006610, "正式名称": "エスマイル薬局井原店", "機関区分": 5, "都道府県コード": 33, "市区町村コード": 207, "所在地": "岡山県井原市芳井町与井４４－１", "緯度": 34.627444, "経度": 133.435045, "url": "https://www.iryou.teikyouseido.mhlw.go.jp/znk-web/juminkanja/S2430/initialize?prefCd=33&kikanCd=5330006610&kikanKbn=5", "url2": "http://www.ssmile.co.jp", "内容": "エスマイル薬局井原店【5:薬局】岡山県井原市芳井町与井４４－１" }, "geometry": { "type": "Point", "coordinates": [ 133.435045, 34.627444 ] } },
{ "type": "Feature", "properties": { "ID": 3355330006620, "正式名称": "あさひ薬局", "機関区分": 5, "都道府県コード": 33, "市区町村コード": 102, "所在地": "岡山県岡山市中区関１５１－１３", "緯度": 34.675234, "経度": 133.973381, "url": "https://www.iryou.teikyouseido.mhlw.go.jp/znk-web/juminkanja/S2430/initialize?prefCd=33&kikanCd=5330006620&kikanKbn=5", "url2": null, "内容": "あさひ薬局【5:薬局】岡山県岡山市中区関１５１－１３" }, "geometry": { "type": "Point", "coordinates": [ 133.973381, 34.675234 ] } },
{ "type": "Feature", "properties": { "ID": 3355330006630, "正式名称": "かえる薬局楢津店", "機関区分": 5, "都道府県コード": 33, "市区町村コード": 101, "所在地": "岡山県岡山市北区楢津１２０３－４", "緯度": 34.68931, "経度": 133.877935, "url": "https://www.iryou.teikyouseido.mhlw.go.jp/znk-web/juminkanja/S2430/initialize?prefCd=33&kikanCd=5330006630&kikanKbn=5", "url2": "http://www.kaerukaeru.jp", "内容": "かえる薬局楢津店【5:薬局】岡山県岡山市北区楢津１２０３－４" }, "geometry": { "type": "Point", "coordinates": [ 133.877935, 34.68931 ] } },
{ "type": "Feature", "properties": { "ID": 3355330006640, "正式名称": "そうごう薬局Ｐモール藤田店", "機関区分": 5, "都道府県コード": 33, "市区町村コード": 104, "所在地": "岡山県岡山市南区藤田５６０番地５１８", "緯度": 34.597533, "経度": 133.893855, "url": "https://www.iryou.teikyouseido.mhlw.go.jp/znk-web/juminkanja/S2430/initialize?prefCd=33&kikanCd=5330006640&kikanKbn=5", "url2": "https://shop.sogo-pharmacy.jp/detail/576/", "内容": "そうごう薬局Ｐモール藤田店【5:薬局】岡山県岡山市南区藤田５６０番地５１８" }, "geometry": { "type": "Point", "coordinates": [ 133.893855, 34.597533 ] } },
{ "type": "Feature", "properties": { "ID": 3355330006650, "正式名称": "アイン薬局　倉敷駅前店", "機関区分": 5, "都道府県コード": 33, "市区町村コード": 202, "所在地": "岡山県倉敷市寿町１番２６号マツダパーキングビル１階", "緯度": 34.603242, "経度": 133.766862, "url": "https://www.iryou.teikyouseido.mhlw.go.jp/znk-web/juminkanja/S2430/initialize?prefCd=33&kikanCd=5330006650&kikanKbn=5", "url2": "http://www.ainj.co.jp", "内容": "アイン薬局　倉敷駅前店【5:薬局】岡山県倉敷市寿町１番２６号マツダパーキングビル１階" }, "geometry": { "type": "Point", "coordinates": [ 133.766862, 34.603242 ] } },
{ "type": "Feature", "properties": { "ID": 3355330006660, "正式名称": "ザグザグ薬局中庄店", "機関区分": 5, "都道府県コード": 33, "市区町村コード": 202, "所在地": "岡山県倉敷市中庄７－１", "緯度": 34.611348, "経度": 133.787864, "url": "https://www.iryou.teikyouseido.mhlw.go.jp/znk-web/juminkanja/S2430/initialize?prefCd=33&kikanCd=5330006660&kikanKbn=5", "url2": "http://www.zagzag.co.jp/", "内容": "ザグザグ薬局中庄店【5:薬局】岡山県倉敷市中庄７－１" }, "geometry": { "type": "Point", "coordinates": [ 133.787864, 34.611348 ] } },
{ "type": "Feature", "properties": { "ID": 3355330006680, "正式名称": "エスマイル薬局目黒店", "機関区分": 5, "都道府県コード": 33, "市区町村コード": 103, "所在地": "岡山県岡山市東区目黒町１２‐１", "緯度": 34.667513, "経度": 134.000245, "url": "https://www.iryou.teikyouseido.mhlw.go.jp/znk-web/juminkanja/S2430/initialize?prefCd=33&kikanCd=5330006680&kikanKbn=5", "url2": "https://www.ssmile.co.jp/shop_area/okayamashi/", "内容": "エスマイル薬局目黒店【5:薬局】岡山県岡山市東区目黒町１２‐１" }, "geometry": { "type": "Point", "coordinates": [ 134.000245, 34.667513 ] } },
{ "type": "Feature", "properties": { "ID": 3355330006690, "正式名称": "竹水堂薬局　中島店", "機関区分": 5, "都道府県コード": 33, "市区町村コード": 102, "所在地": "岡山県岡山市中区中島６８－４", "緯度": 34.686218, "経度": 133.945757, "url": "https://www.iryou.teikyouseido.mhlw.go.jp/znk-web/juminkanja/S2430/initialize?prefCd=33&kikanCd=5330006690&kikanKbn=5", "url2": null, "内容": "竹水堂薬局　中島店【5:薬局】岡山県岡山市中区中島６８－４" }, "geometry": { "type": "Point", "coordinates": [ 133.945757, 34.686218 ] } },
{ "type": "Feature", "properties": { "ID": 3355330006700, "正式名称": "やまかわ薬局松浜店", "機関区分": 5, "都道府県コード": 33, "市区町村コード": 104, "所在地": "岡山県岡山市南区松浜町１－１２", "緯度": 34.615318, "経度": 133.941106, "url": "https://www.iryou.teikyouseido.mhlw.go.jp/znk-web/juminkanja/S2430/initialize?prefCd=33&kikanCd=5330006700&kikanKbn=5", "url2": "http://yamakawa-pharm.jp/", "内容": "やまかわ薬局松浜店【5:薬局】岡山県岡山市南区松浜町１－１２" }, "geometry": { "type": "Point", "coordinates": [ 133.941106, 34.615318 ] } },
{ "type": "Feature", "properties": { "ID": 3355330006710, "正式名称": "調剤薬局マツモトキヨシ田中店", "機関区分": 5, "都道府県コード": 33, "市区町村コード": 101, "所在地": "岡山県岡山市北区田中１３４－１０２", "緯度": 34.641779, "経度": 133.881062, "url": "https://www.iryou.teikyouseido.mhlw.go.jp/znk-web/juminkanja/S2430/initialize?prefCd=33&kikanCd=5330006710&kikanKbn=5", "url2": "http://www.matsukiyo.co.jp/", "内容": "調剤薬局マツモトキヨシ田中店【5:薬局】岡山県岡山市北区田中１３４－１０２" }, "geometry": { "type": "Point", "coordinates": [ 133.881062, 34.641779 ] } },
{ "type": "Feature", "properties": { "ID": 3355330006720, "正式名称": "Ｎ薬局　北長瀬店", "機関区分": 5, "都道府県コード": 33, "市区町村コード": 101, "所在地": "岡山県岡山市北区北長瀬表町３－１０－２", "緯度": 34.651024, "経度": 133.883574, "url": "https://www.iryou.teikyouseido.mhlw.go.jp/znk-web/juminkanja/S2430/initialize?prefCd=33&kikanCd=5330006720&kikanKbn=5", "url2": null, "内容": "Ｎ薬局　北長瀬店【5:薬局】岡山県岡山市北区北長瀬表町３－１０－２" }, "geometry": { "type": "Point", "coordinates": [ 133.883574, 34.651024 ] } },
{ "type": "Feature", "properties": { "ID": 3355330006730, "正式名称": "日本調剤　北長瀬薬局", "機関区分": 5, "都道府県コード": 33, "市区町村コード": 101, "所在地": "岡山県岡山市北区北長瀬表町３丁目１番１号", "緯度": 34.650962, "経度": 133.885475, "url": "https://www.iryou.teikyouseido.mhlw.go.jp/znk-web/juminkanja/S2430/initialize?prefCd=33&kikanCd=5330006730&kikanKbn=5", "url2": "http://www.nicho.co.jp/tenpo/kitanagase/", "内容": "日本調剤　北長瀬薬局【5:薬局】岡山県岡山市北区北長瀬表町３丁目１番１号" }, "geometry": { "type": "Point", "coordinates": [ 133.885475, 34.650962 ] } },
{ "type": "Feature", "properties": { "ID": 3355330006740, "正式名称": "トマト薬局　生坂店", "機関区分": 5, "都道府県コード": 33, "市区町村コード": 202, "所在地": "岡山県倉敷市生坂２２４９－１", "緯度": 34.629432, "経度": 133.778761, "url": "https://www.iryou.teikyouseido.mhlw.go.jp/znk-web/juminkanja/S2430/initialize?prefCd=33&kikanCd=5330006740&kikanKbn=5", "url2": "https://www.kk-tomato.com/", "内容": "トマト薬局　生坂店【5:薬局】岡山県倉敷市生坂２２４９－１" }, "geometry": { "type": "Point", "coordinates": [ 133.778761, 34.629432 ] } },
{ "type": "Feature", "properties": { "ID": 3355330006750, "正式名称": "とくだ薬局", "機関区分": 5, "都道府県コード": 33, "市区町村コード": 202, "所在地": "岡山県倉敷市児島下の町１丁目１１－５－４", "緯度": 34.469508, "経度": 133.817625, "url": "https://www.iryou.teikyouseido.mhlw.go.jp/znk-web/juminkanja/S2430/initialize?prefCd=33&kikanCd=5330006750&kikanKbn=5", "url2": "https://rakuda.sy-pharmacy.com/", "内容": "とくだ薬局【5:薬局】岡山県倉敷市児島下の町１丁目１１－５－４" }, "geometry": { "type": "Point", "coordinates": [ 133.817625, 34.469508 ] } },
{ "type": "Feature", "properties": { "ID": 3355330006760, "正式名称": "富永薬局　福浜店", "機関区分": 5, "都道府県コード": 33, "市区町村コード": 104, "所在地": "岡山県岡山市南区福浜西町６番１７号", "緯度": 34.617582, "経度": 133.941308, "url": "https://www.iryou.teikyouseido.mhlw.go.jp/znk-web/juminkanja/S2430/initialize?prefCd=33&kikanCd=5330006760&kikanKbn=5", "url2": "https://kusuriya.co.jp/", "内容": "富永薬局　福浜店【5:薬局】岡山県岡山市南区福浜西町６番１７号" }, "geometry": { "type": "Point", "coordinates": [ 133.941308, 34.617582 ] } },
{ "type": "Feature", "properties": { "ID": 3355330006770, "正式名称": "金光薬局　津島店", "機関区分": 5, "都道府県コード": 33, "市区町村コード": 101, "所在地": "岡山県岡山市北区津島福居１－２－１７", "緯度": 34.687622, "経度": 133.913806, "url": "https://www.iryou.teikyouseido.mhlw.go.jp/znk-web/juminkanja/S2430/initialize?prefCd=33&kikanCd=5330006770&kikanKbn=5", "url2": "https://store.welcia.co.jp/welcia/spot/detail?code=5931C", "内容": "金光薬局　津島店【5:薬局】岡山県岡山市北区津島福居１－２－１７" }, "geometry": { "type": "Point", "coordinates": [ 133.913806, 34.687622 ] } },
{ "type": "Feature", "properties": { "ID": 3355330006780, "正式名称": "さくら薬局マスカット店", "機関区分": 5, "都道府県コード": 33, "市区町村コード": 202, "所在地": "岡山県倉敷市松島１１５４－２マルナカマスカット店ドーム棟２Ｆ", "緯度": 34.627489, "経度": 133.801527, "url": "https://www.iryou.teikyouseido.mhlw.go.jp/znk-web/juminkanja/S2430/initialize?prefCd=33&kikanCd=5330006780&kikanKbn=5", "url2": "http://www.sakurams.co.jp", "内容": "さくら薬局マスカット店【5:薬局】岡山県倉敷市松島１１５４－２マルナカマスカット店ドーム棟２Ｆ" }, "geometry": { "type": "Point", "coordinates": [ 133.801527, 34.627489 ] } },
{ "type": "Feature", "properties": { "ID": 3355330006790, "正式名称": "ファーマシィ薬局西江原", "機関区分": 5, "都道府県コード": 33, "市区町村コード": 207, "所在地": "岡山県井原市西江原町６６６－５", "緯度": 34.598518, "経度": 133.490486, "url": "https://www.iryou.teikyouseido.mhlw.go.jp/znk-web/juminkanja/S2430/initialize?prefCd=33&kikanCd=5330006790&kikanKbn=5", "url2": "http://www.pharmacy-net.co.jp/", "内容": "ファーマシィ薬局西江原【5:薬局】岡山県井原市西江原町６６６－５" }, "geometry": { "type": "Point", "coordinates": [ 133.490486, 34.598518 ] } },
{ "type": "Feature", "properties": { "ID": 3355330006800, "正式名称": "久世大橋薬局", "機関区分": 5, "都道府県コード": 33, "市区町村コード": 214, "所在地": "岡山県真庭市久世２３９８－９", "緯度": 35.079676, "経度": 133.743797, "url": "https://www.iryou.teikyouseido.mhlw.go.jp/znk-web/juminkanja/S2430/initialize?prefCd=33&kikanCd=5330006800&kikanKbn=5", "url2": null, "内容": "久世大橋薬局【5:薬局】岡山県真庭市久世２３９８－９" }, "geometry": { "type": "Point", "coordinates": [ 133.743797, 35.079676 ] } },
{ "type": "Feature", "properties": { "ID": 3355330006810, "正式名称": "ひなた薬局", "機関区分": 5, "都道府県コード": 33, "市区町村コード": 101, "所在地": "岡山県岡山市北区中山下１－９－５０", "緯度": 34.662948, "経度": 133.927381, "url": "https://www.iryou.teikyouseido.mhlw.go.jp/znk-web/juminkanja/S2430/initialize?prefCd=33&kikanCd=5330006810&kikanKbn=5", "url2": "http://www.kyubi.co.jp/", "内容": "ひなた薬局【5:薬局】岡山県岡山市北区中山下１－９－５０" }, "geometry": { "type": "Point", "coordinates": [ 133.927381, 34.662948 ] } },
{ "type": "Feature", "properties": { "ID": 3355330006830, "正式名称": "コーモト薬局駅前店", "機関区分": 5, "都道府県コード": 33, "市区町村コード": 202, "所在地": "岡山県倉敷市新倉敷駅前５－１６－６", "緯度": 34.56265, "経度": 133.675514, "url": "https://www.iryou.teikyouseido.mhlw.go.jp/znk-web/juminkanja/S2430/initialize?prefCd=33&kikanCd=5330006830&kikanKbn=5", "url2": "http://www.koumoto.jp/", "内容": "コーモト薬局駅前店【5:薬局】岡山県倉敷市新倉敷駅前５－１６－６" }, "geometry": { "type": "Point", "coordinates": [ 133.675514, 34.56265 ] } },
{ "type": "Feature", "properties": { "ID": 3355330006840, "正式名称": "ケンセイ薬局", "機関区分": 5, "都道府県コード": 33, "市区町村コード": 202, "所在地": "岡山県倉敷市玉島阿賀崎２丁目１番５号", "緯度": 34.54727, "経度": 133.672263, "url": "https://www.iryou.teikyouseido.mhlw.go.jp/znk-web/juminkanja/S2430/initialize?prefCd=33&kikanCd=5330006840&kikanKbn=5", "url2": null, "内容": "ケンセイ薬局【5:薬局】岡山県倉敷市玉島阿賀崎２丁目１番５号" }, "geometry": { "type": "Point", "coordinates": [ 133.672263, 34.54727 ] } },
{ "type": "Feature", "properties": { "ID": 3355330006850, "正式名称": "Ｅ薬局　津山店", "機関区分": 5, "都道府県コード": 33, "市区町村コード": 203, "所在地": "岡山県津山市河辺１１５５－４９", "緯度": 35.059373, "経度": 134.041909, "url": "https://www.iryou.teikyouseido.mhlw.go.jp/znk-web/juminkanja/S2430/initialize?prefCd=33&kikanCd=5330006850&kikanKbn=5", "url2": "https://mo4mo4.com/", "内容": "Ｅ薬局　津山店【5:薬局】岡山県津山市河辺１１５５－４９" }, "geometry": { "type": "Point", "coordinates": [ 134.041909, 35.059373 ] } },
{ "type": "Feature", "properties": { "ID": 3355330006860, "正式名称": "富永薬局　早島店", "機関区分": 5, "都道府県コード": 33, "市区町村コード": 423, "所在地": "岡山県都窪郡早島町早島１４７３", "緯度": 34.602817, "経度": 133.825064, "url": "https://www.iryou.teikyouseido.mhlw.go.jp/znk-web/juminkanja/S2430/initialize?prefCd=33&kikanCd=5330006860&kikanKbn=5", "url2": "https://kusuriya.co.jp/", "内容": "富永薬局　早島店【5:薬局】岡山県都窪郡早島町早島１４７３" }, "geometry": { "type": "Point", "coordinates": [ 133.825064, 34.602817 ] } },
{ "type": "Feature", "properties": { "ID": 3355330006870, "正式名称": "オール薬局鶴形店", "機関区分": 5, "都道府県コード": 33, "市区町村コード": 202, "所在地": "岡山県倉敷市鶴形１丁目３－９", "緯度": 34.601698, "経度": 133.770145, "url": "https://www.iryou.teikyouseido.mhlw.go.jp/znk-web/juminkanja/S2430/initialize?prefCd=33&kikanCd=5330006870&kikanKbn=5", "url2": "http://www.my-life.jp", "内容": "オール薬局鶴形店【5:薬局】岡山県倉敷市鶴形１丁目３－９" }, "geometry": { "type": "Point", "coordinates": [ 133.770145, 34.601698 ] } },
{ "type": "Feature", "properties": { "ID": 3355330006890, "正式名称": "ファーマシィ薬局美の浜", "機関区分": 5, "都道府県コード": 33, "市区町村コード": 205, "所在地": "岡山県笠岡市美の浜２９－６６", "緯度": 34.483875, "経度": 133.519946, "url": "https://www.iryou.teikyouseido.mhlw.go.jp/znk-web/juminkanja/S2430/initialize?prefCd=33&kikanCd=5330006890&kikanKbn=5", "url2": "http://www.pharmacy-net.co.jp/store/1095.html", "内容": "ファーマシィ薬局美の浜【5:薬局】岡山県笠岡市美の浜２９－６６" }, "geometry": { "type": "Point", "coordinates": [ 133.519946, 34.483875 ] } },
{ "type": "Feature", "properties": { "ID": 3355330006900, "正式名称": "そうごう薬局倉田店", "機関区分": 5, "都道府県コード": 33, "市区町村コード": 102, "所在地": "岡山県岡山市中区倉田２４１－３７", "緯度": 34.63595, "経度": 133.958601, "url": "https://www.iryou.teikyouseido.mhlw.go.jp/znk-web/juminkanja/S2430/initialize?prefCd=33&kikanCd=5330006900&kikanKbn=5", "url2": "https://www.sogo-medical.co.jp/sogopharmacy/shop/view/634", "内容": "そうごう薬局倉田店【5:薬局】岡山県岡山市中区倉田２４１－３７" }, "geometry": { "type": "Point", "coordinates": [ 133.958601, 34.63595 ] } },
{ "type": "Feature", "properties": { "ID": 3355330006910, "正式名称": "サカエ薬局　中山下店", "機関区分": 5, "都道府県コード": 33, "市区町村コード": 101, "所在地": "岡山県岡山市北区中山下１丁目６－９", "緯度": 34.664623, "経度": 133.926781, "url": "https://www.iryou.teikyouseido.mhlw.go.jp/znk-web/juminkanja/S2430/initialize?prefCd=33&kikanCd=5330006910&kikanKbn=5", "url2": "https://medicament.co.jp/", "内容": "サカエ薬局　中山下店【5:薬局】岡山県岡山市北区中山下１丁目６－９" }, "geometry": { "type": "Point", "coordinates": [ 133.926781, 34.664623 ] } },
{ "type": "Feature", "properties": { "ID": 3355330006920, "正式名称": "金光薬局岡山西大寺病院前店", "機関区分": 5, "都道府県コード": 33, "市区町村コード": 103, "所在地": "岡山県岡山市東区金岡東町１－１－７９", "緯度": 34.649392, "経度": 134.027385, "url": "https://www.iryou.teikyouseido.mhlw.go.jp/znk-web/juminkanja/S2430/initialize?prefCd=33&kikanCd=5330006920&kikanKbn=5", "url2": null, "内容": "金光薬局岡山西大寺病院前店【5:薬局】岡山県岡山市東区金岡東町１－１－７９" }, "geometry": { "type": "Point", "coordinates": [ 134.027385, 34.649392 ] } },
{ "type": "Feature", "properties": { "ID": 3355330006930, "正式名称": "おかやま薬局益野店", "機関区分": 5, "都道府県コード": 33, "市区町村コード": 103, "所在地": "岡山県岡山市東区益野町２５１－１０", "緯度": 34.658128, "経度": 133.997258, "url": "https://www.iryou.teikyouseido.mhlw.go.jp/znk-web/juminkanja/S2430/initialize?prefCd=33&kikanCd=5330006930&kikanKbn=5", "url2": "http://www.okai-medical.com", "内容": "おかやま薬局益野店【5:薬局】岡山県岡山市東区益野町２５１－１０" }, "geometry": { "type": "Point", "coordinates": [ 133.997258, 34.658128 ] } },
{ "type": "Feature", "properties": { "ID": 3355330006960, "正式名称": "井原薬局", "機関区分": 5, "都道府県コード": 33, "市区町村コード": 207, "所在地": "岡山県井原市井原町１２２９－１", "緯度": 34.604235, "経度": 133.458701, "url": "https://www.iryou.teikyouseido.mhlw.go.jp/znk-web/juminkanja/S2430/initialize?prefCd=33&kikanCd=5330006960&kikanKbn=5", "url2": "https://wish-ibara.amebaownd.com", "内容": "井原薬局【5:薬局】岡山県井原市井原町１２２９－１" }, "geometry": { "type": "Point", "coordinates": [ 133.458701, 34.604235 ] } },
{ "type": "Feature", "properties": { "ID": 3355330006970, "正式名称": "ザグザグ薬局西大寺店", "機関区分": 5, "都道府県コード": 33, "市区町村コード": 103, "所在地": "岡山県岡山市東区西大寺中野９３０－１", "緯度": 34.657172, "経度": 134.019845, "url": "https://www.iryou.teikyouseido.mhlw.go.jp/znk-web/juminkanja/S2430/initialize?prefCd=33&kikanCd=5330006970&kikanKbn=5", "url2": "http://www.zagzag.co.jp/", "内容": "ザグザグ薬局西大寺店【5:薬局】岡山県岡山市東区西大寺中野９３０－１" }, "geometry": { "type": "Point", "coordinates": [ 134.019845, 34.657172 ] } },
{ "type": "Feature", "properties": { "ID": 3355330006980, "正式名称": "れもん薬局", "機関区分": 5, "都道府県コード": 33, "市区町村コード": 101, "所在地": "岡山県岡山市北区一宮山崎２７５－９", "緯度": 34.679636, "経度": 133.876873, "url": "https://www.iryou.teikyouseido.mhlw.go.jp/znk-web/juminkanja/S2430/initialize?prefCd=33&kikanCd=5330006980&kikanKbn=5", "url2": null, "内容": "れもん薬局【5:薬局】岡山県岡山市北区一宮山崎２７５－９" }, "geometry": { "type": "Point", "coordinates": [ 133.876873, 34.679636 ] } },
{ "type": "Feature", "properties": { "ID": 3355330006990, "正式名称": "きたぞの薬局　東一宮店", "機関区分": 5, "都道府県コード": 33, "市区町村コード": 203, "所在地": "岡山県津山市東一宮５５－５", "緯度": 35.100181, "経度": 134.00415, "url": "https://www.iryou.teikyouseido.mhlw.go.jp/znk-web/juminkanja/S2430/initialize?prefCd=33&kikanCd=5330006990&kikanKbn=5", "url2": null, "内容": "きたぞの薬局　東一宮店【5:薬局】岡山県津山市東一宮５５－５" }, "geometry": { "type": "Point", "coordinates": [ 134.00415, 35.100181 ] } },
{ "type": "Feature", "properties": { "ID": 3355330007020, "正式名称": "おかやま薬局総社東店", "機関区分": 5, "都道府県コード": 33, "市区町村コード": 208, "所在地": "岡山県総社市井手５８８－１", "緯度": 34.675383, "経度": 133.759628, "url": "https://www.iryou.teikyouseido.mhlw.go.jp/znk-web/juminkanja/S2430/initialize?prefCd=33&kikanCd=5330007020&kikanKbn=5", "url2": "http://www.okai-medical.com/", "内容": "おかやま薬局総社東店【5:薬局】岡山県総社市井手５８８－１" }, "geometry": { "type": "Point", "coordinates": [ 133.759628, 34.675383 ] } },
{ "type": "Feature", "properties": { "ID": 3355330007040, "正式名称": "株式会社服部薬局西店", "機関区分": 5, "都道府県コード": 33, "市区町村コード": 203, "所在地": "岡山県津山市小田中２３０－１５", "緯度": 35.064167, "経度": 133.996262, "url": "https://www.iryou.teikyouseido.mhlw.go.jp/znk-web/juminkanja/S2430/initialize?prefCd=33&kikanCd=5330007040&kikanKbn=5", "url2": "http://www.hattori-yakkyoku.jp/", "内容": "株式会社服部薬局西店【5:薬局】岡山県津山市小田中２３０－１５" }, "geometry": { "type": "Point", "coordinates": [ 133.996262, 35.064167 ] } },
{ "type": "Feature", "properties": { "ID": 3355330007060, "正式名称": "おざき薬局　津島店", "機関区分": 5, "都道府県コード": 33, "市区町村コード": 101, "所在地": "岡山県岡山市北区津島南２－６－４９", "緯度": 34.683151, "経度": 133.91108, "url": "https://www.iryou.teikyouseido.mhlw.go.jp/znk-web/juminkanja/S2430/initialize?prefCd=33&kikanCd=5330007060&kikanKbn=5", "url2": "http://ozaki-pharmacy.sakura.ne.jp/", "内容": "おざき薬局　津島店【5:薬局】岡山県岡山市北区津島南２－６－４９" }, "geometry": { "type": "Point", "coordinates": [ 133.91108, 34.683151 ] } },
{ "type": "Feature", "properties": { "ID": 3355330007070, "正式名称": "足高薬局福吉店", "機関区分": 5, "都道府県コード": 33, "市区町村コード": 104, "所在地": "岡山県岡山市南区福吉町１９－２４", "緯度": 34.611247, "経度": 133.951618, "url": "https://www.iryou.teikyouseido.mhlw.go.jp/znk-web/juminkanja/S2430/initialize?prefCd=33&kikanCd=5330007070&kikanKbn=5", "url2": "http://ashitakamedical.com/", "内容": "足高薬局福吉店【5:薬局】岡山県岡山市南区福吉町１９－２４" }, "geometry": { "type": "Point", "coordinates": [ 133.951618, 34.611247 ] } },
{ "type": "Feature", "properties": { "ID": 3355330007080, "正式名称": "いほり薬局岡山西バイパス店", "機関区分": 5, "都道府県コード": 33, "市区町村コード": 101, "所在地": "岡山県岡山市北区田中６２５－８", "緯度": 34.639163, "経度": 133.881532, "url": "https://www.iryou.teikyouseido.mhlw.go.jp/znk-web/juminkanja/S2430/initialize?prefCd=33&kikanCd=5330007080&kikanKbn=5", "url2": null, "内容": "いほり薬局岡山西バイパス店【5:薬局】岡山県岡山市北区田中６２５－８" }, "geometry": { "type": "Point", "coordinates": [ 133.881532, 34.639163 ] } },
{ "type": "Feature", "properties": { "ID": 3355330007100, "正式名称": "吉松屋薬局月田店", "機関区分": 5, "都道府県コード": 33, "市区町村コード": 214, "所在地": "岡山県真庭市月田６８２７－１", "緯度": 35.044069, "経度": 133.662909, "url": "https://www.iryou.teikyouseido.mhlw.go.jp/znk-web/juminkanja/S2430/initialize?prefCd=33&kikanCd=5330007100&kikanKbn=5", "url2": null, "内容": "吉松屋薬局月田店【5:薬局】岡山県真庭市月田６８２７－１" }, "geometry": { "type": "Point", "coordinates": [ 133.662909, 35.044069 ] } },
{ "type": "Feature", "properties": { "ID": 3355330007110, "正式名称": "ウエルネス薬局", "機関区分": 5, "都道府県コード": 33, "市区町村コード": 203, "所在地": "岡山県津山市田町３５－１", "緯度": 35.063731, "経度": 134.001481, "url": "https://www.iryou.teikyouseido.mhlw.go.jp/znk-web/juminkanja/S2430/initialize?prefCd=33&kikanCd=5330007110&kikanKbn=5", "url2": null, "内容": "ウエルネス薬局【5:薬局】岡山県津山市田町３５－１" }, "geometry": { "type": "Point", "coordinates": [ 134.001481, 35.063731 ] } },
{ "type": "Feature", "properties": { "ID": 3355330007120, "正式名称": "サカエ薬局岡山駅前店", "機関区分": 5, "都道府県コード": 33, "市区町村コード": 101, "所在地": "岡山県岡山市北区本町１－３", "緯度": 34.665277, "経度": 133.919891, "url": "https://www.iryou.teikyouseido.mhlw.go.jp/znk-web/juminkanja/S2430/initialize?prefCd=33&kikanCd=5330007120&kikanKbn=5", "url2": "http://medicament.co.jp/", "内容": "サカエ薬局岡山駅前店【5:薬局】岡山県岡山市北区本町１－３" }, "geometry": { "type": "Point", "coordinates": [ 133.919891, 34.665277 ] } },
{ "type": "Feature", "properties": { "ID": 3355330007130, "正式名称": "コージィ薬局", "機関区分": 5, "都道府県コード": 33, "市区町村コード": 102, "所在地": "岡山県岡山市中区関４３６－７", "緯度": 34.681378, "経度": 133.971125, "url": "https://www.iryou.teikyouseido.mhlw.go.jp/znk-web/juminkanja/S2430/initialize?prefCd=33&kikanCd=5330007130&kikanKbn=5", "url2": null, "内容": "コージィ薬局【5:薬局】岡山県岡山市中区関４３６－７" }, "geometry": { "type": "Point", "coordinates": [ 133.971125, 34.681378 ] } },
{ "type": "Feature", "properties": { "ID": 3355330007140, "正式名称": "あしたか薬局白楽町店", "機関区分": 5, "都道府県コード": 33, "市区町村コード": 202, "所在地": "岡山県倉敷市白楽町２７８－７", "緯度": 34.58726, "経度": 133.76544, "url": "https://www.iryou.teikyouseido.mhlw.go.jp/znk-web/juminkanja/S2430/initialize?prefCd=33&kikanCd=5330007140&kikanKbn=5", "url2": null, "内容": "あしたか薬局白楽町店【5:薬局】岡山県倉敷市白楽町２７８－７" }, "geometry": { "type": "Point", "coordinates": [ 133.76544, 34.58726 ] } },
{ "type": "Feature", "properties": { "ID": 3355330007150, "正式名称": "スマイル薬局笹沖店", "機関区分": 5, "都道府県コード": 33, "市区町村コード": 202, "所在地": "岡山県倉敷市新田２７５０－７", "緯度": 34.572756, "経度": 133.776054, "url": "https://www.iryou.teikyouseido.mhlw.go.jp/znk-web/juminkanja/S2430/initialize?prefCd=33&kikanCd=5330007150&kikanKbn=5", "url2": "http://www.oml-inc.jp/smile/smile.html", "内容": "スマイル薬局笹沖店【5:薬局】岡山県倉敷市新田２７５０－７" }, "geometry": { "type": "Point", "coordinates": [ 133.776054, 34.572756 ] } },
{ "type": "Feature", "properties": { "ID": 3355330007160, "正式名称": "さくら薬局西阿知店", "機関区分": 5, "都道府県コード": 33, "市区町村コード": 202, "所在地": "岡山県倉敷市西阿知町新田５６１－６", "緯度": 34.566896, "経度": 133.739045, "url": "https://www.iryou.teikyouseido.mhlw.go.jp/znk-web/juminkanja/S2430/initialize?prefCd=33&kikanCd=5330007160&kikanKbn=5", "url2": "http://www.sakurams.co.jp", "内容": "さくら薬局西阿知店【5:薬局】岡山県倉敷市西阿知町新田５６１－６" }, "geometry": { "type": "Point", "coordinates": [ 133.739045, 34.566896 ] } },
{ "type": "Feature", "properties": { "ID": 3355330007180, "正式名称": "キラきら薬局上成店", "機関区分": 5, "都道府県コード": 33, "市区町村コード": 202, "所在地": "岡山県倉敷市玉島上成５３７－５", "緯度": 34.563337, "経度": 133.68647, "url": "https://www.iryou.teikyouseido.mhlw.go.jp/znk-web/juminkanja/S2430/initialize?prefCd=33&kikanCd=5330007180&kikanKbn=5", "url2": null, "内容": "キラきら薬局上成店【5:薬局】岡山県倉敷市玉島上成５３７－５" }, "geometry": { "type": "Point", "coordinates": [ 133.68647, 34.563337 ] } },
{ "type": "Feature", "properties": { "ID": 3355330007190, "正式名称": "かくだ薬局　今立店", "機関区分": 5, "都道府県コード": 33, "市区町村コード": 205, "所在地": "岡山県笠岡市今立２９０５－２", "緯度": 34.524936, "経度": 133.528193, "url": "https://www.iryou.teikyouseido.mhlw.go.jp/znk-web/juminkanja/S2430/initialize?prefCd=33&kikanCd=5330007190&kikanKbn=5", "url2": "http://kakuda-i.co.jp", "内容": "かくだ薬局　今立店【5:薬局】岡山県笠岡市今立２９０５－２" }, "geometry": { "type": "Point", "coordinates": [ 133.528193, 34.524936 ] } },
{ "type": "Feature", "properties": { "ID": 3355330007200, "正式名称": "あかり薬局上南店", "機関区分": 5, "都道府県コード": 33, "市区町村コード": 103, "所在地": "岡山県岡山市東区君津３２０－１", "緯度": 34.635653, "経度": 134.012568, "url": "https://www.iryou.teikyouseido.mhlw.go.jp/znk-web/juminkanja/S2430/initialize?prefCd=33&kikanCd=5330007200&kikanKbn=5", "url2": "https://www.akarix.com", "内容": "あかり薬局上南店【5:薬局】岡山県岡山市東区君津３２０－１" }, "geometry": { "type": "Point", "coordinates": [ 134.012568, 34.635653 ] } },
{ "type": "Feature", "properties": { "ID": 3355330007210, "正式名称": "Ｎ薬局本店", "機関区分": 5, "都道府県コード": 33, "市区町村コード": 102, "所在地": "岡山県岡山市中区高島新屋敷８４－１", "緯度": 34.689829, "経度": 133.95485, "url": "https://www.iryou.teikyouseido.mhlw.go.jp/znk-web/juminkanja/S2430/initialize?prefCd=33&kikanCd=5330007210&kikanKbn=5", "url2": null, "内容": "Ｎ薬局本店【5:薬局】岡山県岡山市中区高島新屋敷８４－１" }, "geometry": { "type": "Point", "coordinates": [ 133.95485, 34.689829 ] } },
{ "type": "Feature", "properties": { "ID": 3355330007230, "正式名称": "柿の木薬局", "機関区分": 5, "都道府県コード": 33, "市区町村コード": 101, "所在地": "岡山県岡山市北区清輝本町３－３０", "緯度": 34.653463, "経度": 133.927241, "url": "https://www.iryou.teikyouseido.mhlw.go.jp/znk-web/juminkanja/S2430/initialize?prefCd=33&kikanCd=5330007230&kikanKbn=5", "url2": "https://p-kakinoki.jp", "内容": "柿の木薬局【5:薬局】岡山県岡山市北区清輝本町３－３０" }, "geometry": { "type": "Point", "coordinates": [ 133.927241, 34.653463 ] } },
{ "type": "Feature", "properties": { "ID": 3355330007240, "正式名称": "コスモス薬局西大寺店", "機関区分": 5, "都道府県コード": 33, "市区町村コード": 103, "所在地": "岡山県岡山市東区松新町７１－１", "緯度": 34.658487, "経度": 134.010052, "url": "https://www.iryou.teikyouseido.mhlw.go.jp/znk-web/juminkanja/S2430/initialize?prefCd=33&kikanCd=5330007240&kikanKbn=5", "url2": null, "内容": "コスモス薬局西大寺店【5:薬局】岡山県岡山市東区松新町７１－１" }, "geometry": { "type": "Point", "coordinates": [ 134.010052, 34.658487 ] } },
{ "type": "Feature", "properties": { "ID": 3355330007250, "正式名称": "成広薬局金川店", "機関区分": 5, "都道府県コード": 33, "市区町村コード": 101, "所在地": "岡山県岡山市北区御津金川４４９－２", "緯度": 34.796364, "経度": 133.932969, "url": "https://www.iryou.teikyouseido.mhlw.go.jp/znk-web/juminkanja/S2430/initialize?prefCd=33&kikanCd=5330007250&kikanKbn=5", "url2": "http://n-pharma.co.jp", "内容": "成広薬局金川店【5:薬局】岡山県岡山市北区御津金川４４９－２" }, "geometry": { "type": "Point", "coordinates": [ 133.932969, 34.796364 ] } },
{ "type": "Feature", "properties": { "ID": 3355330007260, "正式名称": "フロンティア薬局玉島店", "機関区分": 5, "都道府県コード": 33, "市区町村コード": 202, "所在地": "岡山県倉敷市玉島中央町２丁目５－３－２", "緯度": 34.545675, "経度": 133.668897, "url": "https://www.iryou.teikyouseido.mhlw.go.jp/znk-web/juminkanja/S2430/initialize?prefCd=33&kikanCd=5330007260&kikanKbn=5", "url2": "http://www.frontier-ph.com", "内容": "フロンティア薬局玉島店【5:薬局】岡山県倉敷市玉島中央町２丁目５－３－２" }, "geometry": { "type": "Point", "coordinates": [ 133.668897, 34.545675 ] } },
{ "type": "Feature", "properties": { "ID": 3355330007270, "正式名称": "のぞみ薬局　たかの店", "機関区分": 5, "都道府県コード": 33, "市区町村コード": 203, "所在地": "岡山県津山市高野本郷１４１５－３", "緯度": 35.07202, "経度": 134.052794, "url": "https://www.iryou.teikyouseido.mhlw.go.jp/znk-web/juminkanja/S2430/initialize?prefCd=33&kikanCd=5330007270&kikanKbn=5", "url2": "https://nozomi-ph.jp/", "内容": "のぞみ薬局　たかの店【5:薬局】岡山県津山市高野本郷１４１５－３" }, "geometry": { "type": "Point", "coordinates": [ 134.052794, 35.07202 ] } },
{ "type": "Feature", "properties": { "ID": 3355330007280, "正式名称": "アイン薬局吉備中央店", "機関区分": 5, "都道府県コード": 33, "市区町村コード": 681, "所在地": "岡山県加賀郡吉備中央町吉川７５２０－１０", "緯度": 34.839102, "経度": 133.762553, "url": "https://www.iryou.teikyouseido.mhlw.go.jp/znk-web/juminkanja/S2430/initialize?prefCd=33&kikanCd=5330007280&kikanKbn=5", "url2": null, "内容": "アイン薬局吉備中央店【5:薬局】岡山県加賀郡吉備中央町吉川７５２０－１０" }, "geometry": { "type": "Point", "coordinates": [ 133.762553, 34.839102 ] } },
{ "type": "Feature", "properties": { "ID": 3355330007290, "正式名称": "サカエ薬局幸町店", "機関区分": 5, "都道府県コード": 33, "市区町村コード": 101, "所在地": "岡山県岡山市北区幸町４－１８", "緯度": 34.661795, "経度": 133.922276, "url": "https://www.iryou.teikyouseido.mhlw.go.jp/znk-web/juminkanja/S2430/initialize?prefCd=33&kikanCd=5330007290&kikanKbn=5", "url2": "https://medicament.co.jp/", "内容": "サカエ薬局幸町店【5:薬局】岡山県岡山市北区幸町４－１８" }, "geometry": { "type": "Point", "coordinates": [ 133.922276, 34.661795 ] } },
{ "type": "Feature", "properties": { "ID": 3355330007300, "正式名称": "はやぶさ薬局", "機関区分": 5, "都道府県コード": 33, "市区町村コード": 204, "所在地": "岡山県玉野市田井５丁目３－２２－５号", "緯度": 34.518095, "経度": 133.950645, "url": "https://www.iryou.teikyouseido.mhlw.go.jp/znk-web/juminkanja/S2430/initialize?prefCd=33&kikanCd=5330007300&kikanKbn=5", "url2": null, "内容": "はやぶさ薬局【5:薬局】岡山県玉野市田井５丁目３－２２－５号" }, "geometry": { "type": "Point", "coordinates": [ 133.950645, 34.518095 ] } },
{ "type": "Feature", "properties": { "ID": 3355330007310, "正式名称": "ひかり薬局中野ゆめ店", "機関区分": 5, "都道府県コード": 33, "市区町村コード": 103, "所在地": "岡山県岡山市東区西大寺中野１７０－１０", "緯度": 34.656914, "経度": 134.029852, "url": "https://www.iryou.teikyouseido.mhlw.go.jp/znk-web/juminkanja/S2430/initialize?prefCd=33&kikanCd=5330007310&kikanKbn=5", "url2": null, "内容": "ひかり薬局中野ゆめ店【5:薬局】岡山県岡山市東区西大寺中野１７０－１０" }, "geometry": { "type": "Point", "coordinates": [ 134.029852, 34.656914 ] } },
{ "type": "Feature", "properties": { "ID": 3355330007330, "正式名称": "トマト薬局玉島店", "機関区分": 5, "都道府県コード": 33, "市区町村コード": 202, "所在地": "岡山県倉敷市玉島７５０－５", "緯度": 34.549823, "経度": 133.686671, "url": "https://www.iryou.teikyouseido.mhlw.go.jp/znk-web/juminkanja/S2430/initialize?prefCd=33&kikanCd=5330007330&kikanKbn=5", "url2": "https://www.kk-tomato.com/", "内容": "トマト薬局玉島店【5:薬局】岡山県倉敷市玉島７５０－５" }, "geometry": { "type": "Point", "coordinates": [ 133.686671, 34.549823 ] } },
{ "type": "Feature", "properties": { "ID": 3355330007340, "正式名称": "金光駅前薬局", "機関区分": 5, "都道府県コード": 33, "市区町村コード": 216, "所在地": "岡山県浅口市金光町占見新田３９８－６", "緯度": 34.541543, "経度": 133.620951, "url": "https://www.iryou.teikyouseido.mhlw.go.jp/znk-web/juminkanja/S2430/initialize?prefCd=33&kikanCd=5330007340&kikanKbn=5", "url2": "http://honobono-pharmacy.net/", "内容": "金光駅前薬局【5:薬局】岡山県浅口市金光町占見新田３９８－６" }, "geometry": { "type": "Point", "coordinates": [ 133.620951, 34.541543 ] } },
{ "type": "Feature", "properties": { "ID": 3355330007350, "正式名称": "リード薬局倉敷ベース", "機関区分": 5, "都道府県コード": 33, "市区町村コード": 202, "所在地": "岡山県倉敷市宮前４８１－１グランパス２１　１０２号", "緯度": 34.613827, "経度": 133.762156, "url": "https://www.iryou.teikyouseido.mhlw.go.jp/znk-web/juminkanja/S2430/initialize?prefCd=33&kikanCd=5330007350&kikanKbn=5", "url2": "https://lead.taion365.co.jp/", "内容": "リード薬局倉敷ベース【5:薬局】岡山県倉敷市宮前４８１－１グランパス２１　１０２号" }, "geometry": { "type": "Point", "coordinates": [ 133.762156, 34.613827 ] } },
{ "type": "Feature", "properties": { "ID": 3355330007360, "正式名称": "やまかわ薬局本町店", "機関区分": 5, "都道府県コード": 33, "市区町村コード": 101, "所在地": "岡山県岡山市北区本町５－２０　岡山高島屋東館２階", "緯度": 34.664734, "経度": 133.920743, "url": "https://www.iryou.teikyouseido.mhlw.go.jp/znk-web/juminkanja/S2430/initialize?prefCd=33&kikanCd=5330007360&kikanKbn=5", "url2": "https://yamakawa-pharm.jp", "内容": "やまかわ薬局本町店【5:薬局】岡山県岡山市北区本町５－２０　岡山高島屋東館２階" }, "geometry": { "type": "Point", "coordinates": [ 133.920743, 34.664734 ] } },
{ "type": "Feature", "properties": { "ID": 3355330007370, "正式名称": "Ｅ薬局竜操店", "機関区分": 5, "都道府県コード": 33, "市区町村コード": 102, "所在地": "岡山県岡山市中区高屋３４２", "緯度": 34.674815, "経度": 133.968782, "url": "https://www.iryou.teikyouseido.mhlw.go.jp/znk-web/juminkanja/S2430/initialize?prefCd=33&kikanCd=5330007370&kikanKbn=5", "url2": "https://mo4mo4.com/", "内容": "Ｅ薬局竜操店【5:薬局】岡山県岡山市中区高屋３４２" }, "geometry": { "type": "Point", "coordinates": [ 133.968782, 34.674815 ] } },
{ "type": "Feature", "properties": { "ID": 3355330007380, "正式名称": "かえる薬局大安寺店", "機関区分": 5, "都道府県コード": 33, "市区町村コード": 101, "所在地": "岡山県岡山市北区大安寺南町１丁目３－５", "緯度": 34.660323, "経度": 133.893718, "url": "https://www.iryou.teikyouseido.mhlw.go.jp/znk-web/juminkanja/S2430/initialize?prefCd=33&kikanCd=5330007380&kikanKbn=5", "url2": "http://www.kaerukaeru.jp", "内容": "かえる薬局大安寺店【5:薬局】岡山県岡山市北区大安寺南町１丁目３－５" }, "geometry": { "type": "Point", "coordinates": [ 133.893718, 34.660323 ] } },
{ "type": "Feature", "properties": { "ID": 3355330007390, "正式名称": "おくすりカフェちいず薬局", "機関区分": 5, "都道府県コード": 33, "市区町村コード": 104, "所在地": "岡山県岡山市南区東畦１６４－９", "緯度": 34.609328, "経度": 133.872662, "url": "https://www.iryou.teikyouseido.mhlw.go.jp/znk-web/juminkanja/S2430/initialize?prefCd=33&kikanCd=5330007390&kikanKbn=5", "url2": "http://www.cheese.okusuricafe.com/", "内容": "おくすりカフェちいず薬局【5:薬局】岡山県岡山市南区東畦１６４－９" }, "geometry": { "type": "Point", "coordinates": [ 133.872662, 34.609328 ] } },
{ "type": "Feature", "properties": { "ID": 3355330007400, "正式名称": "あおぞら薬局問屋町店", "機関区分": 5, "都道府県コード": 33, "市区町村コード": 101, "所在地": "岡山県岡山市北区問屋町２１－１０４問屋町クリニックモール内", "緯度": 34.642738, "経度": 133.887233, "url": "https://www.iryou.teikyouseido.mhlw.go.jp/znk-web/juminkanja/S2430/initialize?prefCd=33&kikanCd=5330007400&kikanKbn=5", "url2": "https://www.rising-hiroshima.com/", "内容": "あおぞら薬局問屋町店【5:薬局】岡山県岡山市北区問屋町２１－１０４問屋町クリニックモール内" }, "geometry": { "type": "Point", "coordinates": [ 133.887233, 34.642738 ] } },
{ "type": "Feature", "properties": { "ID": 3355330007410, "正式名称": "東邦薬局　和気店", "機関区分": 5, "都道府県コード": 33, "市区町村コード": 346, "所在地": "岡山県和気郡和気町日室１４３－１", "緯度": 34.805616, "経度": 134.162006, "url": "https://www.iryou.teikyouseido.mhlw.go.jp/znk-web/juminkanja/S2430/initialize?prefCd=33&kikanCd=5330007410&kikanKbn=5", "url2": "https://www.matsukiyococokara-online.com/map?kid=20002278", "内容": "東邦薬局　和気店【5:薬局】岡山県和気郡和気町日室１４３－１" }, "geometry": { "type": "Point", "coordinates": [ 134.162006, 34.805616 ] } },
{ "type": "Feature", "properties": { "ID": 3355330007420, "正式名称": "株式会社　早川町薬局", "機関区分": 5, "都道府県コード": 33, "市区町村コード": 214, "所在地": "岡山県真庭市久世２５０９－１", "緯度": 35.079434, "経度": 133.746422, "url": "https://www.iryou.teikyouseido.mhlw.go.jp/znk-web/juminkanja/S2430/initialize?prefCd=33&kikanCd=5330007420&kikanKbn=5", "url2": null, "内容": "株式会社　早川町薬局【5:薬局】岡山県真庭市久世２５０９－１" }, "geometry": { "type": "Point", "coordinates": [ 133.746422, 35.079434 ] } },
{ "type": "Feature", "properties": { "ID": 3355330007430, "正式名称": "おざき薬局芳泉店", "機関区分": 5, "都道府県コード": 33, "市区町村コード": 104, "所在地": "岡山県岡山市南区芳泉二丁目１７－２５", "緯度": 34.620996, "経度": 133.908361, "url": "https://www.iryou.teikyouseido.mhlw.go.jp/znk-web/juminkanja/S2430/initialize?prefCd=33&kikanCd=5330007430&kikanKbn=5", "url2": "http://ozaki-pharmacy.sakura.ne.jp/", "内容": "おざき薬局芳泉店【5:薬局】岡山県岡山市南区芳泉二丁目１７－２５" }, "geometry": { "type": "Point", "coordinates": [ 133.908361, 34.620996 ] } },
{ "type": "Feature", "properties": { "ID": 3355330007440, "正式名称": "ドレミ薬局連島店", "機関区分": 5, "都道府県コード": 33, "市区町村コード": 202, "所在地": "岡山県倉敷市連島町鶴新田１７３４－５", "緯度": 34.537442, "経度": 133.716971, "url": "https://www.iryou.teikyouseido.mhlw.go.jp/znk-web/juminkanja/S2430/initialize?prefCd=33&kikanCd=5330007440&kikanKbn=5", "url2": "https://www.doremi-asahi.com/", "内容": "ドレミ薬局連島店【5:薬局】岡山県倉敷市連島町鶴新田１７３４－５" }, "geometry": { "type": "Point", "coordinates": [ 133.716971, 34.537442 ] } },
{ "type": "Feature", "properties": { "ID": 3355330007450, "正式名称": "みのり薬局辰巳店", "機関区分": 5, "都道府県コード": 33, "市区町村コード": 101, "所在地": "岡山県岡山市北区辰巳７－１１１", "緯度": 34.641956, "経度": 133.889824, "url": "https://www.iryou.teikyouseido.mhlw.go.jp/znk-web/juminkanja/S2430/initialize?prefCd=33&kikanCd=5330007450&kikanKbn=5", "url2": "http://www.kasumi-drug.com/", "内容": "みのり薬局辰巳店【5:薬局】岡山県岡山市北区辰巳７－１１１" }, "geometry": { "type": "Point", "coordinates": [ 133.889824, 34.641956 ] } },
{ "type": "Feature", "properties": { "ID": 3355330007460, "正式名称": "きたぞの薬局　河辺店", "機関区分": 5, "都道府県コード": 33, "市区町村コード": 203, "所在地": "岡山県津山市河辺７６９－１", "緯度": 35.064617, "経度": 134.050716, "url": "https://www.iryou.teikyouseido.mhlw.go.jp/znk-web/juminkanja/S2430/initialize?prefCd=33&kikanCd=5330007460&kikanKbn=5", "url2": "http://kitazono-phar.co.jp/", "内容": "きたぞの薬局　河辺店【5:薬局】岡山県津山市河辺７６９－１" }, "geometry": { "type": "Point", "coordinates": [ 134.050716, 35.064617 ] } },
{ "type": "Feature", "properties": { "ID": 3355330007470, "正式名称": "ハートライフ薬局松島店", "機関区分": 5, "都道府県コード": 33, "市区町村コード": 202, "所在地": "岡山県倉敷市松島１１００－１", "緯度": 34.627743, "経度": 133.805019, "url": "https://www.iryou.teikyouseido.mhlw.go.jp/znk-web/juminkanja/S2430/initialize?prefCd=33&kikanCd=5330007470&kikanKbn=5", "url2": "http://hl810.jp", "内容": "ハートライフ薬局松島店【5:薬局】岡山県倉敷市松島１１００－１" }, "geometry": { "type": "Point", "coordinates": [ 133.805019, 34.627743 ] } },
{ "type": "Feature", "properties": { "ID": 3355330007480, "正式名称": "マスカット薬局　穂浪店", "機関区分": 5, "都道府県コード": 33, "市区町村コード": 211, "所在地": "岡山県備前市穂浪２８３５－９", "緯度": 34.731875, "経度": 134.222026, "url": "https://www.iryou.teikyouseido.mhlw.go.jp/znk-web/juminkanja/S2430/initialize?prefCd=33&kikanCd=5330007480&kikanKbn=5", "url2": "https://muscat-pharmacy.jp/", "内容": "マスカット薬局　穂浪店【5:薬局】岡山県備前市穂浪２８３５－９" }, "geometry": { "type": "Point", "coordinates": [ 134.222026, 34.731875 ] } },
{ "type": "Feature", "properties": { "ID": 3355330007490, "正式名称": "ひなた薬局番町店", "機関区分": 5, "都道府県コード": 33, "市区町村コード": 101, "所在地": "岡山県岡山市北区広瀬町１－２８", "緯度": 34.675101, "経度": 133.926713, "url": "https://www.iryou.teikyouseido.mhlw.go.jp/znk-web/juminkanja/S2430/initialize?prefCd=33&kikanCd=5330007490&kikanKbn=5", "url2": null, "内容": "ひなた薬局番町店【5:薬局】岡山県岡山市北区広瀬町１－２８" }, "geometry": { "type": "Point", "coordinates": [ 133.926713, 34.675101 ] } },
{ "type": "Feature", "properties": { "ID": 3355330007500, "正式名称": "おかやま薬局御津店", "機関区分": 5, "都道府県コード": 33, "市区町村コード": 101, "所在地": "岡山県岡山市北区御津野々口３７８－９", "緯度": 34.765518, "経度": 133.926129, "url": "https://www.iryou.teikyouseido.mhlw.go.jp/znk-web/juminkanja/S2430/initialize?prefCd=33&kikanCd=5330007500&kikanKbn=5", "url2": "http://www.okai-medical.com/", "内容": "おかやま薬局御津店【5:薬局】岡山県岡山市北区御津野々口３７８－９" }, "geometry": { "type": "Point", "coordinates": [ 133.926129, 34.765518 ] } },
{ "type": "Feature", "properties": { "ID": 3355330007510, "正式名称": "れんげ薬局", "機関区分": 5, "都道府県コード": 33, "市区町村コード": 208, "所在地": "岡山県総社市中央６－１５－１１９", "緯度": 34.666922, "経度": 133.746721, "url": "https://www.iryou.teikyouseido.mhlw.go.jp/znk-web/juminkanja/S2430/initialize?prefCd=33&kikanCd=5330007510&kikanKbn=5", "url2": "https://www.tsnishicho.com/", "内容": "れんげ薬局【5:薬局】岡山県総社市中央６－１５－１１９" }, "geometry": { "type": "Point", "coordinates": [ 133.746721, 34.666922 ] } },
{ "type": "Feature", "properties": { "ID": 3355330007520, "正式名称": "Ｅ薬局西川原店", "機関区分": 5, "都道府県コード": 33, "市区町村コード": 102, "所在地": "岡山県岡山市中区西川原１３５－１", "緯度": 34.679269, "経度": 133.942748, "url": "https://www.iryou.teikyouseido.mhlw.go.jp/znk-web/juminkanja/S2430/initialize?prefCd=33&kikanCd=5330007520&kikanKbn=5", "url2": "https://mo4mo4.com", "内容": "Ｅ薬局西川原店【5:薬局】岡山県岡山市中区西川原１３５－１" }, "geometry": { "type": "Point", "coordinates": [ 133.942748, 34.679269 ] } },
{ "type": "Feature", "properties": { "ID": 3355330007530, "正式名称": "みどり薬局", "機関区分": 5, "都道府県コード": 33, "市区町村コード": 214, "所在地": "岡山県真庭市下方５８４－１", "緯度": 35.009148, "経度": 133.734599, "url": "https://www.iryou.teikyouseido.mhlw.go.jp/znk-web/juminkanja/S2430/initialize?prefCd=33&kikanCd=5330007530&kikanKbn=5", "url2": "https://3life-ph.com/", "内容": "みどり薬局【5:薬局】岡山県真庭市下方５８４－１" }, "geometry": { "type": "Point", "coordinates": [ 133.734599, 35.009148 ] } },
{ "type": "Feature", "properties": { "ID": 3355330007540, "正式名称": "ゆずりは薬局青江店", "機関区分": 5, "都道府県コード": 33, "市区町村コード": 101, "所在地": "岡山県岡山市北区青江１丁目２２－２２", "緯度": 34.632516, "経度": 133.916998, "url": "https://www.iryou.teikyouseido.mhlw.go.jp/znk-web/juminkanja/S2430/initialize?prefCd=33&kikanCd=5330007540&kikanKbn=5", "url2": "http://yuzuriha-mj.jp/", "内容": "ゆずりは薬局青江店【5:薬局】岡山県岡山市北区青江１丁目２２－２２" }, "geometry": { "type": "Point", "coordinates": [ 133.916998, 34.632516 ] } },
{ "type": "Feature", "properties": { "ID": 3355330007550, "正式名称": "岡山平成薬局操南店", "機関区分": 5, "都道府県コード": 33, "市区町村コード": 102, "所在地": "岡山県岡山市中区藤崎１３６－２４", "緯度": 34.63091, "経度": 133.96893, "url": "https://www.iryou.teikyouseido.mhlw.go.jp/znk-web/juminkanja/S2430/initialize?prefCd=33&kikanCd=5330007550&kikanKbn=5", "url2": "http://okayama-heisei.com", "内容": "岡山平成薬局操南店【5:薬局】岡山県岡山市中区藤崎１３６－２４" }, "geometry": { "type": "Point", "coordinates": [ 133.96893, 34.63091 ] } },
{ "type": "Feature", "properties": { "ID": 3355330007560, "正式名称": "いほり薬局帯高店", "機関区分": 5, "都道府県コード": 33, "市区町村コード": 202, "所在地": "岡山県倉敷市帯高１６０－２", "緯度": 34.57893, "経度": 133.817316, "url": "https://www.iryou.teikyouseido.mhlw.go.jp/znk-web/juminkanja/S2430/initialize?prefCd=33&kikanCd=5330007560&kikanKbn=5", "url2": null, "内容": "いほり薬局帯高店【5:薬局】岡山県倉敷市帯高１６０－２" }, "geometry": { "type": "Point", "coordinates": [ 133.817316, 34.57893 ] } },
{ "type": "Feature", "properties": { "ID": 3355330007570, "正式名称": "ささおき薬局", "機関区分": 5, "都道府県コード": 33, "市区町村コード": 202, "所在地": "岡山県倉敷市笹沖１３２９－１", "緯度": 34.581274, "経度": 133.76959, "url": "https://www.iryou.teikyouseido.mhlw.go.jp/znk-web/juminkanja/S2430/initialize?prefCd=33&kikanCd=5330007570&kikanKbn=5", "url2": null, "内容": "ささおき薬局【5:薬局】岡山県倉敷市笹沖１３２９－１" }, "geometry": { "type": "Point", "coordinates": [ 133.76959, 34.581274 ] } },
{ "type": "Feature", "properties": { "ID": 3355330007590, "正式名称": "のぞみ薬局　ひがし店", "機関区分": 5, "都道府県コード": 33, "市区町村コード": 203, "所在地": "岡山県津山市高野本郷１４３５－１６", "緯度": 35.071693, "経度": 134.056133, "url": "https://www.iryou.teikyouseido.mhlw.go.jp/znk-web/juminkanja/S2430/initialize?prefCd=33&kikanCd=5330007590&kikanKbn=5", "url2": "http://www.nozomi-ph.com/", "内容": "のぞみ薬局　ひがし店【5:薬局】岡山県津山市高野本郷１４３５－１６" }, "geometry": { "type": "Point", "coordinates": [ 134.056133, 35.071693 ] } },
{ "type": "Feature", "properties": { "ID": 3355330007600, "正式名称": "さくら薬局　瀬戸内邑久店", "機関区分": 5, "都道府県コード": 33, "市区町村コード": 212, "所在地": "岡山県瀬戸内市邑久町豊原３３９－２", "緯度": 34.657093, "経度": 134.088487, "url": "https://www.iryou.teikyouseido.mhlw.go.jp/znk-web/juminkanja/S2430/initialize?prefCd=33&kikanCd=5330007600&kikanKbn=5", "url2": "https://www.kraft-net.co.jp/sakura/store/4229/", "内容": "さくら薬局　瀬戸内邑久店【5:薬局】岡山県瀬戸内市邑久町豊原３３９－２" }, "geometry": { "type": "Point", "coordinates": [ 134.088487, 34.657093 ] } },
{ "type": "Feature", "properties": { "ID": 3355330007610, "正式名称": "株式会社ダテ薬局田井店", "機関区分": 5, "都道府県コード": 33, "市区町村コード": 204, "所在地": "岡山県玉野市田井３－２－１２", "緯度": 34.514994, "経度": 133.945003, "url": "https://www.iryou.teikyouseido.mhlw.go.jp/znk-web/juminkanja/S2430/initialize?prefCd=33&kikanCd=5330007610&kikanKbn=5", "url2": "https://date-yakkyoku.com/", "内容": "株式会社ダテ薬局田井店【5:薬局】岡山県玉野市田井３－２－１２" }, "geometry": { "type": "Point", "coordinates": [ 133.945003, 34.514994 ] } },
{ "type": "Feature", "properties": { "ID": 3355330007620, "正式名称": "さくら薬局　長船店", "機関区分": 5, "都道府県コード": 33, "市区町村コード": 212, "所在地": "岡山県瀬戸内市長船町土師１２１２－６", "緯度": 34.696546, "経度": 134.118276, "url": "https://www.iryou.teikyouseido.mhlw.go.jp/znk-web/juminkanja/S2430/initialize?prefCd=33&kikanCd=5330007620&kikanKbn=5", "url2": "https://smilesakura.kuunetthp.jp", "内容": "さくら薬局　長船店【5:薬局】岡山県瀬戸内市長船町土師１２１２－６" }, "geometry": { "type": "Point", "coordinates": [ 134.118276, 34.696546 ] } },
{ "type": "Feature", "properties": { "ID": 3355330007630, "正式名称": "サカエ薬局柳川店", "機関区分": 5, "都道府県コード": 33, "市区町村コード": 101, "所在地": "岡山県岡山市北区中山下１丁目１－１グレースタワーⅢ１００－ａ", "緯度": 34.665378, "経度": 133.926878, "url": "https://www.iryou.teikyouseido.mhlw.go.jp/znk-web/juminkanja/S2430/initialize?prefCd=33&kikanCd=5330007630&kikanKbn=5", "url2": "https://medicament.co.jp/", "内容": "サカエ薬局柳川店【5:薬局】岡山県岡山市北区中山下１丁目１－１グレースタワーⅢ１００－ａ" }, "geometry": { "type": "Point", "coordinates": [ 133.926878, 34.665378 ] } },
{ "type": "Feature", "properties": { "ID": 3355330007640, "正式名称": "アイン薬局岡山江崎店", "機関区分": 5, "都道府県コード": 33, "市区町村コード": 102, "所在地": "岡山県岡山市中区江崎４５５－１２", "緯度": 34.624258, "経度": 133.963306, "url": "https://www.iryou.teikyouseido.mhlw.go.jp/znk-web/juminkanja/S2430/initialize?prefCd=33&kikanCd=5330007640&kikanKbn=5", "url2": null, "内容": "アイン薬局岡山江崎店【5:薬局】岡山県岡山市中区江崎４５５－１２" }, "geometry": { "type": "Point", "coordinates": [ 133.963306, 34.624258 ] } },
{ "type": "Feature", "properties": { "ID": 3355330007650, "正式名称": "そうごう薬局福渡店", "機関区分": 5, "都道府県コード": 33, "市区町村コード": 101, "所在地": "岡山県岡山市北区建部町福渡１００４－１", "緯度": 34.865043, "経度": 133.906629, "url": "https://www.iryou.teikyouseido.mhlw.go.jp/znk-web/juminkanja/S2430/initialize?prefCd=33&kikanCd=5330007650&kikanKbn=5", "url2": null, "内容": "そうごう薬局福渡店【5:薬局】岡山県岡山市北区建部町福渡１００４－１" }, "geometry": { "type": "Point", "coordinates": [ 133.906629, 34.865043 ] } },
{ "type": "Feature", "properties": { "ID": 3355330007660, "正式名称": "就実大学薬学部附属薬局", "機関区分": 5, "都道府県コード": 33, "市区町村コード": 101, "所在地": "岡山県岡山市北区田益１２９１－１", "緯度": 34.710517, "経度": 133.900693, "url": "https://www.iryou.teikyouseido.mhlw.go.jp/znk-web/juminkanja/S2430/initialize?prefCd=33&kikanCd=5330007660&kikanKbn=5", "url2": "http://kusuri.shujitsu.ac.jp/", "内容": "就実大学薬学部附属薬局【5:薬局】岡山県岡山市北区田益１２９１－１" }, "geometry": { "type": "Point", "coordinates": [ 133.900693, 34.710517 ] } },
{ "type": "Feature", "properties": { "ID": 3355330007670, "正式名称": "あおば薬局", "機関区分": 5, "都道府県コード": 33, "市区町村コード": 203, "所在地": "岡山県津山市宮尾２８５－２１", "緯度": 35.055505, "経度": 133.9336, "url": "https://www.iryou.teikyouseido.mhlw.go.jp/znk-web/juminkanja/S2430/initialize?prefCd=33&kikanCd=5330007670&kikanKbn=5", "url2": "https://3life-ph.com/", "内容": "あおば薬局【5:薬局】岡山県津山市宮尾２８５－２１" }, "geometry": { "type": "Point", "coordinates": [ 133.9336, 35.055505 ] } },
{ "type": "Feature", "properties": { "ID": 3355330007680, "正式名称": "今田薬局", "機関区分": 5, "都道府県コード": 33, "市区町村コード": 103, "所在地": "岡山県岡山市東区西大寺中１－２－２", "緯度": 34.65394, "経度": 134.031874, "url": "https://www.iryou.teikyouseido.mhlw.go.jp/znk-web/juminkanja/S2430/initialize?prefCd=33&kikanCd=5330007680&kikanKbn=5", "url2": null, "内容": "今田薬局【5:薬局】岡山県岡山市東区西大寺中１－２－２" }, "geometry": { "type": "Point", "coordinates": [ 134.031874, 34.65394 ] } },
{ "type": "Feature", "properties": { "ID": 3355330007690, "正式名称": "イオン薬局イオンスタイル岡山青江", "機関区分": 5, "都道府県コード": 33, "市区町村コード": 101, "所在地": "岡山県岡山市北区青江二丁目７－１１", "緯度": 34.633205, "経度": 133.920129, "url": "https://www.iryou.teikyouseido.mhlw.go.jp/znk-web/juminkanja/S2430/initialize?prefCd=33&kikanCd=5330007690&kikanKbn=5", "url2": null, "内容": "イオン薬局イオンスタイル岡山青江【5:薬局】岡山県岡山市北区青江二丁目７－１１" }, "geometry": { "type": "Point", "coordinates": [ 133.920129, 34.633205 ] } },
{ "type": "Feature", "properties": { "ID": 3355330007700, "正式名称": "ザグザグ薬局福富店", "機関区分": 5, "都道府県コード": 33, "市区町村コード": 104, "所在地": "岡山県岡山市南区豊成三丁目２２－１８", "緯度": 34.624805, "経度": 133.927871, "url": "https://www.iryou.teikyouseido.mhlw.go.jp/znk-web/juminkanja/S2430/initialize?prefCd=33&kikanCd=5330007700&kikanKbn=5", "url2": "http://www.zagzag.co.jp/", "内容": "ザグザグ薬局福富店【5:薬局】岡山県岡山市南区豊成三丁目２２－１８" }, "geometry": { "type": "Point", "coordinates": [ 133.927871, 34.624805 ] } },
{ "type": "Feature", "properties": { "ID": 3355330007720, "正式名称": "もも薬局岡山南店", "機関区分": 5, "都道府県コード": 33, "市区町村コード": 104, "所在地": "岡山県岡山市南区宗津９２９－３", "緯度": 34.537799, "経度": 133.87252, "url": "https://www.iryou.teikyouseido.mhlw.go.jp/znk-web/juminkanja/S2430/initialize?prefCd=33&kikanCd=5330007720&kikanKbn=5", "url2": null, "内容": "もも薬局岡山南店【5:薬局】岡山県岡山市南区宗津９２９－３" }, "geometry": { "type": "Point", "coordinates": [ 133.87252, 34.537799 ] } },
{ "type": "Feature", "properties": { "ID": 3355330007730, "正式名称": "やまかわ薬局内山下店", "機関区分": 5, "都道府県コード": 33, "市区町村コード": 101, "所在地": "岡山県岡山市北区内山下二丁目１－１４", "緯度": 34.662038, "経度": 133.932855, "url": "https://www.iryou.teikyouseido.mhlw.go.jp/znk-web/juminkanja/S2430/initialize?prefCd=33&kikanCd=5330007730&kikanKbn=5", "url2": "http://yamakawa-pharm.jp/", "内容": "やまかわ薬局内山下店【5:薬局】岡山県岡山市北区内山下二丁目１－１４" }, "geometry": { "type": "Point", "coordinates": [ 133.932855, 34.662038 ] } },
{ "type": "Feature", "properties": { "ID": 3355330007740, "正式名称": "なでしこ薬局", "機関区分": 5, "都道府県コード": 33, "市区町村コード": 214, "所在地": "岡山県真庭市中４４８－１", "緯度": 35.060827, "経度": 133.751936, "url": "https://www.iryou.teikyouseido.mhlw.go.jp/znk-web/juminkanja/S2430/initialize?prefCd=33&kikanCd=5330007740&kikanKbn=5", "url2": null, "内容": "なでしこ薬局【5:薬局】岡山県真庭市中４４８－１" }, "geometry": { "type": "Point", "coordinates": [ 133.751936, 35.060827 ] } },
{ "type": "Feature", "properties": { "ID": 3355330007750, "正式名称": "富永薬局　並木町店", "機関区分": 5, "都道府県コード": 33, "市区町村コード": 104, "所在地": "岡山県岡山市南区並木町２丁目２７－７", "緯度": 34.610441, "経度": 133.938967, "url": "https://www.iryou.teikyouseido.mhlw.go.jp/znk-web/juminkanja/S2430/initialize?prefCd=33&kikanCd=5330007750&kikanKbn=5", "url2": "https://kusuriya.co.jp/", "内容": "富永薬局　並木町店【5:薬局】岡山県岡山市南区並木町２丁目２７－７" }, "geometry": { "type": "Point", "coordinates": [ 133.938967, 34.610441 ] } },
{ "type": "Feature", "properties": { "ID": 3355330007760, "正式名称": "大高薬局", "機関区分": 5, "都道府県コード": 33, "市区町村コード": 202, "所在地": "岡山県倉敷市老松町５丁目５８８－１", "緯度": 34.59569, "経度": 133.756122, "url": "https://www.iryou.teikyouseido.mhlw.go.jp/znk-web/juminkanja/S2430/initialize?prefCd=33&kikanCd=5330007760&kikanKbn=5", "url2": null, "内容": "大高薬局【5:薬局】岡山県倉敷市老松町５丁目５８８－１" }, "geometry": { "type": "Point", "coordinates": [ 133.756122, 34.59569 ] } },
{ "type": "Feature", "properties": { "ID": 3355330007770, "正式名称": "スマイル薬局きびじ店", "機関区分": 5, "都道府県コード": 33, "市区町村コード": 208, "所在地": "岡山県総社市岡谷３３９－１", "緯度": 34.660441, "経度": 133.775959, "url": "https://www.iryou.teikyouseido.mhlw.go.jp/znk-web/juminkanja/S2430/initialize?prefCd=33&kikanCd=5330007770&kikanKbn=5", "url2": null, "内容": "スマイル薬局きびじ店【5:薬局】岡山県総社市岡谷３３９－１" }, "geometry": { "type": "Point", "coordinates": [ 133.775959, 34.660441 ] } },
{ "type": "Feature", "properties": { "ID": 3355330007780, "正式名称": "やっこ薬局", "機関区分": 5, "都道府県コード": 33, "市区町村コード": 203, "所在地": "岡山県津山市南新座１０４番地２", "緯度": 35.058322, "経度": 133.997171, "url": "https://www.iryou.teikyouseido.mhlw.go.jp/znk-web/juminkanja/S2430/initialize?prefCd=33&kikanCd=5330007780&kikanKbn=5", "url2": "https://www.marinegroup.jp/detail/%E3%82%84%E3%81%A3%E3%81%93%E8%96%AC%E5%B1%80", "内容": "やっこ薬局【5:薬局】岡山県津山市南新座１０４番地２" }, "geometry": { "type": "Point", "coordinates": [ 133.997171, 35.058322 ] } },
{ "type": "Feature", "properties": { "ID": 3355330007790, "正式名称": "フロンティア薬局江崎店", "機関区分": 5, "都道府県コード": 33, "市区町村コード": 102, "所在地": "岡山県岡山市中区江崎１０４－２６", "緯度": 34.627809, "経度": 133.961734, "url": "https://www.iryou.teikyouseido.mhlw.go.jp/znk-web/juminkanja/S2430/initialize?prefCd=33&kikanCd=5330007790&kikanKbn=5", "url2": "https://www.frontier-ph.com/area/frontier-ph-esaki-store/", "内容": "フロンティア薬局江崎店【5:薬局】岡山県岡山市中区江崎１０４－２６" }, "geometry": { "type": "Point", "coordinates": [ 133.961734, 34.627809 ] } },
{ "type": "Feature", "properties": { "ID": 3355330007800, "正式名称": "金光薬局　水島神田店", "機関区分": 5, "都道府県コード": 33, "市区町村コード": 202, "所在地": "岡山県倉敷市神田１丁目５－１４", "緯度": 34.537355, "経度": 133.736607, "url": "https://www.iryou.teikyouseido.mhlw.go.jp/znk-web/juminkanja/S2430/initialize?prefCd=33&kikanCd=5330007800&kikanKbn=5", "url2": "https://www.kanamitsu.com/index.html", "内容": "金光薬局　水島神田店【5:薬局】岡山県倉敷市神田１丁目５－１４" }, "geometry": { "type": "Point", "coordinates": [ 133.736607, 34.537355 ] } },
{ "type": "Feature", "properties": { "ID": 3355330007810, "正式名称": "サカエ薬局瀬戸内店", "機関区分": 5, "都道府県コード": 33, "市区町村コード": 212, "所在地": "岡山県瀬戸内市邑久町山田庄８４５番地１", "緯度": 34.665457, "経度": 134.100734, "url": "https://www.iryou.teikyouseido.mhlw.go.jp/znk-web/juminkanja/S2430/initialize?prefCd=33&kikanCd=5330007810&kikanKbn=5", "url2": "https://medicament.co.jp/", "内容": "サカエ薬局瀬戸内店【5:薬局】岡山県瀬戸内市邑久町山田庄８４５番地１" }, "geometry": { "type": "Point", "coordinates": [ 134.100734, 34.665457 ] } },
{ "type": "Feature", "properties": { "ID": 3355330007820, "正式名称": "きび薬局　真備店", "機関区分": 5, "都道府県コード": 33, "市区町村コード": 202, "所在地": "岡山県倉敷市真備町有井６２－１", "緯度": 34.636573, "経度": 133.707582, "url": "https://www.iryou.teikyouseido.mhlw.go.jp/znk-web/juminkanja/S2430/initialize?prefCd=33&kikanCd=5330007820&kikanKbn=5", "url2": null, "内容": "きび薬局　真備店【5:薬局】岡山県倉敷市真備町有井６２－１" }, "geometry": { "type": "Point", "coordinates": [ 133.707582, 34.636573 ] } },
{ "type": "Feature", "properties": { "ID": 3355330007830, "正式名称": "金光薬局　倉敷福島店", "機関区分": 5, "都道府県コード": 33, "市区町村コード": 202, "所在地": "岡山県倉敷市黒崎２８－３", "緯度": 34.603858, "経度": 133.786435, "url": "https://www.iryou.teikyouseido.mhlw.go.jp/znk-web/juminkanja/S2430/initialize?prefCd=33&kikanCd=5330007830&kikanKbn=5", "url2": "https://www.welcia-yakkyoku.co.jp/", "内容": "金光薬局　倉敷福島店【5:薬局】岡山県倉敷市黒崎２８－３" }, "geometry": { "type": "Point", "coordinates": [ 133.786435, 34.603858 ] } },
{ "type": "Feature", "properties": { "ID": 3355330007840, "正式名称": "あいの倉薬局", "機関区分": 5, "都道府県コード": 33, "市区町村コード": 202, "所在地": "岡山県倉敷市児島味野６－１－６", "緯度": 34.468267, "経度": 133.799421, "url": "https://www.iryou.teikyouseido.mhlw.go.jp/znk-web/juminkanja/S2430/initialize?prefCd=33&kikanCd=5330007840&kikanKbn=5", "url2": "https://yasudashi.com/", "内容": "あいの倉薬局【5:薬局】岡山県倉敷市児島味野６－１－６" }, "geometry": { "type": "Point", "coordinates": [ 133.799421, 34.468267 ] } },
{ "type": "Feature", "properties": { "ID": 3355330007850, "正式名称": "金光薬局　倉敷新田店", "機関区分": 5, "都道府県コード": 33, "市区町村コード": 202, "所在地": "岡山県倉敷市新田３１４８", "緯度": 34.573837, "経度": 133.779909, "url": "https://www.iryou.teikyouseido.mhlw.go.jp/znk-web/juminkanja/S2430/initialize?prefCd=33&kikanCd=5330007850&kikanKbn=5", "url2": "http://www.welcia-yakkyoku.co.jp/", "内容": "金光薬局　倉敷新田店【5:薬局】岡山県倉敷市新田３１４８" }, "geometry": { "type": "Point", "coordinates": [ 133.779909, 34.573837 ] } },
{ "type": "Feature", "properties": { "ID": 3355330007860, "正式名称": "アイ薬局　阿知店", "機関区分": 5, "都道府県コード": 33, "市区町村コード": 202, "所在地": "岡山県倉敷市阿知２－１５－３", "緯度": 34.600062, "経度": 133.770034, "url": "https://www.iryou.teikyouseido.mhlw.go.jp/znk-web/juminkanja/S2430/initialize?prefCd=33&kikanCd=5330007860&kikanKbn=5", "url2": "https://urapyon.com/company-information/shop/achi/", "内容": "アイ薬局　阿知店【5:薬局】岡山県倉敷市阿知２－１５－３" }, "geometry": { "type": "Point", "coordinates": [ 133.770034, 34.600062 ] } },
{ "type": "Feature", "properties": { "ID": 3355330007870, "正式名称": "アール薬局", "機関区分": 5, "都道府県コード": 33, "市区町村コード": 103, "所在地": "岡山県岡山市東区西大寺松崎１６７－１", "緯度": 34.661705, "経度": 134.012727, "url": "https://www.iryou.teikyouseido.mhlw.go.jp/znk-web/juminkanja/S2430/initialize?prefCd=33&kikanCd=5330007870&kikanKbn=5", "url2": "http://ryakkyoku.co.jp", "内容": "アール薬局【5:薬局】岡山県岡山市東区西大寺松崎１６７－１" }, "geometry": { "type": "Point", "coordinates": [ 134.012727, 34.661705 ] } },
{ "type": "Feature", "properties": { "ID": 3355330007880, "正式名称": "かなで薬局", "機関区分": 5, "都道府県コード": 33, "市区町村コード": 202, "所在地": "岡山県倉敷市玉島１６５１－１", "緯度": 34.552708, "経度": 133.682425, "url": "https://www.iryou.teikyouseido.mhlw.go.jp/znk-web/juminkanja/S2430/initialize?prefCd=33&kikanCd=5330007880&kikanKbn=5", "url2": "https://www.kusurinomadoguchi.com/okayama/s1000131540", "内容": "かなで薬局【5:薬局】岡山県倉敷市玉島１６５１－１" }, "geometry": { "type": "Point", "coordinates": [ 133.682425, 34.552708 ] } },
{ "type": "Feature", "properties": { "ID": 3355330007890, "正式名称": "金光薬局　倉敷中庄店", "機関区分": 5, "都道府県コード": 33, "市区町村コード": 202, "所在地": "岡山県倉敷市松島９７１－１", "緯度": 34.631612, "経度": 133.806426, "url": "https://www.iryou.teikyouseido.mhlw.go.jp/znk-web/juminkanja/S2430/initialize?prefCd=33&kikanCd=5330007890&kikanKbn=5", "url2": "https://store.welcia.co.jp/welcia/spot/detail?code=5904D", "内容": "金光薬局　倉敷中庄店【5:薬局】岡山県倉敷市松島９７１－１" }, "geometry": { "type": "Point", "coordinates": [ 133.806426, 34.631612 ] } },
{ "type": "Feature", "properties": { "ID": 3355330007900, "正式名称": "ウエルシア薬局新見高尾店", "機関区分": 5, "都道府県コード": 33, "市区町村コード": 210, "所在地": "岡山県新見市高尾７８９番地１", "緯度": 34.993722, "経度": 133.450446, "url": "https://www.iryou.teikyouseido.mhlw.go.jp/znk-web/juminkanja/S2430/initialize?prefCd=33&kikanCd=5330007900&kikanKbn=5", "url2": "https://www.welcia-yakkyoku.co.jp/", "内容": "ウエルシア薬局新見高尾店【5:薬局】岡山県新見市高尾７８９番地１" }, "geometry": { "type": "Point", "coordinates": [ 133.450446, 34.993722 ] } },
{ "type": "Feature", "properties": { "ID": 3355330007910, "正式名称": "阪神調剤薬局岡山ハート店", "機関区分": 5, "都道府県コード": 33, "市区町村コード": 102, "所在地": "岡山県岡山市中区竹田５４－５", "緯度": 34.681403, "経度": 133.93946, "url": "https://www.iryou.teikyouseido.mhlw.go.jp/znk-web/juminkanja/S2430/initialize?prefCd=33&kikanCd=5330007910&kikanKbn=5", "url2": null, "内容": "阪神調剤薬局岡山ハート店【5:薬局】岡山県岡山市中区竹田５４－５" }, "geometry": { "type": "Point", "coordinates": [ 133.93946, 34.681403 ] } },
{ "type": "Feature", "properties": { "ID": 3355330007920, "正式名称": "プラス薬局", "機関区分": 5, "都道府県コード": 33, "市区町村コード": 103, "所在地": "岡山県岡山市東区瀬戸町瀬戸１８７－８", "緯度": 34.735915, "経度": 134.039921, "url": "https://www.iryou.teikyouseido.mhlw.go.jp/znk-web/juminkanja/S2430/initialize?prefCd=33&kikanCd=5330007920&kikanKbn=5", "url2": "https://www.yukari-h.co.jp", "内容": "プラス薬局【5:薬局】岡山県岡山市東区瀬戸町瀬戸１８７－８" }, "geometry": { "type": "Point", "coordinates": [ 134.039921, 34.735915 ] } },
{ "type": "Feature", "properties": { "ID": 3355330007940, "正式名称": "茶屋町薬局", "機関区分": 5, "都道府県コード": 33, "市区町村コード": 202, "所在地": "岡山県倉敷市茶屋町２１０２－１", "緯度": 34.583679, "経度": 133.824119, "url": "https://www.iryou.teikyouseido.mhlw.go.jp/znk-web/juminkanja/S2430/initialize?prefCd=33&kikanCd=5330007940&kikanKbn=5", "url2": "https://www.tsnishicho.com/%E5%BA%97%E8%88%97%E6%A1%88%E5%86%85/%E8%8C%B6%E5%B1%8B%E7%94%BA%E8%96%AC%E5%B1%80/", "内容": "茶屋町薬局【5:薬局】岡山県倉敷市茶屋町２１０２－１" }, "geometry": { "type": "Point", "coordinates": [ 133.824119, 34.583679 ] } },
{ "type": "Feature", "properties": { "ID": 3355330007950, "正式名称": "ザグザグ薬局笹沖店", "機関区分": 5, "都道府県コード": 33, "市区町村コード": 202, "所在地": "岡山県倉敷市笹沖４７１", "緯度": 34.575135, "経度": 133.769909, "url": "https://www.iryou.teikyouseido.mhlw.go.jp/znk-web/juminkanja/S2430/initialize?prefCd=33&kikanCd=5330007950&kikanKbn=5", "url2": "http://www.zagzag.co.jp/", "内容": "ザグザグ薬局笹沖店【5:薬局】岡山県倉敷市笹沖４７１" }, "geometry": { "type": "Point", "coordinates": [ 133.769909, 34.575135 ] } },
{ "type": "Feature", "properties": { "ID": 3355330007960, "正式名称": "児島ハーブ薬局", "機関区分": 5, "都道府県コード": 33, "市区町村コード": 202, "所在地": "岡山県倉敷市児島阿津１－７－２２", "緯度": 34.45665, "経度": 133.804764, "url": "https://www.iryou.teikyouseido.mhlw.go.jp/znk-web/juminkanja/S2430/initialize?prefCd=33&kikanCd=5330007960&kikanKbn=5", "url2": "https://ks-office.group/", "内容": "児島ハーブ薬局【5:薬局】岡山県倉敷市児島阿津１－７－２２" }, "geometry": { "type": "Point", "coordinates": [ 133.804764, 34.45665 ] } },
{ "type": "Feature", "properties": { "ID": 3355330007970, "正式名称": "あおぞら薬局　大元店", "機関区分": 5, "都道府県コード": 33, "市区町村コード": 101, "所在地": "岡山県岡山市北区大元上町１４－２５　スタック３ビル１階", "緯度": 34.649016, "経度": 133.898916, "url": "https://www.iryou.teikyouseido.mhlw.go.jp/znk-web/juminkanja/S2430/initialize?prefCd=33&kikanCd=5330007970&kikanKbn=5", "url2": "https://www.opa.or.jp/yakkyoku/hokenyakkyoku/?pharmacy=0116627&page=74&ky=", "内容": "あおぞら薬局　大元店【5:薬局】岡山県岡山市北区大元上町１４－２５　スタック３ビル１階" }, "geometry": { "type": "Point", "coordinates": [ 133.898916, 34.649016 ] } },
{ "type": "Feature", "properties": { "ID": 3355330007980, "正式名称": "なかい薬局", "機関区分": 5, "都道府県コード": 33, "市区町村コード": 102, "所在地": "岡山県岡山市中区中井４４３－５", "緯度": 34.687937, "経度": 133.958161, "url": "https://www.iryou.teikyouseido.mhlw.go.jp/znk-web/juminkanja/S2430/initialize?prefCd=33&kikanCd=5330007980&kikanKbn=5", "url2": null, "内容": "なかい薬局【5:薬局】岡山県岡山市中区中井４４３－５" }, "geometry": { "type": "Point", "coordinates": [ 133.958161, 34.687937 ] } },
{ "type": "Feature", "properties": { "ID": 3355330007990, "正式名称": "リード薬局", "機関区分": 5, "都道府県コード": 33, "市区町村コード": 101, "所在地": "岡山県岡山市北区西古松西町８－１７", "緯度": 34.648218, "経度": 133.902898, "url": "https://www.iryou.teikyouseido.mhlw.go.jp/znk-web/juminkanja/S2430/initialize?prefCd=33&kikanCd=5330007990&kikanKbn=5", "url2": null, "内容": "リード薬局【5:薬局】岡山県岡山市北区西古松西町８－１７" }, "geometry": { "type": "Point", "coordinates": [ 133.902898, 34.648218 ] } },
{ "type": "Feature", "properties": { "ID": 3355330008000, "正式名称": "やまかわ薬局　楢津店", "機関区分": 5, "都道府県コード": 33, "市区町村コード": 101, "所在地": "岡山県岡山市北区楢津６６－３", "緯度": 34.684987, "経度": 133.884036, "url": "https://www.iryou.teikyouseido.mhlw.go.jp/znk-web/juminkanja/S2430/initialize?prefCd=33&kikanCd=5330008000&kikanKbn=5", "url2": "http://yamakawa-pharm.jp/", "内容": "やまかわ薬局　楢津店【5:薬局】岡山県岡山市北区楢津６６－３" }, "geometry": { "type": "Point", "coordinates": [ 133.884036, 34.684987 ] } },
{ "type": "Feature", "properties": { "ID": 3355330008010, "正式名称": "津山薬局南新座店", "機関区分": 5, "都道府県コード": 33, "市区町村コード": 203, "所在地": "岡山県津山市南新座１７－４", "緯度": 35.058548, "経度": 133.996843, "url": "https://www.iryou.teikyouseido.mhlw.go.jp/znk-web/juminkanja/S2430/initialize?prefCd=33&kikanCd=5330008010&kikanKbn=5", "url2": "http://tsuyama-chouzai.co.jp/shop/minami-niiza/", "内容": "津山薬局南新座店【5:薬局】岡山県津山市南新座１７－４" }, "geometry": { "type": "Point", "coordinates": [ 133.996843, 35.058548 ] } },
{ "type": "Feature", "properties": { "ID": 3355330008020, "正式名称": "アイン薬局岡大病院店", "機関区分": 5, "都道府県コード": 33, "市区町村コード": 101, "所在地": "岡山県岡山市北区鹿田町２－５－１", "緯度": 34.651802, "経度": 133.920769, "url": "https://www.iryou.teikyouseido.mhlw.go.jp/znk-web/juminkanja/S2430/initialize?prefCd=33&kikanCd=5330008020&kikanKbn=5", "url2": "https://www.ainj.co.jp/", "内容": "アイン薬局岡大病院店【5:薬局】岡山県岡山市北区鹿田町２－５－１" }, "geometry": { "type": "Point", "coordinates": [ 133.920769, 34.651802 ] } },
{ "type": "Feature", "properties": { "ID": 3355330008030, "正式名称": "阪神調剤薬局岡山大学病院前店", "機関区分": 5, "都道府県コード": 33, "市区町村コード": 101, "所在地": "岡山県岡山市北区鹿田町２－５－１", "緯度": 34.649093, "経度": 133.919719, "url": "https://www.iryou.teikyouseido.mhlw.go.jp/znk-web/juminkanja/S2430/initialize?prefCd=33&kikanCd=5330008030&kikanKbn=5", "url2": null, "内容": "阪神調剤薬局岡山大学病院前店【5:薬局】岡山県岡山市北区鹿田町２－５－１" }, "geometry": { "type": "Point", "coordinates": [ 133.919719, 34.649093 ] } },
{ "type": "Feature", "properties": { "ID": 3355330008040, "正式名称": "おざき薬局笹沖店", "機関区分": 5, "都道府県コード": 33, "市区町村コード": 202, "所在地": "岡山県倉敷市笹沖１６３－１５", "緯度": 34.572039, "経度": 133.766085, "url": "https://www.iryou.teikyouseido.mhlw.go.jp/znk-web/juminkanja/S2430/initialize?prefCd=33&kikanCd=5330008040&kikanKbn=5", "url2": "http://ozaki-pharmacy.sakura.ne.jp/", "内容": "おざき薬局笹沖店【5:薬局】岡山県倉敷市笹沖１６３－１５" }, "geometry": { "type": "Point", "coordinates": [ 133.766085, 34.572039 ] } },
{ "type": "Feature", "properties": { "ID": 3355330008050, "正式名称": "サカエ薬局西大寺南店", "機関区分": 5, "都道府県コード": 33, "市区町村コード": 103, "所在地": "岡山県岡山市東区西大寺南２－１－４６", "緯度": 34.652207, "経度": 134.031829, "url": "https://www.iryou.teikyouseido.mhlw.go.jp/znk-web/juminkanja/S2430/initialize?prefCd=33&kikanCd=5330008050&kikanKbn=5", "url2": "https://medicament.co.jp/office/sakae-saidaijiminami", "内容": "サカエ薬局西大寺南店【5:薬局】岡山県岡山市東区西大寺南２－１－４６" }, "geometry": { "type": "Point", "coordinates": [ 134.031829, 34.652207 ] } },
{ "type": "Feature", "properties": { "ID": 3355330008060, "正式名称": "あおぞら薬局平田店", "機関区分": 5, "都道府県コード": 33, "市区町村コード": 101, "所在地": "岡山県岡山市北区平田１１１－１０４", "緯度": 34.636108, "経度": 133.886678, "url": "https://www.iryou.teikyouseido.mhlw.go.jp/znk-web/juminkanja/S2430/initialize?prefCd=33&kikanCd=5330008060&kikanKbn=5", "url2": null, "内容": "あおぞら薬局平田店【5:薬局】岡山県岡山市北区平田１１１－１０４" }, "geometry": { "type": "Point", "coordinates": [ 133.886678, 34.636108 ] } },
{ "type": "Feature", "properties": { "ID": 3355330008070, "正式名称": "エスマイル薬局おおふく店", "機関区分": 5, "都道府県コード": 33, "市区町村コード": 104, "所在地": "岡山県岡山市南区大福３９３－１", "緯度": 34.619709, "経度": 133.873394, "url": "https://www.iryou.teikyouseido.mhlw.go.jp/znk-web/juminkanja/S2430/initialize?prefCd=33&kikanCd=5330008070&kikanKbn=5", "url2": null, "内容": "エスマイル薬局おおふく店【5:薬局】岡山県岡山市南区大福３９３－１" }, "geometry": { "type": "Point", "coordinates": [ 133.873394, 34.619709 ] } },
{ "type": "Feature", "properties": { "ID": 3355330008080, "正式名称": "すさい薬局", "機関区分": 5, "都道府県コード": 33, "市区町村コード": 213, "所在地": "岡山県赤磐市周匝７２８－４", "緯度": 34.91874, "経度": 134.094041, "url": "https://www.iryou.teikyouseido.mhlw.go.jp/znk-web/juminkanja/S2430/initialize?prefCd=33&kikanCd=5330008080&kikanKbn=5", "url2": "https://misato-ph.site/", "内容": "すさい薬局【5:薬局】岡山県赤磐市周匝７２８－４" }, "geometry": { "type": "Point", "coordinates": [ 134.094041, 34.91874 ] } },
{ "type": "Feature", "properties": { "ID": 3355330008090, "正式名称": "庄薬局", "機関区分": 5, "都道府県コード": 33, "市区町村コード": 202, "所在地": "岡山県倉敷市上東６６０－５", "緯度": 34.646386, "経度": 133.827287, "url": "https://www.iryou.teikyouseido.mhlw.go.jp/znk-web/juminkanja/S2430/initialize?prefCd=33&kikanCd=5330008090&kikanKbn=5", "url2": null, "内容": "庄薬局【5:薬局】岡山県倉敷市上東６６０－５" }, "geometry": { "type": "Point", "coordinates": [ 133.827287, 34.646386 ] } },
{ "type": "Feature", "properties": { "ID": 3355330008100, "正式名称": "ファーマシィ薬局たかや", "機関区分": 5, "都道府県コード": 33, "市区町村コード": 207, "所在地": "岡山県井原市高屋町２４６－１", "緯度": 34.579616, "経度": 133.427003, "url": "https://www.iryou.teikyouseido.mhlw.go.jp/znk-web/juminkanja/S2430/initialize?prefCd=33&kikanCd=5330008100&kikanKbn=5", "url2": "http://www.pharmacy-net.co.jp", "内容": "ファーマシィ薬局たかや【5:薬局】岡山県井原市高屋町２４６－１" }, "geometry": { "type": "Point", "coordinates": [ 133.427003, 34.579616 ] } },
{ "type": "Feature", "properties": { "ID": 3355330008110, "正式名称": "津山薬局　河辺店", "機関区分": 5, "都道府県コード": 33, "市区町村コード": 203, "所在地": "岡山県津山市河辺１０３９ー１", "緯度": 35.062631, "経度": 134.044641, "url": "https://www.iryou.teikyouseido.mhlw.go.jp/znk-web/juminkanja/S2430/initialize?prefCd=33&kikanCd=5330008110&kikanKbn=5", "url2": "https://tsuyama-chouzai.co.jp/shop/kawanabe/", "内容": "津山薬局　河辺店【5:薬局】岡山県津山市河辺１０３９ー１" }, "geometry": { "type": "Point", "coordinates": [ 134.044641, 35.062631 ] } },
{ "type": "Feature", "properties": { "ID": 3355330008120, "正式名称": "金光薬局岡山山崎店", "機関区分": 5, "都道府県コード": 33, "市区町村コード": 102, "所在地": "岡山県岡山市中区山崎２５－３", "緯度": 34.655009, "経度": 133.971109, "url": "https://www.iryou.teikyouseido.mhlw.go.jp/znk-web/juminkanja/S2430/initialize?prefCd=33&kikanCd=5330008120&kikanKbn=5", "url2": "https://stores.welcia.co.jp/5917D", "内容": "金光薬局岡山山崎店【5:薬局】岡山県岡山市中区山崎２５－３" }, "geometry": { "type": "Point", "coordinates": [ 133.971109, 34.655009 ] } },
{ "type": "Feature", "properties": { "ID": 3355330008130, "正式名称": "アテナ薬局", "機関区分": 5, "都道府県コード": 33, "市区町村コード": 102, "所在地": "岡山県岡山市中区倉田５０７－９", "緯度": 34.630457, "経度": 133.958835, "url": "https://www.iryou.teikyouseido.mhlw.go.jp/znk-web/juminkanja/S2430/initialize?prefCd=33&kikanCd=5330008130&kikanKbn=5", "url2": null, "内容": "アテナ薬局【5:薬局】岡山県岡山市中区倉田５０７－９" }, "geometry": { "type": "Point", "coordinates": [ 133.958835, 34.630457 ] } },
{ "type": "Feature", "properties": { "ID": 3355330008140, "正式名称": "調剤薬局マツモトキヨシｍａｔｓｕｋｉｙｏＬＡＢ岡山駅Ｂ－１店", "機関区分": 5, "都道府県コード": 33, "市区町村コード": 101, "所在地": "岡山県岡山市北区駅元町１－１", "緯度": 34.666477, "経度": 133.918881, "url": "https://www.iryou.teikyouseido.mhlw.go.jp/znk-web/juminkanja/S2430/initialize?prefCd=33&kikanCd=5330008140&kikanKbn=5", "url2": null, "内容": "調剤薬局マツモトキヨシｍａｔｓｕｋｉｙｏＬＡＢ岡山駅Ｂ－１店【5:薬局】岡山県岡山市北区駅元町１－１" }, "geometry": { "type": "Point", "coordinates": [ 133.918881, 34.666477 ] } },
{ "type": "Feature", "properties": { "ID": 3355330008160, "正式名称": "おかやま薬局西阿知店", "機関区分": 5, "都道府県コード": 33, "市区町村コード": 202, "所在地": "岡山県倉敷市西阿知町西原１０７４－３９", "緯度": 34.590713, "経度": 133.729115, "url": "https://www.iryou.teikyouseido.mhlw.go.jp/znk-web/juminkanja/S2430/initialize?prefCd=33&kikanCd=5330008160&kikanKbn=5", "url2": "http://www.okai-medical.com", "内容": "おかやま薬局西阿知店【5:薬局】岡山県倉敷市西阿知町西原１０７４－３９" }, "geometry": { "type": "Point", "coordinates": [ 133.729115, 34.590713 ] } },
{ "type": "Feature", "properties": { "ID": 3355330008180, "正式名称": "アイ薬局　駅前店", "機関区分": 5, "都道府県コード": 33, "市区町村コード": 208, "所在地": "岡山県総社市駅前１丁目２－１０８", "緯度": 34.673598, "経度": 133.739745, "url": "https://www.iryou.teikyouseido.mhlw.go.jp/znk-web/juminkanja/S2430/initialize?prefCd=33&kikanCd=5330008180&kikanKbn=5", "url2": "https://urapyon.com/", "内容": "アイ薬局　駅前店【5:薬局】岡山県総社市駅前１丁目２－１０８" }, "geometry": { "type": "Point", "coordinates": [ 133.739745, 34.673598 ] } },
{ "type": "Feature", "properties": { "ID": 3355330008190, "正式名称": "さくら薬局　市立備前病院前店", "機関区分": 5, "都道府県コード": 33, "市区町村コード": 211, "所在地": "岡山県備前市伊部２４０８‐８", "緯度": 34.738531, "経度": 134.155488, "url": "https://www.iryou.teikyouseido.mhlw.go.jp/znk-web/juminkanja/S2430/initialize?prefCd=33&kikanCd=5330008190&kikanKbn=5", "url2": "https://www.kraft-net.co.jp/sakura/store/4240/", "内容": "さくら薬局　市立備前病院前店【5:薬局】岡山県備前市伊部２４０８‐８" }, "geometry": { "type": "Point", "coordinates": [ 134.155488, 34.738531 ] } },
{ "type": "Feature", "properties": { "ID": 3355330008200, "正式名称": "足高薬局表町南店", "機関区分": 5, "都道府県コード": 33, "市区町村コード": 101, "所在地": "岡山県岡山市北区表町１－１０－１１ふぢりやビル１Ｆ北", "緯度": 34.663627, "経度": 133.929202, "url": "https://www.iryou.teikyouseido.mhlw.go.jp/znk-web/juminkanja/S2430/initialize?prefCd=33&kikanCd=5330008200&kikanKbn=5", "url2": null, "内容": "足高薬局表町南店【5:薬局】岡山県岡山市北区表町１－１０－１１ふぢりやビル１Ｆ北" }, "geometry": { "type": "Point", "coordinates": [ 133.929202, 34.663627 ] } },
{ "type": "Feature", "properties": { "ID": 3355330008210, "正式名称": "サン薬局一宮店", "機関区分": 5, "都道府県コード": 33, "市区町村コード": 101, "所在地": "岡山県岡山市北区楢津３９８－１", "緯度": 34.679851, "経度": 133.88539, "url": "https://www.iryou.teikyouseido.mhlw.go.jp/znk-web/juminkanja/S2430/initialize?prefCd=33&kikanCd=5330008210&kikanKbn=5", "url2": "https://sunpharmacy.co.jp", "内容": "サン薬局一宮店【5:薬局】岡山県岡山市北区楢津３９８－１" }, "geometry": { "type": "Point", "coordinates": [ 133.88539, 34.679851 ] } },
{ "type": "Feature", "properties": { "ID": 3355330008220, "正式名称": "ゆずりは薬局三浜店", "機関区分": 5, "都道府県コード": 33, "市区町村コード": 104, "所在地": "岡山県岡山市南区三浜町１－６－１１", "緯度": 34.614594, "経度": 133.948366, "url": "https://www.iryou.teikyouseido.mhlw.go.jp/znk-web/juminkanja/S2430/initialize?prefCd=33&kikanCd=5330008220&kikanKbn=5", "url2": "https://yuzuriha-mj.jp/", "内容": "ゆずりは薬局三浜店【5:薬局】岡山県岡山市南区三浜町１－６－１１" }, "geometry": { "type": "Point", "coordinates": [ 133.948366, 34.614594 ] } },
{ "type": "Feature", "properties": { "ID": 3355330008230, "正式名称": "足高薬局白楽町北店", "機関区分": 5, "都道府県コード": 33, "市区町村コード": 202, "所在地": "岡山県倉敷市白楽町２５０", "緯度": 34.587759, "経度": 133.765164, "url": "https://www.iryou.teikyouseido.mhlw.go.jp/znk-web/juminkanja/S2430/initialize?prefCd=33&kikanCd=5330008230&kikanKbn=5", "url2": null, "内容": "足高薬局白楽町北店【5:薬局】岡山県倉敷市白楽町２５０" }, "geometry": { "type": "Point", "coordinates": [ 133.765164, 34.587759 ] } },
{ "type": "Feature", "properties": { "ID": 3355330008240, "正式名称": "金光薬局倉敷林店", "機関区分": 5, "都道府県コード": 33, "市区町村コード": 202, "所在地": "岡山県倉敷市林５２３", "緯度": 34.53999, "経度": 133.815062, "url": "https://www.iryou.teikyouseido.mhlw.go.jp/znk-web/juminkanja/S2430/initialize?prefCd=33&kikanCd=5330008240&kikanKbn=5", "url2": "https://welcia-kanamitsu.com/", "内容": "金光薬局倉敷林店【5:薬局】岡山県倉敷市林５２３" }, "geometry": { "type": "Point", "coordinates": [ 133.815062, 34.53999 ] } },
{ "type": "Feature", "properties": { "ID": 3355330008250, "正式名称": "Ｅ薬局東店", "機関区分": 5, "都道府県コード": 33, "市区町村コード": 102, "所在地": "岡山県岡山市中区土田８０３－５", "緯度": 34.693843, "経度": 133.987384, "url": "https://www.iryou.teikyouseido.mhlw.go.jp/znk-web/juminkanja/S2430/initialize?prefCd=33&kikanCd=5330008250&kikanKbn=5", "url2": "https://mo4mo4.com/", "内容": "Ｅ薬局東店【5:薬局】岡山県岡山市中区土田８０３－５" }, "geometry": { "type": "Point", "coordinates": [ 133.987384, 34.693843 ] } },
{ "type": "Feature", "properties": { "ID": 3355330008260, "正式名称": "Ｅ薬局辰巳店", "機関区分": 5, "都道府県コード": 33, "市区町村コード": 101, "所在地": "岡山県岡山市北区辰巳１８－１０９", "緯度": 34.640194, "経度": 133.886469, "url": "https://www.iryou.teikyouseido.mhlw.go.jp/znk-web/juminkanja/S2430/initialize?prefCd=33&kikanCd=5330008260&kikanKbn=5", "url2": "https://mo4mo4.com", "内容": "Ｅ薬局辰巳店【5:薬局】岡山県岡山市北区辰巳１８－１０９" }, "geometry": { "type": "Point", "coordinates": [ 133.886469, 34.640194 ] } },
{ "type": "Feature", "properties": { "ID": 3355330008270, "正式名称": "ウエルシア薬局倉敷真備店", "機関区分": 5, "都道府県コード": 33, "市区町村コード": 202, "所在地": "岡山県倉敷市真備町有井９４", "緯度": 34.636966, "経度": 133.709355, "url": "https://www.iryou.teikyouseido.mhlw.go.jp/znk-web/juminkanja/S2430/initialize?prefCd=33&kikanCd=5330008270&kikanKbn=5", "url2": "https://www.welcia-yakkyoku.co.jp/", "内容": "ウエルシア薬局倉敷真備店【5:薬局】岡山県倉敷市真備町有井９４" }, "geometry": { "type": "Point", "coordinates": [ 133.709355, 34.636966 ] } },
{ "type": "Feature", "properties": { "ID": 3355330008280, "正式名称": "アイン薬局　吉備加茂川店", "機関区分": 5, "都道府県コード": 33, "市区町村コード": 681, "所在地": "岡山県加賀郡吉備中央町下加茂１１０３‐９", "緯度": 34.860293, "経度": 133.812753, "url": "https://www.iryou.teikyouseido.mhlw.go.jp/znk-web/juminkanja/S2430/initialize?prefCd=33&kikanCd=5330008280&kikanKbn=5", "url2": "https://www.ainj.co.jp/", "内容": "アイン薬局　吉備加茂川店【5:薬局】岡山県加賀郡吉備中央町下加茂１１０３‐９" }, "geometry": { "type": "Point", "coordinates": [ 133.812753, 34.860293 ] } },
{ "type": "Feature", "properties": { "ID": 3355330008290, "正式名称": "調剤薬局マツモトキヨシブランチ岡山北長瀬店", "機関区分": 5, "都道府県コード": 33, "市区町村コード": 101, "所在地": "岡山県岡山市北区北長瀬表町２－１７－８０", "緯度": 34.652231, "経度": 133.886284, "url": "https://www.iryou.teikyouseido.mhlw.go.jp/znk-web/juminkanja/S2430/initialize?prefCd=33&kikanCd=5330008290&kikanKbn=5", "url2": "https://www.matsukiyo.co.jp/", "内容": "調剤薬局マツモトキヨシブランチ岡山北長瀬店【5:薬局】岡山県岡山市北区北長瀬表町２－１７－８０" }, "geometry": { "type": "Point", "coordinates": [ 133.886284, 34.652231 ] } },
{ "type": "Feature", "properties": { "ID": 3355330008300, "正式名称": "のぞみ薬局　中央店", "機関区分": 5, "都道府県コード": 33, "市区町村コード": 203, "所在地": "岡山県津山市押入１１３６－１６", "緯度": 35.063493, "経度": 134.03906, "url": "https://www.iryou.teikyouseido.mhlw.go.jp/znk-web/juminkanja/S2430/initialize?prefCd=33&kikanCd=5330008300&kikanKbn=5", "url2": "https://nozomi-ph.jp/", "内容": "のぞみ薬局　中央店【5:薬局】岡山県津山市押入１１３６－１６" }, "geometry": { "type": "Point", "coordinates": [ 134.03906, 35.063493 ] } },
{ "type": "Feature", "properties": { "ID": 3355330008310, "正式名称": "ウエルシア薬局岡山東島田店", "機関区分": 5, "都道府県コード": 33, "市区町村コード": 101, "所在地": "岡山県岡山市北区東島田町二丁目４－１６", "緯度": 34.657303, "経度": 133.912748, "url": "https://www.iryou.teikyouseido.mhlw.go.jp/znk-web/juminkanja/S2430/initialize?prefCd=33&kikanCd=5330008310&kikanKbn=5", "url2": "https://www.welcia-yakkyoku.co.jp/", "内容": "ウエルシア薬局岡山東島田店【5:薬局】岡山県岡山市北区東島田町二丁目４－１６" }, "geometry": { "type": "Point", "coordinates": [ 133.912748, 34.657303 ] } },
{ "type": "Feature", "properties": { "ID": 3355330008320, "正式名称": "畑薬局　花尻店", "機関区分": 5, "都道府県コード": 33, "市区町村コード": 101, "所在地": "岡山県岡山市北区白石西新町２－１０６", "緯度": 34.65553, "経度": 133.86763, "url": "https://www.iryou.teikyouseido.mhlw.go.jp/znk-web/juminkanja/S2430/initialize?prefCd=33&kikanCd=5330008320&kikanKbn=5", "url2": null, "内容": "畑薬局　花尻店【5:薬局】岡山県岡山市北区白石西新町２－１０６" }, "geometry": { "type": "Point", "coordinates": [ 133.86763, 34.65553 ] } },
{ "type": "Feature", "properties": { "ID": 3355330008330, "正式名称": "あかり薬局　中納言店", "機関区分": 5, "都道府県コード": 33, "市区町村コード": 102, "所在地": "岡山県岡山市中区中納言町４－２４", "緯度": 34.658684, "経度": 133.938642, "url": "https://www.iryou.teikyouseido.mhlw.go.jp/znk-web/juminkanja/S2430/initialize?prefCd=33&kikanCd=5330008330&kikanKbn=5", "url2": "https://www.akarix.com/", "内容": "あかり薬局　中納言店【5:薬局】岡山県岡山市中区中納言町４－２４" }, "geometry": { "type": "Point", "coordinates": [ 133.938642, 34.658684 ] } },
{ "type": "Feature", "properties": { "ID": 3355330008340, "正式名称": "あさがお薬局", "機関区分": 5, "都道府県コード": 33, "市区町村コード": 214, "所在地": "岡山県真庭市下方１２２５－５", "緯度": 35.011594, "経度": 133.735678, "url": "https://www.iryou.teikyouseido.mhlw.go.jp/znk-web/juminkanja/S2430/initialize?prefCd=33&kikanCd=5330008340&kikanKbn=5", "url2": null, "内容": "あさがお薬局【5:薬局】岡山県真庭市下方１２２５－５" }, "geometry": { "type": "Point", "coordinates": [ 133.735678, 35.011594 ] } },
{ "type": "Feature", "properties": { "ID": 3355330008350, "正式名称": "マスカット薬局児島店", "機関区分": 5, "都道府県コード": 33, "市区町村コード": 202, "所在地": "岡山県倉敷市児島下の町１０－２－４", "緯度": 34.474255, "経度": 133.824246, "url": "https://www.iryou.teikyouseido.mhlw.go.jp/znk-web/juminkanja/S2430/initialize?prefCd=33&kikanCd=5330008350&kikanKbn=5", "url2": "https://muscat-pharmacy.jp", "内容": "マスカット薬局児島店【5:薬局】岡山県倉敷市児島下の町１０－２－４" }, "geometry": { "type": "Point", "coordinates": [ 133.824246, 34.474255 ] } },
{ "type": "Feature", "properties": { "ID": 3355330008370, "正式名称": "虹いろ薬局高島店", "機関区分": 5, "都道府県コード": 33, "市区町村コード": 102, "所在地": "岡山県岡山市中区賞田２５４－８", "緯度": 34.694547, "経度": 133.958021, "url": "https://www.iryou.teikyouseido.mhlw.go.jp/znk-web/juminkanja/S2430/initialize?prefCd=33&kikanCd=5330008370&kikanKbn=5", "url2": "http://www.nijiiro7.com/", "内容": "虹いろ薬局高島店【5:薬局】岡山県岡山市中区賞田２５４－８" }, "geometry": { "type": "Point", "coordinates": [ 133.958021, 34.694547 ] } },
{ "type": "Feature", "properties": { "ID": 3355330008400, "正式名称": "寿元堂薬局", "機関区分": 5, "都道府県コード": 33, "市区町村コード": 202, "所在地": "岡山県倉敷市阿知３丁目９－１", "緯度": 34.599845, "経度": 133.767137, "url": "https://www.iryou.teikyouseido.mhlw.go.jp/znk-web/juminkanja/S2430/initialize?prefCd=33&kikanCd=5330008400&kikanKbn=5", "url2": "https://www.jugendo.co.jp/", "内容": "寿元堂薬局【5:薬局】岡山県倉敷市阿知３丁目９－１" }, "geometry": { "type": "Point", "coordinates": [ 133.767137, 34.599845 ] } },
{ "type": "Feature", "properties": { "ID": 3355330008410, "正式名称": "ププレひまわり薬局中島店", "機関区分": 5, "都道府県コード": 33, "市区町村コード": 202, "所在地": "岡山県倉敷市中島９９７－３", "緯度": 34.580984, "経度": 133.734515, "url": "https://www.iryou.teikyouseido.mhlw.go.jp/znk-web/juminkanja/S2430/initialize?prefCd=33&kikanCd=5330008410&kikanKbn=5", "url2": "https://pupule-iryou.com/", "内容": "ププレひまわり薬局中島店【5:薬局】岡山県倉敷市中島９９７－３" }, "geometry": { "type": "Point", "coordinates": [ 133.734515, 34.580984 ] } },
{ "type": "Feature", "properties": { "ID": 3355330008420, "正式名称": "オール薬局あちてらす倉敷店", "機関区分": 5, "都道府県コード": 33, "市区町村コード": 202, "所在地": "岡山県倉敷市阿知三丁目１３－１　１Ｆ", "緯度": 34.598882, "経度": 133.767926, "url": "https://www.iryou.teikyouseido.mhlw.go.jp/znk-web/juminkanja/S2430/initialize?prefCd=33&kikanCd=5330008420&kikanKbn=5", "url2": "https://www.my-life.jp/owl/", "内容": "オール薬局あちてらす倉敷店【5:薬局】岡山県倉敷市阿知三丁目１３－１　１Ｆ" }, "geometry": { "type": "Point", "coordinates": [ 133.767926, 34.598882 ] } },
{ "type": "Feature", "properties": { "ID": 3355330008430, "正式名称": "ザグザグ薬局玉島店", "機関区分": 5, "都道府県コード": 33, "市区町村コード": 202, "所在地": "岡山県倉敷市玉島中央町２－１－５０", "緯度": 34.546768, "経度": 133.67063, "url": "https://www.iryou.teikyouseido.mhlw.go.jp/znk-web/juminkanja/S2430/initialize?prefCd=33&kikanCd=5330008430&kikanKbn=5", "url2": "http://www.zagzag.co.jp", "内容": "ザグザグ薬局玉島店【5:薬局】岡山県倉敷市玉島中央町２－１－５０" }, "geometry": { "type": "Point", "coordinates": [ 133.67063, 34.546768 ] } },
{ "type": "Feature", "properties": { "ID": 3355330008440, "正式名称": "リード薬局野田店", "機関区分": 5, "都道府県コード": 33, "市区町村コード": 101, "所在地": "岡山県岡山市北区野田一丁目９－１０４", "緯度": 34.650903, "経度": 133.905387, "url": "https://www.iryou.teikyouseido.mhlw.go.jp/znk-web/juminkanja/S2430/initialize?prefCd=33&kikanCd=5330008440&kikanKbn=5", "url2": "https://lead.taion365.co.jp", "内容": "リード薬局野田店【5:薬局】岡山県岡山市北区野田一丁目９－１０４" }, "geometry": { "type": "Point", "coordinates": [ 133.905387, 34.650903 ] } },
{ "type": "Feature", "properties": { "ID": 3355330008450, "正式名称": "調剤薬局マツモトキヨシ高島新屋敷店", "機関区分": 5, "都道府県コード": 33, "市区町村コード": 102, "所在地": "岡山県岡山市中区高島新屋敷７０２－３", "緯度": 34.688943, "経度": 133.954606, "url": "https://www.iryou.teikyouseido.mhlw.go.jp/znk-web/juminkanja/S2430/initialize?prefCd=33&kikanCd=5330008450&kikanKbn=5", "url2": "https://www.matsukiyo.co.jp/map?kid=21405531", "内容": "調剤薬局マツモトキヨシ高島新屋敷店【5:薬局】岡山県岡山市中区高島新屋敷７０２－３" }, "geometry": { "type": "Point", "coordinates": [ 133.954606, 34.688943 ] } },
{ "type": "Feature", "properties": { "ID": 3355330008470, "正式名称": "ププレひまわり薬局下中野店", "機関区分": 5, "都道府県コード": 33, "市区町村コード": 101, "所在地": "岡山県岡山市北区下中野３４２－１０１", "緯度": 34.64076, "経度": 133.903502, "url": "https://www.iryou.teikyouseido.mhlw.go.jp/znk-web/juminkanja/S2430/initialize?prefCd=33&kikanCd=5330008470&kikanKbn=5", "url2": "http://pupule.co.jp/", "内容": "ププレひまわり薬局下中野店【5:薬局】岡山県岡山市北区下中野３４２－１０１" }, "geometry": { "type": "Point", "coordinates": [ 133.903502, 34.64076 ] } },
{ "type": "Feature", "properties": { "ID": 3355330008490, "正式名称": "パストラーレ瀬戸薬局", "機関区分": 5, "都道府県コード": 33, "市区町村コード": 103, "所在地": "岡山県岡山市東区瀬戸町沖２７３－４", "緯度": 34.718639, "経度": 134.044504, "url": "https://www.iryou.teikyouseido.mhlw.go.jp/znk-web/juminkanja/S2430/initialize?prefCd=33&kikanCd=5330008490&kikanKbn=5", "url2": null, "内容": "パストラーレ瀬戸薬局【5:薬局】岡山県岡山市東区瀬戸町沖２７３－４" }, "geometry": { "type": "Point", "coordinates": [ 134.044504, 34.718639 ] } },
{ "type": "Feature", "properties": { "ID": 3355330008540, "正式名称": "エンゼル薬局西長瀬店", "機関区分": 5, "都道府県コード": 33, "市区町村コード": 101, "所在地": "岡山県岡山市北区中仙道二丁目２８－２１", "緯度": 34.64617, "経度": 133.882155, "url": "https://www.iryou.teikyouseido.mhlw.go.jp/znk-web/juminkanja/S2430/initialize?prefCd=33&kikanCd=5330008540&kikanKbn=5", "url2": "https://r.goope.jp/enzeru/", "内容": "エンゼル薬局西長瀬店【5:薬局】岡山県岡山市北区中仙道二丁目２８－２１" }, "geometry": { "type": "Point", "coordinates": [ 133.882155, 34.64617 ] } },
{ "type": "Feature", "properties": { "ID": 3355330008550, "正式名称": "調剤薬局マツモトキヨシ平井店", "機関区分": 5, "都道府県コード": 33, "市区町村コード": 102, "所在地": "岡山県岡山市中区平井七丁目１９－５", "緯度": 34.634072, "経度": 133.951221, "url": "https://www.iryou.teikyouseido.mhlw.go.jp/znk-web/juminkanja/S2430/initialize?prefCd=33&kikanCd=5330008550&kikanKbn=5", "url2": "https://www.matsukiyo.co.jp/store/online", "内容": "調剤薬局マツモトキヨシ平井店【5:薬局】岡山県岡山市中区平井七丁目１９－５" }, "geometry": { "type": "Point", "coordinates": [ 133.951221, 34.634072 ] } },
{ "type": "Feature", "properties": { "ID": 3355330008560, "正式名称": "マスカット薬局　久米南店", "機関区分": 5, "都道府県コード": 33, "市区町村コード": 663, "所在地": "岡山県久米郡久米南町神目中７９４番地７", "緯度": 34.896491, "経度": 133.933958, "url": "https://www.iryou.teikyouseido.mhlw.go.jp/znk-web/juminkanja/S2430/initialize?prefCd=33&kikanCd=5330008560&kikanKbn=5", "url2": "https://muscat-pharmacy.jp/", "内容": "マスカット薬局　久米南店【5:薬局】岡山県久米郡久米南町神目中７９４番地７" }, "geometry": { "type": "Point", "coordinates": [ 133.933958, 34.896491 ] } },
{ "type": "Feature", "properties": { "ID": 3355330008570, "正式名称": "ほくぼう薬局", "機関区分": 5, "都道府県コード": 33, "市区町村コード": 214, "所在地": "岡山県真庭市下中津井７７３－１１", "緯度": 34.945425, "経度": 133.625724, "url": "https://www.iryou.teikyouseido.mhlw.go.jp/znk-web/juminkanja/S2430/initialize?prefCd=33&kikanCd=5330008570&kikanKbn=5", "url2": null, "内容": "ほくぼう薬局【5:薬局】岡山県真庭市下中津井７７３－１１" }, "geometry": { "type": "Point", "coordinates": [ 133.625724, 34.945425 ] } },
{ "type": "Feature", "properties": { "ID": 3355330008590, "正式名称": "あかり薬局平島店", "機関区分": 5, "都道府県コード": 33, "市区町村コード": 103, "所在地": "岡山県岡山市東区東平島１１３－１", "緯度": 34.70611, "経度": 134.053445, "url": "https://www.iryou.teikyouseido.mhlw.go.jp/znk-web/juminkanja/S2430/initialize?prefCd=33&kikanCd=5330008590&kikanKbn=5", "url2": "https://www.akarix.com/", "内容": "あかり薬局平島店【5:薬局】岡山県岡山市東区東平島１１３－１" }, "geometry": { "type": "Point", "coordinates": [ 134.053445, 34.70611 ] } },
{ "type": "Feature", "properties": { "ID": 3355330008600, "正式名称": "在宅支援ザグザグ薬局大福店", "機関区分": 5, "都道府県コード": 33, "市区町村コード": 104, "所在地": "岡山県岡山市南区大福４１１－１", "緯度": 34.616904, "経度": 133.873562, "url": "https://www.iryou.teikyouseido.mhlw.go.jp/znk-web/juminkanja/S2430/initialize?prefCd=33&kikanCd=5330008600&kikanKbn=5", "url2": "http://www.zagzag.co.jp", "内容": "在宅支援ザグザグ薬局大福店【5:薬局】岡山県岡山市南区大福４１１－１" }, "geometry": { "type": "Point", "coordinates": [ 133.873562, 34.616904 ] } },
{ "type": "Feature", "properties": { "ID": 3355330008610, "正式名称": "コスモス調剤薬局三浜店", "機関区分": 5, "都道府県コード": 33, "市区町村コード": 104, "所在地": "岡山県岡山市南区三浜町一丁目７－９", "緯度": 34.614768, "経度": 133.947702, "url": "https://www.iryou.teikyouseido.mhlw.go.jp/znk-web/juminkanja/S2430/initialize?prefCd=33&kikanCd=5330008610&kikanKbn=5", "url2": "https://www.cosmospc.co.jp/shop/chugoku/okayama/12034.html", "内容": "コスモス調剤薬局三浜店【5:薬局】岡山県岡山市南区三浜町一丁目７－９" }, "geometry": { "type": "Point", "coordinates": [ 133.947702, 34.614768 ] } },
{ "type": "Feature", "properties": { "ID": 3355330008630, "正式名称": "みどり薬局", "機関区分": 5, "都道府県コード": 33, "市区町村コード": 208, "所在地": "岡山県総社市総社２丁目１４番４号", "緯度": 34.676337, "経度": 133.752712, "url": "https://www.iryou.teikyouseido.mhlw.go.jp/znk-web/juminkanja/S2430/initialize?prefCd=33&kikanCd=5330008630&kikanKbn=5", "url2": null, "内容": "みどり薬局【5:薬局】岡山県総社市総社２丁目１４番４号" }, "geometry": { "type": "Point", "coordinates": [ 133.752712, 34.676337 ] } },
{ "type": "Feature", "properties": { "ID": 3355330008650, "正式名称": "よりどころ薬局", "機関区分": 5, "都道府県コード": 33, "市区町村コード": 622, "所在地": "岡山県勝田郡勝央町岡５１９", "緯度": 35.033235, "経度": 134.126047, "url": "https://www.iryou.teikyouseido.mhlw.go.jp/znk-web/juminkanja/S2430/initialize?prefCd=33&kikanCd=5330008650&kikanKbn=5", "url2": "https://yoridokoro-pharmacy.com/", "内容": "よりどころ薬局【5:薬局】岡山県勝田郡勝央町岡５１９" }, "geometry": { "type": "Point", "coordinates": [ 134.126047, 35.033235 ] } },
{ "type": "Feature", "properties": { "ID": 3355330008660, "正式名称": "ププレひまわり薬局泉田店", "機関区分": 5, "都道府県コード": 33, "市区町村コード": 104, "所在地": "岡山県岡山市南区泉田３丁目１－２２", "緯度": 34.625902, "経度": 133.91899, "url": "https://www.iryou.teikyouseido.mhlw.go.jp/znk-web/juminkanja/S2430/initialize?prefCd=33&kikanCd=5330008660&kikanKbn=5", "url2": null, "内容": "ププレひまわり薬局泉田店【5:薬局】岡山県岡山市南区泉田３丁目１－２２" }, "geometry": { "type": "Point", "coordinates": [ 133.91899, 34.625902 ] } },
{ "type": "Feature", "properties": { "ID": 3355330008670, "正式名称": "コスモス調剤薬局玉島爪崎店", "機関区分": 5, "都道府県コード": 33, "市区町村コード": 202, "所在地": "岡山県倉敷市玉島爪崎９３５－１", "緯度": 34.566912, "経度": 133.674706, "url": "https://www.iryou.teikyouseido.mhlw.go.jp/znk-web/juminkanja/S2430/initialize?prefCd=33&kikanCd=5330008670&kikanKbn=5", "url2": "https://www.cosmospc.co.jp/shop/chugoku/okayama/10597.html", "内容": "コスモス調剤薬局玉島爪崎店【5:薬局】岡山県倉敷市玉島爪崎９３５－１" }, "geometry": { "type": "Point", "coordinates": [ 133.674706, 34.566912 ] } },
{ "type": "Feature", "properties": { "ID": 3355330008680, "正式名称": "ププレひまわり薬局田ノ上店", "機関区分": 5, "都道府県コード": 33, "市区町村コード": 202, "所在地": "岡山県倉敷市田ノ上１１１４－３", "緯度": 34.587579, "経度": 133.759379, "url": "https://www.iryou.teikyouseido.mhlw.go.jp/znk-web/juminkanja/S2430/initialize?prefCd=33&kikanCd=5330008680&kikanKbn=5", "url2": null, "内容": "ププレひまわり薬局田ノ上店【5:薬局】岡山県倉敷市田ノ上１１１４－３" }, "geometry": { "type": "Point", "coordinates": [ 133.759379, 34.587579 ] } },
{ "type": "Feature", "properties": { "ID": 3355330008720, "正式名称": "おざき薬局備前店", "機関区分": 5, "都道府県コード": 33, "市区町村コード": 211, "所在地": "岡山県備前市西片上１１２０－７", "緯度": 34.747405, "経度": 134.182511, "url": "https://www.iryou.teikyouseido.mhlw.go.jp/znk-web/juminkanja/S2430/initialize?prefCd=33&kikanCd=5330008720&kikanKbn=5", "url2": "http://ozaki-pharmacy.sakura.ne.jp", "内容": "おざき薬局備前店【5:薬局】岡山県備前市西片上１１２０－７" }, "geometry": { "type": "Point", "coordinates": [ 134.182511, 34.747405 ] } },
{ "type": "Feature", "properties": { "ID": 3355330008730, "正式名称": "金光薬局邑久店", "機関区分": 5, "都道府県コード": 33, "市区町村コード": 212, "所在地": "岡山県瀬戸内市邑久町北島４９４－１", "緯度": 34.650645, "経度": 134.064423, "url": "https://www.iryou.teikyouseido.mhlw.go.jp/znk-web/juminkanja/S2430/initialize?prefCd=33&kikanCd=5330008730&kikanKbn=5", "url2": "https://store.welcia.co.jp/welcia/spot/detail?code=5925C", "内容": "金光薬局邑久店【5:薬局】岡山県瀬戸内市邑久町北島４９４－１" }, "geometry": { "type": "Point", "coordinates": [ 134.064423, 34.650645 ] } },
{ "type": "Feature", "properties": { "ID": 3355330008740, "正式名称": "金光薬局長船店", "機関区分": 5, "都道府県コード": 33, "市区町村コード": 212, "所在地": "岡山県瀬戸内市長船町服部５２２－１", "緯度": 34.70494, "経度": 134.102259, "url": "https://www.iryou.teikyouseido.mhlw.go.jp/znk-web/juminkanja/S2430/initialize?prefCd=33&kikanCd=5330008740&kikanKbn=5", "url2": "https://stores.welcia.co.jp/5926C", "内容": "金光薬局長船店【5:薬局】岡山県瀬戸内市長船町服部５２２－１" }, "geometry": { "type": "Point", "coordinates": [ 134.102259, 34.70494 ] } },
{ "type": "Feature", "properties": { "ID": 3355330008750, "正式名称": "金光薬局　金光店", "機関区分": 5, "都道府県コード": 33, "市区町村コード": 216, "所在地": "岡山県浅口市金光町佐方９２－２", "緯度": 34.535845, "経度": 133.610202, "url": "https://www.iryou.teikyouseido.mhlw.go.jp/znk-web/juminkanja/S2430/initialize?prefCd=33&kikanCd=5330008750&kikanKbn=5", "url2": "https://www.welcia-yakkyoku.co.jp/", "内容": "金光薬局　金光店【5:薬局】岡山県浅口市金光町佐方９２－２" }, "geometry": { "type": "Point", "coordinates": [ 133.610202, 34.535845 ] } },
{ "type": "Feature", "properties": { "ID": 3355330008760, "正式名称": "ザグザグ薬局総社真壁店", "機関区分": 5, "都道府県コード": 33, "市区町村コード": 208, "所在地": "岡山県総社市駅南１－６－６", "緯度": 34.665907, "経度": 133.739395, "url": "https://www.iryou.teikyouseido.mhlw.go.jp/znk-web/juminkanja/S2430/initialize?prefCd=33&kikanCd=5330008760&kikanKbn=5", "url2": "https://www.zagzag.co.jp/", "内容": "ザグザグ薬局総社真壁店【5:薬局】岡山県総社市駅南１－６－６" }, "geometry": { "type": "Point", "coordinates": [ 133.739395, 34.665907 ] } },
{ "type": "Feature", "properties": { "ID": 3355330008770, "正式名称": "いほり薬局津高店", "機関区分": 5, "都道府県コード": 33, "市区町村コード": 101, "所在地": "岡山県岡山市北区横井上５０－３", "緯度": 34.70368, "経度": 133.902227, "url": "https://www.iryou.teikyouseido.mhlw.go.jp/znk-web/juminkanja/S2430/initialize?prefCd=33&kikanCd=5330008770&kikanKbn=5", "url2": "https://kuuan.co.jp/ihori-pharmacy/", "内容": "いほり薬局津高店【5:薬局】岡山県岡山市北区横井上５０－３" }, "geometry": { "type": "Point", "coordinates": [ 133.902227, 34.70368 ] } },
{ "type": "Feature", "properties": { "ID": 3355330008780, "正式名称": "里庄薬局", "機関区分": 5, "都道府県コード": 33, "市区町村コード": 445, "所在地": "岡山県浅口郡里庄町新庄５３４１－１", "緯度": 34.504807, "経度": 133.550218, "url": "https://www.iryou.teikyouseido.mhlw.go.jp/znk-web/juminkanja/S2430/initialize?prefCd=33&kikanCd=5330008780&kikanKbn=5", "url2": null, "内容": "里庄薬局【5:薬局】岡山県浅口郡里庄町新庄５３４１－１" }, "geometry": { "type": "Point", "coordinates": [ 133.550218, 34.504807 ] } },
{ "type": "Feature", "properties": { "ID": 3355330008790, "正式名称": "サニードラッグ", "機関区分": 5, "都道府県コード": 33, "市区町村コード": 209, "所在地": "岡山県高梁市中原町１０８４－１", "緯度": 34.783196, "経度": 133.610577, "url": "https://www.iryou.teikyouseido.mhlw.go.jp/znk-web/juminkanja/S2430/initialize?prefCd=33&kikanCd=5330008790&kikanKbn=5", "url2": "https://medicate.co.jp/", "内容": "サニードラッグ【5:薬局】岡山県高梁市中原町１０８４－１" }, "geometry": { "type": "Point", "coordinates": [ 133.610577, 34.783196 ] } },
{ "type": "Feature", "properties": { "ID": 3355330008800, "正式名称": "くにとみ薬局", "機関区分": 5, "都道府県コード": 33, "市区町村コード": 202, "所在地": "岡山県倉敷市玉島中央町１－２３－１", "緯度": 34.541744, "経度": 133.670165, "url": "https://www.iryou.teikyouseido.mhlw.go.jp/znk-web/juminkanja/S2430/initialize?prefCd=33&kikanCd=5330008800&kikanKbn=5", "url2": "https://lin.ee/VvCiBNW", "内容": "くにとみ薬局【5:薬局】岡山県倉敷市玉島中央町１－２３－１" }, "geometry": { "type": "Point", "coordinates": [ 133.670165, 34.541744 ] } },
{ "type": "Feature", "properties": { "ID": 3355330008810, "正式名称": "日本調剤西大寺薬局", "機関区分": 5, "都道府県コード": 33, "市区町村コード": 103, "所在地": "岡山県岡山市東区金岡東町１丁目１－７１", "緯度": 34.64887, "経度": 134.027949, "url": "https://www.iryou.teikyouseido.mhlw.go.jp/znk-web/juminkanja/S2430/initialize?prefCd=33&kikanCd=5330008810&kikanKbn=5", "url2": "https://www.nicho.co.jp/tenpo/saidaiji/", "内容": "日本調剤西大寺薬局【5:薬局】岡山県岡山市東区金岡東町１丁目１－７１" }, "geometry": { "type": "Point", "coordinates": [ 134.027949, 34.64887 ] } },
{ "type": "Feature", "properties": { "ID": 3355330008820, "正式名称": "レモン薬局　中庄店", "機関区分": 5, "都道府県コード": 33, "市区町村コード": 202, "所在地": "岡山県倉敷市松島１１５２－１９", "緯度": 34.628667, "経度": 133.802224, "url": "https://www.iryou.teikyouseido.mhlw.go.jp/znk-web/juminkanja/S2430/initialize?prefCd=33&kikanCd=5330008820&kikanKbn=5", "url2": null, "内容": "レモン薬局　中庄店【5:薬局】岡山県倉敷市松島１１５２－１９" }, "geometry": { "type": "Point", "coordinates": [ 133.802224, 34.628667 ] } },
{ "type": "Feature", "properties": { "ID": 3355330008840, "正式名称": "おかやま薬局上道店", "機関区分": 5, "都道府県コード": 33, "市区町村コード": 103, "所在地": "岡山県岡山市東区上道北方６５７－２", "緯度": 34.697925, "経度": 134.019927, "url": "https://www.iryou.teikyouseido.mhlw.go.jp/znk-web/juminkanja/S2430/initialize?prefCd=33&kikanCd=5330008840&kikanKbn=5", "url2": "https://okai-medical.com/", "内容": "おかやま薬局上道店【5:薬局】岡山県岡山市東区上道北方６５７－２" }, "geometry": { "type": "Point", "coordinates": [ 134.019927, 34.697925 ] } },
{ "type": "Feature", "properties": { "ID": 3355330008850, "正式名称": "佐古薬局　石川病院前店", "機関区分": 5, "都道府県コード": 33, "市区町村コード": 203, "所在地": "岡山県津山市川崎５５１－１", "緯度": 35.062208, "経度": 134.026062, "url": "https://www.iryou.teikyouseido.mhlw.go.jp/znk-web/juminkanja/S2430/initialize?prefCd=33&kikanCd=5330008850&kikanKbn=5", "url2": "http://www.sakopharmacy.com/", "内容": "佐古薬局　石川病院前店【5:薬局】岡山県津山市川崎５５１－１" }, "geometry": { "type": "Point", "coordinates": [ 134.026062, 35.062208 ] } },
{ "type": "Feature", "properties": { "ID": 3355330008860, "正式名称": "真庭中央薬局", "機関区分": 5, "都道府県コード": 33, "市区町村コード": 214, "所在地": "岡山県真庭市上市瀬３４２", "緯度": 35.02802, "経度": 133.747584, "url": "https://www.iryou.teikyouseido.mhlw.go.jp/znk-web/juminkanja/S2430/initialize?prefCd=33&kikanCd=5330008860&kikanKbn=5", "url2": "http://tsuyama-chouzai.co.jp/", "内容": "真庭中央薬局【5:薬局】岡山県真庭市上市瀬３４２" }, "geometry": { "type": "Point", "coordinates": [ 133.747584, 35.02802 ] } },
{ "type": "Feature", "properties": { "ID": 3355330008890, "正式名称": "コスモス調剤薬局下の町店", "機関区分": 5, "都道府県コード": 33, "市区町村コード": 202, "所在地": "岡山県倉敷市児島下の町１丁目１ー１０", "緯度": 34.469373, "経度": 133.815878, "url": "https://www.iryou.teikyouseido.mhlw.go.jp/znk-web/juminkanja/S2430/initialize?prefCd=33&kikanCd=5330008890&kikanKbn=5", "url2": "https://www.cosmospc.co.jp", "内容": "コスモス調剤薬局下の町店【5:薬局】岡山県倉敷市児島下の町１丁目１ー１０" }, "geometry": { "type": "Point", "coordinates": [ 133.815878, 34.469373 ] } },
{ "type": "Feature", "properties": { "ID": 3355330008920, "正式名称": "ザグザグ薬局西之町店", "機関区分": 5, "都道府県コード": 33, "市区町村コード": 101, "所在地": "岡山県岡山市北区西之町９－１０９", "緯度": 34.650928, "経度": 133.908648, "url": "https://www.iryou.teikyouseido.mhlw.go.jp/znk-web/juminkanja/S2430/initialize?prefCd=33&kikanCd=5330008920&kikanKbn=5", "url2": "https://www.zagzag.co.jp/", "内容": "ザグザグ薬局西之町店【5:薬局】岡山県岡山市北区西之町９－１０９" }, "geometry": { "type": "Point", "coordinates": [ 133.908648, 34.650928 ] } },
{ "type": "Feature", "properties": { "ID": 3355330008930, "正式名称": "ウエルシア薬局岡山築港新町店", "機関区分": 5, "都道府県コード": 33, "市区町村コード": 104, "所在地": "岡山県岡山市南区築港新町２丁目１－１５", "緯度": 34.605214, "経度": 133.93646, "url": "https://www.iryou.teikyouseido.mhlw.go.jp/znk-web/juminkanja/S2430/initialize?prefCd=33&kikanCd=5330008930&kikanKbn=5", "url2": "https://store.welcia.co.jp/welcia/spot/detail?code=3762D", "内容": "ウエルシア薬局岡山築港新町店【5:薬局】岡山県岡山市南区築港新町２丁目１－１５" }, "geometry": { "type": "Point", "coordinates": [ 133.93646, 34.605214 ] } },
{ "type": "Feature", "properties": { "ID": 3355330008940, "正式名称": "レデイ薬局平野店", "機関区分": 5, "都道府県コード": 33, "市区町村コード": 101, "所在地": "岡山県岡山市北区平野７６５ー６", "緯度": 34.650506, "経度": 133.857601, "url": "https://www.iryou.teikyouseido.mhlw.go.jp/znk-web/juminkanja/S2430/initialize?prefCd=33&kikanCd=5330008940&kikanKbn=5", "url2": "https://shop.tsuruha-g.com/4399", "内容": "レデイ薬局平野店【5:薬局】岡山県岡山市北区平野７６５ー６" }, "geometry": { "type": "Point", "coordinates": [ 133.857601, 34.650506 ] } },
{ "type": "Feature", "properties": { "ID": 3355330008950, "正式名称": "大手町薬局メディカルクベーラ", "機関区分": 5, "都道府県コード": 33, "市区町村コード": 101, "所在地": "岡山県岡山市北区下足守１９１８－１", "緯度": 34.717382, "経度": 133.803661, "url": "https://www.iryou.teikyouseido.mhlw.go.jp/znk-web/juminkanja/S2430/initialize?prefCd=33&kikanCd=5330008950&kikanKbn=5", "url2": "https://ohtemachi-ph.com/", "内容": "大手町薬局メディカルクベーラ【5:薬局】岡山県岡山市北区下足守１９１８－１" }, "geometry": { "type": "Point", "coordinates": [ 133.803661, 34.717382 ] } },
{ "type": "Feature", "properties": { "ID": 3355330008960, "正式名称": "つくぼ薬局", "機関区分": 5, "都道府県コード": 33, "市区町村コード": 423, "所在地": "岡山県都窪郡早島町前潟６１８－１１", "緯度": 34.605374, "経度": 133.83346, "url": "https://www.iryou.teikyouseido.mhlw.go.jp/znk-web/juminkanja/S2430/initialize?prefCd=33&kikanCd=5330008960&kikanKbn=5", "url2": null, "内容": "つくぼ薬局【5:薬局】岡山県都窪郡早島町前潟６１８－１１" }, "geometry": { "type": "Point", "coordinates": [ 133.83346, 34.605374 ] } },
{ "type": "Feature", "properties": { "ID": 3355330008970, "正式名称": "調剤薬局マツモトキヨシ杜の街グレース店", "機関区分": 5, "都道府県コード": 33, "市区町村コード": 101, "所在地": "岡山県岡山市北区下石井２丁目１０−２５　２階", "緯度": 34.657844, "経度": 133.917852, "url": "https://www.iryou.teikyouseido.mhlw.go.jp/znk-web/juminkanja/S2430/initialize?prefCd=33&kikanCd=5330008970&kikanKbn=5", "url2": "https://www.matsukiyo.co.jp/map?kid=21405563", "内容": "調剤薬局マツモトキヨシ杜の街グレース店【5:薬局】岡山県岡山市北区下石井２丁目１０−２５　２階" }, "geometry": { "type": "Point", "coordinates": [ 133.917852, 34.657844 ] } },
{ "type": "Feature", "properties": { "ID": 3355330008980, "正式名称": "ザグザグ薬局北畝店", "機関区分": 5, "都道府県コード": 33, "市区町村コード": 202, "所在地": "岡山県倉敷市北畝６－２－３９", "緯度": 34.540168, "経度": 133.752488, "url": "https://www.iryou.teikyouseido.mhlw.go.jp/znk-web/juminkanja/S2430/initialize?prefCd=33&kikanCd=5330008980&kikanKbn=5", "url2": "http://www.zagzag.co.jp", "内容": "ザグザグ薬局北畝店【5:薬局】岡山県倉敷市北畝６－２－３９" }, "geometry": { "type": "Point", "coordinates": [ 133.752488, 34.540168 ] } },
{ "type": "Feature", "properties": { "ID": 3355330008990, "正式名称": "おかやま薬局東岡山店", "機関区分": 5, "都道府県コード": 33, "市区町村コード": 102, "所在地": "岡山県岡山市中区下３７８－１０", "緯度": 34.681623, "経度": 133.995508, "url": "https://www.iryou.teikyouseido.mhlw.go.jp/znk-web/juminkanja/S2430/initialize?prefCd=33&kikanCd=5330008990&kikanKbn=5", "url2": "https://www.okai-medical.com/tenpo/higashiokayama.html", "内容": "おかやま薬局東岡山店【5:薬局】岡山県岡山市中区下３７８－１０" }, "geometry": { "type": "Point", "coordinates": [ 133.995508, 34.681623 ] } },
{ "type": "Feature", "properties": { "ID": 3355330009000, "正式名称": "レデイ薬局鹿田本町店", "機関区分": 5, "都道府県コード": 33, "市区町村コード": 101, "所在地": "岡山県岡山市北区鹿田本町８番３８号", "緯度": 34.651165, "経度": 133.915325, "url": "https://www.iryou.teikyouseido.mhlw.go.jp/znk-web/juminkanja/S2430/initialize?prefCd=33&kikanCd=5330009000&kikanKbn=5", "url2": null, "内容": "レデイ薬局鹿田本町店【5:薬局】岡山県岡山市北区鹿田本町８番３８号" }, "geometry": { "type": "Point", "coordinates": [ 133.915325, 34.651165 ] } },
{ "type": "Feature", "properties": { "ID": 3355330009020, "正式名称": "あいら薬局倉敷二子", "機関区分": 5, "都道府県コード": 33, "市区町村コード": 202, "所在地": "岡山県倉敷市二子２０３－１８", "緯度": 34.638419, "経度": 133.812002, "url": "https://www.iryou.teikyouseido.mhlw.go.jp/znk-web/juminkanja/S2430/initialize?prefCd=33&kikanCd=5330009020&kikanKbn=5", "url2": "https://aira-pharmacy.jp/", "内容": "あいら薬局倉敷二子【5:薬局】岡山県倉敷市二子２０３－１８" }, "geometry": { "type": "Point", "coordinates": [ 133.812002, 34.638419 ] } },
{ "type": "Feature", "properties": { "ID": 3355330009030, "正式名称": "ウエルシア薬局岡山浜店", "機関区分": 5, "都道府県コード": 33, "市区町村コード": 102, "所在地": "岡山県岡山市中区浜３－８－４５", "緯度": 34.66917, "経度": 133.942799, "url": "https://www.iryou.teikyouseido.mhlw.go.jp/znk-web/juminkanja/S2430/initialize?prefCd=33&kikanCd=5330009030&kikanKbn=5", "url2": "http://www.welcia-yakkyoku.co.jp/", "内容": "ウエルシア薬局岡山浜店【5:薬局】岡山県岡山市中区浜３－８－４５" }, "geometry": { "type": "Point", "coordinates": [ 133.942799, 34.66917 ] } },
{ "type": "Feature", "properties": { "ID": 3355330009040, "正式名称": "ウエルシア薬局倉敷駅前店", "機関区分": 5, "都道府県コード": 33, "市区町村コード": 202, "所在地": "岡山県倉敷市阿知１－７－２くらしきシティプラザ西ビル１階", "緯度": 34.600897, "経度": 133.7658, "url": "https://www.iryou.teikyouseido.mhlw.go.jp/znk-web/juminkanja/S2430/initialize?prefCd=33&kikanCd=5330009040&kikanKbn=5", "url2": "https://www.welcia-yakkyoku.co.jp/", "内容": "ウエルシア薬局倉敷駅前店【5:薬局】岡山県倉敷市阿知１－７－２くらしきシティプラザ西ビル１階" }, "geometry": { "type": "Point", "coordinates": [ 133.7658, 34.600897 ] } },
{ "type": "Feature", "properties": { "ID": 3355330009060, "正式名称": "タイオン薬局　平井店", "機関区分": 5, "都道府県コード": 33, "市区町村コード": 102, "所在地": "岡山県岡山市中区平井４丁目１７－１７", "緯度": 34.638951, "経度": 133.945344, "url": "https://www.iryou.teikyouseido.mhlw.go.jp/znk-web/juminkanja/S2430/initialize?prefCd=33&kikanCd=5330009060&kikanKbn=5", "url2": null, "内容": "タイオン薬局　平井店【5:薬局】岡山県岡山市中区平井４丁目１７－１７" }, "geometry": { "type": "Point", "coordinates": [ 133.945344, 34.638951 ] } },
{ "type": "Feature", "properties": { "ID": 3355330009070, "正式名称": "アイ薬局", "機関区分": 5, "都道府県コード": 33, "市区町村コード": 205, "所在地": "岡山県笠岡市五番町５－１", "緯度": 34.497722, "経度": 133.512469, "url": "https://www.iryou.teikyouseido.mhlw.go.jp/znk-web/juminkanja/S2430/initialize?prefCd=33&kikanCd=5330009070&kikanKbn=5", "url2": null, "内容": "アイ薬局【5:薬局】岡山県笠岡市五番町５－１" }, "geometry": { "type": "Point", "coordinates": [ 133.512469, 34.497722 ] } },
{ "type": "Feature", "properties": { "ID": 3355330009090, "正式名称": "さくらさく薬局", "機関区分": 5, "都道府県コード": 33, "市区町村コード": 606, "所在地": "岡山県苫田郡鏡野町寺元３４１－７", "緯度": 35.086582, "経度": 133.934308, "url": "https://www.iryou.teikyouseido.mhlw.go.jp/znk-web/juminkanja/S2430/initialize?prefCd=33&kikanCd=5330009090&kikanKbn=5", "url2": "https://www.39ra39.com", "内容": "さくらさく薬局【5:薬局】岡山県苫田郡鏡野町寺元３４１－７" }, "geometry": { "type": "Point", "coordinates": [ 133.934308, 35.086582 ] } },
{ "type": "Feature", "properties": { "ID": 3355330009110, "正式名称": "サンライズ薬局", "機関区分": 5, "都道府県コード": 33, "市区町村コード": 101, "所在地": "岡山県岡山市北区伊島北町８－５", "緯度": 34.680603, "経度": 133.903408, "url": "https://www.iryou.teikyouseido.mhlw.go.jp/znk-web/juminkanja/S2430/initialize?prefCd=33&kikanCd=5330009110&kikanKbn=5", "url2": "https://kid-hd.com", "内容": "サンライズ薬局【5:薬局】岡山県岡山市北区伊島北町８－５" }, "geometry": { "type": "Point", "coordinates": [ 133.903408, 34.680603 ] } },
{ "type": "Feature", "properties": { "ID": 3355330009120, "正式名称": "ドルフィン薬局", "機関区分": 5, "都道府県コード": 33, "市区町村コード": 216, "所在地": "岡山県浅口市寄島町３０６４", "緯度": 34.491566, "経度": 133.593293, "url": "https://www.iryou.teikyouseido.mhlw.go.jp/znk-web/juminkanja/S2430/initialize?prefCd=33&kikanCd=5330009120&kikanKbn=5", "url2": "https://dolphinaid.jp/facility_detail_4.html", "内容": "ドルフィン薬局【5:薬局】岡山県浅口市寄島町３０６４" }, "geometry": { "type": "Point", "coordinates": [ 133.593293, 34.491566 ] } },
{ "type": "Feature", "properties": { "ID": 3355330009140, "正式名称": "ププレひまわり薬局グラン倉敷店", "機関区分": 5, "都道府県コード": 33, "市区町村コード": 202, "所在地": "岡山県倉敷市川入８５４－１", "緯度": 34.608174, "経度": 133.758628, "url": "https://www.iryou.teikyouseido.mhlw.go.jp/znk-web/juminkanja/S2430/initialize?prefCd=33&kikanCd=5330009140&kikanKbn=5", "url2": "https://pupule-iryou.com/", "内容": "ププレひまわり薬局グラン倉敷店【5:薬局】岡山県倉敷市川入８５４－１" }, "geometry": { "type": "Point", "coordinates": [ 133.758628, 34.608174 ] } },
{ "type": "Feature", "properties": { "ID": 3355330009150, "正式名称": "ププレひまわり薬局　児島店", "機関区分": 5, "都道府県コード": 33, "市区町村コード": 202, "所在地": "岡山県倉敷市児島駅前２ー３２", "緯度": 34.465778, "経度": 133.804708, "url": "https://www.iryou.teikyouseido.mhlw.go.jp/znk-web/juminkanja/S2430/initialize?prefCd=33&kikanCd=5330009150&kikanKbn=5", "url2": "https://himawarinews.com/store/kojima_pharmacy/", "内容": "ププレひまわり薬局　児島店【5:薬局】岡山県倉敷市児島駅前２ー３２" }, "geometry": { "type": "Point", "coordinates": [ 133.804708, 34.465778 ] } },
{ "type": "Feature", "properties": { "ID": 3355330009160, "正式名称": "アルファー薬局小田店", "機関区分": 5, "都道府県コード": 33, "市区町村コード": 461, "所在地": "岡山県小田郡矢掛町小田５５２６－１", "緯度": 34.606082, "経度": 133.543776, "url": "https://www.iryou.teikyouseido.mhlw.go.jp/znk-web/juminkanja/S2430/initialize?prefCd=33&kikanCd=5330009160&kikanKbn=5", "url2": "https://alphapharmacy.jp/", "内容": "アルファー薬局小田店【5:薬局】岡山県小田郡矢掛町小田５５２６－１" }, "geometry": { "type": "Point", "coordinates": [ 133.543776, 34.606082 ] } },
{ "type": "Feature", "properties": { "ID": 3355330009170, "正式名称": "アイ薬局　総社店", "機関区分": 5, "都道府県コード": 33, "市区町村コード": 208, "所在地": "岡山県総社市中央２－２－１１１", "緯度": 34.67358, "経度": 133.745922, "url": "https://www.iryou.teikyouseido.mhlw.go.jp/znk-web/juminkanja/S2430/initialize?prefCd=33&kikanCd=5330009170&kikanKbn=5", "url2": "https://urapyon.com/", "内容": "アイ薬局　総社店【5:薬局】岡山県総社市中央２－２－１１１" }, "geometry": { "type": "Point", "coordinates": [ 133.745922, 34.67358 ] } },
{ "type": "Feature", "properties": { "ID": 3355330009180, "正式名称": "のぞみ薬局　わけ店", "機関区分": 5, "都道府県コード": 33, "市区町村コード": 346, "所在地": "岡山県和気郡和気町泉５０－５", "緯度": 34.807825, "経度": 134.164787, "url": "https://www.iryou.teikyouseido.mhlw.go.jp/znk-web/juminkanja/S2430/initialize?prefCd=33&kikanCd=5330009180&kikanKbn=5", "url2": "https://nozomi-ph.jp/", "内容": "のぞみ薬局　わけ店【5:薬局】岡山県和気郡和気町泉５０－５" }, "geometry": { "type": "Point", "coordinates": [ 134.164787, 34.807825 ] } },
{ "type": "Feature", "properties": { "ID": 3355330009190, "正式名称": "さくら薬局倉敷インター店", "機関区分": 5, "都道府県コード": 33, "市区町村コード": 202, "所在地": "岡山県倉敷市西坂７５２－７", "緯度": 34.624513, "経度": 133.775679, "url": "https://www.iryou.teikyouseido.mhlw.go.jp/znk-web/juminkanja/S2430/initialize?prefCd=33&kikanCd=5330009190&kikanKbn=5", "url2": "https://sakurams.co.jp", "内容": "さくら薬局倉敷インター店【5:薬局】岡山県倉敷市西坂７５２－７" }, "geometry": { "type": "Point", "coordinates": [ 133.775679, 34.624513 ] } },
{ "type": "Feature", "properties": { "ID": 3355330009200, "正式名称": "ウエキ薬局", "機関区分": 5, "都道府県コード": 33, "市区町村コード": 101, "所在地": "岡山県岡山市北区本町９ー１３", "緯度": 34.663968, "経度": 133.922545, "url": "https://www.iryou.teikyouseido.mhlw.go.jp/znk-web/juminkanja/S2430/initialize?prefCd=33&kikanCd=5330009200&kikanKbn=5", "url2": "ueno-p.jp", "内容": "ウエキ薬局【5:薬局】岡山県岡山市北区本町９ー１３" }, "geometry": { "type": "Point", "coordinates": [ 133.922545, 34.663968 ] } },
{ "type": "Feature", "properties": { "ID": 3355330009210, "正式名称": "株式会社ダテ薬局清輝橋店", "機関区分": 5, "都道府県コード": 33, "市区町村コード": 101, "所在地": "岡山県岡山市北区清輝橋４丁目８－１５", "緯度": 34.647061, "経度": 133.926781, "url": "https://www.iryou.teikyouseido.mhlw.go.jp/znk-web/juminkanja/S2430/initialize?prefCd=33&kikanCd=5330009210&kikanKbn=5", "url2": "https://date-yakkyoku.com/", "内容": "株式会社ダテ薬局清輝橋店【5:薬局】岡山県岡山市北区清輝橋４丁目８－１５" }, "geometry": { "type": "Point", "coordinates": [ 133.926781, 34.647061 ] } },
{ "type": "Feature", "properties": { "ID": 3355330009220, "正式名称": "あやめ薬局", "機関区分": 5, "都道府県コード": 33, "市区町村コード": 216, "所在地": "岡山県浅口市鴨方町鴨方１０９２－７", "緯度": 34.537942, "経度": 133.589105, "url": "https://www.iryou.teikyouseido.mhlw.go.jp/znk-web/juminkanja/S2430/initialize?prefCd=33&kikanCd=5330009220&kikanKbn=5", "url2": null, "内容": "あやめ薬局【5:薬局】岡山県浅口市鴨方町鴨方１０９２－７" }, "geometry": { "type": "Point", "coordinates": [ 133.589105, 34.537942 ] } },
{ "type": "Feature", "properties": { "ID": 3355330009230, "正式名称": "あかまつ薬局　高島店", "機関区分": 5, "都道府県コード": 33, "市区町村コード": 102, "所在地": "岡山県岡山市中区中井１－１３－１７", "緯度": 34.683695, "経度": 133.960471, "url": "https://www.iryou.teikyouseido.mhlw.go.jp/znk-web/juminkanja/S2430/initialize?prefCd=33&kikanCd=5330009230&kikanKbn=5", "url2": "https://akamatsuyakkan.co.jp/", "内容": "あかまつ薬局　高島店【5:薬局】岡山県岡山市中区中井１－１３－１７" }, "geometry": { "type": "Point", "coordinates": [ 133.960471, 34.683695 ] } },
{ "type": "Feature", "properties": { "ID": 3355330009240, "正式名称": "コーモト薬局黒崎店", "機関区分": 5, "都道府県コード": 33, "市区町村コード": 202, "所在地": "岡山県倉敷市玉島黒崎３９１１－５", "緯度": 34.51582, "経度": 133.645375, "url": "https://www.iryou.teikyouseido.mhlw.go.jp/znk-web/juminkanja/S2430/initialize?prefCd=33&kikanCd=5330009240&kikanKbn=5", "url2": "http://www.koumoto.jp/", "内容": "コーモト薬局黒崎店【5:薬局】岡山県倉敷市玉島黒崎３９１１－５" }, "geometry": { "type": "Point", "coordinates": [ 133.645375, 34.51582 ] } },
{ "type": "Feature", "properties": { "ID": 3355330009250, "正式名称": "ハロー薬局赤磐店", "機関区分": 5, "都道府県コード": 33, "市区町村コード": 213, "所在地": "岡山県赤磐市穂崎８５２－１", "緯度": 34.733502, "経度": 134.005844, "url": "https://www.iryou.teikyouseido.mhlw.go.jp/znk-web/juminkanja/S2430/initialize?prefCd=33&kikanCd=5330009250&kikanKbn=5", "url2": "https://hello-pharmacy.jp/", "内容": "ハロー薬局赤磐店【5:薬局】岡山県赤磐市穂崎８５２－１" }, "geometry": { "type": "Point", "coordinates": [ 134.005844, 34.733502 ] } },
{ "type": "Feature", "properties": { "ID": 3355330009260, "正式名称": "平井薬局", "機関区分": 5, "都道府県コード": 33, "市区町村コード": 102, "所在地": "岡山県岡山市中区平井４丁目２３－２３", "緯度": 34.63657, "経度": 133.946057, "url": "https://www.iryou.teikyouseido.mhlw.go.jp/znk-web/juminkanja/S2430/initialize?prefCd=33&kikanCd=5330009260&kikanKbn=5", "url2": null, "内容": "平井薬局【5:薬局】岡山県岡山市中区平井４丁目２３－２３" }, "geometry": { "type": "Point", "coordinates": [ 133.946057, 34.63657 ] } },
{ "type": "Feature", "properties": { "ID": 3355330009270, "正式名称": "ウエルシア薬局岡山奉還町店", "機関区分": 5, "都道府県コード": 33, "市区町村コード": 101, "所在地": "岡山県岡山市北区奉還町四丁目１９－２１", "緯度": 34.669974, "経度": 133.91014, "url": "https://www.iryou.teikyouseido.mhlw.go.jp/znk-web/juminkanja/S2430/initialize?prefCd=33&kikanCd=5330009270&kikanKbn=5", "url2": "https://www.welcia-yakkyoku.co.jp/", "内容": "ウエルシア薬局岡山奉還町店【5:薬局】岡山県岡山市北区奉還町四丁目１９－２１" }, "geometry": { "type": "Point", "coordinates": [ 133.91014, 34.669974 ] } },
{ "type": "Feature", "properties": { "ID": 3355330009280, "正式名称": "えだまめ薬局", "機関区分": 5, "都道府県コード": 33, "市区町村コード": 101, "所在地": "岡山県岡山市北区東古松４９７ー５", "緯度": 34.641838, "経度": 133.913978, "url": "https://www.iryou.teikyouseido.mhlw.go.jp/znk-web/juminkanja/S2430/initialize?prefCd=33&kikanCd=5330009280&kikanKbn=5", "url2": "https://edamame-pharmacy.com/", "内容": "えだまめ薬局【5:薬局】岡山県岡山市北区東古松４９７ー５" }, "geometry": { "type": "Point", "coordinates": [ 133.913978, 34.641838 ] } },
{ "type": "Feature", "properties": { "ID": 3355330009290, "正式名称": "ホリエ薬局", "機関区分": 5, "都道府県コード": 33, "市区町村コード": 208, "所在地": "岡山県総社市駅前１－８－７２", "緯度": 34.673634, "経度": 133.739046, "url": "https://www.iryou.teikyouseido.mhlw.go.jp/znk-web/juminkanja/S2430/initialize?prefCd=33&kikanCd=5330009290&kikanKbn=5", "url2": null, "内容": "ホリエ薬局【5:薬局】岡山県総社市駅前１－８－７２" }, "geometry": { "type": "Point", "coordinates": [ 133.739046, 34.673634 ] } },
{ "type": "Feature", "properties": { "ID": 3355330009300, "正式名称": "ＡＢＣ薬局", "機関区分": 5, "都道府県コード": 33, "市区町村コード": 101, "所在地": "岡山県岡山市北区野殿東町３－３４", "緯度": 34.660944, "経度": 133.881928, "url": "https://www.iryou.teikyouseido.mhlw.go.jp/znk-web/juminkanja/S2430/initialize?prefCd=33&kikanCd=5330009300&kikanKbn=5", "url2": null, "内容": "ＡＢＣ薬局【5:薬局】岡山県岡山市北区野殿東町３－３４" }, "geometry": { "type": "Point", "coordinates": [ 133.881928, 34.660944 ] } },
{ "type": "Feature", "properties": { "ID": 3355330009310, "正式名称": "ザグザグ薬局　志戸部店", "機関区分": 5, "都道府県コード": 33, "市区町村コード": 203, "所在地": "岡山県津山市沼８４８－１６", "緯度": 35.07319, "経度": 134.015681, "url": "https://www.iryou.teikyouseido.mhlw.go.jp/znk-web/juminkanja/S2430/initialize?prefCd=33&kikanCd=5330009310&kikanKbn=5", "url2": "http://www.zagzag.co.jp", "内容": "ザグザグ薬局　志戸部店【5:薬局】岡山県津山市沼８４８－１６" }, "geometry": { "type": "Point", "coordinates": [ 134.015681, 35.07319 ] } },
{ "type": "Feature", "properties": { "ID": 3355330009320, "正式名称": "レデイ薬局雄町店", "機関区分": 5, "都道府県コード": 33, "市区町村コード": 102, "所在地": "岡山県岡山市中区雄町１４０", "緯度": 34.685387, "経度": 133.971655, "url": "https://www.iryou.teikyouseido.mhlw.go.jp/znk-web/juminkanja/S2430/initialize?prefCd=33&kikanCd=5330009320&kikanKbn=5", "url2": null, "内容": "レデイ薬局雄町店【5:薬局】岡山県岡山市中区雄町１４０" }, "geometry": { "type": "Point", "coordinates": [ 133.971655, 34.685387 ] } },
{ "type": "Feature", "properties": { "ID": 3355330009330, "正式名称": "ウエルシア薬局　岡山富士見店", "機関区分": 5, "都道府県コード": 33, "市区町村コード": 103, "所在地": "岡山県岡山市東区富士見町１丁目２８ー４７", "緯度": 34.658395, "経度": 134.012762, "url": "https://www.iryou.teikyouseido.mhlw.go.jp/znk-web/juminkanja/S2430/initialize?prefCd=33&kikanCd=5330009330&kikanKbn=5", "url2": "https://store.welcia.co.jp/welcia/spot/detail?code=3778D", "内容": "ウエルシア薬局　岡山富士見店【5:薬局】岡山県岡山市東区富士見町１丁目２８ー４７" }, "geometry": { "type": "Point", "coordinates": [ 134.012762, 34.658395 ] } },
{ "type": "Feature", "properties": { "ID": 3355330009340, "正式名称": "メディライズ薬局倉敷店", "機関区分": 5, "都道府県コード": 33, "市区町村コード": 202, "所在地": "岡山県倉敷市石見町４－６フィロソフィアビル１Ｆ", "緯度": 34.600151, "経度": 133.761583, "url": "https://www.iryou.teikyouseido.mhlw.go.jp/znk-web/juminkanja/S2430/initialize?prefCd=33&kikanCd=5330009340&kikanKbn=5", "url2": "https://medirise.co.jp/", "内容": "メディライズ薬局倉敷店【5:薬局】岡山県倉敷市石見町４－６フィロソフィアビル１Ｆ" }, "geometry": { "type": "Point", "coordinates": [ 133.761583, 34.600151 ] } },
{ "type": "Feature", "properties": { "ID": 3355330009350, "正式名称": "あしたか薬局沖新町店", "機関区分": 5, "都道府県コード": 33, "市区町村コード": 202, "所在地": "岡山県倉敷市沖新町９２－２２第２大高ビル１０２", "緯度": 34.583867, "経度": 133.755844, "url": "https://www.iryou.teikyouseido.mhlw.go.jp/znk-web/juminkanja/S2430/initialize?prefCd=33&kikanCd=5330009350&kikanKbn=5", "url2": null, "内容": "あしたか薬局沖新町店【5:薬局】岡山県倉敷市沖新町９２－２２第２大高ビル１０２" }, "geometry": { "type": "Point", "coordinates": [ 133.755844, 34.583867 ] } },
{ "type": "Feature", "properties": { "ID": 3355330009360, "正式名称": "イーズ薬局", "機関区分": 5, "都道府県コード": 33, "市区町村コード": 101, "所在地": "岡山県岡山市北区中山下２丁目１－２２", "緯度": 34.662044, "経度": 133.927202, "url": "https://www.iryou.teikyouseido.mhlw.go.jp/znk-web/juminkanja/S2430/initialize?prefCd=33&kikanCd=5330009360&kikanKbn=5", "url2": null, "内容": "イーズ薬局【5:薬局】岡山県岡山市北区中山下２丁目１－２２" }, "geometry": { "type": "Point", "coordinates": [ 133.927202, 34.662044 ] } },
{ "type": "Feature", "properties": { "ID": 3355330009370, "正式名称": "あかり薬局国富店", "機関区分": 5, "都道府県コード": 33, "市区町村コード": 102, "所在地": "岡山県岡山市中区国富４－５－２０", "緯度": 34.668308, "経度": 133.949052, "url": "https://www.iryou.teikyouseido.mhlw.go.jp/znk-web/juminkanja/S2430/initialize?prefCd=33&kikanCd=5330009370&kikanKbn=5", "url2": "https://www.akarix.com/", "内容": "あかり薬局国富店【5:薬局】岡山県岡山市中区国富４－５－２０" }, "geometry": { "type": "Point", "coordinates": [ 133.949052, 34.668308 ] } },
{ "type": "Feature", "properties": { "ID": 3355330009380, "正式名称": "ウエルシア薬局岡山東畦店", "機関区分": 5, "都道府県コード": 33, "市区町村コード": 104, "所在地": "岡山県岡山市南区東畦２９９番地３", "緯度": 34.60816, "経度": 133.87932, "url": "https://www.iryou.teikyouseido.mhlw.go.jp/znk-web/juminkanja/S2430/initialize?prefCd=33&kikanCd=5330009380&kikanKbn=5", "url2": "https://www.welcia-yakkyoku.co.jp/", "内容": "ウエルシア薬局岡山東畦店【5:薬局】岡山県岡山市南区東畦２９９番地３" }, "geometry": { "type": "Point", "coordinates": [ 133.87932, 34.60816 ] } },
{ "type": "Feature", "properties": { "ID": 3355330009390, "正式名称": "ドラッグセイムス玉野田井薬局", "機関区分": 5, "都道府県コード": 33, "市区町村コード": 204, "所在地": "岡山県玉野市田井３丁目３２－７０", "緯度": 34.514517, "経度": 133.951828, "url": "https://www.iryou.teikyouseido.mhlw.go.jp/znk-web/juminkanja/S2430/initialize?prefCd=33&kikanCd=5330009390&kikanKbn=5", "url2": "https://store.seims.co.jp/map/4150/", "内容": "ドラッグセイムス玉野田井薬局【5:薬局】岡山県玉野市田井３丁目３２－７０" }, "geometry": { "type": "Point", "coordinates": [ 133.951828, 34.514517 ] } },
{ "type": "Feature", "properties": { "ID": 3355330009400, "正式名称": "つばめ薬局", "機関区分": 5, "都道府県コード": 33, "市区町村コード": 622, "所在地": "岡山県勝田郡勝央町小矢田６１５－１", "緯度": 35.02725, "経度": 134.127441, "url": "https://www.iryou.teikyouseido.mhlw.go.jp/znk-web/juminkanja/S2430/initialize?prefCd=33&kikanCd=5330009400&kikanKbn=5", "url2": null, "内容": "つばめ薬局【5:薬局】岡山県勝田郡勝央町小矢田６１５－１" }, "geometry": { "type": "Point", "coordinates": [ 134.127441, 35.02725 ] } },
{ "type": "Feature", "properties": { "ID": 3355330009410, "正式名称": "ププレひまわり薬局茶屋町店", "機関区分": 5, "都道府県コード": 33, "市区町村コード": 202, "所在地": "岡山県倉敷市茶屋町２３４", "緯度": 34.589808, "経度": 133.832442, "url": "https://www.iryou.teikyouseido.mhlw.go.jp/znk-web/juminkanja/S2430/initialize?prefCd=33&kikanCd=5330009410&kikanKbn=5", "url2": "https://himawarinews.com/store/chayamachi_pharmacy/", "内容": "ププレひまわり薬局茶屋町店【5:薬局】岡山県倉敷市茶屋町２３４" }, "geometry": { "type": "Point", "coordinates": [ 133.832442, 34.589808 ] } },
{ "type": "Feature", "properties": { "ID": 3355330009430, "正式名称": "ププレひまわり薬局　浜店", "機関区分": 5, "都道府県コード": 33, "市区町村コード": 102, "所在地": "岡山県岡山市中区浜３－６－１２", "緯度": 34.670633, "経度": 133.941701, "url": "https://www.iryou.teikyouseido.mhlw.go.jp/znk-web/juminkanja/S2430/initialize?prefCd=33&kikanCd=5330009430&kikanKbn=5", "url2": "https://store.welcia.co.jp/welcia/spot/detail?code=2609D", "内容": "ププレひまわり薬局　浜店【5:薬局】岡山県岡山市中区浜３－６－１２" }, "geometry": { "type": "Point", "coordinates": [ 133.941701, 34.670633 ] } },
{ "type": "Feature", "properties": { "ID": 3355330009440, "正式名称": "きたぞの薬局清心町店", "機関区分": 5, "都道府県コード": 33, "市区町村コード": 101, "所在地": "岡山県岡山市北区清心町１７－２４", "緯度": 34.675012, "経度": 133.918086, "url": "https://www.iryou.teikyouseido.mhlw.go.jp/znk-web/juminkanja/S2430/initialize?prefCd=33&kikanCd=5330009440&kikanKbn=5", "url2": "https://kitazono-phar.co.jp/", "内容": "きたぞの薬局清心町店【5:薬局】岡山県岡山市北区清心町１７－２４" }, "geometry": { "type": "Point", "coordinates": [ 133.918086, 34.675012 ] } },
{ "type": "Feature", "properties": { "ID": 3355330009450, "正式名称": "さくら薬局西島田店", "機関区分": 5, "都道府県コード": 33, "市区町村コード": 101, "所在地": "岡山県岡山市北区西島田町７－１６", "緯度": 34.658326, "経度": 133.907677, "url": "https://www.iryou.teikyouseido.mhlw.go.jp/znk-web/juminkanja/S2430/initialize?prefCd=33&kikanCd=5330009450&kikanKbn=5", "url2": "https://sakurams.co.jp/pharmacy/", "内容": "さくら薬局西島田店【5:薬局】岡山県岡山市北区西島田町７－１６" }, "geometry": { "type": "Point", "coordinates": [ 133.907677, 34.658326 ] } },
{ "type": "Feature", "properties": { "ID": 3355330009460, "正式名称": "幸観堂薬局四十瀬店", "機関区分": 5, "都道府県コード": 33, "市区町村コード": 202, "所在地": "岡山県倉敷市四十瀬２３５－１", "緯度": 34.588971, "経度": 133.74778, "url": "https://www.iryou.teikyouseido.mhlw.go.jp/znk-web/juminkanja/S2430/initialize?prefCd=33&kikanCd=5330009460&kikanKbn=5", "url2": "http://www.kohkando.jp/", "内容": "幸観堂薬局四十瀬店【5:薬局】岡山県倉敷市四十瀬２３５－１" }, "geometry": { "type": "Point", "coordinates": [ 133.74778, 34.588971 ] } },
{ "type": "Feature", "properties": { "ID": 3355330009470, "正式名称": "ファーマシィ薬局湯原温泉", "機関区分": 5, "都道府県コード": 33, "市区町村コード": 214, "所在地": "岡山県真庭市下湯原４２２－２", "緯度": 35.188364, "経度": 133.733861, "url": "https://www.iryou.teikyouseido.mhlw.go.jp/znk-web/juminkanja/S2430/initialize?prefCd=33&kikanCd=5330009470&kikanKbn=5", "url2": null, "内容": "ファーマシィ薬局湯原温泉【5:薬局】岡山県真庭市下湯原４２２－２" }, "geometry": { "type": "Point", "coordinates": [ 133.733861, 35.188364 ] } },
{ "type": "Feature", "properties": { "ID": 3355330009480, "正式名称": "レモン薬局　中島店", "機関区分": 5, "都道府県コード": 33, "市区町村コード": 202, "所在地": "岡山県倉敷市中島３０１２－３", "緯度": 34.589454, "経度": 133.737395, "url": "https://www.iryou.teikyouseido.mhlw.go.jp/znk-web/juminkanja/S2430/initialize?prefCd=33&kikanCd=5330009480&kikanKbn=5", "url2": null, "内容": "レモン薬局　中島店【5:薬局】岡山県倉敷市中島３０１２－３" }, "geometry": { "type": "Point", "coordinates": [ 133.737395, 34.589454 ] } },
{ "type": "Feature", "properties": { "ID": 3355330009490, "正式名称": "レモン薬局　番町店", "機関区分": 5, "都道府県コード": 33, "市区町村コード": 205, "所在地": "岡山県笠岡市二番町７ー１０", "緯度": 34.497041, "経度": 133.520366, "url": "https://www.iryou.teikyouseido.mhlw.go.jp/znk-web/juminkanja/S2430/initialize?prefCd=33&kikanCd=5330009490&kikanKbn=5", "url2": null, "内容": "レモン薬局　番町店【5:薬局】岡山県笠岡市二番町７ー１０" }, "geometry": { "type": "Point", "coordinates": [ 133.520366, 34.497041 ] } },
{ "type": "Feature", "properties": { "ID": 3355330009500, "正式名称": "レモン薬局　富岡店", "機関区分": 5, "都道府県コード": 33, "市区町村コード": 205, "所在地": "岡山県笠岡市富岡２５６－１０", "緯度": 34.494852, "経度": 133.527491, "url": "https://www.iryou.teikyouseido.mhlw.go.jp/znk-web/juminkanja/S2430/initialize?prefCd=33&kikanCd=5330009500&kikanKbn=5", "url2": null, "内容": "レモン薬局　富岡店【5:薬局】岡山県笠岡市富岡２５６－１０" }, "geometry": { "type": "Point", "coordinates": [ 133.527491, 34.494852 ] } },
{ "type": "Feature", "properties": { "ID": 3355330009510, "正式名称": "サカエ薬局　松浜店", "機関区分": 5, "都道府県コード": 33, "市区町村コード": 104, "所在地": "岡山県岡山市南区松浜町１５－１", "緯度": 34.613799, "経度": 133.940175, "url": "https://www.iryou.teikyouseido.mhlw.go.jp/znk-web/juminkanja/S2430/initialize?prefCd=33&kikanCd=5330009510&kikanKbn=5", "url2": "https://medicament.co.jp/", "内容": "サカエ薬局　松浜店【5:薬局】岡山県岡山市南区松浜町１５－１" }, "geometry": { "type": "Point", "coordinates": [ 133.940175, 34.613799 ] } },
{ "type": "Feature", "properties": { "ID": 3355330009520, "正式名称": "レモン薬局　八王寺店", "機関区分": 5, "都道府県コード": 33, "市区町村コード": 202, "所在地": "岡山県倉敷市八王寺町１８０－３８", "緯度": 34.600271, "経度": 133.75234, "url": "https://www.iryou.teikyouseido.mhlw.go.jp/znk-web/juminkanja/S2430/initialize?prefCd=33&kikanCd=5330009520&kikanKbn=5", "url2": null, "内容": "レモン薬局　八王寺店【5:薬局】岡山県倉敷市八王寺町１８０－３８" }, "geometry": { "type": "Point", "coordinates": [ 133.75234, 34.600271 ] } },
{ "type": "Feature", "properties": { "ID": 3355330009530, "正式名称": "レモン薬局　水島店", "機関区分": 5, "都道府県コード": 33, "市区町村コード": 202, "所在地": "岡山県倉敷市水島西常盤町１０－１８－７", "緯度": 34.535075, "経度": 133.740606, "url": "https://www.iryou.teikyouseido.mhlw.go.jp/znk-web/juminkanja/S2430/initialize?prefCd=33&kikanCd=5330009530&kikanKbn=5", "url2": null, "内容": "レモン薬局　水島店【5:薬局】岡山県倉敷市水島西常盤町１０－１８－７" }, "geometry": { "type": "Point", "coordinates": [ 133.740606, 34.535075 ] } },
{ "type": "Feature", "properties": { "ID": 3355330009540, "正式名称": "ハロー薬局富田店", "機関区分": 5, "都道府県コード": 33, "市区町村コード": 101, "所在地": "岡山県岡山市北区富田１５７ハロー薬局富田店", "緯度": 34.638145, "経度": 133.922319, "url": "https://www.iryou.teikyouseido.mhlw.go.jp/znk-web/juminkanja/S2430/initialize?prefCd=33&kikanCd=5330009540&kikanKbn=5", "url2": null, "内容": "ハロー薬局富田店【5:薬局】岡山県岡山市北区富田１５７ハロー薬局富田店" }, "geometry": { "type": "Point", "coordinates": [ 133.922319, 34.638145 ] } },
{ "type": "Feature", "properties": { "ID": 3355330009550, "正式名称": "あお調剤薬局　倉敷水江店", "機関区分": 5, "都道府県コード": 33, "市区町村コード": 202, "所在地": "岡山県倉敷市水江１−４５シティハイツアンドＡ１０１", "緯度": 34.601142, "経度": 133.744237, "url": "https://www.iryou.teikyouseido.mhlw.go.jp/znk-web/juminkanja/S2430/initialize?prefCd=33&kikanCd=5330009550&kikanKbn=5", "url2": null, "内容": "あお調剤薬局　倉敷水江店【5:薬局】岡山県倉敷市水江１−４５シティハイツアンドＡ１０１" }, "geometry": { "type": "Point", "coordinates": [ 133.744237, 34.601142 ] } },
{ "type": "Feature", "properties": { "ID": 3355330009560, "正式名称": "ひかり薬局　西大寺松崎店", "機関区分": 5, "都道府県コード": 33, "市区町村コード": 103, "所在地": "岡山県岡山市東区西大寺松崎２９３－２", "緯度": 34.661694, "経度": 134.014296, "url": "https://www.iryou.teikyouseido.mhlw.go.jp/znk-web/juminkanja/S2430/initialize?prefCd=33&kikanCd=5330009560&kikanKbn=5", "url2": "https://hikariph.co.jp/", "内容": "ひかり薬局　西大寺松崎店【5:薬局】岡山県岡山市東区西大寺松崎２９３－２" }, "geometry": { "type": "Point", "coordinates": [ 134.014296, 34.661694 ] } },
{ "type": "Feature", "properties": { "ID": 3355330009570, "正式名称": "タイオン薬局　高島店", "機関区分": 5, "都道府県コード": 33, "市区町村コード": 102, "所在地": "岡山県岡山市中区中井４５７－２", "緯度": 34.68889, "経度": 133.958016, "url": "https://www.iryou.teikyouseido.mhlw.go.jp/znk-web/juminkanja/S2430/initialize?prefCd=33&kikanCd=5330009570&kikanKbn=5", "url2": null, "内容": "タイオン薬局　高島店【5:薬局】岡山県岡山市中区中井４５７－２" }, "geometry": { "type": "Point", "coordinates": [ 133.958016, 34.68889 ] } },
{ "type": "Feature", "properties": { "ID": 3355330009580, "正式名称": "ザグザグ薬局　新倉敷店", "機関区分": 5, "都道府県コード": 33, "市区町村コード": 202, "所在地": "岡山県倉敷市新倉敷駅前１丁目１０３－３", "緯度": 34.562522, "経度": 133.678013, "url": "https://www.iryou.teikyouseido.mhlw.go.jp/znk-web/juminkanja/S2430/initialize?prefCd=33&kikanCd=5330009580&kikanKbn=5", "url2": "http://www.zagzag.co.jp", "内容": "ザグザグ薬局　新倉敷店【5:薬局】岡山県倉敷市新倉敷駅前１丁目１０３－３" }, "geometry": { "type": "Point", "coordinates": [ 133.678013, 34.562522 ] } },
{ "type": "Feature", "properties": { "ID": 3355330009590, "正式名称": "ププレひまわり薬局　山陽店", "機関区分": 5, "都道府県コード": 33, "市区町村コード": 213, "所在地": "岡山県赤磐市下市４７７－１", "緯度": 34.755714, "経度": 134.016031, "url": "https://www.iryou.teikyouseido.mhlw.go.jp/znk-web/juminkanja/S2430/initialize?prefCd=33&kikanCd=5330009590&kikanKbn=5", "url2": null, "内容": "ププレひまわり薬局　山陽店【5:薬局】岡山県赤磐市下市４７７－１" }, "geometry": { "type": "Point", "coordinates": [ 134.016031, 34.755714 ] } },
{ "type": "Feature", "properties": { "ID": 3355330009600, "正式名称": "ププレひまわり薬局　玉野店", "機関区分": 5, "都道府県コード": 33, "市区町村コード": 204, "所在地": "岡山県玉野市宇野１－２２－１４", "緯度": 34.48992, "経度": 133.946742, "url": "https://www.iryou.teikyouseido.mhlw.go.jp/znk-web/juminkanja/S2430/initialize?prefCd=33&kikanCd=5330009600&kikanKbn=5", "url2": "https://store.welcia.co.jp/welcia/spot/detail?code=2540D", "内容": "ププレひまわり薬局　玉野店【5:薬局】岡山県玉野市宇野１－２２－１４" }, "geometry": { "type": "Point", "coordinates": [ 133.946742, 34.48992 ] } },
{ "type": "Feature", "properties": { "ID": 3355330009610, "正式名称": "富永薬局　児島柳田店", "機関区分": 5, "都道府県コード": 33, "市区町村コード": 202, "所在地": "岡山県倉敷市児島柳田町６３４－１", "緯度": 34.491535, "経度": 133.800925, "url": "https://www.iryou.teikyouseido.mhlw.go.jp/znk-web/juminkanja/S2430/initialize?prefCd=33&kikanCd=5330009610&kikanKbn=5", "url2": "https://kusuriya.co.jp/", "内容": "富永薬局　児島柳田店【5:薬局】岡山県倉敷市児島柳田町６３４－１" }, "geometry": { "type": "Point", "coordinates": [ 133.800925, 34.491535 ] } },
{ "type": "Feature", "properties": { "ID": 3355330009620, "正式名称": "なつめ薬局", "機関区分": 5, "都道府県コード": 33, "市区町村コード": 101, "所在地": "岡山県岡山市北区東花尻２２９－１", "緯度": 34.659032, "経度": 133.920977, "url": "https://www.iryou.teikyouseido.mhlw.go.jp/znk-web/juminkanja/S2430/initialize?prefCd=33&kikanCd=5330009620&kikanKbn=5", "url2": null, "内容": "なつめ薬局【5:薬局】岡山県岡山市北区東花尻２２９－１" }, "geometry": { "type": "Point", "coordinates": [ 133.920977, 34.659032 ] } },
{ "type": "Feature", "properties": { "ID": 3355330009630, "正式名称": "いほり薬局岡山浜店", "機関区分": 5, "都道府県コード": 33, "市区町村コード": 102, "所在地": "岡山県岡山市中区浜３－９－１０", "緯度": 34.667545, "経度": 133.942933, "url": "https://www.iryou.teikyouseido.mhlw.go.jp/znk-web/juminkanja/S2430/initialize?prefCd=33&kikanCd=5330009630&kikanKbn=5", "url2": null, "内容": "いほり薬局岡山浜店【5:薬局】岡山県岡山市中区浜３－９－１０" }, "geometry": { "type": "Point", "coordinates": [ 133.942933, 34.667545 ] } },
{ "type": "Feature", "properties": { "ID": 3355330009640, "正式名称": "さなだ薬局大高店", "機関区分": 5, "都道府県コード": 33, "市区町村コード": 202, "所在地": "岡山県倉敷市東富井９０８－１", "緯度": 34.576534, "経度": 133.752131, "url": "https://www.iryou.teikyouseido.mhlw.go.jp/znk-web/juminkanja/S2430/initialize?prefCd=33&kikanCd=5330009640&kikanKbn=5", "url2": "https://sanada-pharmacy.jp/", "内容": "さなだ薬局大高店【5:薬局】岡山県倉敷市東富井９０８－１" }, "geometry": { "type": "Point", "coordinates": [ 133.752131, 34.576534 ] } },
{ "type": "Feature", "properties": { "ID": 3355330009650, "正式名称": "ユアサ薬局大高店", "機関区分": 5, "都道府県コード": 33, "市区町村コード": 202, "所在地": "岡山県倉敷市西中新田２０－１３", "緯度": 34.580377, "経度": 133.758368, "url": "https://www.iryou.teikyouseido.mhlw.go.jp/znk-web/juminkanja/S2430/initialize?prefCd=33&kikanCd=5330009650&kikanKbn=5", "url2": null, "内容": "ユアサ薬局大高店【5:薬局】岡山県倉敷市西中新田２０－１３" }, "geometry": { "type": "Point", "coordinates": [ 133.758368, 34.580377 ] } },
{ "type": "Feature", "properties": { "ID": 3355330009660, "正式名称": "レデイ薬局　福成店", "機関区分": 5, "都道府県コード": 33, "市区町村コード": 104, "所在地": "岡山県岡山市南区福成１丁目１６１番地３", "緯度": 34.614683, "経度": 133.932881, "url": "https://www.iryou.teikyouseido.mhlw.go.jp/znk-web/juminkanja/S2430/initialize?prefCd=33&kikanCd=5330009660&kikanKbn=5", "url2": "http://www.lady-drug.co.jp/", "内容": "レデイ薬局　福成店【5:薬局】岡山県岡山市南区福成１丁目１６１番地３" }, "geometry": { "type": "Point", "coordinates": [ 133.932881, 34.614683 ] } },
{ "type": "Feature", "properties": { "ID": 3355330009670, "正式名称": "ファーマシィ薬局一宮", "機関区分": 5, "都道府県コード": 33, "市区町村コード": 101, "所在地": "岡山県岡山市北区尾上１３１－３", "緯度": 34.668621, "経度": 133.868727, "url": "https://www.iryou.teikyouseido.mhlw.go.jp/znk-web/juminkanja/S2430/initialize?prefCd=33&kikanCd=5330009670&kikanKbn=5", "url2": "https://www.pharmacy-net.co.jp", "内容": "ファーマシィ薬局一宮【5:薬局】岡山県岡山市北区尾上１３１－３" }, "geometry": { "type": "Point", "coordinates": [ 133.868727, 34.668621 ] } },
{ "type": "Feature", "properties": { "ID": 3355330009680, "正式名称": "りんご薬局", "機関区分": 5, "都道府県コード": 33, "市区町村コード": 445, "所在地": "岡山県浅口郡里庄町新庄５３４１－１", "緯度": 34.505054, "経度": 133.550073, "url": "https://www.iryou.teikyouseido.mhlw.go.jp/znk-web/juminkanja/S2430/initialize?prefCd=33&kikanCd=5330009680&kikanKbn=5", "url2": null, "内容": "りんご薬局【5:薬局】岡山県浅口郡里庄町新庄５３４１－１" }, "geometry": { "type": "Point", "coordinates": [ 133.550073, 34.505054 ] } },
{ "type": "Feature", "properties": { "ID": 3355330009690, "正式名称": "やまかわ薬局津島店", "機関区分": 5, "都道府県コード": 33, "市区町村コード": 101, "所在地": "岡山県岡山市北区津島西坂２丁目１番１０号", "緯度": 34.682246, "経度": 133.908394, "url": "https://www.iryou.teikyouseido.mhlw.go.jp/znk-web/juminkanja/S2430/initialize?prefCd=33&kikanCd=5330009690&kikanKbn=5", "url2": "https://yamakawa-pharm.jp/", "内容": "やまかわ薬局津島店【5:薬局】岡山県岡山市北区津島西坂２丁目１番１０号" }, "geometry": { "type": "Point", "coordinates": [ 133.908394, 34.682246 ] } },
{ "type": "Feature", "properties": { "ID": 3355330009700, "正式名称": "いほり薬局岡山大福店", "機関区分": 5, "都道府県コード": 33, "市区町村コード": 104, "所在地": "岡山県岡山市南区大福２８２ー１１", "緯度": 34.621197, "経度": 133.87773, "url": "https://www.iryou.teikyouseido.mhlw.go.jp/znk-web/juminkanja/S2430/initialize?prefCd=33&kikanCd=5330009700&kikanKbn=5", "url2": null, "内容": "いほり薬局岡山大福店【5:薬局】岡山県岡山市南区大福２８２ー１１" }, "geometry": { "type": "Point", "coordinates": [ 133.87773, 34.621197 ] } },
{ "type": "Feature", "properties": { "ID": 3355330009710, "正式名称": "ププレひまわり薬局　倉敷新倉敷店", "機関区分": 5, "都道府県コード": 33, "市区町村コード": 202, "所在地": "岡山県倉敷市新倉敷駅前４－１０２", "緯度": 34.559547, "経度": 133.678864, "url": "https://www.iryou.teikyouseido.mhlw.go.jp/znk-web/juminkanja/S2430/initialize?prefCd=33&kikanCd=5330009710&kikanKbn=5", "url2": "https://himawarinews.com/", "内容": "ププレひまわり薬局　倉敷新倉敷店【5:薬局】岡山県倉敷市新倉敷駅前４－１０２" }, "geometry": { "type": "Point", "coordinates": [ 133.678864, 34.559547 ] } },
{ "type": "Feature", "properties": { "ID": 3355330009720, "正式名称": "なの花薬局大元上町店", "機関区分": 5, "都道府県コード": 33, "市区町村コード": 101, "所在地": "岡山県岡山市北区大元上町１３－１７", "緯度": 34.647572, "経度": 133.898842, "url": "https://www.iryou.teikyouseido.mhlw.go.jp/znk-web/juminkanja/S2430/initialize?prefCd=33&kikanCd=5330009720&kikanKbn=5", "url2": null, "内容": "なの花薬局大元上町店【5:薬局】岡山県岡山市北区大元上町１３－１７" }, "geometry": { "type": "Point", "coordinates": [ 133.898842, 34.647572 ] } },
{ "type": "Feature", "properties": { "ID": 3355330009750, "正式名称": "なの花薬局中納言店", "機関区分": 5, "都道府県コード": 33, "市区町村コード": 102, "所在地": "岡山県岡山市中区中納言町６－１５", "緯度": 34.657518, "経度": 133.938777, "url": "https://www.iryou.teikyouseido.mhlw.go.jp/znk-web/juminkanja/S2430/initialize?prefCd=33&kikanCd=5330009750&kikanKbn=5", "url2": "https://www.nanohana-ph.jp/", "内容": "なの花薬局中納言店【5:薬局】岡山県岡山市中区中納言町６－１５" }, "geometry": { "type": "Point", "coordinates": [ 133.938777, 34.657518 ] } },
{ "type": "Feature", "properties": { "ID": 3355330009770, "正式名称": "ププレひまわり薬局　岡山操南店", "機関区分": 5, "都道府県コード": 33, "市区町村コード": 102, "所在地": "岡山県岡山市中区平井６ー１９ー３１", "緯度": 34.636052, "経度": 133.944788, "url": "https://www.iryou.teikyouseido.mhlw.go.jp/znk-web/juminkanja/S2430/initialize?prefCd=33&kikanCd=5330009770&kikanKbn=5", "url2": "https://store.welcia.co.jp/welcia/spot/detail?code=2596D", "内容": "ププレひまわり薬局　岡山操南店【5:薬局】岡山県岡山市中区平井６ー１９ー３１" }, "geometry": { "type": "Point", "coordinates": [ 133.944788, 34.636052 ] } },
{ "type": "Feature", "properties": { "ID": 3355330009780, "正式名称": "あいの倉薬局　児島下の町", "機関区分": 5, "都道府県コード": 33, "市区町村コード": 202, "所在地": "岡山県倉敷市児島下の町７－４－７", "緯度": 34.477151, "経度": 133.825052, "url": "https://www.iryou.teikyouseido.mhlw.go.jp/znk-web/juminkanja/S2430/initialize?prefCd=33&kikanCd=5330009780&kikanKbn=5", "url2": null, "内容": "あいの倉薬局　児島下の町【5:薬局】岡山県倉敷市児島下の町７－４－７" }, "geometry": { "type": "Point", "coordinates": [ 133.825052, 34.477151 ] } },
{ "type": "Feature", "properties": { "ID": 3355330009800, "正式名称": "サン薬局浦安店", "機関区分": 5, "都道府県コード": 33, "市区町村コード": 104, "所在地": "岡山県岡山市南区浦安西町１５－１７", "緯度": 34.616454, "経度": 133.915976, "url": "https://www.iryou.teikyouseido.mhlw.go.jp/znk-web/juminkanja/S2430/initialize?prefCd=33&kikanCd=5330009800&kikanKbn=5", "url2": "https;//sunpharmacy.co.jp", "内容": "サン薬局浦安店【5:薬局】岡山県岡山市南区浦安西町１５－１７" }, "geometry": { "type": "Point", "coordinates": [ 133.915976, 34.616454 ] } }
]
}
