{
  "type": "FeatureCollection",
  "features": [
    {
      "type": "Feature",
      "geometry": {
        "type": "Point",
        "coordinates": [
          134.1602411,
          35.0211476
        ]
      },
      "properties": {
        "内容": "バス停: 豊国原",
        "name": "豊国原",
        "operator": "事業者不明",
        "ref": "",
        "url": "",
        "url2": ""
      }
    },
    {
      "type": "Feature",
      "geometry": {
        "type": "Point",
        "coordinates": [
          133.452497,
          34.5527859
        ]
      },
      "properties": {
        "内容": "バス停: 大迫",
        "name": "大迫",
        "operator": "事業者不明",
        "ref": "",
        "url": "",
        "url2": ""
      }
    },
    {
      "type": "Feature",
      "geometry": {
        "type": "Point",
        "coordinates": [
          133.4508158,
          34.5663042
        ]
      },
      "properties": {
        "内容": "バス停: 梶草口",
        "name": "梶草口",
        "operator": "事業者不明",
        "ref": "",
        "url": "",
        "url2": ""
      }
    },
    {
      "type": "Feature",
      "geometry": {
        "type": "Point",
        "coordinates": [
          133.4555289,
          34.5638993
        ]
      },
      "properties": {
        "内容": "バス停: 匠住宅",
        "name": "匠住宅",
        "operator": "事業者不明",
        "ref": "",
        "url": "",
        "url2": ""
      }
    },
    {
      "type": "Feature",
      "geometry": {
        "type": "Point",
        "coordinates": [
          133.6823175,
          34.7145552
        ]
      },
      "properties": {
        "内容": "バス停: 名称不明バス停",
        "name": "名称不明バス停",
        "operator": "事業者不明",
        "ref": "",
        "url": "",
        "url2": ""
      }
    },
    {
      "type": "Feature",
      "geometry": {
        "type": "Point",
        "coordinates": [
          133.6828404,
          34.7144508
        ]
      },
      "properties": {
        "内容": "バス停: 名称不明バス停",
        "name": "名称不明バス停",
        "operator": "事業者不明",
        "ref": "",
        "url": "",
        "url2": ""
      }
    },
    {
      "type": "Feature",
      "geometry": {
        "type": "Point",
        "coordinates": [
          133.940242,
          34.6809443
        ]
      },
      "properties": {
        "内容": "バス停: 名称不明バス停 (宇野バス)",
        "name": "名称不明バス停",
        "operator": "宇野バス",
        "ref": "",
        "url": "",
        "url2": ""
      }
    },
    {
      "type": "Feature",
      "geometry": {
        "type": "Point",
        "coordinates": [
          133.9264465,
          34.6745777
        ]
      },
      "properties": {
        "内容": "バス停: 南方交番前",
        "name": "南方交番前",
        "operator": "事業者不明",
        "ref": "",
        "url": "",
        "url2": ""
      }
    },
    {
      "type": "Feature",
      "geometry": {
        "type": "Point",
        "coordinates": [
          133.9262343,
          34.6745744
        ]
      },
      "properties": {
        "内容": "バス停: 南方交番前",
        "name": "南方交番前",
        "operator": "事業者不明",
        "ref": "",
        "url": "",
        "url2": ""
      }
    },
    {
      "type": "Feature",
      "geometry": {
        "type": "Point",
        "coordinates": [
          133.9281049,
          34.6776059
        ]
      },
      "properties": {
        "内容": "バス停: 名称不明バス停",
        "name": "名称不明バス停",
        "operator": "事業者不明",
        "ref": "",
        "url": "",
        "url2": ""
      }
    },
    {
      "type": "Feature",
      "geometry": {
        "type": "Point",
        "coordinates": [
          133.9304297,
          34.6703582
        ]
      },
      "properties": {
        "内容": "バス停: 名称不明バス停",
        "name": "名称不明バス停",
        "operator": "事業者不明",
        "ref": "",
        "url": "",
        "url2": ""
      }
    },
    {
      "type": "Feature",
      "geometry": {
        "type": "Point",
        "coordinates": [
          133.9301714,
          34.6704561
        ]
      },
      "properties": {
        "内容": "バス停: 名称不明バス停",
        "name": "名称不明バス停",
        "operator": "事業者不明",
        "ref": "",
        "url": "",
        "url2": ""
      }
    },
    {
      "type": "Feature",
      "geometry": {
        "type": "Point",
        "coordinates": [
          133.918853,
          34.6722266
        ]
      },
      "properties": {
        "内容": "バス停: 名称不明バス停",
        "name": "名称不明バス停",
        "operator": "事業者不明",
        "ref": "",
        "url": "",
        "url2": ""
      }
    },
    {
      "type": "Feature",
      "geometry": {
        "type": "Point",
        "coordinates": [
          133.9200047,
          34.6746182
        ]
      },
      "properties": {
        "内容": "バス停: 名称不明バス停",
        "name": "名称不明バス停",
        "operator": "事業者不明",
        "ref": "",
        "url": "",
        "url2": ""
      }
    },
    {
      "type": "Feature",
      "geometry": {
        "type": "Point",
        "coordinates": [
          133.920922,
          34.6783463
        ]
      },
      "properties": {
        "内容": "バス停: スポーツセンター前",
        "name": "スポーツセンター前",
        "operator": "事業者不明",
        "ref": "",
        "url": "",
        "url2": ""
      }
    },
    {
      "type": "Feature",
      "geometry": {
        "type": "Point",
        "coordinates": [
          133.9207326,
          34.6802222
        ]
      },
      "properties": {
        "内容": "バス停: 岡山放送前",
        "name": "岡山放送前",
        "operator": "事業者不明",
        "ref": "",
        "url": "",
        "url2": ""
      }
    },
    {
      "type": "Feature",
      "geometry": {
        "type": "Point",
        "coordinates": [
          133.9344823,
          34.6622667
        ]
      },
      "properties": {
        "内容": "バス停: 県庁前",
        "name": "県庁前",
        "operator": "事業者不明",
        "ref": "",
        "url": "",
        "url2": ""
      }
    },
    {
      "type": "Feature",
      "geometry": {
        "type": "Point",
        "coordinates": [
          133.9165325,
          34.6667342
        ]
      },
      "properties": {
        "内容": "バス停: 岡山駅西口",
        "name": "岡山駅西口",
        "operator": "事業者不明",
        "ref": "",
        "url": "",
        "url2": ""
      }
    },
    {
      "type": "Feature",
      "geometry": {
        "type": "Point",
        "coordinates": [
          133.9171033,
          34.6668106
        ]
      },
      "properties": {
        "内容": "バス停: 岡山駅西口",
        "name": "岡山駅西口",
        "operator": "事業者不明",
        "ref": "",
        "url": "",
        "url2": ""
      }
    },
    {
      "type": "Feature",
      "geometry": {
        "type": "Point",
        "coordinates": [
          133.9130284,
          34.6646517
        ]
      },
      "properties": {
        "内容": "バス停: 昭和町",
        "name": "昭和町",
        "operator": "事業者不明",
        "ref": "",
        "url": "",
        "url2": ""
      }
    },
    {
      "type": "Feature",
      "geometry": {
        "type": "Point",
        "coordinates": [
          133.8961197,
          34.6794434
        ]
      },
      "properties": {
        "内容": "バス停: 名称不明バス停",
        "name": "名称不明バス停",
        "operator": "事業者不明",
        "ref": "",
        "url": "",
        "url2": ""
      }
    },
    {
      "type": "Feature",
      "geometry": {
        "type": "Point",
        "coordinates": [
          133.9113804,
          34.6719234
        ]
      },
      "properties": {
        "内容": "バス停: 岡工前 (岡電バス)",
        "name": "岡工前",
        "operator": "岡電バス",
        "ref": "",
        "url": "",
        "url2": ""
      }
    },
    {
      "type": "Feature",
      "geometry": {
        "type": "Point",
        "coordinates": [
          133.9130162,
          34.6708287
        ]
      },
      "properties": {
        "内容": "バス停: 岡工口 (岡山電気軌道)",
        "name": "岡工口",
        "operator": "岡山電気軌道",
        "ref": "",
        "url": "",
        "url2": ""
      }
    },
    {
      "type": "Feature",
      "geometry": {
        "type": "Point",
        "coordinates": [
          133.9171335,
          34.6709212
        ]
      },
      "properties": {
        "内容": "バス停: 済生会病院前 (岡山電気軌道;中鉄バス)",
        "name": "済生会病院前",
        "operator": "岡山電気軌道;中鉄バス",
        "ref": "",
        "url": "",
        "url2": ""
      }
    },
    {
      "type": "Feature",
      "geometry": {
        "type": "Point",
        "coordinates": [
          133.9121937,
          34.670965
        ]
      },
      "properties": {
        "内容": "バス停: 名称不明バス停",
        "name": "名称不明バス停",
        "operator": "事業者不明",
        "ref": "",
        "url": "",
        "url2": ""
      }
    },
    {
      "type": "Feature",
      "geometry": {
        "type": "Point",
        "coordinates": [
          133.9171079,
          34.6711172
        ]
      },
      "properties": {
        "内容": "バス停: 済生会病院前 (岡山電気軌道;中鉄バス)",
        "name": "済生会病院前",
        "operator": "岡山電気軌道;中鉄バス",
        "ref": "",
        "url": "",
        "url2": ""
      }
    },
    {
      "type": "Feature",
      "geometry": {
        "type": "Point",
        "coordinates": [
          133.9146561,
          34.6710313
        ]
      },
      "properties": {
        "内容": "バス停: 伊福町1丁目 (岡山電気軌道;中鉄バス)",
        "name": "伊福町1丁目",
        "operator": "岡山電気軌道;中鉄バス",
        "ref": "",
        "url": "",
        "url2": ""
      }
    },
    {
      "type": "Feature",
      "geometry": {
        "type": "Point",
        "coordinates": [
          133.9115753,
          34.6717568
        ]
      },
      "properties": {
        "内容": "バス停: 岡工前 (岡電バス)",
        "name": "岡工前",
        "operator": "岡電バス",
        "ref": "",
        "url": "",
        "url2": ""
      }
    },
    {
      "type": "Feature",
      "geometry": {
        "type": "Point",
        "coordinates": [
          133.9182021,
          34.6646182
        ]
      },
      "properties": {
        "内容": "バス停: 岡山駅東口",
        "name": "岡山駅東口",
        "operator": "事業者不明",
        "ref": "8",
        "url": "",
        "url2": ""
      }
    },
    {
      "type": "Feature",
      "geometry": {
        "type": "Point",
        "coordinates": [
          133.918419,
          34.6646369
        ]
      },
      "properties": {
        "内容": "バス停: 岡山駅東口 (岡電バス;中鉄バス;中鉄北部バス)",
        "name": "岡山駅東口",
        "operator": "岡電バス;中鉄バス;中鉄北部バス",
        "ref": "9",
        "url": "",
        "url2": ""
      }
    },
    {
      "type": "Feature",
      "geometry": {
        "type": "Point",
        "coordinates": [
          133.9185081,
          34.664771
        ]
      },
      "properties": {
        "内容": "バス停: 岡山駅東口 (両備バス)",
        "name": "岡山駅東口",
        "operator": "両備バス",
        "ref": "10",
        "url": "",
        "url2": ""
      }
    },
    {
      "type": "Feature",
      "geometry": {
        "type": "Point",
        "coordinates": [
          133.9186112,
          34.6649181
        ]
      },
      "properties": {
        "内容": "バス停: 岡山駅東口 (宇野自動車)",
        "name": "岡山駅東口",
        "operator": "宇野自動車",
        "ref": "11",
        "url": "",
        "url2": ""
      }
    },
    {
      "type": "Feature",
      "geometry": {
        "type": "Point",
        "coordinates": [
          133.9186988,
          34.6650477
        ]
      },
      "properties": {
        "内容": "バス停: 岡山駅東口 (宇野自動車)",
        "name": "岡山駅東口",
        "operator": "宇野自動車",
        "ref": "12",
        "url": "",
        "url2": ""
      }
    },
    {
      "type": "Feature",
      "geometry": {
        "type": "Point",
        "coordinates": [
          133.9187823,
          34.6651701
        ]
      },
      "properties": {
        "内容": "バス停: 岡山駅東口 (両備バス)",
        "name": "岡山駅東口",
        "operator": "両備バス",
        "ref": "13",
        "url": "",
        "url2": ""
      }
    },
    {
      "type": "Feature",
      "geometry": {
        "type": "Point",
        "coordinates": [
          133.9181057,
          34.6647272
        ]
      },
      "properties": {
        "内容": "バス停: 岡山駅東口 (岡電バス;中鉄バス)",
        "name": "岡山駅東口",
        "operator": "岡電バス;中鉄バス",
        "ref": "7",
        "url": "",
        "url2": ""
      }
    },
    {
      "type": "Feature",
      "geometry": {
        "type": "Point",
        "coordinates": [
          133.9182171,
          34.6649173
        ]
      },
      "properties": {
        "内容": "バス停: 岡山駅東口",
        "name": "岡山駅東口",
        "operator": "事業者不明",
        "ref": "6",
        "url": "",
        "url2": ""
      }
    },
    {
      "type": "Feature",
      "geometry": {
        "type": "Point",
        "coordinates": [
          133.9183075,
          34.6650502
        ]
      },
      "properties": {
        "内容": "バス停: 岡山駅東口",
        "name": "岡山駅東口",
        "operator": "事業者不明",
        "ref": "5",
        "url": "",
        "url2": ""
      }
    },
    {
      "type": "Feature",
      "geometry": {
        "type": "Point",
        "coordinates": [
          133.9184023,
          34.6651849
        ]
      },
      "properties": {
        "内容": "バス停: 岡山駅東口 (岡電バス)",
        "name": "岡山駅東口",
        "operator": "岡電バス",
        "ref": "4",
        "url": "",
        "url2": ""
      }
    },
    {
      "type": "Feature",
      "geometry": {
        "type": "Point",
        "coordinates": [
          133.9185073,
          34.6653403
        ]
      },
      "properties": {
        "内容": "バス停: 岡山駅東口 (岡電バス)",
        "name": "岡山駅東口",
        "operator": "岡電バス",
        "ref": "3",
        "url": "",
        "url2": ""
      }
    },
    {
      "type": "Feature",
      "geometry": {
        "type": "Point",
        "coordinates": [
          133.9186267,
          34.6655147
        ]
      },
      "properties": {
        "内容": "バス停: 岡山駅東口 (両備バス;岡電バス)",
        "name": "岡山駅東口",
        "operator": "両備バス;岡電バス",
        "ref": "2",
        "url": "",
        "url2": ""
      }
    },
    {
      "type": "Feature",
      "geometry": {
        "type": "Point",
        "coordinates": [
          133.9187371,
          34.665677
        ]
      },
      "properties": {
        "内容": "バス停: 岡山駅東口",
        "name": "岡山駅東口",
        "operator": "事業者不明",
        "ref": "1",
        "url": "",
        "url2": ""
      }
    },
    {
      "type": "Feature",
      "geometry": {
        "type": "Point",
        "coordinates": [
          133.9009051,
          34.7034935
        ]
      },
      "properties": {
        "内容": "バス停: 大岩口",
        "name": "大岩口",
        "operator": "事業者不明",
        "ref": "",
        "url": "",
        "url2": ""
      }
    },
    {
      "type": "Feature",
      "geometry": {
        "type": "Point",
        "coordinates": [
          133.9010677,
          34.7099157
        ]
      },
      "properties": {
        "内容": "バス停: 名称不明バス停",
        "name": "名称不明バス停",
        "operator": "事業者不明",
        "ref": "",
        "url": "",
        "url2": ""
      }
    },
    {
      "type": "Feature",
      "geometry": {
        "type": "Point",
        "coordinates": [
          134.0524032,
          34.6482062
        ]
      },
      "properties": {
        "内容": "バス停: 名称不明バス停",
        "name": "名称不明バス停",
        "operator": "事業者不明",
        "ref": "",
        "url": "",
        "url2": ""
      }
    },
    {
      "type": "Feature",
      "geometry": {
        "type": "Point",
        "coordinates": [
          134.0529752,
          34.6482098
        ]
      },
      "properties": {
        "内容": "バス停: 名称不明バス停",
        "name": "名称不明バス停",
        "operator": "事業者不明",
        "ref": "",
        "url": "",
        "url2": ""
      }
    },
    {
      "type": "Feature",
      "geometry": {
        "type": "Point",
        "coordinates": [
          134.0436072,
          34.6455259
        ]
      },
      "properties": {
        "内容": "バス停: 旭川荘吉井川 キャンパス前 (東備バス)",
        "name": "旭川荘吉井川 キャンパス前",
        "operator": "東備バス",
        "ref": "",
        "url": "",
        "url2": ""
      }
    },
    {
      "type": "Feature",
      "geometry": {
        "type": "Point",
        "coordinates": [
          134.0438341,
          34.6455978
        ]
      },
      "properties": {
        "内容": "バス停: 旭川荘吉井川 キャンパス前 (東備バス)",
        "name": "旭川荘吉井川 キャンパス前",
        "operator": "東備バス",
        "ref": "",
        "url": "",
        "url2": ""
      }
    },
    {
      "type": "Feature",
      "geometry": {
        "type": "Point",
        "coordinates": [
          134.0410703,
          34.6475091
        ]
      },
      "properties": {
        "内容": "バス停: 浜 (東備バス)",
        "name": "浜",
        "operator": "東備バス",
        "ref": "",
        "url": "",
        "url2": ""
      }
    },
    {
      "type": "Feature",
      "geometry": {
        "type": "Point",
        "coordinates": [
          133.76619,
          34.6009733
        ]
      },
      "properties": {
        "内容": "バス停: 倉敷駅",
        "name": "倉敷駅",
        "operator": "事業者不明",
        "ref": "4",
        "url": "",
        "url2": ""
      }
    },
    {
      "type": "Feature",
      "geometry": {
        "type": "Point",
        "coordinates": [
          133.7661067,
          34.6011973
        ]
      },
      "properties": {
        "内容": "バス停: 倉敷駅",
        "name": "倉敷駅",
        "operator": "事業者不明",
        "ref": "6",
        "url": "",
        "url2": ""
      }
    },
    {
      "type": "Feature",
      "geometry": {
        "type": "Point",
        "coordinates": [
          133.7653073,
          34.6022239
        ]
      },
      "properties": {
        "内容": "バス停: 倉敷駅北口",
        "name": "倉敷駅北口",
        "operator": "事業者不明",
        "ref": "2",
        "url": "",
        "url2": ""
      }
    },
    {
      "type": "Feature",
      "geometry": {
        "type": "Point",
        "coordinates": [
          133.9025714,
          34.6485346
        ]
      },
      "properties": {
        "内容": "バス停: 大元小学校前 (岡電バス)",
        "name": "大元小学校前",
        "operator": "岡電バス",
        "ref": "",
        "url": "",
        "url2": ""
      }
    },
    {
      "type": "Feature",
      "geometry": {
        "type": "Point",
        "coordinates": [
          133.9042038,
          34.6453623
        ]
      },
      "properties": {
        "内容": "バス停: 名称不明バス停",
        "name": "名称不明バス停",
        "operator": "事業者不明",
        "ref": "",
        "url": "",
        "url2": ""
      }
    },
    {
      "type": "Feature",
      "geometry": {
        "type": "Point",
        "coordinates": [
          133.9042704,
          34.6454385
        ]
      },
      "properties": {
        "内容": "バス停: 名称不明バス停",
        "name": "名称不明バス停",
        "operator": "事業者不明",
        "ref": "",
        "url": "",
        "url2": ""
      }
    },
    {
      "type": "Feature",
      "geometry": {
        "type": "Point",
        "coordinates": [
          133.9082774,
          34.6455934
        ]
      },
      "properties": {
        "内容": "バス停: 西古松",
        "name": "西古松",
        "operator": "事業者不明",
        "ref": "",
        "url": "",
        "url2": ""
      }
    },
    {
      "type": "Feature",
      "geometry": {
        "type": "Point",
        "coordinates": [
          133.9085307,
          34.6456619
        ]
      },
      "properties": {
        "内容": "バス停: 西古松",
        "name": "西古松",
        "operator": "事業者不明",
        "ref": "",
        "url": "",
        "url2": ""
      }
    },
    {
      "type": "Feature",
      "geometry": {
        "type": "Point",
        "coordinates": [
          133.9007748,
          34.6544193
        ]
      },
      "properties": {
        "内容": "バス停: 備前野田 (両備バス;中鉄バス;岡山電気軌道;下津井電鉄)",
        "name": "備前野田",
        "operator": "両備バス;中鉄バス;岡山電気軌道;下津井電鉄",
        "ref": "",
        "url": "",
        "url2": ""
      }
    },
    {
      "type": "Feature",
      "geometry": {
        "type": "Point",
        "coordinates": [
          133.9014734,
          34.6544182
        ]
      },
      "properties": {
        "内容": "バス停: 備前野田 (両備バス;中鉄バス;岡山電気軌道;下津井電鉄)",
        "name": "備前野田",
        "operator": "両備バス;中鉄バス;岡山電気軌道;下津井電鉄",
        "ref": "",
        "url": "",
        "url2": ""
      }
    },
    {
      "type": "Feature",
      "geometry": {
        "type": "Point",
        "coordinates": [
          133.9002044,
          34.6907503
        ]
      },
      "properties": {
        "内容": "バス停: 名称不明バス停",
        "name": "名称不明バス停",
        "operator": "事業者不明",
        "ref": "",
        "url": "",
        "url2": ""
      }
    },
    {
      "type": "Feature",
      "geometry": {
        "type": "Point",
        "coordinates": [
          133.9000768,
          34.6894945
        ]
      },
      "properties": {
        "内容": "バス停: 名称不明バス停",
        "name": "名称不明バス停",
        "operator": "事業者不明",
        "ref": "",
        "url": "",
        "url2": ""
      }
    },
    {
      "type": "Feature",
      "geometry": {
        "type": "Point",
        "coordinates": [
          133.9013298,
          34.6934026
        ]
      },
      "properties": {
        "内容": "バス停: 名称不明バス停",
        "name": "名称不明バス停",
        "operator": "事業者不明",
        "ref": "",
        "url": "",
        "url2": ""
      }
    },
    {
      "type": "Feature",
      "geometry": {
        "type": "Point",
        "coordinates": [
          133.9012468,
          34.6934305
        ]
      },
      "properties": {
        "内容": "バス停: 名称不明バス停",
        "name": "名称不明バス停",
        "operator": "事業者不明",
        "ref": "",
        "url": "",
        "url2": ""
      }
    },
    {
      "type": "Feature",
      "geometry": {
        "type": "Point",
        "coordinates": [
          133.9163806,
          34.6814753
        ]
      },
      "properties": {
        "内容": "バス停: 新野 (岡山電気軌道;中鉄バス)",
        "name": "新野",
        "operator": "岡山電気軌道;中鉄バス",
        "ref": "",
        "url": "",
        "url2": ""
      }
    },
    {
      "type": "Feature",
      "geometry": {
        "type": "Point",
        "coordinates": [
          133.91718,
          34.6817223
        ]
      },
      "properties": {
        "内容": "バス停: 新野 (岡山電気軌道;中鉄バス)",
        "name": "新野",
        "operator": "岡山電気軌道;中鉄バス",
        "ref": "",
        "url": "",
        "url2": ""
      }
    },
    {
      "type": "Feature",
      "geometry": {
        "type": "Point",
        "coordinates": [
          133.9140648,
          34.6813455
        ]
      },
      "properties": {
        "内容": "バス停: 武道館口 (岡山電気軌道;中鉄バス)",
        "name": "武道館口",
        "operator": "岡山電気軌道;中鉄バス",
        "ref": "",
        "url": "",
        "url2": ""
      }
    },
    {
      "type": "Feature",
      "geometry": {
        "type": "Point",
        "coordinates": [
          133.9139847,
          34.6815605
        ]
      },
      "properties": {
        "内容": "バス停: 武道館口 (岡山電気軌道;中鉄バス)",
        "name": "武道館口",
        "operator": "岡山電気軌道;中鉄バス",
        "ref": "",
        "url": "",
        "url2": ""
      }
    },
    {
      "type": "Feature",
      "geometry": {
        "type": "Point",
        "coordinates": [
          133.9192125,
          34.681626
        ]
      },
      "properties": {
        "内容": "バス停: 岡山大学筋 (岡山電気軌道;中鉄バス)",
        "name": "岡山大学筋",
        "operator": "岡山電気軌道;中鉄バス",
        "ref": "",
        "url": "",
        "url2": ""
      }
    },
    {
      "type": "Feature",
      "geometry": {
        "type": "Point",
        "coordinates": [
          133.9193964,
          34.6818502
        ]
      },
      "properties": {
        "内容": "バス停: 岡山大学筋 (岡山電気軌道;中鉄バス)",
        "name": "岡山大学筋",
        "operator": "岡山電気軌道;中鉄バス",
        "ref": "",
        "url": "",
        "url2": ""
      }
    },
    {
      "type": "Feature",
      "geometry": {
        "type": "Point",
        "coordinates": [
          133.9008256,
          34.6844943
        ]
      },
      "properties": {
        "内容": "バス停: 岡山商大前 (岡山電気軌道;中鉄バス)",
        "name": "岡山商大前",
        "operator": "岡山電気軌道;中鉄バス",
        "ref": "",
        "url": "",
        "url2": ""
      }
    },
    {
      "type": "Feature",
      "geometry": {
        "type": "Point",
        "coordinates": [
          133.9015951,
          34.6848189
        ]
      },
      "properties": {
        "内容": "バス停: 岡山商大前 (岡山電気軌道;中鉄バス)",
        "name": "岡山商大前",
        "operator": "岡山電気軌道;中鉄バス",
        "ref": "",
        "url": "",
        "url2": ""
      }
    },
    {
      "type": "Feature",
      "geometry": {
        "type": "Point",
        "coordinates": [
          133.9127415,
          34.6964815
        ]
      },
      "properties": {
        "内容": "バス停: 津高台団地西",
        "name": "津高台団地西",
        "operator": "事業者不明",
        "ref": "",
        "url": "",
        "url2": ""
      }
    },
    {
      "type": "Feature",
      "geometry": {
        "type": "Point",
        "coordinates": [
          133.9050481,
          34.6950001
        ]
      },
      "properties": {
        "内容": "バス停: 津波井",
        "name": "津波井",
        "operator": "事業者不明",
        "ref": "",
        "url": "",
        "url2": ""
      }
    },
    {
      "type": "Feature",
      "geometry": {
        "type": "Point",
        "coordinates": [
          133.9073281,
          34.6952065
        ]
      },
      "properties": {
        "内容": "バス停: 東原口",
        "name": "東原口",
        "operator": "事業者不明",
        "ref": "",
        "url": "",
        "url2": ""
      }
    },
    {
      "type": "Feature",
      "geometry": {
        "type": "Point",
        "coordinates": [
          133.905663,
          34.6952349
        ]
      },
      "properties": {
        "内容": "バス停: 津波井",
        "name": "津波井",
        "operator": "事業者不明",
        "ref": "",
        "url": "",
        "url2": ""
      }
    },
    {
      "type": "Feature",
      "geometry": {
        "type": "Point",
        "coordinates": [
          133.9099153,
          34.6958956
        ]
      },
      "properties": {
        "内容": "バス停: 青葉台",
        "name": "青葉台",
        "operator": "事業者不明",
        "ref": "",
        "url": "",
        "url2": ""
      }
    },
    {
      "type": "Feature",
      "geometry": {
        "type": "Point",
        "coordinates": [
          133.9101659,
          34.6958782
        ]
      },
      "properties": {
        "内容": "バス停: 青葉台",
        "name": "青葉台",
        "operator": "事業者不明",
        "ref": "",
        "url": "",
        "url2": ""
      }
    },
    {
      "type": "Feature",
      "geometry": {
        "type": "Point",
        "coordinates": [
          133.9077504,
          34.6953462
        ]
      },
      "properties": {
        "内容": "バス停: 東原口",
        "name": "東原口",
        "operator": "事業者不明",
        "ref": "",
        "url": "",
        "url2": ""
      }
    },
    {
      "type": "Feature",
      "geometry": {
        "type": "Point",
        "coordinates": [
          133.9138029,
          34.6967565
        ]
      },
      "properties": {
        "内容": "バス停: 津高台団地西",
        "name": "津高台団地西",
        "operator": "事業者不明",
        "ref": "",
        "url": "",
        "url2": ""
      }
    },
    {
      "type": "Feature",
      "geometry": {
        "type": "Point",
        "coordinates": [
          133.9153152,
          34.6975076
        ]
      },
      "properties": {
        "内容": "バス停: 津高台団地南",
        "name": "津高台団地南",
        "operator": "事業者不明",
        "ref": "",
        "url": "",
        "url2": ""
      }
    },
    {
      "type": "Feature",
      "geometry": {
        "type": "Point",
        "coordinates": [
          133.9083192,
          34.6816877
        ]
      },
      "properties": {
        "内容": "バス停: 名称不明バス停 (岡山電気軌道;中鉄バス)",
        "name": "名称不明バス停",
        "operator": "岡山電気軌道;中鉄バス",
        "ref": "",
        "url": "",
        "url2": ""
      }
    },
    {
      "type": "Feature",
      "geometry": {
        "type": "Point",
        "coordinates": [
          133.9057298,
          34.6828512
        ]
      },
      "properties": {
        "内容": "バス停: 名称不明バス停",
        "name": "名称不明バス停",
        "operator": "事業者不明",
        "ref": "",
        "url": "",
        "url2": ""
      }
    },
    {
      "type": "Feature",
      "geometry": {
        "type": "Point",
        "coordinates": [
          133.9051164,
          34.6831294
        ]
      },
      "properties": {
        "内容": "バス停: 名称不明バス停",
        "name": "名称不明バス停",
        "operator": "事業者不明",
        "ref": "",
        "url": "",
        "url2": ""
      }
    },
    {
      "type": "Feature",
      "geometry": {
        "type": "Point",
        "coordinates": [
          133.9123776,
          34.6752724
        ]
      },
      "properties": {
        "内容": "バス停: 京山入口 (岡電バス)",
        "name": "京山入口",
        "operator": "岡電バス",
        "ref": "",
        "url": "",
        "url2": ""
      }
    },
    {
      "type": "Feature",
      "geometry": {
        "type": "Point",
        "coordinates": [
          133.895778,
          34.6795577
        ]
      },
      "properties": {
        "内容": "バス停: 名称不明バス停",
        "name": "名称不明バス停",
        "operator": "事業者不明",
        "ref": "",
        "url": "",
        "url2": ""
      }
    },
    {
      "type": "Feature",
      "geometry": {
        "type": "Point",
        "coordinates": [
          133.8870106,
          34.6788459
        ]
      },
      "properties": {
        "内容": "バス停: 平津橋",
        "name": "平津橋",
        "operator": "事業者不明",
        "ref": "",
        "url": "",
        "url2": ""
      }
    },
    {
      "type": "Feature",
      "geometry": {
        "type": "Point",
        "coordinates": [
          133.8873691,
          34.6791704
        ]
      },
      "properties": {
        "内容": "バス停: 平津橋 (中鉄バス)",
        "name": "平津橋",
        "operator": "中鉄バス",
        "ref": "",
        "url": "",
        "url2": ""
      }
    },
    {
      "type": "Feature",
      "geometry": {
        "type": "Point",
        "coordinates": [
          133.881941,
          34.6761814
        ]
      },
      "properties": {
        "内容": "バス停: 矢坂大橋 (中鉄バス)",
        "name": "矢坂大橋",
        "operator": "中鉄バス",
        "ref": "",
        "url": "",
        "url2": ""
      }
    },
    {
      "type": "Feature",
      "geometry": {
        "type": "Point",
        "coordinates": [
          133.8827273,
          34.6765217
        ]
      },
      "properties": {
        "内容": "バス停: 矢坂大橋 (中鉄バス)",
        "name": "矢坂大橋",
        "operator": "中鉄バス",
        "ref": "",
        "url": "",
        "url2": ""
      }
    },
    {
      "type": "Feature",
      "geometry": {
        "type": "Point",
        "coordinates": [
          133.8846716,
          34.64862
        ]
      },
      "properties": {
        "内容": "バス停: 名称不明バス停",
        "name": "名称不明バス停",
        "operator": "事業者不明",
        "ref": "",
        "url": "",
        "url2": ""
      }
    },
    {
      "type": "Feature",
      "geometry": {
        "type": "Point",
        "coordinates": [
          133.8847706,
          34.6488497
        ]
      },
      "properties": {
        "内容": "バス停: 名称不明バス停",
        "name": "名称不明バス停",
        "operator": "事業者不明",
        "ref": "",
        "url": "",
        "url2": ""
      }
    },
    {
      "type": "Feature",
      "geometry": {
        "type": "Point",
        "coordinates": [
          133.9129852,
          34.678512
        ]
      },
      "properties": {
        "内容": "バス停: 機動隊前 (岡電バス)",
        "name": "機動隊前",
        "operator": "岡電バス",
        "ref": "",
        "url": "",
        "url2": ""
      }
    },
    {
      "type": "Feature",
      "geometry": {
        "type": "Point",
        "coordinates": [
          133.9020417,
          34.6845176
        ]
      },
      "properties": {
        "内容": "バス停: 名称不明バス停",
        "name": "名称不明バス停",
        "operator": "事業者不明",
        "ref": "",
        "url": "",
        "url2": ""
      }
    },
    {
      "type": "Feature",
      "geometry": {
        "type": "Point",
        "coordinates": [
          133.9212736,
          34.6770726
        ]
      },
      "properties": {
        "内容": "バス停: スポーツセンター前",
        "name": "スポーツセンター前",
        "operator": "事業者不明",
        "ref": "",
        "url": "",
        "url2": ""
      }
    },
    {
      "type": "Feature",
      "geometry": {
        "type": "Point",
        "coordinates": [
          133.9210043,
          34.6798258
        ]
      },
      "properties": {
        "内容": "バス停: 岡山放送前",
        "name": "岡山放送前",
        "operator": "事業者不明",
        "ref": "",
        "url": "",
        "url2": ""
      }
    },
    {
      "type": "Feature",
      "geometry": {
        "type": "Point",
        "coordinates": [
          133.9182838,
          34.6717368
        ]
      },
      "properties": {
        "内容": "バス停: 名称不明バス停",
        "name": "名称不明バス停",
        "operator": "事業者不明",
        "ref": "",
        "url": "",
        "url2": ""
      }
    },
    {
      "type": "Feature",
      "geometry": {
        "type": "Point",
        "coordinates": [
          133.9198669,
          34.6739688
        ]
      },
      "properties": {
        "内容": "バス停: 清心町",
        "name": "清心町",
        "operator": "事業者不明",
        "ref": "",
        "url": "",
        "url2": ""
      }
    },
    {
      "type": "Feature",
      "geometry": {
        "type": "Point",
        "coordinates": [
          133.9303205,
          34.6680535
        ]
      },
      "properties": {
        "内容": "バス停: 天神町",
        "name": "天神町",
        "operator": "事業者不明",
        "ref": "",
        "url": "",
        "url2": ""
      }
    },
    {
      "type": "Feature",
      "geometry": {
        "type": "Point",
        "coordinates": [
          133.9306793,
          34.6663698
        ]
      },
      "properties": {
        "内容": "バス停: 美術館前",
        "name": "美術館前",
        "operator": "事業者不明",
        "ref": "",
        "url": "",
        "url2": ""
      }
    },
    {
      "type": "Feature",
      "geometry": {
        "type": "Point",
        "coordinates": [
          133.930419,
          34.6669315
        ]
      },
      "properties": {
        "内容": "バス停: 美術館前",
        "name": "美術館前",
        "operator": "事業者不明",
        "ref": "",
        "url": "",
        "url2": ""
      }
    },
    {
      "type": "Feature",
      "geometry": {
        "type": "Point",
        "coordinates": [
          133.9290757,
          34.671162
        ]
      },
      "properties": {
        "内容": "バス停: 就実高校・中学校前",
        "name": "就実高校・中学校前",
        "operator": "事業者不明",
        "ref": "",
        "url": "",
        "url2": ""
      }
    },
    {
      "type": "Feature",
      "geometry": {
        "type": "Point",
        "coordinates": [
          133.9263106,
          34.6720877
        ]
      },
      "properties": {
        "内容": "バス停: 名称不明バス停",
        "name": "名称不明バス停",
        "operator": "事業者不明",
        "ref": "",
        "url": "",
        "url2": ""
      }
    },
    {
      "type": "Feature",
      "geometry": {
        "type": "Point",
        "coordinates": [
          133.9261776,
          34.6720883
        ]
      },
      "properties": {
        "内容": "バス停: 名称不明バス停",
        "name": "名称不明バス停",
        "operator": "事業者不明",
        "ref": "",
        "url": "",
        "url2": ""
      }
    },
    {
      "type": "Feature",
      "geometry": {
        "type": "Point",
        "coordinates": [
          133.9278083,
          34.677608
        ]
      },
      "properties": {
        "内容": "バス停: 名称不明バス停",
        "name": "名称不明バス停",
        "operator": "事業者不明",
        "ref": "",
        "url": "",
        "url2": ""
      }
    },
    {
      "type": "Feature",
      "geometry": {
        "type": "Point",
        "coordinates": [
          133.9283502,
          34.6795778
        ]
      },
      "properties": {
        "内容": "バス停: 大和町",
        "name": "大和町",
        "operator": "事業者不明",
        "ref": "",
        "url": "",
        "url2": ""
      }
    },
    {
      "type": "Feature",
      "geometry": {
        "type": "Point",
        "coordinates": [
          133.9281523,
          34.6797188
        ]
      },
      "properties": {
        "内容": "バス停: 大和町",
        "name": "大和町",
        "operator": "事業者不明",
        "ref": "",
        "url": "",
        "url2": ""
      }
    },
    {
      "type": "Feature",
      "geometry": {
        "type": "Point",
        "coordinates": [
          133.9015158,
          34.6847796
        ]
      },
      "properties": {
        "内容": "バス停: 名称不明バス停",
        "name": "名称不明バス停",
        "operator": "事業者不明",
        "ref": "",
        "url": "",
        "url2": ""
      }
    },
    {
      "type": "Feature",
      "geometry": {
        "type": "Point",
        "coordinates": [
          133.9439165,
          34.6784749
        ]
      },
      "properties": {
        "内容": "バス停: ジョイフル東川原店前 (宇野バス)",
        "name": "ジョイフル東川原店前",
        "operator": "宇野バス",
        "ref": "",
        "url": "",
        "url2": ""
      }
    },
    {
      "type": "Feature",
      "geometry": {
        "type": "Point",
        "coordinates": [
          133.944154,
          34.6785387
        ]
      },
      "properties": {
        "内容": "バス停: ジョイフル東川原店前 (宇野バス)",
        "name": "ジョイフル東川原店前",
        "operator": "宇野バス",
        "ref": "",
        "url": "",
        "url2": ""
      }
    },
    {
      "type": "Feature",
      "geometry": {
        "type": "Point",
        "coordinates": [
          133.9426491,
          34.6799699
        ]
      },
      "properties": {
        "内容": "バス停: 西川原 (宇野バス)",
        "name": "西川原",
        "operator": "宇野バス",
        "ref": "",
        "url": "",
        "url2": ""
      }
    },
    {
      "type": "Feature",
      "geometry": {
        "type": "Point",
        "coordinates": [
          133.9441139,
          34.6766703
        ]
      },
      "properties": {
        "内容": "バス停: コープ東川原店前 (宇野バス)",
        "name": "コープ東川原店前",
        "operator": "宇野バス",
        "ref": "",
        "url": "",
        "url2": ""
      }
    },
    {
      "type": "Feature",
      "geometry": {
        "type": "Point",
        "coordinates": [
          133.944355,
          34.6768399
        ]
      },
      "properties": {
        "内容": "バス停: コープ東川原店前 (宇野バス)",
        "name": "コープ東川原店前",
        "operator": "宇野バス",
        "ref": "",
        "url": "",
        "url2": ""
      }
    },
    {
      "type": "Feature",
      "geometry": {
        "type": "Point",
        "coordinates": [
          133.939767,
          34.680739
        ]
      },
      "properties": {
        "内容": "バス停: 名称不明バス停 (宇野バス)",
        "name": "名称不明バス停",
        "operator": "宇野バス",
        "ref": "",
        "url": "",
        "url2": ""
      }
    },
    {
      "type": "Feature",
      "geometry": {
        "type": "Point",
        "coordinates": [
          133.9441132,
          34.6766047
        ]
      },
      "properties": {
        "内容": "バス停: 東川原 (岡山電気軌道)",
        "name": "東川原",
        "operator": "岡山電気軌道",
        "ref": "",
        "url": "",
        "url2": ""
      }
    },
    {
      "type": "Feature",
      "geometry": {
        "type": "Point",
        "coordinates": [
          133.9427377,
          34.679645
        ]
      },
      "properties": {
        "内容": "バス停: 西川原 (宇野バス)",
        "name": "西川原",
        "operator": "宇野バス",
        "ref": "",
        "url": "",
        "url2": ""
      }
    },
    {
      "type": "Feature",
      "geometry": {
        "type": "Point",
        "coordinates": [
          133.907278,
          34.6807502
        ]
      },
      "properties": {
        "内容": "バス停: 伊島町2丁目",
        "name": "伊島町2丁目",
        "operator": "事業者不明",
        "ref": "",
        "url": "",
        "url2": ""
      }
    },
    {
      "type": "Feature",
      "geometry": {
        "type": "Point",
        "coordinates": [
          133.9043245,
          34.6804559
        ]
      },
      "properties": {
        "内容": "バス停: 岡山中央病院前",
        "name": "岡山中央病院前",
        "operator": "事業者不明",
        "ref": "",
        "url": "",
        "url2": ""
      }
    },
    {
      "type": "Feature",
      "geometry": {
        "type": "Point",
        "coordinates": [
          133.9041294,
          34.6806338
        ]
      },
      "properties": {
        "内容": "バス停: 岡山中央病院前",
        "name": "岡山中央病院前",
        "operator": "事業者不明",
        "ref": "",
        "url": "",
        "url2": ""
      }
    },
    {
      "type": "Feature",
      "geometry": {
        "type": "Point",
        "coordinates": [
          133.7567382,
          34.573596
        ]
      },
      "properties": {
        "内容": "バス停: 倉敷南小学校前",
        "name": "倉敷南小学校前",
        "operator": "事業者不明",
        "ref": "",
        "url": "",
        "url2": ""
      }
    },
    {
      "type": "Feature",
      "geometry": {
        "type": "Point",
        "coordinates": [
          133.9006041,
          34.6800802
        ]
      },
      "properties": {
        "内容": "バス停: 名称不明バス停",
        "name": "名称不明バス停",
        "operator": "事業者不明",
        "ref": "",
        "url": "",
        "url2": ""
      }
    },
    {
      "type": "Feature",
      "geometry": {
        "type": "Point",
        "coordinates": [
          134.1173531,
          35.0436544
        ]
      },
      "properties": {
        "内容": "バス停: 中国勝間田",
        "name": "中国勝間田",
        "operator": "事業者不明",
        "ref": "",
        "url": "",
        "url2": ""
      }
    },
    {
      "type": "Feature",
      "geometry": {
        "type": "Point",
        "coordinates": [
          134.1174059,
          35.0439706
        ]
      },
      "properties": {
        "内容": "バス停: 中国勝間田",
        "name": "中国勝間田",
        "operator": "事業者不明",
        "ref": "",
        "url": "",
        "url2": ""
      }
    },
    {
      "type": "Feature",
      "geometry": {
        "type": "Point",
        "coordinates": [
          134.162002,
          35.023878
        ]
      },
      "properties": {
        "内容": "バス停: 美作インター",
        "name": "美作インター",
        "operator": "事業者不明",
        "ref": "",
        "url": "",
        "url2": ""
      }
    },
    {
      "type": "Feature",
      "geometry": {
        "type": "Point",
        "coordinates": [
          134.1514418,
          35.0154875
        ]
      },
      "properties": {
        "内容": "バス停: 明見;明見東",
        "name": "明見;明見東",
        "operator": "事業者不明",
        "ref": "",
        "url": "",
        "url2": ""
      }
    },
    {
      "type": "Feature",
      "geometry": {
        "type": "Point",
        "coordinates": [
          134.151578,
          35.0154059
        ]
      },
      "properties": {
        "内容": "バス停: 明見;明見東",
        "name": "明見;明見東",
        "operator": "事業者不明",
        "ref": "",
        "url": "",
        "url2": ""
      }
    },
    {
      "type": "Feature",
      "geometry": {
        "type": "Point",
        "coordinates": [
          134.0010911,
          35.0787146
        ]
      },
      "properties": {
        "内容": "バス停: 津山北",
        "name": "津山北",
        "operator": "事業者不明",
        "ref": "",
        "url": "",
        "url2": ""
      }
    },
    {
      "type": "Feature",
      "geometry": {
        "type": "Point",
        "coordinates": [
          134.0010855,
          35.0784052
        ]
      },
      "properties": {
        "内容": "バス停: 津山北",
        "name": "津山北",
        "operator": "事業者不明",
        "ref": "",
        "url": "",
        "url2": ""
      }
    },
    {
      "type": "Feature",
      "geometry": {
        "type": "Point",
        "coordinates": [
          133.767784,
          34.5992743
        ]
      },
      "properties": {
        "内容": "バス停: 名称不明バス停",
        "name": "名称不明バス停",
        "operator": "事業者不明",
        "ref": "",
        "url": "",
        "url2": ""
      }
    },
    {
      "type": "Feature",
      "geometry": {
        "type": "Point",
        "coordinates": [
          133.9209984,
          34.6653949
        ]
      },
      "properties": {
        "内容": "バス停: 岡山駅前",
        "name": "岡山駅前",
        "operator": "事業者不明",
        "ref": "",
        "url": "",
        "url2": ""
      }
    },
    {
      "type": "Feature",
      "geometry": {
        "type": "Point",
        "coordinates": [
          133.9208868,
          34.6657036
        ]
      },
      "properties": {
        "内容": "バス停: 岡山駅前",
        "name": "岡山駅前",
        "operator": "事業者不明",
        "ref": "",
        "url": "",
        "url2": ""
      }
    },
    {
      "type": "Feature",
      "geometry": {
        "type": "Point",
        "coordinates": [
          133.9209756,
          34.6657041
        ]
      },
      "properties": {
        "内容": "バス停: 岡山駅前",
        "name": "岡山駅前",
        "operator": "事業者不明",
        "ref": "",
        "url": "",
        "url2": ""
      }
    },
    {
      "type": "Feature",
      "geometry": {
        "type": "Point",
        "coordinates": [
          133.9210658,
          34.6657047
        ]
      },
      "properties": {
        "内容": "バス停: 岡山駅前",
        "name": "岡山駅前",
        "operator": "事業者不明",
        "ref": "",
        "url": "",
        "url2": ""
      }
    },
    {
      "type": "Feature",
      "geometry": {
        "type": "Point",
        "coordinates": [
          133.7684897,
          34.5986195
        ]
      },
      "properties": {
        "内容": "バス停: 名称不明バス停",
        "name": "名称不明バス停",
        "operator": "事業者不明",
        "ref": "",
        "url": "",
        "url2": ""
      }
    },
    {
      "type": "Feature",
      "geometry": {
        "type": "Point",
        "coordinates": [
          133.777805,
          34.596866
        ]
      },
      "properties": {
        "内容": "バス停: 名称不明バス停",
        "name": "名称不明バス停",
        "operator": "事業者不明",
        "ref": "",
        "url": "",
        "url2": ""
      }
    },
    {
      "type": "Feature",
      "geometry": {
        "type": "Point",
        "coordinates": [
          133.777689,
          34.5975517
        ]
      },
      "properties": {
        "内容": "バス停: 名称不明バス停",
        "name": "名称不明バス停",
        "operator": "事業者不明",
        "ref": "",
        "url": "",
        "url2": ""
      }
    },
    {
      "type": "Feature",
      "geometry": {
        "type": "Point",
        "coordinates": [
          133.7774368,
          34.5992047
        ]
      },
      "properties": {
        "内容": "バス停: 名称不明バス停",
        "name": "名称不明バス停",
        "operator": "事業者不明",
        "ref": "",
        "url": "",
        "url2": ""
      }
    },
    {
      "type": "Feature",
      "geometry": {
        "type": "Point",
        "coordinates": [
          133.7775606,
          34.5990394
        ]
      },
      "properties": {
        "内容": "バス停: 名称不明バス停",
        "name": "名称不明バス停",
        "operator": "事業者不明",
        "ref": "",
        "url": "",
        "url2": ""
      }
    },
    {
      "type": "Feature",
      "geometry": {
        "type": "Point",
        "coordinates": [
          133.7772574,
          34.6006638
        ]
      },
      "properties": {
        "内容": "バス停: 名称不明バス停",
        "name": "名称不明バス停",
        "operator": "事業者不明",
        "ref": "",
        "url": "",
        "url2": ""
      }
    },
    {
      "type": "Feature",
      "geometry": {
        "type": "Point",
        "coordinates": [
          133.7731294,
          34.6009732
        ]
      },
      "properties": {
        "内容": "バス停: 倉敷郵便局前",
        "name": "倉敷郵便局前",
        "operator": "事業者不明",
        "ref": "",
        "url": "",
        "url2": ""
      }
    },
    {
      "type": "Feature",
      "geometry": {
        "type": "Point",
        "coordinates": [
          133.7732217,
          34.6008997
        ]
      },
      "properties": {
        "内容": "バス停: 倉敷郵便局前",
        "name": "倉敷郵便局前",
        "operator": "事業者不明",
        "ref": "",
        "url": "",
        "url2": ""
      }
    },
    {
      "type": "Feature",
      "geometry": {
        "type": "Point",
        "coordinates": [
          133.7746575,
          34.6010792
        ]
      },
      "properties": {
        "内容": "バス停: 名称不明バス停",
        "name": "名称不明バス停",
        "operator": "事業者不明",
        "ref": "",
        "url": "",
        "url2": ""
      }
    },
    {
      "type": "Feature",
      "geometry": {
        "type": "Point",
        "coordinates": [
          133.7751506,
          34.6009985
        ]
      },
      "properties": {
        "内容": "バス停: 名称不明バス停",
        "name": "名称不明バス停",
        "operator": "事業者不明",
        "ref": "",
        "url": "",
        "url2": ""
      }
    },
    {
      "type": "Feature",
      "geometry": {
        "type": "Point",
        "coordinates": [
          133.7693553,
          34.5954687
        ]
      },
      "properties": {
        "内容": "バス停: 名称不明バス停",
        "name": "名称不明バス停",
        "operator": "事業者不明",
        "ref": "",
        "url": "",
        "url2": ""
      }
    },
    {
      "type": "Feature",
      "geometry": {
        "type": "Point",
        "coordinates": [
          133.7695676,
          34.5952182
        ]
      },
      "properties": {
        "内容": "バス停: 名称不明バス停",
        "name": "名称不明バス停",
        "operator": "事業者不明",
        "ref": "",
        "url": "",
        "url2": ""
      }
    },
    {
      "type": "Feature",
      "geometry": {
        "type": "Point",
        "coordinates": [
          133.7773433,
          34.6007346
        ]
      },
      "properties": {
        "内容": "バス停: 名称不明バス停",
        "name": "名称不明バス停",
        "operator": "事業者不明",
        "ref": "",
        "url": "",
        "url2": ""
      }
    },
    {
      "type": "Feature",
      "geometry": {
        "type": "Point",
        "coordinates": [
          133.8856019,
          34.6800514
        ]
      },
      "properties": {
        "内容": "バス停: 平津 (中鉄バス)",
        "name": "平津",
        "operator": "中鉄バス",
        "ref": "",
        "url": "",
        "url2": ""
      }
    },
    {
      "type": "Feature",
      "geometry": {
        "type": "Point",
        "coordinates": [
          133.8855602,
          34.680122
        ]
      },
      "properties": {
        "内容": "バス停: 平津 (中鉄バス)",
        "name": "平津",
        "operator": "中鉄バス",
        "ref": "",
        "url": "",
        "url2": ""
      }
    },
    {
      "type": "Feature",
      "geometry": {
        "type": "Point",
        "coordinates": [
          133.8814,
          34.6785604
        ]
      },
      "properties": {
        "内容": "バス停: 楢津南 (中鉄バス)",
        "name": "楢津南",
        "operator": "中鉄バス",
        "ref": "",
        "url": "",
        "url2": ""
      }
    },
    {
      "type": "Feature",
      "geometry": {
        "type": "Point",
        "coordinates": [
          133.8813506,
          34.6786343
        ]
      },
      "properties": {
        "内容": "バス停: 楢津南 (中鉄バス)",
        "name": "楢津南",
        "operator": "中鉄バス",
        "ref": "",
        "url": "",
        "url2": ""
      }
    },
    {
      "type": "Feature",
      "geometry": {
        "type": "Point",
        "coordinates": [
          133.8794476,
          34.681286
        ]
      },
      "properties": {
        "内容": "バス停: 平津小学校前 (中鉄バス)",
        "name": "平津小学校前",
        "operator": "中鉄バス",
        "ref": "",
        "url": "",
        "url2": ""
      }
    },
    {
      "type": "Feature",
      "geometry": {
        "type": "Point",
        "coordinates": [
          133.8794099,
          34.6815328
        ]
      },
      "properties": {
        "内容": "バス停: 平津小学校前 (中鉄バス)",
        "name": "平津小学校前",
        "operator": "中鉄バス",
        "ref": "",
        "url": "",
        "url2": ""
      }
    },
    {
      "type": "Feature",
      "geometry": {
        "type": "Point",
        "coordinates": [
          133.4598439,
          34.9873166
        ]
      },
      "properties": {
        "内容": "バス停: 太田病院前",
        "name": "太田病院前",
        "operator": "事業者不明",
        "ref": "",
        "url": "",
        "url2": ""
      }
    },
    {
      "type": "Feature",
      "geometry": {
        "type": "Point",
        "coordinates": [
          133.9013503,
          34.7037087
        ]
      },
      "properties": {
        "内容": "バス停: 大岩口",
        "name": "大岩口",
        "operator": "事業者不明",
        "ref": "",
        "url": "",
        "url2": ""
      }
    },
    {
      "type": "Feature",
      "geometry": {
        "type": "Point",
        "coordinates": [
          133.9215042,
          34.6657072
        ]
      },
      "properties": {
        "内容": "バス停: 岡山駅前",
        "name": "岡山駅前",
        "operator": "事業者不明",
        "ref": "",
        "url": "",
        "url2": ""
      }
    },
    {
      "type": "Feature",
      "geometry": {
        "type": "Point",
        "coordinates": [
          133.9264179,
          34.6632082
        ]
      },
      "properties": {
        "内容": "バス停: NTT岡山前",
        "name": "NTT岡山前",
        "operator": "事業者不明",
        "ref": "",
        "url": "",
        "url2": ""
      }
    },
    {
      "type": "Feature",
      "geometry": {
        "type": "Point",
        "coordinates": [
          133.9189418,
          34.6619107
        ]
      },
      "properties": {
        "内容": "バス停: イオンモール岡山前・源吉兆庵本社前",
        "name": "イオンモール岡山前・源吉兆庵本社前",
        "operator": "事業者不明",
        "ref": "",
        "url": "",
        "url2": ""
      }
    },
    {
      "type": "Feature",
      "geometry": {
        "type": "Point",
        "coordinates": [
          133.9206013,
          34.6523746
        ]
      },
      "properties": {
        "内容": "バス停: 大学病院入口",
        "name": "大学病院入口",
        "operator": "事業者不明",
        "ref": "",
        "url": "",
        "url2": ""
      }
    },
    {
      "type": "Feature",
      "geometry": {
        "type": "Point",
        "coordinates": [
          133.9191352,
          34.6579323
        ]
      },
      "properties": {
        "内容": "バス停: 山陽新聞社・TSC前",
        "name": "山陽新聞社・TSC前",
        "operator": "事業者不明",
        "ref": "",
        "url": "",
        "url2": ""
      }
    },
    {
      "type": "Feature",
      "geometry": {
        "type": "Point",
        "coordinates": [
          133.9186653,
          34.6554702
        ]
      },
      "properties": {
        "内容": "バス停: 市役所前",
        "name": "市役所前",
        "operator": "事業者不明",
        "ref": "",
        "url": "",
        "url2": ""
      }
    },
    {
      "type": "Feature",
      "geometry": {
        "type": "Point",
        "coordinates": [
          133.9264879,
          34.6590896
        ]
      },
      "properties": {
        "内容": "バス停: 新西大寺町筋",
        "name": "新西大寺町筋",
        "operator": "事業者不明",
        "ref": "",
        "url": "",
        "url2": ""
      }
    },
    {
      "type": "Feature",
      "geometry": {
        "type": "Point",
        "coordinates": [
          133.9263379,
          34.6548409
        ]
      },
      "properties": {
        "内容": "バス停: 東中央町",
        "name": "東中央町",
        "operator": "事業者不明",
        "ref": "",
        "url": "",
        "url2": ""
      }
    },
    {
      "type": "Feature",
      "geometry": {
        "type": "Point",
        "coordinates": [
          133.9238413,
          34.6657737
        ]
      },
      "properties": {
        "内容": "バス停: 柳川西",
        "name": "柳川西",
        "operator": "事業者不明",
        "ref": "",
        "url": "",
        "url2": ""
      }
    },
    {
      "type": "Feature",
      "geometry": {
        "type": "Point",
        "coordinates": [
          133.9175407,
          34.6537416
        ]
      },
      "properties": {
        "内容": "バス停: 水道局前",
        "name": "水道局前",
        "operator": "事業者不明",
        "ref": "",
        "url": "",
        "url2": ""
      }
    },
    {
      "type": "Feature",
      "geometry": {
        "type": "Point",
        "coordinates": [
          133.9249838,
          34.6514046
        ]
      },
      "properties": {
        "内容": "バス停: 清輝橋",
        "name": "清輝橋",
        "operator": "事業者不明",
        "ref": "",
        "url": "",
        "url2": ""
      }
    },
    {
      "type": "Feature",
      "geometry": {
        "type": "Point",
        "coordinates": [
          133.8951606,
          34.6600321
        ]
      },
      "properties": {
        "内容": "バス停: 高柳西町",
        "name": "高柳西町",
        "operator": "事業者不明",
        "ref": "",
        "url": "",
        "url2": ""
      }
    },
    {
      "type": "Feature",
      "geometry": {
        "type": "Point",
        "coordinates": [
          133.9088434,
          34.664416
        ]
      },
      "properties": {
        "内容": "バス停: 若草保育園前",
        "name": "若草保育園前",
        "operator": "事業者不明",
        "ref": "",
        "url": "",
        "url2": ""
      }
    },
    {
      "type": "Feature",
      "geometry": {
        "type": "Point",
        "coordinates": [
          133.8985841,
          34.6613214
        ]
      },
      "properties": {
        "内容": "バス停: 高柳東町",
        "name": "高柳東町",
        "operator": "事業者不明",
        "ref": "",
        "url": "",
        "url2": ""
      }
    },
    {
      "type": "Feature",
      "geometry": {
        "type": "Point",
        "coordinates": [
          133.9035595,
          34.6631988
        ]
      },
      "properties": {
        "内容": "バス停: 下伊福2丁目",
        "name": "下伊福2丁目",
        "operator": "事業者不明",
        "ref": "",
        "url": "",
        "url2": ""
      }
    },
    {
      "type": "Feature",
      "geometry": {
        "type": "Point",
        "coordinates": [
          133.8907072,
          34.6593799
        ]
      },
      "properties": {
        "内容": "バス停: 大安寺南町1丁目",
        "name": "大安寺南町1丁目",
        "operator": "事業者不明",
        "ref": "",
        "url": "",
        "url2": ""
      }
    },
    {
      "type": "Feature",
      "geometry": {
        "type": "Point",
        "coordinates": [
          133.9158581,
          34.6648655
        ]
      },
      "properties": {
        "内容": "バス停: 駅元町",
        "name": "駅元町",
        "operator": "事業者不明",
        "ref": "",
        "url": "",
        "url2": ""
      }
    },
    {
      "type": "Feature",
      "geometry": {
        "type": "Point",
        "coordinates": [
          133.9172262,
          34.6667611
        ]
      },
      "properties": {
        "内容": "バス停: 岡山駅西口",
        "name": "岡山駅西口",
        "operator": "事業者不明",
        "ref": "",
        "url": "",
        "url2": ""
      }
    },
    {
      "type": "Feature",
      "geometry": {
        "type": "Point",
        "coordinates": [
          133.9172827,
          34.6670682
        ]
      },
      "properties": {
        "内容": "バス停: 岡山駅西口",
        "name": "岡山駅西口",
        "operator": "事業者不明",
        "ref": "",
        "url": "",
        "url2": ""
      }
    },
    {
      "type": "Feature",
      "geometry": {
        "type": "Point",
        "coordinates": [
          133.9174378,
          34.6670649
        ]
      },
      "properties": {
        "内容": "バス停: 岡山駅西口",
        "name": "岡山駅西口",
        "operator": "事業者不明",
        "ref": "",
        "url": "",
        "url2": ""
      }
    },
    {
      "type": "Feature",
      "geometry": {
        "type": "Point",
        "coordinates": [
          133.917341,
          34.666926
        ]
      },
      "properties": {
        "内容": "バス停: 岡山駅西口",
        "name": "岡山駅西口",
        "operator": "事業者不明",
        "ref": "",
        "url": "",
        "url2": ""
      }
    },
    {
      "type": "Feature",
      "geometry": {
        "type": "Point",
        "coordinates": [
          133.9171924,
          34.6669386
        ]
      },
      "properties": {
        "内容": "バス停: 岡山駅西口",
        "name": "岡山駅西口",
        "operator": "事業者不明",
        "ref": "",
        "url": "",
        "url2": ""
      }
    },
    {
      "type": "Feature",
      "geometry": {
        "type": "Point",
        "coordinates": [
          133.9173797,
          34.6671454
        ]
      },
      "properties": {
        "内容": "バス停: 岡山駅西口",
        "name": "岡山駅西口",
        "operator": "事業者不明",
        "ref": "",
        "url": "",
        "url2": ""
      }
    },
    {
      "type": "Feature",
      "geometry": {
        "type": "Point",
        "coordinates": [
          133.9212199,
          34.6654015
        ]
      },
      "properties": {
        "内容": "バス停: 岡山駅前",
        "name": "岡山駅前",
        "operator": "事業者不明",
        "ref": "",
        "url": "",
        "url2": ""
      }
    },
    {
      "type": "Feature",
      "geometry": {
        "type": "Point",
        "coordinates": [
          133.9211622,
          34.6654007
        ]
      },
      "properties": {
        "内容": "バス停: 岡山駅前",
        "name": "岡山駅前",
        "operator": "事業者不明",
        "ref": "",
        "url": "",
        "url2": ""
      }
    },
    {
      "type": "Feature",
      "geometry": {
        "type": "Point",
        "coordinates": [
          133.9212491,
          34.6657058
        ]
      },
      "properties": {
        "内容": "バス停: 岡山駅前",
        "name": "岡山駅前",
        "operator": "事業者不明",
        "ref": "",
        "url": "",
        "url2": ""
      }
    },
    {
      "type": "Feature",
      "geometry": {
        "type": "Point",
        "coordinates": [
          133.9213381,
          34.6657063
        ]
      },
      "properties": {
        "内容": "バス停: 岡山駅前",
        "name": "岡山駅前",
        "operator": "事業者不明",
        "ref": "",
        "url": "",
        "url2": ""
      }
    },
    {
      "type": "Feature",
      "geometry": {
        "type": "Point",
        "coordinates": [
          133.9208453,
          34.6653664
        ]
      },
      "properties": {
        "内容": "バス停: 岡山駅前",
        "name": "岡山駅前",
        "operator": "事業者不明",
        "ref": "",
        "url": "",
        "url2": ""
      }
    },
    {
      "type": "Feature",
      "geometry": {
        "type": "Point",
        "coordinates": [
          133.9211575,
          34.6657052
        ]
      },
      "properties": {
        "内容": "バス停: 岡山駅前",
        "name": "岡山駅前",
        "operator": "事業者不明",
        "ref": "",
        "url": "",
        "url2": ""
      }
    },
    {
      "type": "Feature",
      "geometry": {
        "type": "Point",
        "coordinates": [
          133.9217753,
          34.6657086
        ]
      },
      "properties": {
        "内容": "バス停: 岡山駅前",
        "name": "岡山駅前",
        "operator": "事業者不明",
        "ref": "",
        "url": "",
        "url2": ""
      }
    },
    {
      "type": "Feature",
      "geometry": {
        "type": "Point",
        "coordinates": [
          133.9218845,
          34.6657091
        ]
      },
      "properties": {
        "内容": "バス停: 岡山駅前",
        "name": "岡山駅前",
        "operator": "事業者不明",
        "ref": "",
        "url": "",
        "url2": ""
      }
    },
    {
      "type": "Feature",
      "geometry": {
        "type": "Point",
        "coordinates": [
          133.9219714,
          34.6657096
        ]
      },
      "properties": {
        "内容": "バス停: 岡山駅前",
        "name": "岡山駅前",
        "operator": "事業者不明",
        "ref": "",
        "url": "",
        "url2": ""
      }
    },
    {
      "type": "Feature",
      "geometry": {
        "type": "Point",
        "coordinates": [
          133.9216784,
          34.6657081
        ]
      },
      "properties": {
        "内容": "バス停: 西川緑道公園前",
        "name": "西川緑道公園前",
        "operator": "事業者不明",
        "ref": "",
        "url": "",
        "url2": ""
      }
    },
    {
      "type": "Feature",
      "geometry": {
        "type": "Point",
        "coordinates": [
          133.7658922,
          34.6013418
        ]
      },
      "properties": {
        "内容": "バス停: 倉敷駅",
        "name": "倉敷駅",
        "operator": "事業者不明",
        "ref": "1",
        "url": "",
        "url2": ""
      }
    },
    {
      "type": "Feature",
      "geometry": {
        "type": "Point",
        "coordinates": [
          133.7659999,
          34.6011413
        ]
      },
      "properties": {
        "内容": "バス停: 倉敷駅",
        "name": "倉敷駅",
        "operator": "事業者不明",
        "ref": "2",
        "url": "",
        "url2": ""
      }
    },
    {
      "type": "Feature",
      "geometry": {
        "type": "Point",
        "coordinates": [
          133.7662458,
          34.601244
        ]
      },
      "properties": {
        "内容": "バス停: 倉敷駅",
        "name": "倉敷駅",
        "operator": "事業者不明",
        "ref": "9",
        "url": "",
        "url2": ""
      }
    },
    {
      "type": "Feature",
      "geometry": {
        "type": "Point",
        "coordinates": [
          133.7654764,
          34.6023184
        ]
      },
      "properties": {
        "内容": "バス停: 倉敷駅北口",
        "name": "倉敷駅北口",
        "operator": "事業者不明",
        "ref": "1",
        "url": "",
        "url2": ""
      }
    },
    {
      "type": "Feature",
      "geometry": {
        "type": "Point",
        "coordinates": [
          133.7663653,
          34.601163
        ]
      },
      "properties": {
        "内容": "バス停: 倉敷駅",
        "name": "倉敷駅",
        "operator": "事業者不明",
        "ref": "10",
        "url": "",
        "url2": ""
      }
    },
    {
      "type": "Feature",
      "geometry": {
        "type": "Point",
        "coordinates": [
          133.765088,
          34.6020535
        ]
      },
      "properties": {
        "内容": "バス停: 倉敷駅北口",
        "name": "倉敷駅北口",
        "operator": "事業者不明",
        "ref": "3",
        "url": "",
        "url2": ""
      }
    },
    {
      "type": "Feature",
      "geometry": {
        "type": "Point",
        "coordinates": [
          133.7647073,
          34.6022017
        ]
      },
      "properties": {
        "内容": "バス停: 倉敷駅北口",
        "name": "倉敷駅北口",
        "operator": "事業者不明",
        "ref": "4",
        "url": "",
        "url2": ""
      }
    },
    {
      "type": "Feature",
      "geometry": {
        "type": "Point",
        "coordinates": [
          133.7660926,
          34.6010607
        ]
      },
      "properties": {
        "内容": "バス停: 倉敷駅",
        "name": "倉敷駅",
        "operator": "事業者不明",
        "ref": "3",
        "url": "",
        "url2": ""
      }
    },
    {
      "type": "Feature",
      "geometry": {
        "type": "Point",
        "coordinates": [
          133.9220368,
          34.6564472
        ]
      },
      "properties": {
        "内容": "バス停: 大学病院筋",
        "name": "大学病院筋",
        "operator": "事業者不明",
        "ref": "",
        "url": "",
        "url2": ""
      }
    },
    {
      "type": "Feature",
      "geometry": {
        "type": "Point",
        "coordinates": [
          133.9218707,
          34.6561692
        ]
      },
      "properties": {
        "内容": "バス停: 市役所入口",
        "name": "市役所入口",
        "operator": "事業者不明",
        "ref": "",
        "url": "",
        "url2": ""
      }
    },
    {
      "type": "Feature",
      "geometry": {
        "type": "Point",
        "coordinates": [
          133.9194944,
          34.6575654
        ]
      },
      "properties": {
        "内容": "バス停: 山陽新聞社・TSC前",
        "name": "山陽新聞社・TSC前",
        "operator": "事業者不明",
        "ref": "",
        "url": "",
        "url2": ""
      }
    },
    {
      "type": "Feature",
      "geometry": {
        "type": "Point",
        "coordinates": [
          133.9208119,
          34.6561605
        ]
      },
      "properties": {
        "内容": "バス停: 大学病院筋",
        "name": "大学病院筋",
        "operator": "事業者不明",
        "ref": "",
        "url": "",
        "url2": ""
      }
    },
    {
      "type": "Feature",
      "geometry": {
        "type": "Point",
        "coordinates": [
          133.9210254,
          34.6564467
        ]
      },
      "properties": {
        "内容": "バス停: 市役所入口",
        "name": "市役所入口",
        "operator": "事業者不明",
        "ref": "",
        "url": "",
        "url2": ""
      }
    },
    {
      "type": "Feature",
      "geometry": {
        "type": "Point",
        "coordinates": [
          133.9260612,
          34.6629743
        ]
      },
      "properties": {
        "内容": "バス停: NTT岡山前",
        "name": "NTT岡山前",
        "operator": "事業者不明",
        "ref": "",
        "url": "",
        "url2": ""
      }
    },
    {
      "type": "Feature",
      "geometry": {
        "type": "Point",
        "coordinates": [
          133.9260638,
          34.6632333
        ]
      },
      "properties": {
        "内容": "バス停: NTT岡山前",
        "name": "NTT岡山前",
        "operator": "事業者不明",
        "ref": "",
        "url": "",
        "url2": ""
      }
    },
    {
      "type": "Feature",
      "geometry": {
        "type": "Point",
        "coordinates": [
          133.9248585,
          34.6564458
        ]
      },
      "properties": {
        "内容": "バス停: 大雲寺前",
        "name": "大雲寺前",
        "operator": "事業者不明",
        "ref": "",
        "url": "",
        "url2": ""
      }
    },
    {
      "type": "Feature",
      "geometry": {
        "type": "Point",
        "coordinates": [
          133.9254018,
          34.6561948
        ]
      },
      "properties": {
        "内容": "バス停: 大雲寺前",
        "name": "大雲寺前",
        "operator": "事業者不明",
        "ref": "",
        "url": "",
        "url2": ""
      }
    },
    {
      "type": "Feature",
      "geometry": {
        "type": "Point",
        "coordinates": [
          133.9261611,
          34.6575954
        ]
      },
      "properties": {
        "内容": "バス停: 大雲寺前",
        "name": "大雲寺前",
        "operator": "事業者不明",
        "ref": "",
        "url": "",
        "url2": ""
      }
    },
    {
      "type": "Feature",
      "geometry": {
        "type": "Point",
        "coordinates": [
          133.9261679,
          34.6588811
        ]
      },
      "properties": {
        "内容": "バス停: 新西大寺町筋",
        "name": "新西大寺町筋",
        "operator": "事業者不明",
        "ref": "",
        "url": "",
        "url2": ""
      }
    },
    {
      "type": "Feature",
      "geometry": {
        "type": "Point",
        "coordinates": [
          133.9303033,
          34.6614762
        ]
      },
      "properties": {
        "内容": "バス停: 表町バスセンター",
        "name": "表町バスセンター",
        "operator": "事業者不明",
        "ref": "",
        "url": "",
        "url2": ""
      }
    },
    {
      "type": "Feature",
      "geometry": {
        "type": "Point",
        "coordinates": [
          133.930194,
          34.6614762
        ]
      },
      "properties": {
        "内容": "バス停: 表町バスセンター",
        "name": "表町バスセンター",
        "operator": "事業者不明",
        "ref": "",
        "url": "",
        "url2": ""
      }
    },
    {
      "type": "Feature",
      "geometry": {
        "type": "Point",
        "coordinates": [
          133.9301417,
          34.6615259
        ]
      },
      "properties": {
        "内容": "バス停: 表町バスセンター",
        "name": "表町バスセンター",
        "operator": "事業者不明",
        "ref": "",
        "url": "",
        "url2": ""
      }
    },
    {
      "type": "Feature",
      "geometry": {
        "type": "Point",
        "coordinates": [
          133.9301404,
          34.6616086
        ]
      },
      "properties": {
        "内容": "バス停: 表町バスセンター",
        "name": "表町バスセンター",
        "operator": "事業者不明",
        "ref": "",
        "url": "",
        "url2": ""
      }
    },
    {
      "type": "Feature",
      "geometry": {
        "type": "Point",
        "coordinates": [
          133.9302678,
          34.6615731
        ]
      },
      "properties": {
        "内容": "バス停: 表町バスセンター",
        "name": "表町バスセンター",
        "operator": "事業者不明",
        "ref": "",
        "url": "",
        "url2": ""
      }
    },
    {
      "type": "Feature",
      "geometry": {
        "type": "Point",
        "coordinates": [
          133.9284853,
          34.6614571
        ]
      },
      "properties": {
        "内容": "バス停: 天満屋",
        "name": "天満屋",
        "operator": "事業者不明",
        "ref": "",
        "url": "",
        "url2": ""
      }
    },
    {
      "type": "Feature",
      "geometry": {
        "type": "Point",
        "coordinates": [
          133.9282768,
          34.6614494
        ]
      },
      "properties": {
        "内容": "バス停: 天満屋",
        "name": "天満屋",
        "operator": "事業者不明",
        "ref": "",
        "url": "",
        "url2": ""
      }
    },
    {
      "type": "Feature",
      "geometry": {
        "type": "Point",
        "coordinates": [
          133.9282873,
          34.661915
        ]
      },
      "properties": {
        "内容": "バス停: 天満屋",
        "name": "天満屋",
        "operator": "事業者不明",
        "ref": "",
        "url": "",
        "url2": ""
      }
    },
    {
      "type": "Feature",
      "geometry": {
        "type": "Point",
        "coordinates": [
          133.9285226,
          34.6620818
        ]
      },
      "properties": {
        "内容": "バス停: 天満屋",
        "name": "天満屋",
        "operator": "事業者不明",
        "ref": "",
        "url": "",
        "url2": ""
      }
    },
    {
      "type": "Feature",
      "geometry": {
        "type": "Point",
        "coordinates": [
          133.9285129,
          34.6619606
        ]
      },
      "properties": {
        "内容": "バス停: 天満屋",
        "name": "天満屋",
        "operator": "事業者不明",
        "ref": "",
        "url": "",
        "url2": ""
      }
    },
    {
      "type": "Feature",
      "geometry": {
        "type": "Point",
        "coordinates": [
          133.9285095,
          34.6618375
        ]
      },
      "properties": {
        "内容": "バス停: 天満屋",
        "name": "天満屋",
        "operator": "事業者不明",
        "ref": "",
        "url": "",
        "url2": ""
      }
    },
    {
      "type": "Feature",
      "geometry": {
        "type": "Point",
        "coordinates": [
          133.9284968,
          34.6615744
        ]
      },
      "properties": {
        "内容": "バス停: 天満屋",
        "name": "天満屋",
        "operator": "事業者不明",
        "ref": "",
        "url": "",
        "url2": ""
      }
    },
    {
      "type": "Feature",
      "geometry": {
        "type": "Point",
        "coordinates": [
          133.9282774,
          34.6615569
        ]
      },
      "properties": {
        "内容": "バス停: 天満屋",
        "name": "天満屋",
        "operator": "事業者不明",
        "ref": "",
        "url": "",
        "url2": ""
      }
    },
    {
      "type": "Feature",
      "geometry": {
        "type": "Point",
        "coordinates": [
          133.92828,
          34.6616755
        ]
      },
      "properties": {
        "内容": "バス停: 天満屋",
        "name": "天満屋",
        "operator": "事業者不明",
        "ref": "",
        "url": "",
        "url2": ""
      }
    },
    {
      "type": "Feature",
      "geometry": {
        "type": "Point",
        "coordinates": [
          133.9282856,
          34.6617931
        ]
      },
      "properties": {
        "内容": "バス停: 天満屋",
        "name": "天満屋",
        "operator": "事業者不明",
        "ref": "",
        "url": "",
        "url2": ""
      }
    },
    {
      "type": "Feature",
      "geometry": {
        "type": "Point",
        "coordinates": [
          133.9282918,
          34.6620353
        ]
      },
      "properties": {
        "内容": "バス停: 天満屋",
        "name": "天満屋",
        "operator": "事業者不明",
        "ref": "",
        "url": "",
        "url2": ""
      }
    },
    {
      "type": "Feature",
      "geometry": {
        "type": "Point",
        "coordinates": [
          133.9284131,
          34.662299
        ]
      },
      "properties": {
        "内容": "バス停: 天満屋",
        "name": "天満屋",
        "operator": "事業者不明",
        "ref": "",
        "url": "",
        "url2": ""
      }
    },
    {
      "type": "Feature",
      "geometry": {
        "type": "Point",
        "coordinates": [
          133.9282939,
          34.662148
        ]
      },
      "properties": {
        "内容": "バス停: 天満屋",
        "name": "天満屋",
        "operator": "事業者不明",
        "ref": "",
        "url": "",
        "url2": ""
      }
    },
    {
      "type": "Feature",
      "geometry": {
        "type": "Point",
        "coordinates": [
          133.9285233,
          34.6621963
        ]
      },
      "properties": {
        "内容": "バス停: 天満屋",
        "name": "天満屋",
        "operator": "事業者不明",
        "ref": "",
        "url": "",
        "url2": ""
      }
    },
    {
      "type": "Feature",
      "geometry": {
        "type": "Point",
        "coordinates": [
          133.9284846,
          34.6613372
        ]
      },
      "properties": {
        "内容": "バス停: 天満屋",
        "name": "天満屋",
        "operator": "事業者不明",
        "ref": "",
        "url": "",
        "url2": ""
      }
    },
    {
      "type": "Feature",
      "geometry": {
        "type": "Point",
        "coordinates": [
          133.9282977,
          34.6622473
        ]
      },
      "properties": {
        "内容": "バス停: 天満屋",
        "name": "天満屋",
        "operator": "事業者不明",
        "ref": "",
        "url": "",
        "url2": ""
      }
    },
    {
      "type": "Feature",
      "geometry": {
        "type": "Point",
        "coordinates": [
          133.9285092,
          34.6617039
        ]
      },
      "properties": {
        "内容": "バス停: 天満屋",
        "name": "天満屋",
        "operator": "事業者不明",
        "ref": "",
        "url": "",
        "url2": ""
      }
    },
    {
      "type": "Feature",
      "geometry": {
        "type": "Point",
        "coordinates": [
          133.9282754,
          34.6613348
        ]
      },
      "properties": {
        "内容": "バス停: 天満屋",
        "name": "天満屋",
        "operator": "事業者不明",
        "ref": "",
        "url": "",
        "url2": ""
      }
    },
    {
      "type": "Feature",
      "geometry": {
        "type": "Point",
        "coordinates": [
          133.9222154,
          34.6653925
        ]
      },
      "properties": {
        "内容": "バス停: 西川緑道公園前",
        "name": "西川緑道公園前",
        "operator": "事業者不明",
        "ref": "",
        "url": "",
        "url2": ""
      }
    },
    {
      "type": "Feature",
      "geometry": {
        "type": "Point",
        "coordinates": [
          133.9248542,
          34.6654718
        ]
      },
      "properties": {
        "内容": "バス停: 柳川西",
        "name": "柳川西",
        "operator": "事業者不明",
        "ref": "",
        "url": "",
        "url2": ""
      }
    },
    {
      "type": "Feature",
      "geometry": {
        "type": "Point",
        "coordinates": [
          133.9305389,
          34.6628675
        ]
      },
      "properties": {
        "内容": "バス停: 中銀本店西",
        "name": "中銀本店西",
        "operator": "事業者不明",
        "ref": "",
        "url": "",
        "url2": ""
      }
    },
    {
      "type": "Feature",
      "geometry": {
        "type": "Point",
        "coordinates": [
          133.9305423,
          34.6618588
        ]
      },
      "properties": {
        "内容": "バス停: 内山下",
        "name": "内山下",
        "operator": "事業者不明",
        "ref": "",
        "url": "",
        "url2": ""
      }
    },
    {
      "type": "Feature",
      "geometry": {
        "type": "Point",
        "coordinates": [
          133.9345602,
          34.6607776
        ]
      },
      "properties": {
        "内容": "バス停: 県庁前",
        "name": "県庁前",
        "operator": "事業者不明",
        "ref": "",
        "url": "",
        "url2": ""
      }
    },
    {
      "type": "Feature",
      "geometry": {
        "type": "Point",
        "coordinates": [
          133.9315403,
          34.6604544
        ]
      },
      "properties": {
        "内容": "バス停: 中電前",
        "name": "中電前",
        "operator": "事業者不明",
        "ref": "",
        "url": "",
        "url2": ""
      }
    },
    {
      "type": "Feature",
      "geometry": {
        "type": "Point",
        "coordinates": [
          133.9299127,
          34.6604957
        ]
      },
      "properties": {
        "内容": "バス停: 栄町 (両備バス)",
        "name": "栄町",
        "operator": "両備バス",
        "ref": "",
        "url": "",
        "url2": ""
      }
    },
    {
      "type": "Feature",
      "geometry": {
        "type": "Point",
        "coordinates": [
          133.9303577,
          34.6598468
        ]
      },
      "properties": {
        "内容": "バス停: 西大寺町",
        "name": "西大寺町",
        "operator": "事業者不明",
        "ref": "",
        "url": "",
        "url2": ""
      }
    },
    {
      "type": "Feature",
      "geometry": {
        "type": "Point",
        "coordinates": [
          133.9217517,
          34.6522496
        ]
      },
      "properties": {
        "内容": "バス停: 大学病院入口",
        "name": "大学病院入口",
        "operator": "事業者不明",
        "ref": "",
        "url": "",
        "url2": ""
      }
    },
    {
      "type": "Feature",
      "geometry": {
        "type": "Point",
        "coordinates": [
          133.9208224,
          34.651772
        ]
      },
      "properties": {
        "内容": "バス停: 大学病院",
        "name": "大学病院",
        "operator": "事業者不明",
        "ref": "",
        "url": "",
        "url2": ""
      }
    },
    {
      "type": "Feature",
      "geometry": {
        "type": "Point",
        "coordinates": [
          133.9189057,
          34.6552241
        ]
      },
      "properties": {
        "内容": "バス停: 市役所前",
        "name": "市役所前",
        "operator": "事業者不明",
        "ref": "",
        "url": "",
        "url2": ""
      }
    },
    {
      "type": "Feature",
      "geometry": {
        "type": "Point",
        "coordinates": [
          133.9274954,
          34.6658455
        ]
      },
      "properties": {
        "内容": "バス停: 柳川",
        "name": "柳川",
        "operator": "事業者不明",
        "ref": "",
        "url": "",
        "url2": ""
      }
    },
    {
      "type": "Feature",
      "geometry": {
        "type": "Point",
        "coordinates": [
          133.9276924,
          34.6654547
        ]
      },
      "properties": {
        "内容": "バス停: 柳川",
        "name": "柳川",
        "operator": "事業者不明",
        "ref": "",
        "url": "",
        "url2": ""
      }
    },
    {
      "type": "Feature",
      "geometry": {
        "type": "Point",
        "coordinates": [
          133.9289774,
          34.6658472
        ]
      },
      "properties": {
        "内容": "バス停: 表町入口",
        "name": "表町入口",
        "operator": "事業者不明",
        "ref": "",
        "url": "",
        "url2": ""
      }
    },
    {
      "type": "Feature",
      "geometry": {
        "type": "Point",
        "coordinates": [
          133.9260419,
          34.6549388
        ]
      },
      "properties": {
        "内容": "バス停: 東中央町",
        "name": "東中央町",
        "operator": "事業者不明",
        "ref": "",
        "url": "",
        "url2": ""
      }
    },
    {
      "type": "Feature",
      "geometry": {
        "type": "Point",
        "coordinates": [
          133.9254776,
          34.6507148
        ]
      },
      "properties": {
        "内容": "バス停: 清輝橋",
        "name": "清輝橋",
        "operator": "事業者不明",
        "ref": "",
        "url": "",
        "url2": ""
      }
    },
    {
      "type": "Feature",
      "geometry": {
        "type": "Point",
        "coordinates": [
          133.9177458,
          34.6534764
        ]
      },
      "properties": {
        "内容": "バス停: 水道局前",
        "name": "水道局前",
        "operator": "事業者不明",
        "ref": "",
        "url": "",
        "url2": ""
      }
    },
    {
      "type": "Feature",
      "geometry": {
        "type": "Point",
        "coordinates": [
          133.9192087,
          34.6556995
        ]
      },
      "properties": {
        "内容": "バス停: 市役所前",
        "name": "市役所前",
        "operator": "事業者不明",
        "ref": "",
        "url": "",
        "url2": ""
      }
    },
    {
      "type": "Feature",
      "geometry": {
        "type": "Point",
        "coordinates": [
          133.9305046,
          34.6650926
        ]
      },
      "properties": {
        "内容": "バス停: 城下",
        "name": "城下",
        "operator": "事業者不明",
        "ref": "",
        "url": "",
        "url2": ""
      }
    },
    {
      "type": "Feature",
      "geometry": {
        "type": "Point",
        "coordinates": [
          133.9303053,
          34.6626118
        ]
      },
      "properties": {
        "内容": "バス停: 中銀前",
        "name": "中銀前",
        "operator": "事業者不明",
        "ref": "",
        "url": "",
        "url2": ""
      }
    },
    {
      "type": "Feature",
      "geometry": {
        "type": "Point",
        "coordinates": [
          133.9310672,
          34.6623594
        ]
      },
      "properties": {
        "内容": "バス停: 中銀前",
        "name": "中銀前",
        "operator": "事業者不明",
        "ref": "",
        "url": "",
        "url2": ""
      }
    },
    {
      "type": "Feature",
      "geometry": {
        "type": "Point",
        "coordinates": [
          133.9309991,
          34.6623632
        ]
      },
      "properties": {
        "内容": "バス停: 中銀本店前",
        "name": "中銀本店前",
        "operator": "事業者不明",
        "ref": "",
        "url": "",
        "url2": ""
      }
    },
    {
      "type": "Feature",
      "geometry": {
        "type": "Point",
        "coordinates": [
          133.9306079,
          34.6596517
        ]
      },
      "properties": {
        "内容": "バス停: 西大寺町",
        "name": "西大寺町",
        "operator": "事業者不明",
        "ref": "",
        "url": "",
        "url2": ""
      }
    },
    {
      "type": "Feature",
      "geometry": {
        "type": "Point",
        "coordinates": [
          133.9303625,
          34.6576862
        ]
      },
      "properties": {
        "内容": "バス停: 新京橋西詰",
        "name": "新京橋西詰",
        "operator": "事業者不明",
        "ref": "",
        "url": "",
        "url2": ""
      }
    },
    {
      "type": "Feature",
      "geometry": {
        "type": "Point",
        "coordinates": [
          133.9305001,
          34.6571961
        ]
      },
      "properties": {
        "内容": "バス停: 新京橋西詰",
        "name": "新京橋西詰",
        "operator": "事業者不明",
        "ref": "",
        "url": "",
        "url2": ""
      }
    },
    {
      "type": "Feature",
      "geometry": {
        "type": "Point",
        "coordinates": [
          133.927998,
          34.6562114
        ]
      },
      "properties": {
        "内容": "バス停: 千日前",
        "name": "千日前",
        "operator": "事業者不明",
        "ref": "",
        "url": "",
        "url2": ""
      }
    },
    {
      "type": "Feature",
      "geometry": {
        "type": "Point",
        "coordinates": [
          133.9256568,
          34.6518719
        ]
      },
      "properties": {
        "内容": "バス停: 清輝橋",
        "name": "清輝橋",
        "operator": "事業者不明",
        "ref": "",
        "url": "",
        "url2": ""
      }
    },
    {
      "type": "Feature",
      "geometry": {
        "type": "Point",
        "coordinates": [
          133.9252353,
          34.6507758
        ]
      },
      "properties": {
        "内容": "バス停: 清輝橋",
        "name": "清輝橋",
        "operator": "事業者不明",
        "ref": "",
        "url": "",
        "url2": ""
      }
    },
    {
      "type": "Feature",
      "geometry": {
        "type": "Point",
        "coordinates": [
          133.92954,
          34.6564074
        ]
      },
      "properties": {
        "内容": "バス停: 千日前",
        "name": "千日前",
        "operator": "事業者不明",
        "ref": "",
        "url": "",
        "url2": ""
      }
    },
    {
      "type": "Feature",
      "geometry": {
        "type": "Point",
        "coordinates": [
          133.9250961,
          34.6514849
        ]
      },
      "properties": {
        "内容": "バス停: 清輝橋",
        "name": "清輝橋",
        "operator": "事業者不明",
        "ref": "",
        "url": "",
        "url2": ""
      }
    },
    {
      "type": "Feature",
      "geometry": {
        "type": "Point",
        "coordinates": [
          133.9289914,
          34.6654548
        ]
      },
      "properties": {
        "内容": "バス停: 表町入口",
        "name": "表町入口",
        "operator": "事業者不明",
        "ref": "",
        "url": "",
        "url2": ""
      }
    },
    {
      "type": "Feature",
      "geometry": {
        "type": "Point",
        "coordinates": [
          133.9345392,
          34.6607661
        ]
      },
      "properties": {
        "内容": "バス停: 県庁南",
        "name": "県庁南",
        "operator": "事業者不明",
        "ref": "",
        "url": "",
        "url2": ""
      }
    },
    {
      "type": "Feature",
      "geometry": {
        "type": "Point",
        "coordinates": [
          133.9264923,
          34.6575901
        ]
      },
      "properties": {
        "内容": "バス停: 大雲寺前 (両備バス)",
        "name": "大雲寺前",
        "operator": "両備バス",
        "ref": "",
        "url": "",
        "url2": ""
      }
    },
    {
      "type": "Feature",
      "geometry": {
        "type": "Point",
        "coordinates": [
          133.9192567,
          34.6645518
        ]
      },
      "properties": {
        "内容": "バス停: 高島屋前",
        "name": "高島屋前",
        "operator": "事業者不明",
        "ref": "",
        "url": "",
        "url2": ""
      }
    },
    {
      "type": "Feature",
      "geometry": {
        "type": "Point",
        "coordinates": [
          133.9192586,
          34.6645795
        ]
      },
      "properties": {
        "内容": "バス停: 岡山髙島屋前",
        "name": "岡山髙島屋前",
        "operator": "事業者不明",
        "ref": "",
        "url": "",
        "url2": ""
      }
    },
    {
      "type": "Feature",
      "geometry": {
        "type": "Point",
        "coordinates": [
          133.9192235,
          34.6634607
        ]
      },
      "properties": {
        "内容": "バス停: 錦町",
        "name": "錦町",
        "operator": "事業者不明",
        "ref": "",
        "url": "",
        "url2": ""
      }
    },
    {
      "type": "Feature",
      "geometry": {
        "type": "Point",
        "coordinates": [
          133.9211069,
          34.6626157
        ]
      },
      "properties": {
        "内容": "バス停: 両備前",
        "name": "両備前",
        "operator": "事業者不明",
        "ref": "",
        "url": "",
        "url2": ""
      }
    },
    {
      "type": "Feature",
      "geometry": {
        "type": "Point",
        "coordinates": [
          133.9249529,
          34.6625409
        ]
      },
      "properties": {
        "内容": "バス停: 農業会館前",
        "name": "農業会館前",
        "operator": "事業者不明",
        "ref": "",
        "url": "",
        "url2": ""
      }
    },
    {
      "type": "Feature",
      "geometry": {
        "type": "Point",
        "coordinates": [
          133.9252407,
          34.6604054
        ]
      },
      "properties": {
        "内容": "バス停: 田町2丁目",
        "name": "田町2丁目",
        "operator": "事業者不明",
        "ref": "",
        "url": "",
        "url2": ""
      }
    },
    {
      "type": "Feature",
      "geometry": {
        "type": "Point",
        "coordinates": [
          133.9193233,
          34.6613977
        ]
      },
      "properties": {
        "内容": "バス停: 源吉兆庵本社前・イオンモール岡山前",
        "name": "源吉兆庵本社前・イオンモール岡山前",
        "operator": "事業者不明",
        "ref": "",
        "url": "",
        "url2": ""
      }
    },
    {
      "type": "Feature",
      "geometry": {
        "type": "Point",
        "coordinates": [
          133.9208512,
          34.6601833
        ]
      },
      "properties": {
        "内容": "バス停: 柳町1丁目",
        "name": "柳町1丁目",
        "operator": "事業者不明",
        "ref": "",
        "url": "",
        "url2": ""
      }
    },
    {
      "type": "Feature",
      "geometry": {
        "type": "Point",
        "coordinates": [
          133.9524441,
          34.4937108
        ]
      },
      "properties": {
        "内容": "バス停: 宇野港（直島）",
        "name": "宇野港（直島）",
        "operator": "事業者不明",
        "ref": "",
        "url": "",
        "url2": ""
      }
    },
    {
      "type": "Feature",
      "geometry": {
        "type": "Point",
        "coordinates": [
          133.9519632,
          34.494097
        ]
      },
      "properties": {
        "内容": "バス停: 築港銀座",
        "name": "築港銀座",
        "operator": "事業者不明",
        "ref": "",
        "url": "",
        "url2": ""
      }
    },
    {
      "type": "Feature",
      "geometry": {
        "type": "Point",
        "coordinates": [
          133.9517696,
          34.494527
        ]
      },
      "properties": {
        "内容": "バス停: 築港銀座",
        "name": "築港銀座",
        "operator": "事業者不明",
        "ref": "",
        "url": "",
        "url2": ""
      }
    },
    {
      "type": "Feature",
      "geometry": {
        "type": "Point",
        "coordinates": [
          133.953905,
          34.4939602
        ]
      },
      "properties": {
        "内容": "バス停: 宇野駅",
        "name": "宇野駅",
        "operator": "事業者不明",
        "ref": "",
        "url": "",
        "url2": ""
      }
    },
    {
      "type": "Feature",
      "geometry": {
        "type": "Point",
        "coordinates": [
          133.953713,
          34.4938907
        ]
      },
      "properties": {
        "内容": "バス停: 宇野駅",
        "name": "宇野駅",
        "operator": "事業者不明",
        "ref": "",
        "url": "",
        "url2": ""
      }
    },
    {
      "type": "Feature",
      "geometry": {
        "type": "Point",
        "coordinates": [
          133.9535215,
          34.4938874
        ]
      },
      "properties": {
        "内容": "バス停: 宇野駅",
        "name": "宇野駅",
        "operator": "事業者不明",
        "ref": "",
        "url": "",
        "url2": ""
      }
    },
    {
      "type": "Feature",
      "geometry": {
        "type": "Point",
        "coordinates": [
          133.9539969,
          34.4941564
        ]
      },
      "properties": {
        "内容": "バス停: 宇野駅",
        "name": "宇野駅",
        "operator": "事業者不明",
        "ref": "",
        "url": "",
        "url2": ""
      }
    },
    {
      "type": "Feature",
      "geometry": {
        "type": "Point",
        "coordinates": [
          134.2764728,
          34.7348315
        ]
      },
      "properties": {
        "内容": "バス停: 日生駅前",
        "name": "日生駅前",
        "operator": "事業者不明",
        "ref": "",
        "url": "",
        "url2": ""
      }
    },
    {
      "type": "Feature",
      "geometry": {
        "type": "Point",
        "coordinates": [
          134.2743951,
          34.7346023
        ]
      },
      "properties": {
        "内容": "バス停: 日生中学校前",
        "name": "日生中学校前",
        "operator": "事業者不明",
        "ref": "",
        "url": "",
        "url2": ""
      }
    },
    {
      "type": "Feature",
      "geometry": {
        "type": "Point",
        "coordinates": [
          134.2725536,
          34.7329034
        ]
      },
      "properties": {
        "内容": "バス停: 日生総合支所前",
        "name": "日生総合支所前",
        "operator": "事業者不明",
        "ref": "",
        "url": "",
        "url2": ""
      }
    },
    {
      "type": "Feature",
      "geometry": {
        "type": "Point",
        "coordinates": [
          134.2764643,
          34.7347354
        ]
      },
      "properties": {
        "内容": "バス停: 日生駅前",
        "name": "日生駅前",
        "operator": "事業者不明",
        "ref": "",
        "url": "",
        "url2": ""
      }
    },
    {
      "type": "Feature",
      "geometry": {
        "type": "Point",
        "coordinates": [
          134.2744237,
          34.7348512
        ]
      },
      "properties": {
        "内容": "バス停: 日生中学校前",
        "name": "日生中学校前",
        "operator": "事業者不明",
        "ref": "",
        "url": "",
        "url2": ""
      }
    },
    {
      "type": "Feature",
      "geometry": {
        "type": "Point",
        "coordinates": [
          134.2723557,
          34.7323738
        ]
      },
      "properties": {
        "内容": "バス停: 日生総合支所前",
        "name": "日生総合支所前",
        "operator": "事業者不明",
        "ref": "",
        "url": "",
        "url2": ""
      }
    },
    {
      "type": "Feature",
      "geometry": {
        "type": "Point",
        "coordinates": [
          134.2691988,
          34.7314563
        ]
      },
      "properties": {
        "内容": "バス停: 日生",
        "name": "日生",
        "operator": "事業者不明",
        "ref": "",
        "url": "",
        "url2": ""
      }
    },
    {
      "type": "Feature",
      "geometry": {
        "type": "Point",
        "coordinates": [
          134.2696544,
          34.7316215
        ]
      },
      "properties": {
        "内容": "バス停: 日生",
        "name": "日生",
        "operator": "事業者不明",
        "ref": "",
        "url": "",
        "url2": ""
      }
    },
    {
      "type": "Feature",
      "geometry": {
        "type": "Point",
        "coordinates": [
          134.1841192,
          34.7425294
        ]
      },
      "properties": {
        "内容": "バス停: 片上 (備前市)",
        "name": "片上",
        "operator": "備前市",
        "ref": "",
        "url": "",
        "url2": ""
      }
    },
    {
      "type": "Feature",
      "geometry": {
        "type": "Point",
        "coordinates": [
          134.1841331,
          34.7425729
        ]
      },
      "properties": {
        "内容": "バス停: 片鉄片上 (宇野バス)",
        "name": "片鉄片上",
        "operator": "宇野バス",
        "ref": "",
        "url": "",
        "url2": ""
      }
    },
    {
      "type": "Feature",
      "geometry": {
        "type": "Point",
        "coordinates": [
          134.030229,
          34.656547
        ]
      },
      "properties": {
        "内容": "バス停: 西大寺バスセンター",
        "name": "西大寺バスセンター",
        "operator": "事業者不明",
        "ref": "",
        "url": "",
        "url2": ""
      }
    },
    {
      "type": "Feature",
      "geometry": {
        "type": "Point",
        "coordinates": [
          134.0303032,
          34.6565415
        ]
      },
      "properties": {
        "内容": "バス停: 西大寺バスセンター",
        "name": "西大寺バスセンター",
        "operator": "事業者不明",
        "ref": "",
        "url": "",
        "url2": ""
      }
    },
    {
      "type": "Feature",
      "geometry": {
        "type": "Point",
        "coordinates": [
          134.03053,
          34.656528
        ]
      },
      "properties": {
        "内容": "バス停: 西大寺バスセンター",
        "name": "西大寺バスセンター",
        "operator": "事業者不明",
        "ref": "",
        "url": "",
        "url2": ""
      }
    },
    {
      "type": "Feature",
      "geometry": {
        "type": "Point",
        "coordinates": [
          134.0303791,
          34.6565357
        ]
      },
      "properties": {
        "内容": "バス停: 西大寺バスセンター",
        "name": "西大寺バスセンター",
        "operator": "事業者不明",
        "ref": "",
        "url": "",
        "url2": ""
      }
    },
    {
      "type": "Feature",
      "geometry": {
        "type": "Point",
        "coordinates": [
          134.0304582,
          34.6565326
        ]
      },
      "properties": {
        "内容": "バス停: 西大寺バスセンター",
        "name": "西大寺バスセンター",
        "operator": "事業者不明",
        "ref": "",
        "url": "",
        "url2": ""
      }
    },
    {
      "type": "Feature",
      "geometry": {
        "type": "Point",
        "coordinates": [
          134.0306062,
          34.6565218
        ]
      },
      "properties": {
        "内容": "バス停: 西大寺バスセンター",
        "name": "西大寺バスセンター",
        "operator": "事業者不明",
        "ref": "",
        "url": "",
        "url2": ""
      }
    },
    {
      "type": "Feature",
      "geometry": {
        "type": "Point",
        "coordinates": [
          133.678166,
          34.5657046
        ]
      },
      "properties": {
        "内容": "バス停: 新倉敷駅北口 (倉敷市船穂地区コミュニティタクシー)",
        "name": "新倉敷駅北口",
        "operator": "倉敷市船穂地区コミュニティタクシー",
        "ref": "",
        "url": "",
        "url2": ""
      }
    },
    {
      "type": "Feature",
      "geometry": {
        "type": "Point",
        "coordinates": [
          133.6796312,
          34.5648684
        ]
      },
      "properties": {
        "内容": "バス停: 新倉敷駅",
        "name": "新倉敷駅",
        "operator": "事業者不明",
        "ref": "",
        "url": "",
        "url2": ""
      }
    },
    {
      "type": "Feature",
      "geometry": {
        "type": "Point",
        "coordinates": [
          133.6783417,
          34.5658238
        ]
      },
      "properties": {
        "内容": "バス停: 新倉敷駅北口 (両備バス)",
        "name": "新倉敷駅北口",
        "operator": "両備バス",
        "ref": "",
        "url": "",
        "url2": ""
      }
    },
    {
      "type": "Feature",
      "geometry": {
        "type": "Point",
        "coordinates": [
          133.6795882,
          34.5652558
        ]
      },
      "properties": {
        "内容": "バス停: 新倉敷駅",
        "name": "新倉敷駅",
        "operator": "事業者不明",
        "ref": "",
        "url": "",
        "url2": ""
      }
    },
    {
      "type": "Feature",
      "geometry": {
        "type": "Point",
        "coordinates": [
          133.6795416,
          34.5650118
        ]
      },
      "properties": {
        "内容": "バス停: 新倉敷駅",
        "name": "新倉敷駅",
        "operator": "事業者不明",
        "ref": "",
        "url": "",
        "url2": ""
      }
    },
    {
      "type": "Feature",
      "geometry": {
        "type": "Point",
        "coordinates": [
          133.9048288,
          34.643976
        ]
      },
      "properties": {
        "内容": "バス停: 大元1丁目",
        "name": "大元1丁目",
        "operator": "事業者不明",
        "ref": "",
        "url": "",
        "url2": ""
      }
    },
    {
      "type": "Feature",
      "geometry": {
        "type": "Point",
        "coordinates": [
          133.9048003,
          34.6422849
        ]
      },
      "properties": {
        "内容": "バス停: 野崎",
        "name": "野崎",
        "operator": "事業者不明",
        "ref": "",
        "url": "",
        "url2": ""
      }
    },
    {
      "type": "Feature",
      "geometry": {
        "type": "Point",
        "coordinates": [
          133.9042165,
          34.6385314
        ]
      },
      "properties": {
        "内容": "バス停: 下中野北",
        "name": "下中野北",
        "operator": "事業者不明",
        "ref": "",
        "url": "",
        "url2": ""
      }
    },
    {
      "type": "Feature",
      "geometry": {
        "type": "Point",
        "coordinates": [
          133.908681,
          34.6378295
        ]
      },
      "properties": {
        "内容": "バス停: 名称不明バス停",
        "name": "名称不明バス停",
        "operator": "事業者不明",
        "ref": "",
        "url": "",
        "url2": ""
      }
    },
    {
      "type": "Feature",
      "geometry": {
        "type": "Point",
        "coordinates": [
          133.922219,
          34.636504
        ]
      },
      "properties": {
        "内容": "バス停: 日赤病院入口",
        "name": "日赤病院入口",
        "operator": "事業者不明",
        "ref": "",
        "url": "",
        "url2": ""
      }
    },
    {
      "type": "Feature",
      "geometry": {
        "type": "Point",
        "coordinates": [
          133.9112044,
          34.6476948
        ]
      },
      "properties": {
        "内容": "バス停: 大元駅前",
        "name": "大元駅前",
        "operator": "事業者不明",
        "ref": "",
        "url": "",
        "url2": ""
      }
    },
    {
      "type": "Feature",
      "geometry": {
        "type": "Point",
        "coordinates": [
          133.9114163,
          34.6471802
        ]
      },
      "properties": {
        "内容": "バス停: 大元駅前",
        "name": "大元駅前",
        "operator": "事業者不明",
        "ref": "",
        "url": "",
        "url2": ""
      }
    },
    {
      "type": "Feature",
      "geometry": {
        "type": "Point",
        "coordinates": [
          133.9173598,
          34.6377053
        ]
      },
      "properties": {
        "内容": "バス停: 名称不明バス停",
        "name": "名称不明バス停",
        "operator": "事業者不明",
        "ref": "",
        "url": "",
        "url2": ""
      }
    },
    {
      "type": "Feature",
      "geometry": {
        "type": "Point",
        "coordinates": [
          133.9184363,
          34.6375075
        ]
      },
      "properties": {
        "内容": "バス停: 名称不明バス停",
        "name": "名称不明バス停",
        "operator": "事業者不明",
        "ref": "",
        "url": "",
        "url2": ""
      }
    },
    {
      "type": "Feature",
      "geometry": {
        "type": "Point",
        "coordinates": [
          133.9251556,
          34.6418488
        ]
      },
      "properties": {
        "内容": "バス停: 岡南小学校前",
        "name": "岡南小学校前",
        "operator": "事業者不明",
        "ref": "",
        "url": "",
        "url2": ""
      }
    },
    {
      "type": "Feature",
      "geometry": {
        "type": "Point",
        "coordinates": [
          133.9047293,
          34.643193
        ]
      },
      "properties": {
        "内容": "バス停: 野崎",
        "name": "野崎",
        "operator": "事業者不明",
        "ref": "",
        "url": "",
        "url2": ""
      }
    },
    {
      "type": "Feature",
      "geometry": {
        "type": "Point",
        "coordinates": [
          133.9043998,
          34.6382618
        ]
      },
      "properties": {
        "内容": "バス停: 下中野北",
        "name": "下中野北",
        "operator": "事業者不明",
        "ref": "",
        "url": "",
        "url2": ""
      }
    },
    {
      "type": "Feature",
      "geometry": {
        "type": "Point",
        "coordinates": [
          133.9250575,
          34.6442564
        ]
      },
      "properties": {
        "内容": "バス停: 岡南営業所",
        "name": "岡南営業所",
        "operator": "事業者不明",
        "ref": "",
        "url": "",
        "url2": ""
      }
    },
    {
      "type": "Feature",
      "geometry": {
        "type": "Point",
        "coordinates": [
          133.9224094,
          34.6363003
        ]
      },
      "properties": {
        "内容": "バス停: 日赤病院入口",
        "name": "日赤病院入口",
        "operator": "事業者不明",
        "ref": "",
        "url": "",
        "url2": ""
      }
    },
    {
      "type": "Feature",
      "geometry": {
        "type": "Point",
        "coordinates": [
          133.9248655,
          34.6444211
        ]
      },
      "properties": {
        "内容": "バス停: 岡南営業所",
        "name": "岡南営業所",
        "operator": "事業者不明",
        "ref": "",
        "url": "",
        "url2": ""
      }
    },
    {
      "type": "Feature",
      "geometry": {
        "type": "Point",
        "coordinates": [
          133.9047004,
          34.6442021
        ]
      },
      "properties": {
        "内容": "バス停: 大元1丁目 (岡山電気軌道;下津井電鉄)",
        "name": "大元1丁目",
        "operator": "岡山電気軌道;下津井電鉄",
        "ref": "",
        "url": "",
        "url2": ""
      }
    },
    {
      "type": "Feature",
      "geometry": {
        "type": "Point",
        "coordinates": [
          133.9226892,
          34.6351321
        ]
      },
      "properties": {
        "内容": "バス停: 日赤病院",
        "name": "日赤病院",
        "operator": "事業者不明",
        "ref": "",
        "url": "",
        "url2": ""
      }
    },
    {
      "type": "Feature",
      "geometry": {
        "type": "Point",
        "coordinates": [
          133.9249154,
          34.6408702
        ]
      },
      "properties": {
        "内容": "バス停: 岡南小学校前",
        "name": "岡南小学校前",
        "operator": "事業者不明",
        "ref": "",
        "url": "",
        "url2": ""
      }
    },
    {
      "type": "Feature",
      "geometry": {
        "type": "Point",
        "coordinates": [
          134.2217663,
          35.0182971
        ]
      },
      "properties": {
        "内容": "バス停: 中国ハイウェイバス 作東停留所 上り",
        "name": "中国ハイウェイバス 作東停留所 上り",
        "operator": "事業者不明",
        "ref": "",
        "url": "",
        "url2": ""
      }
    },
    {
      "type": "Feature",
      "geometry": {
        "type": "Point",
        "coordinates": [
          134.2220613,
          35.0180933
        ]
      },
      "properties": {
        "内容": "バス停: 中国ハイウェイバス 作東停留所 下り",
        "name": "中国ハイウェイバス 作東停留所 下り",
        "operator": "事業者不明",
        "ref": "",
        "url": "",
        "url2": ""
      }
    },
    {
      "type": "Feature",
      "geometry": {
        "type": "Point",
        "coordinates": [
          133.7662191,
          34.6010861
        ]
      },
      "properties": {
        "内容": "バス停: 倉敷駅 (下津井電鉄)",
        "name": "倉敷駅",
        "operator": "下津井電鉄",
        "ref": "7",
        "url": "",
        "url2": ""
      }
    },
    {
      "type": "Feature",
      "geometry": {
        "type": "Point",
        "coordinates": [
          133.7660393,
          34.6012699
        ]
      },
      "properties": {
        "内容": "バス停: 倉敷駅",
        "name": "倉敷駅",
        "operator": "事業者不明",
        "ref": "5",
        "url": "",
        "url2": ""
      }
    },
    {
      "type": "Feature",
      "geometry": {
        "type": "Point",
        "coordinates": [
          133.7661741,
          34.601367
        ]
      },
      "properties": {
        "内容": "バス停: 倉敷駅",
        "name": "倉敷駅",
        "operator": "事業者不明",
        "ref": "8",
        "url": "",
        "url2": ""
      }
    },
    {
      "type": "Feature",
      "geometry": {
        "type": "Point",
        "coordinates": [
          134.0370024,
          34.6614609
        ]
      },
      "properties": {
        "内容": "バス停: 西大寺駅",
        "name": "西大寺駅",
        "operator": "事業者不明",
        "ref": "",
        "url": "",
        "url2": ""
      }
    },
    {
      "type": "Feature",
      "geometry": {
        "type": "Point",
        "coordinates": [
          134.1012636,
          34.5881037
        ]
      },
      "properties": {
        "内容": "バス停: 西宝伝",
        "name": "西宝伝",
        "operator": "事業者不明",
        "ref": "",
        "url": "",
        "url2": ""
      }
    },
    {
      "type": "Feature",
      "geometry": {
        "type": "Point",
        "coordinates": [
          134.1012589,
          34.5881706
        ]
      },
      "properties": {
        "内容": "バス停: 西宝伝",
        "name": "西宝伝",
        "operator": "事業者不明",
        "ref": "",
        "url": "",
        "url2": ""
      }
    },
    {
      "type": "Feature",
      "geometry": {
        "type": "Point",
        "coordinates": [
          133.6197145,
          34.8006681
        ]
      },
      "properties": {
        "内容": "バス停: 松山城登山口",
        "name": "松山城登山口",
        "operator": "事業者不明",
        "ref": "",
        "url": "",
        "url2": ""
      }
    },
    {
      "type": "Feature",
      "geometry": {
        "type": "Point",
        "coordinates": [
          133.619672,
          34.8009514
        ]
      },
      "properties": {
        "内容": "バス停: 松山城登山口",
        "name": "松山城登山口",
        "operator": "事業者不明",
        "ref": "",
        "url": "",
        "url2": ""
      }
    },
    {
      "type": "Feature",
      "geometry": {
        "type": "Point",
        "coordinates": [
          134.1182717,
          34.8500428
        ]
      },
      "properties": {
        "内容": "バス停: 河本",
        "name": "河本",
        "operator": "事業者不明",
        "ref": "",
        "url": "",
        "url2": ""
      }
    },
    {
      "type": "Feature",
      "geometry": {
        "type": "Point",
        "coordinates": [
          134.123633,
          34.8426317
        ]
      },
      "properties": {
        "内容": "バス停: 天瀬上",
        "name": "天瀬上",
        "operator": "事業者不明",
        "ref": "",
        "url": "",
        "url2": ""
      }
    },
    {
      "type": "Feature",
      "geometry": {
        "type": "Point",
        "coordinates": [
          134.1255596,
          34.8393911
        ]
      },
      "properties": {
        "内容": "バス停: 天瀬",
        "name": "天瀬",
        "operator": "事業者不明",
        "ref": "",
        "url": "",
        "url2": ""
      }
    },
    {
      "type": "Feature",
      "geometry": {
        "type": "Point",
        "coordinates": [
          134.1277164,
          34.8369508
        ]
      },
      "properties": {
        "内容": "バス停: 天瀬下",
        "name": "天瀬下",
        "operator": "事業者不明",
        "ref": "",
        "url": "",
        "url2": ""
      }
    },
    {
      "type": "Feature",
      "geometry": {
        "type": "Point",
        "coordinates": [
          134.1318906,
          34.8306835
        ]
      },
      "properties": {
        "内容": "バス停: 田原堰前",
        "name": "田原堰前",
        "operator": "事業者不明",
        "ref": "",
        "url": "",
        "url2": ""
      }
    },
    {
      "type": "Feature",
      "geometry": {
        "type": "Point",
        "coordinates": [
          134.1387177,
          34.8162503
        ]
      },
      "properties": {
        "内容": "バス停: 益原",
        "name": "益原",
        "operator": "事業者不明",
        "ref": "",
        "url": "",
        "url2": "Q11581153"
      }
    },
    {
      "type": "Feature",
      "geometry": {
        "type": "Point",
        "coordinates": [
          134.1423286,
          34.8061068
        ]
      },
      "properties": {
        "内容": "バス停: 本和気上",
        "name": "本和気上",
        "operator": "事業者不明",
        "ref": "",
        "url": "",
        "url2": ""
      }
    },
    {
      "type": "Feature",
      "geometry": {
        "type": "Point",
        "coordinates": [
          134.14318,
          34.8011416
        ]
      },
      "properties": {
        "内容": "バス停: 北川病院前",
        "name": "北川病院前",
        "operator": "事業者不明",
        "ref": "",
        "url": "",
        "url2": ""
      }
    },
    {
      "type": "Feature",
      "geometry": {
        "type": "Point",
        "coordinates": [
          134.1464067,
          34.7967079
        ]
      },
      "properties": {
        "内容": "バス停: 小林病院前",
        "name": "小林病院前",
        "operator": "事業者不明",
        "ref": "",
        "url": "",
        "url2": ""
      }
    },
    {
      "type": "Feature",
      "geometry": {
        "type": "Point",
        "coordinates": [
          134.148523,
          34.7973863
        ]
      },
      "properties": {
        "内容": "バス停: 東備振興局",
        "name": "東備振興局",
        "operator": "事業者不明",
        "ref": "",
        "url": "",
        "url2": ""
      }
    },
    {
      "type": "Feature",
      "geometry": {
        "type": "Point",
        "coordinates": [
          134.1508994,
          34.7992782
        ]
      },
      "properties": {
        "内容": "バス停: 金剛橋西詰",
        "name": "金剛橋西詰",
        "operator": "事業者不明",
        "ref": "",
        "url": "",
        "url2": ""
      }
    },
    {
      "type": "Feature",
      "geometry": {
        "type": "Point",
        "coordinates": [
          134.1522217,
          34.7989655
        ]
      },
      "properties": {
        "内容": "バス停: 富士見橋",
        "name": "富士見橋",
        "operator": "事業者不明",
        "ref": "",
        "url": "",
        "url2": ""
      }
    },
    {
      "type": "Feature",
      "geometry": {
        "type": "Point",
        "coordinates": [
          134.152667,
          34.7974479
        ]
      },
      "properties": {
        "内容": "バス停: 和気駅前",
        "name": "和気駅前",
        "operator": "事業者不明",
        "ref": "",
        "url": "",
        "url2": ""
      }
    },
    {
      "type": "Feature",
      "geometry": {
        "type": "Point",
        "coordinates": [
          134.1133281,
          34.8490959
        ]
      },
      "properties": {
        "内容": "バス停: 山田小学校前",
        "name": "山田小学校前",
        "operator": "事業者不明",
        "ref": "",
        "url": "",
        "url2": ""
      }
    },
    {
      "type": "Feature",
      "geometry": {
        "type": "Point",
        "coordinates": [
          134.1034673,
          34.8457866
        ]
      },
      "properties": {
        "内容": "バス停: 竜ヶ鼻",
        "name": "竜ヶ鼻",
        "operator": "事業者不明",
        "ref": "",
        "url": "",
        "url2": ""
      }
    },
    {
      "type": "Feature",
      "geometry": {
        "type": "Point",
        "coordinates": [
          134.1015029,
          34.8495649
        ]
      },
      "properties": {
        "内容": "バス停: 矢田",
        "name": "矢田",
        "operator": "事業者不明",
        "ref": "",
        "url": "",
        "url2": ""
      }
    },
    {
      "type": "Feature",
      "geometry": {
        "type": "Point",
        "coordinates": [
          134.1041368,
          34.8532669
        ]
      },
      "properties": {
        "内容": "バス停: 矢田中",
        "name": "矢田中",
        "operator": "事業者不明",
        "ref": "",
        "url": "",
        "url2": ""
      }
    },
    {
      "type": "Feature",
      "geometry": {
        "type": "Point",
        "coordinates": [
          134.1074435,
          34.8576031
        ]
      },
      "properties": {
        "内容": "バス停: 井ノ口",
        "name": "井ノ口",
        "operator": "事業者不明",
        "ref": "",
        "url": "",
        "url2": ""
      }
    },
    {
      "type": "Feature",
      "geometry": {
        "type": "Point",
        "coordinates": [
          134.1101761,
          34.8680865
        ]
      },
      "properties": {
        "内容": "バス停: 南山方口",
        "name": "南山方口",
        "operator": "事業者不明",
        "ref": "",
        "url": "",
        "url2": ""
      }
    },
    {
      "type": "Feature",
      "geometry": {
        "type": "Point",
        "coordinates": [
          134.1051557,
          34.8798149
        ]
      },
      "properties": {
        "内容": "バス停: 苦木",
        "name": "苦木",
        "operator": "事業者不明",
        "ref": "",
        "url": "",
        "url2": ""
      }
    },
    {
      "type": "Feature",
      "geometry": {
        "type": "Point",
        "coordinates": [
          134.0986254,
          34.8913092
        ]
      },
      "properties": {
        "内容": "バス停: 杖谷",
        "name": "杖谷",
        "operator": "事業者不明",
        "ref": "",
        "url": "",
        "url2": ""
      }
    },
    {
      "type": "Feature",
      "geometry": {
        "type": "Point",
        "coordinates": [
          134.0979966,
          34.898112
        ]
      },
      "properties": {
        "内容": "バス停: 塩田下",
        "name": "塩田下",
        "operator": "事業者不明",
        "ref": "",
        "url": "",
        "url2": ""
      }
    },
    {
      "type": "Feature",
      "geometry": {
        "type": "Point",
        "coordinates": [
          134.0920441,
          34.8987885
        ]
      },
      "properties": {
        "内容": "バス停: 塩田",
        "name": "塩田",
        "operator": "事業者不明",
        "ref": "",
        "url": "",
        "url2": ""
      }
    },
    {
      "type": "Feature",
      "geometry": {
        "type": "Point",
        "coordinates": [
          134.0871826,
          34.8945037
        ]
      },
      "properties": {
        "内容": "バス停: 稲蒔口",
        "name": "稲蒔口",
        "operator": "事業者不明",
        "ref": "",
        "url": "",
        "url2": ""
      }
    },
    {
      "type": "Feature",
      "geometry": {
        "type": "Point",
        "coordinates": [
          134.0832708,
          34.8962027
        ]
      },
      "properties": {
        "内容": "バス停: どて橋",
        "name": "どて橋",
        "operator": "事業者不明",
        "ref": "",
        "url": "",
        "url2": ""
      }
    },
    {
      "type": "Feature",
      "geometry": {
        "type": "Point",
        "coordinates": [
          134.0837996,
          34.9033663
        ]
      },
      "properties": {
        "内容": "バス停: 福田住宅前",
        "name": "福田住宅前",
        "operator": "事業者不明",
        "ref": "",
        "url": "",
        "url2": ""
      }
    },
    {
      "type": "Feature",
      "geometry": {
        "type": "Point",
        "coordinates": [
          134.0872758,
          34.9088874
        ]
      },
      "properties": {
        "内容": "バス停: 福田 (宇野自動車)",
        "name": "福田",
        "operator": "宇野自動車",
        "ref": "",
        "url": "",
        "url2": ""
      }
    },
    {
      "type": "Feature",
      "geometry": {
        "type": "Point",
        "coordinates": [
          134.0899741,
          34.9124155
        ]
      },
      "properties": {
        "内容": "バス停: 山方口",
        "name": "山方口",
        "operator": "事業者不明",
        "ref": "",
        "url": "",
        "url2": ""
      }
    },
    {
      "type": "Feature",
      "geometry": {
        "type": "Point",
        "coordinates": [
          134.0931713,
          34.9176897
        ]
      },
      "properties": {
        "内容": "バス停: 吉井中学校前",
        "name": "吉井中学校前",
        "operator": "事業者不明",
        "ref": "",
        "url": "",
        "url2": ""
      }
    },
    {
      "type": "Feature",
      "geometry": {
        "type": "Point",
        "coordinates": [
          134.0936862,
          34.9187366
        ]
      },
      "properties": {
        "内容": "バス停: 周匝",
        "name": "周匝",
        "operator": "事業者不明",
        "ref": "",
        "url": "",
        "url2": ""
      }
    },
    {
      "type": "Feature",
      "geometry": {
        "type": "Point",
        "coordinates": [
          134.1446296,
          34.8112362
        ]
      },
      "properties": {
        "内容": "バス停: 鵜飼谷温泉前",
        "name": "鵜飼谷温泉前",
        "operator": "事業者不明",
        "ref": "",
        "url": "",
        "url2": ""
      }
    },
    {
      "type": "Feature",
      "geometry": {
        "type": "Point",
        "coordinates": [
          133.9107664,
          34.6811027
        ]
      },
      "properties": {
        "内容": "バス停: 津島新道 (岡山電気軌道;中鉄バス)",
        "name": "津島新道",
        "operator": "岡山電気軌道;中鉄バス",
        "ref": "",
        "url": "",
        "url2": ""
      }
    },
    {
      "type": "Feature",
      "geometry": {
        "type": "Point",
        "coordinates": [
          133.9082764,
          34.6816285
        ]
      },
      "properties": {
        "内容": "バス停: 西坂入口 (岡山電気軌道;中鉄バス)",
        "name": "西坂入口",
        "operator": "岡山電気軌道;中鉄バス",
        "ref": "",
        "url": "",
        "url2": ""
      }
    },
    {
      "type": "Feature",
      "geometry": {
        "type": "Point",
        "coordinates": [
          133.9083665,
          34.6817515
        ]
      },
      "properties": {
        "内容": "バス停: 西坂入口 (岡山電気軌道;中鉄バス)",
        "name": "西坂入口",
        "operator": "岡山電気軌道;中鉄バス",
        "ref": "",
        "url": "",
        "url2": ""
      }
    },
    {
      "type": "Feature",
      "geometry": {
        "type": "Point",
        "coordinates": [
          133.9057875,
          34.6829127
        ]
      },
      "properties": {
        "内容": "バス停: 明誠学院前 (岡山電気軌道;中鉄バス)",
        "name": "明誠学院前",
        "operator": "岡山電気軌道;中鉄バス",
        "ref": "",
        "url": "",
        "url2": ""
      }
    },
    {
      "type": "Feature",
      "geometry": {
        "type": "Point",
        "coordinates": [
          133.9051499,
          34.6830241
        ]
      },
      "properties": {
        "内容": "バス停: 明誠学院前 (岡山電気軌道;中鉄バス)",
        "name": "明誠学院前",
        "operator": "岡山電気軌道;中鉄バス",
        "ref": "",
        "url": "",
        "url2": ""
      }
    },
    {
      "type": "Feature",
      "geometry": {
        "type": "Point",
        "coordinates": [
          133.9020023,
          34.6844544
        ]
      },
      "properties": {
        "内容": "バス停: 岡山商大前 (岡山電気軌道;中鉄バス)",
        "name": "岡山商大前",
        "operator": "岡山電気軌道;中鉄バス",
        "ref": "",
        "url": "",
        "url2": ""
      }
    },
    {
      "type": "Feature",
      "geometry": {
        "type": "Point",
        "coordinates": [
          133.8999868,
          34.6894928
        ]
      },
      "properties": {
        "内容": "バス停: 笹ケ瀬 (岡山電気軌道;中鉄バス)",
        "name": "笹ケ瀬",
        "operator": "岡山電気軌道;中鉄バス",
        "ref": "",
        "url": "",
        "url2": ""
      }
    },
    {
      "type": "Feature",
      "geometry": {
        "type": "Point",
        "coordinates": [
          133.9002561,
          34.690636
        ]
      },
      "properties": {
        "内容": "バス停: 笹ケ瀬 (岡山電気軌道;中鉄バス)",
        "name": "笹ケ瀬",
        "operator": "岡山電気軌道;中鉄バス",
        "ref": "",
        "url": "",
        "url2": ""
      }
    },
    {
      "type": "Feature",
      "geometry": {
        "type": "Point",
        "coordinates": [
          133.9491736,
          35.0624137
        ]
      },
      "properties": {
        "内容": "バス停: 名称不明バス停",
        "name": "名称不明バス停",
        "operator": "事業者不明",
        "ref": "",
        "url": "",
        "url2": ""
      }
    },
    {
      "type": "Feature",
      "geometry": {
        "type": "Point",
        "coordinates": [
          133.9493318,
          35.0622469
        ]
      },
      "properties": {
        "内容": "バス停: 名称不明バス停",
        "name": "名称不明バス停",
        "operator": "事業者不明",
        "ref": "",
        "url": "",
        "url2": ""
      }
    },
    {
      "type": "Feature",
      "geometry": {
        "type": "Point",
        "coordinates": [
          133.8931355,
          34.8878434
        ]
      },
      "properties": {
        "内容": "バス停: 川口",
        "name": "川口",
        "operator": "事業者不明",
        "ref": "",
        "url": "",
        "url2": ""
      }
    },
    {
      "type": "Feature",
      "geometry": {
        "type": "Point",
        "coordinates": [
          133.8929763,
          34.8879146
        ]
      },
      "properties": {
        "内容": "バス停: 川口",
        "name": "川口",
        "operator": "事業者不明",
        "ref": "",
        "url": "",
        "url2": ""
      }
    },
    {
      "type": "Feature",
      "geometry": {
        "type": "Point",
        "coordinates": [
          133.9035849,
          34.8704081
        ]
      },
      "properties": {
        "内容": "バス停: JR福渡駅",
        "name": "JR福渡駅",
        "operator": "事業者不明",
        "ref": "",
        "url": "",
        "url2": ""
      }
    },
    {
      "type": "Feature",
      "geometry": {
        "type": "Point",
        "coordinates": [
          133.9053674,
          34.8623086
        ]
      },
      "properties": {
        "内容": "バス停: 八幡温泉郷",
        "name": "八幡温泉郷",
        "operator": "事業者不明",
        "ref": "",
        "url": "",
        "url2": ""
      }
    },
    {
      "type": "Feature",
      "geometry": {
        "type": "Point",
        "coordinates": [
          133.9068208,
          34.8559206
        ]
      },
      "properties": {
        "内容": "バス停: 文化センター",
        "name": "文化センター",
        "operator": "事業者不明",
        "ref": "",
        "url": "",
        "url2": ""
      }
    },
    {
      "type": "Feature",
      "geometry": {
        "type": "Point",
        "coordinates": [
          133.9063467,
          34.8645303
        ]
      },
      "properties": {
        "内容": "バス停: 福渡病院",
        "name": "福渡病院",
        "operator": "事業者不明",
        "ref": "",
        "url": "",
        "url2": ""
      }
    },
    {
      "type": "Feature",
      "geometry": {
        "type": "Point",
        "coordinates": [
          133.9032118,
          34.8705378
        ]
      },
      "properties": {
        "内容": "バス停: JR福渡駅",
        "name": "JR福渡駅",
        "operator": "事業者不明",
        "ref": "",
        "url": "",
        "url2": ""
      }
    },
    {
      "type": "Feature",
      "geometry": {
        "type": "Point",
        "coordinates": [
          133.901827,
          34.8829171
        ]
      },
      "properties": {
        "内容": "バス停: 高浜三叉路",
        "name": "高浜三叉路",
        "operator": "事業者不明",
        "ref": "",
        "url": "",
        "url2": ""
      }
    },
    {
      "type": "Feature",
      "geometry": {
        "type": "Point",
        "coordinates": [
          133.8950061,
          34.8861624
        ]
      },
      "properties": {
        "内容": "バス停: 寺下作業所",
        "name": "寺下作業所",
        "operator": "事業者不明",
        "ref": "",
        "url": "",
        "url2": ""
      }
    },
    {
      "type": "Feature",
      "geometry": {
        "type": "Point",
        "coordinates": [
          133.8938414,
          34.8902995
        ]
      },
      "properties": {
        "内容": "バス停: 佐古田池",
        "name": "佐古田池",
        "operator": "事業者不明",
        "ref": "",
        "url": "",
        "url2": ""
      }
    },
    {
      "type": "Feature",
      "geometry": {
        "type": "Point",
        "coordinates": [
          133.9024682,
          34.8879724
        ]
      },
      "properties": {
        "内容": "バス停: 福渡小学校前",
        "name": "福渡小学校前",
        "operator": "事業者不明",
        "ref": "",
        "url": "",
        "url2": ""
      }
    },
    {
      "type": "Feature",
      "geometry": {
        "type": "Point",
        "coordinates": [
          133.8932198,
          34.8929659
        ]
      },
      "properties": {
        "内容": "バス停: 品田橋",
        "name": "品田橋",
        "operator": "事業者不明",
        "ref": "",
        "url": "",
        "url2": ""
      }
    },
    {
      "type": "Feature",
      "geometry": {
        "type": "Point",
        "coordinates": [
          133.892738,
          34.8925403
        ]
      },
      "properties": {
        "内容": "バス停: 品田橋",
        "name": "品田橋",
        "operator": "事業者不明",
        "ref": "",
        "url": "",
        "url2": ""
      }
    },
    {
      "type": "Feature",
      "geometry": {
        "type": "Point",
        "coordinates": [
          133.681807,
          34.9118648
        ]
      },
      "properties": {
        "内容": "バス停: 名称不明バス停",
        "name": "名称不明バス停",
        "operator": "事業者不明",
        "ref": "",
        "url": "",
        "url2": ""
      }
    },
    {
      "type": "Feature",
      "geometry": {
        "type": "Point",
        "coordinates": [
          133.6813618,
          34.9120044
        ]
      },
      "properties": {
        "内容": "バス停: 名称不明バス停",
        "name": "名称不明バス停",
        "operator": "事業者不明",
        "ref": "",
        "url": "",
        "url2": ""
      }
    },
    {
      "type": "Feature",
      "geometry": {
        "type": "Point",
        "coordinates": [
          134.0527929,
          34.6275025
        ]
      },
      "properties": {
        "内容": "バス停: 神崎 (東備バス)",
        "name": "神崎",
        "operator": "東備バス",
        "ref": "",
        "url": "",
        "url2": ""
      }
    },
    {
      "type": "Feature",
      "geometry": {
        "type": "Point",
        "coordinates": [
          134.0521924,
          34.6280553
        ]
      },
      "properties": {
        "内容": "バス停: 神崎 (東備バス)",
        "name": "神崎",
        "operator": "東備バス",
        "ref": "",
        "url": "",
        "url2": ""
      }
    },
    {
      "type": "Feature",
      "geometry": {
        "type": "Point",
        "coordinates": [
          134.0494907,
          34.631399
        ]
      },
      "properties": {
        "内容": "バス停: 神崎口 (東備バス)",
        "name": "神崎口",
        "operator": "東備バス",
        "ref": "",
        "url": "",
        "url2": ""
      }
    },
    {
      "type": "Feature",
      "geometry": {
        "type": "Point",
        "coordinates": [
          134.0491105,
          34.6316881
        ]
      },
      "properties": {
        "内容": "バス停: 神崎口 (東備バス)",
        "name": "神崎口",
        "operator": "東備バス",
        "ref": "",
        "url": "",
        "url2": ""
      }
    },
    {
      "type": "Feature",
      "geometry": {
        "type": "Point",
        "coordinates": [
          134.0463679,
          34.6356252
        ]
      },
      "properties": {
        "内容": "バス停: 四ツ谷 (東備バス)",
        "name": "四ツ谷",
        "operator": "東備バス",
        "ref": "",
        "url": "",
        "url2": ""
      }
    },
    {
      "type": "Feature",
      "geometry": {
        "type": "Point",
        "coordinates": [
          134.0460819,
          34.6358772
        ]
      },
      "properties": {
        "内容": "バス停: 四ツ谷 (東備バス)",
        "name": "四ツ谷",
        "operator": "東備バス",
        "ref": "",
        "url": "",
        "url2": ""
      }
    },
    {
      "type": "Feature",
      "geometry": {
        "type": "Point",
        "coordinates": [
          134.0453943,
          34.640636
        ]
      },
      "properties": {
        "内容": "バス停: 四ツ谷北 (東備バス)",
        "name": "四ツ谷北",
        "operator": "東備バス",
        "ref": "",
        "url": "",
        "url2": ""
      }
    },
    {
      "type": "Feature",
      "geometry": {
        "type": "Point",
        "coordinates": [
          134.045247,
          34.6410211
        ]
      },
      "properties": {
        "内容": "バス停: 四ツ谷北 (東備バス)",
        "name": "四ツ谷北",
        "operator": "東備バス",
        "ref": "",
        "url": "",
        "url2": ""
      }
    },
    {
      "type": "Feature",
      "geometry": {
        "type": "Point",
        "coordinates": [
          134.0446856,
          34.6433396
        ]
      },
      "properties": {
        "内容": "バス停: 三和紙工前 (東備バス)",
        "name": "三和紙工前",
        "operator": "東備バス",
        "ref": "",
        "url": "",
        "url2": ""
      }
    },
    {
      "type": "Feature",
      "geometry": {
        "type": "Point",
        "coordinates": [
          134.057005,
          34.6268229
        ]
      },
      "properties": {
        "内容": "バス停: 神崎東 (東備バス)",
        "name": "神崎東",
        "operator": "東備バス",
        "ref": "",
        "url": "",
        "url2": ""
      }
    },
    {
      "type": "Feature",
      "geometry": {
        "type": "Point",
        "coordinates": [
          134.0574349,
          34.6271645
        ]
      },
      "properties": {
        "内容": "バス停: 神崎東 (東備バス)",
        "name": "神崎東",
        "operator": "東備バス",
        "ref": "",
        "url": "",
        "url2": ""
      }
    },
    {
      "type": "Feature",
      "geometry": {
        "type": "Point",
        "coordinates": [
          134.0603558,
          34.6284589
        ]
      },
      "properties": {
        "内容": "バス停: ほんぶしん前 (東備バス)",
        "name": "ほんぶしん前",
        "operator": "東備バス",
        "ref": "",
        "url": "",
        "url2": ""
      }
    },
    {
      "type": "Feature",
      "geometry": {
        "type": "Point",
        "coordinates": [
          134.060563,
          34.6286382
        ]
      },
      "properties": {
        "内容": "バス停: ほんぶしん前 (東備バス)",
        "name": "ほんぶしん前",
        "operator": "東備バス",
        "ref": "",
        "url": "",
        "url2": ""
      }
    },
    {
      "type": "Feature",
      "geometry": {
        "type": "Point",
        "coordinates": [
          133.9197541,
          34.6874372
        ]
      },
      "properties": {
        "内容": "バス停: 岡大西門",
        "name": "岡大西門",
        "operator": "事業者不明",
        "ref": "",
        "url": "",
        "url2": ""
      }
    },
    {
      "type": "Feature",
      "geometry": {
        "type": "Point",
        "coordinates": [
          133.9196239,
          34.6871595
        ]
      },
      "properties": {
        "内容": "バス停: 岡大西門",
        "name": "岡大西門",
        "operator": "事業者不明",
        "ref": "",
        "url": "",
        "url2": ""
      }
    },
    {
      "type": "Feature",
      "geometry": {
        "type": "Point",
        "coordinates": [
          133.9197003,
          34.6847665
        ]
      },
      "properties": {
        "内容": "バス停: 岡大入口",
        "name": "岡大入口",
        "operator": "事業者不明",
        "ref": "",
        "url": "",
        "url2": ""
      }
    },
    {
      "type": "Feature",
      "geometry": {
        "type": "Point",
        "coordinates": [
          133.923322,
          34.6877551
        ]
      },
      "properties": {
        "内容": "バス停: 岡大東門",
        "name": "岡大東門",
        "operator": "事業者不明",
        "ref": "",
        "url": "",
        "url2": ""
      }
    },
    {
      "type": "Feature",
      "geometry": {
        "type": "Point",
        "coordinates": [
          133.9228885,
          34.6876665
        ]
      },
      "properties": {
        "内容": "バス停: 岡大東門",
        "name": "岡大東門",
        "operator": "事業者不明",
        "ref": "",
        "url": "",
        "url2": ""
      }
    },
    {
      "type": "Feature",
      "geometry": {
        "type": "Point",
        "coordinates": [
          133.9198571,
          34.684769
        ]
      },
      "properties": {
        "内容": "バス停: 岡大入口",
        "name": "岡大入口",
        "operator": "事業者不明",
        "ref": "",
        "url": "",
        "url2": ""
      }
    },
    {
      "type": "Feature",
      "geometry": {
        "type": "Point",
        "coordinates": [
          133.9199966,
          34.6876044
        ]
      },
      "properties": {
        "内容": "バス停: 岡大西門",
        "name": "岡大西門",
        "operator": "事業者不明",
        "ref": "",
        "url": "",
        "url2": ""
      }
    },
    {
      "type": "Feature",
      "geometry": {
        "type": "Point",
        "coordinates": [
          133.9198766,
          34.6876929
        ]
      },
      "properties": {
        "内容": "バス停: 岡大西門のりば",
        "name": "岡大西門のりば",
        "operator": "事業者不明",
        "ref": "",
        "url": "",
        "url2": ""
      }
    },
    {
      "type": "Feature",
      "geometry": {
        "type": "Point",
        "coordinates": [
          133.6240817,
          34.8012797
        ]
      },
      "properties": {
        "内容": "バス停: 名称不明バス停",
        "name": "名称不明バス停",
        "operator": "事業者不明",
        "ref": "",
        "url": "",
        "url2": ""
      }
    },
    {
      "type": "Feature",
      "geometry": {
        "type": "Point",
        "coordinates": [
          134.0413887,
          34.6474541
        ]
      },
      "properties": {
        "内容": "バス停: 浜 (東備バス)",
        "name": "浜",
        "operator": "東備バス",
        "ref": "",
        "url": "",
        "url2": ""
      }
    },
    {
      "type": "Feature",
      "geometry": {
        "type": "Point",
        "coordinates": [
          133.802808,
          34.5299735
        ]
      },
      "properties": {
        "内容": "バス停: 名称不明バス停",
        "name": "名称不明バス停",
        "operator": "事業者不明",
        "ref": "",
        "url": "",
        "url2": ""
      }
    },
    {
      "type": "Feature",
      "geometry": {
        "type": "Point",
        "coordinates": [
          133.8034731,
          34.5299293
        ]
      },
      "properties": {
        "内容": "バス停: 名称不明バス停",
        "name": "名称不明バス停",
        "operator": "事業者不明",
        "ref": "",
        "url": "",
        "url2": ""
      }
    },
    {
      "type": "Feature",
      "geometry": {
        "type": "Point",
        "coordinates": [
          134.0368652,
          34.6569332
        ]
      },
      "properties": {
        "内容": "バス停: 昭和被服総業前",
        "name": "昭和被服総業前",
        "operator": "事業者不明",
        "ref": "",
        "url": "",
        "url2": ""
      }
    },
    {
      "type": "Feature",
      "geometry": {
        "type": "Point",
        "coordinates": [
          134.0366065,
          34.6566822
        ]
      },
      "properties": {
        "内容": "バス停: 昭和被服総業前",
        "name": "昭和被服総業前",
        "operator": "事業者不明",
        "ref": "",
        "url": "",
        "url2": ""
      }
    },
    {
      "type": "Feature",
      "geometry": {
        "type": "Point",
        "coordinates": [
          134.0189849,
          35.0789351
        ]
      },
      "properties": {
        "内容": "バス停: 志戸部中",
        "name": "志戸部中",
        "operator": "事業者不明",
        "ref": "",
        "url": "",
        "url2": ""
      }
    },
    {
      "type": "Feature",
      "geometry": {
        "type": "Point",
        "coordinates": [
          134.0350354,
          34.6562602
        ]
      },
      "properties": {
        "内容": "バス停: 西大寺ふれあいセンター (東備バス)",
        "name": "西大寺ふれあいセンター",
        "operator": "東備バス",
        "ref": "",
        "url": "",
        "url2": ""
      }
    },
    {
      "type": "Feature",
      "geometry": {
        "type": "Point",
        "coordinates": [
          134.0350309,
          34.6561267
        ]
      },
      "properties": {
        "内容": "バス停: 西大寺ふれあいセンター (東備バス)",
        "name": "西大寺ふれあいセンター",
        "operator": "東備バス",
        "ref": "",
        "url": "",
        "url2": ""
      }
    },
    {
      "type": "Feature",
      "geometry": {
        "type": "Point",
        "coordinates": [
          134.0359058,
          34.6527583
        ]
      },
      "properties": {
        "内容": "バス停: 観音院入口",
        "name": "観音院入口",
        "operator": "事業者不明",
        "ref": "",
        "url": "",
        "url2": ""
      }
    },
    {
      "type": "Feature",
      "geometry": {
        "type": "Point",
        "coordinates": [
          134.0361486,
          34.654429
        ]
      },
      "properties": {
        "内容": "バス停: 観音院入口 (両備バス)",
        "name": "観音院入口",
        "operator": "両備バス",
        "ref": "",
        "url": "",
        "url2": ""
      }
    },
    {
      "type": "Feature",
      "geometry": {
        "type": "Point",
        "coordinates": [
          134.0360164,
          34.6548525
        ]
      },
      "properties": {
        "内容": "バス停: 西大寺中三丁目",
        "name": "西大寺中三丁目",
        "operator": "事業者不明",
        "ref": "",
        "url": "",
        "url2": ""
      }
    },
    {
      "type": "Feature",
      "geometry": {
        "type": "Point",
        "coordinates": [
          134.0364372,
          34.6554118
        ]
      },
      "properties": {
        "内容": "バス停: 西大寺中三丁目",
        "name": "西大寺中三丁目",
        "operator": "事業者不明",
        "ref": "",
        "url": "",
        "url2": ""
      }
    },
    {
      "type": "Feature",
      "geometry": {
        "type": "Point",
        "coordinates": [
          134.0371089,
          34.6584712
        ]
      },
      "properties": {
        "内容": "バス停: 岡山学芸館スクールガーデン前",
        "name": "岡山学芸館スクールガーデン前",
        "operator": "事業者不明",
        "ref": "",
        "url": "",
        "url2": ""
      }
    },
    {
      "type": "Feature",
      "geometry": {
        "type": "Point",
        "coordinates": [
          134.036853,
          34.6579483
        ]
      },
      "properties": {
        "内容": "バス停: 岡山学芸館スクールガーデン前",
        "name": "岡山学芸館スクールガーデン前",
        "operator": "事業者不明",
        "ref": "",
        "url": "",
        "url2": ""
      }
    },
    {
      "type": "Feature",
      "geometry": {
        "type": "Point",
        "coordinates": [
          133.885279,
          34.6524746
        ]
      },
      "properties": {
        "内容": "バス停: 名称不明バス停",
        "name": "名称不明バス停",
        "operator": "事業者不明",
        "ref": "",
        "url": "",
        "url2": ""
      }
    },
    {
      "type": "Feature",
      "geometry": {
        "type": "Point",
        "coordinates": [
          133.8855477,
          34.6527237
        ]
      },
      "properties": {
        "内容": "バス停: 名称不明バス停",
        "name": "名称不明バス停",
        "operator": "事業者不明",
        "ref": "",
        "url": "",
        "url2": ""
      }
    },
    {
      "type": "Feature",
      "geometry": {
        "type": "Point",
        "coordinates": [
          133.9277892,
          34.5937157
        ]
      },
      "properties": {
        "内容": "バス停: 名称不明バス停 (岡電バス)",
        "name": "名称不明バス停",
        "operator": "岡電バス",
        "ref": "",
        "url": "",
        "url2": ""
      }
    },
    {
      "type": "Feature",
      "geometry": {
        "type": "Point",
        "coordinates": [
          133.9329903,
          34.6042506
        ]
      },
      "properties": {
        "内容": "バス停: 名称不明バス停",
        "name": "名称不明バス停",
        "operator": "事業者不明",
        "ref": "",
        "url": "",
        "url2": ""
      }
    },
    {
      "type": "Feature",
      "geometry": {
        "type": "Point",
        "coordinates": [
          134.074998,
          34.6234378
        ]
      },
      "properties": {
        "内容": "バス停: 邑久郷東",
        "name": "邑久郷東",
        "operator": "事業者不明",
        "ref": "",
        "url": "",
        "url2": ""
      }
    },
    {
      "type": "Feature",
      "geometry": {
        "type": "Point",
        "coordinates": [
          134.0235536,
          34.6567778
        ]
      },
      "properties": {
        "内容": "バス停: 新橋 (両備バス)",
        "name": "新橋",
        "operator": "両備バス",
        "ref": "",
        "url": "",
        "url2": ""
      }
    },
    {
      "type": "Feature",
      "geometry": {
        "type": "Point",
        "coordinates": [
          134.0721635,
          34.6242564
        ]
      },
      "properties": {
        "内容": "バス停: 邑久郷中",
        "name": "邑久郷中",
        "operator": "事業者不明",
        "ref": "",
        "url": "",
        "url2": ""
      }
    },
    {
      "type": "Feature",
      "geometry": {
        "type": "Point",
        "coordinates": [
          134.0723881,
          34.6242219
        ]
      },
      "properties": {
        "内容": "バス停: 邑久郷中",
        "name": "邑久郷中",
        "operator": "事業者不明",
        "ref": "",
        "url": "",
        "url2": ""
      }
    },
    {
      "type": "Feature",
      "geometry": {
        "type": "Point",
        "coordinates": [
          134.0234402,
          34.6566717
        ]
      },
      "properties": {
        "内容": "バス停: 新橋 (両備バス)",
        "name": "新橋",
        "operator": "両備バス",
        "ref": "",
        "url": "",
        "url2": ""
      }
    },
    {
      "type": "Feature",
      "geometry": {
        "type": "Point",
        "coordinates": [
          134.0447381,
          34.6434543
        ]
      },
      "properties": {
        "内容": "バス停: 三和紙工前 (東備バス)",
        "name": "三和紙工前",
        "operator": "東備バス",
        "ref": "",
        "url": "",
        "url2": ""
      }
    },
    {
      "type": "Feature",
      "geometry": {
        "type": "Point",
        "coordinates": [
          134.027219,
          34.6527707
        ]
      },
      "properties": {
        "内容": "バス停: 西大寺農協",
        "name": "西大寺農協",
        "operator": "事業者不明",
        "ref": "",
        "url": "",
        "url2": ""
      }
    },
    {
      "type": "Feature",
      "geometry": {
        "type": "Point",
        "coordinates": [
          134.0505518,
          34.6186248
        ]
      },
      "properties": {
        "内容": "バス停: 東幸西 (ふれあいバス)",
        "name": "東幸西",
        "operator": "ふれあいバス",
        "ref": "",
        "url": "",
        "url2": ""
      }
    },
    {
      "type": "Feature",
      "geometry": {
        "type": "Point",
        "coordinates": [
          134.0210474,
          35.0836648
        ]
      },
      "properties": {
        "内容": "バス停: スポーツセンター入口",
        "name": "スポーツセンター入口",
        "operator": "事業者不明",
        "ref": "",
        "url": "",
        "url2": ""
      }
    },
    {
      "type": "Feature",
      "geometry": {
        "type": "Point",
        "coordinates": [
          134.0202695,
          35.0822128
        ]
      },
      "properties": {
        "内容": "バス停: 志戸部",
        "name": "志戸部",
        "operator": "事業者不明",
        "ref": "",
        "url": "",
        "url2": ""
      }
    },
    {
      "type": "Feature",
      "geometry": {
        "type": "Point",
        "coordinates": [
          134.0163267,
          35.0746367
        ]
      },
      "properties": {
        "内容": "バス停: 志戸部下",
        "name": "志戸部下",
        "operator": "事業者不明",
        "ref": "",
        "url": "",
        "url2": ""
      }
    },
    {
      "type": "Feature",
      "geometry": {
        "type": "Point",
        "coordinates": [
          134.016387,
          35.0746038
        ]
      },
      "properties": {
        "内容": "バス停: 志戸部下",
        "name": "志戸部下",
        "operator": "事業者不明",
        "ref": "",
        "url": "",
        "url2": ""
      }
    },
    {
      "type": "Feature",
      "geometry": {
        "type": "Point",
        "coordinates": [
          134.0198752,
          35.0777658
        ]
      },
      "properties": {
        "内容": "バス停: 志戸部東",
        "name": "志戸部東",
        "operator": "事業者不明",
        "ref": "",
        "url": "",
        "url2": ""
      }
    },
    {
      "type": "Feature",
      "geometry": {
        "type": "Point",
        "coordinates": [
          133.8918838,
          34.6276056
        ]
      },
      "properties": {
        "内容": "バス停: 米倉 (岡電バスのバス停です。主な路線は火の見線と興除線です。)",
        "name": "米倉",
        "operator": "岡電バスのバス停です。主な路線は火の見線と興除線です。",
        "ref": "",
        "url": "",
        "url2": ""
      }
    },
    {
      "type": "Feature",
      "geometry": {
        "type": "Point",
        "coordinates": [
          134.0197237,
          35.0774497
        ]
      },
      "properties": {
        "内容": "バス停: 志戸部東",
        "name": "志戸部東",
        "operator": "事業者不明",
        "ref": "",
        "url": "",
        "url2": ""
      }
    },
    {
      "type": "Feature",
      "geometry": {
        "type": "Point",
        "coordinates": [
          134.1446658,
          34.9494872
        ]
      },
      "properties": {
        "内容": "バス停: 尾谷上 (美作市営バス)",
        "name": "尾谷上",
        "operator": "美作市営バス",
        "ref": "",
        "url": "",
        "url2": ""
      }
    },
    {
      "type": "Feature",
      "geometry": {
        "type": "Point",
        "coordinates": [
          134.1630308,
          35.0239613
        ]
      },
      "properties": {
        "内容": "バス停: 名称不明バス停",
        "name": "名称不明バス停",
        "operator": "事業者不明",
        "ref": "",
        "url": "",
        "url2": ""
      }
    },
    {
      "type": "Feature",
      "geometry": {
        "type": "Point",
        "coordinates": [
          134.0261779,
          34.6398782
        ]
      },
      "properties": {
        "内容": "バス停: 都紀ノ郷 (両備バス)",
        "name": "都紀ノ郷",
        "operator": "両備バス",
        "ref": "",
        "url": "",
        "url2": ""
      }
    },
    {
      "type": "Feature",
      "geometry": {
        "type": "Point",
        "coordinates": [
          134.0272595,
          34.6486404
        ]
      },
      "properties": {
        "内容": "バス停: 岡山西大寺病院前 (両備バス)",
        "name": "岡山西大寺病院前",
        "operator": "両備バス",
        "ref": "",
        "url": "",
        "url2": ""
      }
    },
    {
      "type": "Feature",
      "geometry": {
        "type": "Point",
        "coordinates": [
          134.0623497,
          34.6287141
        ]
      },
      "properties": {
        "内容": "バス停: 吉塔",
        "name": "吉塔",
        "operator": "事業者不明",
        "ref": "",
        "url": "",
        "url2": ""
      }
    },
    {
      "type": "Feature",
      "geometry": {
        "type": "Point",
        "coordinates": [
          134.0624322,
          34.6287621
        ]
      },
      "properties": {
        "内容": "バス停: 吉塔",
        "name": "吉塔",
        "operator": "事業者不明",
        "ref": "",
        "url": "",
        "url2": ""
      }
    },
    {
      "type": "Feature",
      "geometry": {
        "type": "Point",
        "coordinates": [
          134.074645,
          34.6233668
        ]
      },
      "properties": {
        "内容": "バス停: 邑久郷東",
        "name": "邑久郷東",
        "operator": "事業者不明",
        "ref": "",
        "url": "",
        "url2": ""
      }
    },
    {
      "type": "Feature",
      "geometry": {
        "type": "Point",
        "coordinates": [
          134.0153576,
          35.0625455
        ]
      },
      "properties": {
        "内容": "バス停: 名称不明バス停",
        "name": "名称不明バス停",
        "operator": "事業者不明",
        "ref": "",
        "url": "",
        "url2": ""
      }
    },
    {
      "type": "Feature",
      "geometry": {
        "type": "Point",
        "coordinates": [
          134.0119949,
          35.061798
        ]
      },
      "properties": {
        "内容": "バス停: 中之町局前",
        "name": "中之町局前",
        "operator": "事業者不明",
        "ref": "",
        "url": "",
        "url2": ""
      }
    },
    {
      "type": "Feature",
      "geometry": {
        "type": "Point",
        "coordinates": [
          134.0207402,
          35.0642278
        ]
      },
      "properties": {
        "内容": "バス停: 古林田 (中鉄ほくぶバス)",
        "name": "古林田",
        "operator": "中鉄ほくぶバス",
        "ref": "",
        "url": "",
        "url2": ""
      }
    },
    {
      "type": "Feature",
      "geometry": {
        "type": "Point",
        "coordinates": [
          134.0183946,
          35.0636482
        ]
      },
      "properties": {
        "内容": "バス停: 東新町",
        "name": "東新町",
        "operator": "事業者不明",
        "ref": "",
        "url": "",
        "url2": ""
      }
    },
    {
      "type": "Feature",
      "geometry": {
        "type": "Point",
        "coordinates": [
          134.0489684,
          35.0630418
        ]
      },
      "properties": {
        "内容": "バス停: 津山インターチェンジ",
        "name": "津山インターチェンジ",
        "operator": "事業者不明",
        "ref": "",
        "url": "",
        "url2": ""
      }
    },
    {
      "type": "Feature",
      "geometry": {
        "type": "Point",
        "coordinates": [
          134.1762974,
          35.1218624
        ]
      },
      "properties": {
        "内容": "バス停: 名称不明バス停 (中鉄北部バス(株))",
        "name": "名称不明バス停",
        "operator": "中鉄北部バス(株)",
        "ref": "",
        "url": "",
        "url2": ""
      }
    },
    {
      "type": "Feature",
      "geometry": {
        "type": "Point",
        "coordinates": [
          134.0036402,
          35.0550898
        ]
      },
      "properties": {
        "内容": "バス停: 名称不明バス停 (中鉄北部バス(株))",
        "name": "名称不明バス停",
        "operator": "中鉄北部バス(株)",
        "ref": "",
        "url": "",
        "url2": ""
      }
    },
    {
      "type": "Feature",
      "geometry": {
        "type": "Point",
        "coordinates": [
          134.0059218,
          35.0580513
        ]
      },
      "properties": {
        "内容": "バス停: 名称不明バス停 (中鉄北部バス(株))",
        "name": "名称不明バス停",
        "operator": "中鉄北部バス(株)",
        "ref": "",
        "url": "",
        "url2": ""
      }
    },
    {
      "type": "Feature",
      "geometry": {
        "type": "Point",
        "coordinates": [
          134.1822195,
          35.1229015
        ]
      },
      "properties": {
        "内容": "バス停: 久常 (中鉄北部バス(株))",
        "name": "久常",
        "operator": "中鉄北部バス(株)",
        "ref": "",
        "url": "",
        "url2": ""
      }
    },
    {
      "type": "Feature",
      "geometry": {
        "type": "Point",
        "coordinates": [
          134.1820228,
          35.1226837
        ]
      },
      "properties": {
        "内容": "バス停: 久常 (中鉄北部バス(株))",
        "name": "久常",
        "operator": "中鉄北部バス(株)",
        "ref": "",
        "url": "",
        "url2": ""
      }
    },
    {
      "type": "Feature",
      "geometry": {
        "type": "Point",
        "coordinates": [
          134.1880437,
          35.126704
        ]
      },
      "properties": {
        "内容": "バス停: 高円 (中鉄北部バス(株))",
        "name": "高円",
        "operator": "中鉄北部バス(株)",
        "ref": "",
        "url": "",
        "url2": ""
      }
    },
    {
      "type": "Feature",
      "geometry": {
        "type": "Point",
        "coordinates": [
          134.1880407,
          35.1265874
        ]
      },
      "properties": {
        "内容": "バス停: 高円 (中鉄北部バス(株))",
        "name": "高円",
        "operator": "中鉄北部バス(株)",
        "ref": "",
        "url": "",
        "url2": ""
      }
    },
    {
      "type": "Feature",
      "geometry": {
        "type": "Point",
        "coordinates": [
          134.1947036,
          35.1297014
        ]
      },
      "properties": {
        "内容": "バス停: 行方 (中鉄北部バス(株))",
        "name": "行方",
        "operator": "中鉄北部バス(株)",
        "ref": "",
        "url": "",
        "url2": ""
      }
    },
    {
      "type": "Feature",
      "geometry": {
        "type": "Point",
        "coordinates": [
          134.1944514,
          35.1294527
        ]
      },
      "properties": {
        "内容": "バス停: 行方 (中鉄北部バス(株))",
        "name": "行方",
        "operator": "中鉄北部バス(株)",
        "ref": "",
        "url": "",
        "url2": ""
      }
    },
    {
      "type": "Feature",
      "geometry": {
        "type": "Point",
        "coordinates": [
          134.1977971,
          35.1314088
        ]
      },
      "properties": {
        "内容": "バス停: 行方局前 (中鉄北部バス(株))",
        "name": "行方局前",
        "operator": "中鉄北部バス(株)",
        "ref": "",
        "url": "",
        "url2": ""
      }
    },
    {
      "type": "Feature",
      "geometry": {
        "type": "Point",
        "coordinates": [
          134.1978023,
          35.1313133
        ]
      },
      "properties": {
        "内容": "バス停: 行方局前 (中鉄北部バス(株))",
        "name": "行方局前",
        "operator": "中鉄北部バス(株)",
        "ref": "",
        "url": "",
        "url2": ""
      }
    },
    {
      "type": "Feature",
      "geometry": {
        "type": "Point",
        "coordinates": [
          134.1995693,
          35.1324215
        ]
      },
      "properties": {
        "内容": "バス停: 行方 (中鉄北部バス(株))",
        "name": "行方",
        "operator": "中鉄北部バス(株)",
        "ref": "",
        "url": "",
        "url2": ""
      }
    },
    {
      "type": "Feature",
      "geometry": {
        "type": "Point",
        "coordinates": [
          134.1995385,
          35.1322312
        ]
      },
      "properties": {
        "内容": "バス停: 行方 (中鉄北部バス(株))",
        "name": "行方",
        "operator": "中鉄北部バス(株)",
        "ref": "",
        "url": "",
        "url2": ""
      }
    },
    {
      "type": "Feature",
      "geometry": {
        "type": "Point",
        "coordinates": [
          134.2036626,
          35.1358754
        ]
      },
      "properties": {
        "内容": "バス停: 関本 (中鉄北部バス(株))",
        "name": "関本",
        "operator": "中鉄北部バス(株)",
        "ref": "",
        "url": "",
        "url2": ""
      }
    },
    {
      "type": "Feature",
      "geometry": {
        "type": "Point",
        "coordinates": [
          134.2035371,
          35.1355067
        ]
      },
      "properties": {
        "内容": "バス停: 関本 (中鉄北部バス(株))",
        "name": "関本",
        "operator": "中鉄北部バス(株)",
        "ref": "",
        "url": "",
        "url2": ""
      }
    },
    {
      "type": "Feature",
      "geometry": {
        "type": "Point",
        "coordinates": [
          134.2151245,
          35.1430947
        ]
      },
      "properties": {
        "内容": "バス停: 小坂 (中鉄北部バス(株))",
        "name": "小坂",
        "operator": "中鉄北部バス(株)",
        "ref": "",
        "url": "",
        "url2": ""
      }
    },
    {
      "type": "Feature",
      "geometry": {
        "type": "Point",
        "coordinates": [
          134.2152486,
          35.1432649
        ]
      },
      "properties": {
        "内容": "バス停: 小坂 (中鉄北部バス(株))",
        "name": "小坂",
        "operator": "中鉄北部バス(株)",
        "ref": "",
        "url": "",
        "url2": ""
      }
    },
    {
      "type": "Feature",
      "geometry": {
        "type": "Point",
        "coordinates": [
          134.2155123,
          35.146764
        ]
      },
      "properties": {
        "内容": "バス停: 小坂上 (中鉄北部バス(株))",
        "name": "小坂上",
        "operator": "中鉄北部バス(株)",
        "ref": "",
        "url": "",
        "url2": ""
      }
    },
    {
      "type": "Feature",
      "geometry": {
        "type": "Point",
        "coordinates": [
          134.2157597,
          35.1467327
        ]
      },
      "properties": {
        "内容": "バス停: 小坂上 (中鉄北部バス(株))",
        "name": "小坂上",
        "operator": "中鉄北部バス(株)",
        "ref": "",
        "url": "",
        "url2": ""
      }
    },
    {
      "type": "Feature",
      "geometry": {
        "type": "Point",
        "coordinates": [
          134.2155128,
          35.1535177
        ]
      },
      "properties": {
        "内容": "バス停: 馬桑下 (中鉄北部バス(株))",
        "name": "馬桑下",
        "operator": "中鉄北部バス(株)",
        "ref": "",
        "url": "",
        "url2": ""
      }
    },
    {
      "type": "Feature",
      "geometry": {
        "type": "Point",
        "coordinates": [
          134.2157697,
          35.1535329
        ]
      },
      "properties": {
        "内容": "バス停: 馬桑下 (中鉄北部バス(株))",
        "name": "馬桑下",
        "operator": "中鉄北部バス(株)",
        "ref": "",
        "url": "",
        "url2": ""
      }
    },
    {
      "type": "Feature",
      "geometry": {
        "type": "Point",
        "coordinates": [
          134.2141359,
          35.1560499
        ]
      },
      "properties": {
        "内容": "バス停: 馬桑 (中鉄北部バス(株))",
        "name": "馬桑",
        "operator": "中鉄北部バス(株)",
        "ref": "",
        "url": "",
        "url2": ""
      }
    },
    {
      "type": "Feature",
      "geometry": {
        "type": "Point",
        "coordinates": [
          134.2144105,
          35.1562192
        ]
      },
      "properties": {
        "内容": "バス停: 馬桑 (中鉄北部バス(株))",
        "name": "馬桑",
        "operator": "中鉄北部バス(株)",
        "ref": "",
        "url": "",
        "url2": ""
      }
    },
    {
      "type": "Feature",
      "geometry": {
        "type": "Point",
        "coordinates": [
          134.1506507,
          35.118368
        ]
      },
      "properties": {
        "内容": "バス停: 自衛隊前 (中鉄北部バス(株))",
        "name": "自衛隊前",
        "operator": "中鉄北部バス(株)",
        "ref": "",
        "url": "",
        "url2": ""
      }
    },
    {
      "type": "Feature",
      "geometry": {
        "type": "Point",
        "coordinates": [
          134.1666353,
          35.1196351
        ]
      },
      "properties": {
        "内容": "バス停: 広岡 (中鉄北部バス(株))",
        "name": "広岡",
        "operator": "中鉄北部バス(株)",
        "ref": "",
        "url": "",
        "url2": ""
      }
    },
    {
      "type": "Feature",
      "geometry": {
        "type": "Point",
        "coordinates": [
          134.166685,
          35.1194813
        ]
      },
      "properties": {
        "内容": "バス停: 広岡 (中鉄北部バス(株))",
        "name": "広岡",
        "operator": "中鉄北部バス(株)",
        "ref": "",
        "url": "",
        "url2": ""
      }
    },
    {
      "type": "Feature",
      "geometry": {
        "type": "Point",
        "coordinates": [
          134.1645035,
          35.1191442
        ]
      },
      "properties": {
        "内容": "バス停: 広岡西 (中鉄北部バス(株))",
        "name": "広岡西",
        "operator": "中鉄北部バス(株)",
        "ref": "",
        "url": "",
        "url2": ""
      }
    },
    {
      "type": "Feature",
      "geometry": {
        "type": "Point",
        "coordinates": [
          134.1644904,
          35.1189649
        ]
      },
      "properties": {
        "内容": "バス停: 広岡西 (中鉄北部バス(株))",
        "name": "広岡西",
        "operator": "中鉄北部バス(株)",
        "ref": "",
        "url": "",
        "url2": ""
      }
    },
    {
      "type": "Feature",
      "geometry": {
        "type": "Point",
        "coordinates": [
          134.1575383,
          35.1187374
        ]
      },
      "properties": {
        "内容": "バス停: 滝本局前 (中鉄北部バス(株))",
        "name": "滝本局前",
        "operator": "中鉄北部バス(株)",
        "ref": "",
        "url": "",
        "url2": ""
      }
    },
    {
      "type": "Feature",
      "geometry": {
        "type": "Point",
        "coordinates": [
          134.157549,
          35.1188745
        ]
      },
      "properties": {
        "内容": "バス停: 滝本局前 (中鉄北部バス(株))",
        "name": "滝本局前",
        "operator": "中鉄北部バス(株)",
        "ref": "",
        "url": "",
        "url2": ""
      }
    },
    {
      "type": "Feature",
      "geometry": {
        "type": "Point",
        "coordinates": [
          134.1527745,
          35.1183773
        ]
      },
      "properties": {
        "内容": "バス停: 北吉野 (中鉄北部バス(株))",
        "name": "北吉野",
        "operator": "中鉄北部バス(株)",
        "ref": "",
        "url": "",
        "url2": ""
      }
    },
    {
      "type": "Feature",
      "geometry": {
        "type": "Point",
        "coordinates": [
          134.1540846,
          35.1186583
        ]
      },
      "properties": {
        "内容": "バス停: 北吉野 (中鉄北部バス(株))",
        "name": "北吉野",
        "operator": "中鉄北部バス(株)",
        "ref": "",
        "url": "",
        "url2": ""
      }
    },
    {
      "type": "Feature",
      "geometry": {
        "type": "Point",
        "coordinates": [
          134.1509322,
          35.1182672
        ]
      },
      "properties": {
        "内容": "バス停: 自衛隊前 (中鉄北部バス(株))",
        "name": "自衛隊前",
        "operator": "中鉄北部バス(株)",
        "ref": "",
        "url": "",
        "url2": ""
      }
    },
    {
      "type": "Feature",
      "geometry": {
        "type": "Point",
        "coordinates": [
          134.1410788,
          35.1163342
        ]
      },
      "properties": {
        "内容": "バス停: 上町川 (中鉄北部バス(株))",
        "name": "上町川",
        "operator": "中鉄北部バス(株)",
        "ref": "",
        "url": "",
        "url2": ""
      }
    },
    {
      "type": "Feature",
      "geometry": {
        "type": "Point",
        "coordinates": [
          134.1415348,
          35.116384
        ]
      },
      "properties": {
        "内容": "バス停: 上町川 (中鉄北部バス(株))",
        "name": "上町川",
        "operator": "中鉄北部バス(株)",
        "ref": "",
        "url": "",
        "url2": ""
      }
    },
    {
      "type": "Feature",
      "geometry": {
        "type": "Point",
        "coordinates": [
          133.9222403,
          34.4694198
        ]
      },
      "properties": {
        "内容": "バス停: 岡山行きバス乗り場　和田社宅前",
        "name": "岡山行きバス乗り場　和田社宅前",
        "operator": "事業者不明",
        "ref": "",
        "url": "",
        "url2": ""
      }
    },
    {
      "type": "Feature",
      "geometry": {
        "type": "Point",
        "coordinates": [
          133.9221974,
          34.4689886
        ]
      },
      "properties": {
        "内容": "バス停: 渋川行きバス乗り場",
        "name": "渋川行きバス乗り場",
        "operator": "事業者不明",
        "ref": "",
        "url": "",
        "url2": ""
      }
    },
    {
      "type": "Feature",
      "geometry": {
        "type": "Point",
        "coordinates": [
          133.9296014,
          34.4826352
        ]
      },
      "properties": {
        "内容": "バス停: 市民会館前",
        "name": "市民会館前",
        "operator": "事業者不明",
        "ref": "",
        "url": "",
        "url2": ""
      }
    },
    {
      "type": "Feature",
      "geometry": {
        "type": "Point",
        "coordinates": [
          133.9454805,
          34.4919231
        ]
      },
      "properties": {
        "内容": "バス停: 市役所前",
        "name": "市役所前",
        "operator": "事業者不明",
        "ref": "",
        "url": "",
        "url2": ""
      }
    },
    {
      "type": "Feature",
      "geometry": {
        "type": "Point",
        "coordinates": [
          133.9453622,
          34.4918296
        ]
      },
      "properties": {
        "内容": "バス停: 市役所前",
        "name": "市役所前",
        "operator": "事業者不明",
        "ref": "",
        "url": "",
        "url2": ""
      }
    },
    {
      "type": "Feature",
      "geometry": {
        "type": "Point",
        "coordinates": [
          133.7459574,
          34.6034424
        ]
      },
      "properties": {
        "内容": "バス停: イオンモール倉敷",
        "name": "イオンモール倉敷",
        "operator": "事業者不明",
        "ref": "",
        "url": "",
        "url2": ""
      }
    },
    {
      "type": "Feature",
      "geometry": {
        "type": "Point",
        "coordinates": [
          134.0248159,
          35.0901274
        ]
      },
      "properties": {
        "内容": "バス停: 勝部神社前",
        "name": "勝部神社前",
        "operator": "事業者不明",
        "ref": "",
        "url": "",
        "url2": ""
      }
    },
    {
      "type": "Feature",
      "geometry": {
        "type": "Point",
        "coordinates": [
          134.0235364,
          35.0878712
        ]
      },
      "properties": {
        "内容": "バス停: 勝部",
        "name": "勝部",
        "operator": "事業者不明",
        "ref": "",
        "url": "",
        "url2": ""
      }
    },
    {
      "type": "Feature",
      "geometry": {
        "type": "Point",
        "coordinates": [
          134.0217367,
          35.115536
        ]
      },
      "properties": {
        "内容": "バス停: 高田幼稚園前",
        "name": "高田幼稚園前",
        "operator": "事業者不明",
        "ref": "",
        "url": "",
        "url2": ""
      }
    },
    {
      "type": "Feature",
      "geometry": {
        "type": "Point",
        "coordinates": [
          134.0249124,
          35.1164268
        ]
      },
      "properties": {
        "内容": "バス停: 高田",
        "name": "高田",
        "operator": "事業者不明",
        "ref": "",
        "url": "",
        "url2": ""
      }
    },
    {
      "type": "Feature",
      "geometry": {
        "type": "Point",
        "coordinates": [
          134.0311056,
          35.1190486
        ]
      },
      "properties": {
        "内容": "バス停: 十田",
        "name": "十田",
        "operator": "事業者不明",
        "ref": "",
        "url": "",
        "url2": ""
      }
    },
    {
      "type": "Feature",
      "geometry": {
        "type": "Point",
        "coordinates": [
          134.0352309,
          35.1134582
        ]
      },
      "properties": {
        "内容": "バス停: 国広",
        "name": "国広",
        "operator": "事業者不明",
        "ref": "",
        "url": "",
        "url2": ""
      }
    },
    {
      "type": "Feature",
      "geometry": {
        "type": "Point",
        "coordinates": [
          134.0351772,
          35.1085236
        ]
      },
      "properties": {
        "内容": "バス停: 乗井口",
        "name": "乗井口",
        "operator": "事業者不明",
        "ref": "",
        "url": "",
        "url2": ""
      }
    },
    {
      "type": "Feature",
      "geometry": {
        "type": "Point",
        "coordinates": [
          134.0350002,
          35.103277
        ]
      },
      "properties": {
        "内容": "バス停: 弥谷中",
        "name": "弥谷中",
        "operator": "事業者不明",
        "ref": "",
        "url": "",
        "url2": ""
      }
    },
    {
      "type": "Feature",
      "geometry": {
        "type": "Point",
        "coordinates": [
          134.0320605,
          35.1014952
        ]
      },
      "properties": {
        "内容": "バス停: 弥谷下",
        "name": "弥谷下",
        "operator": "事業者不明",
        "ref": "",
        "url": "",
        "url2": ""
      }
    },
    {
      "type": "Feature",
      "geometry": {
        "type": "Point",
        "coordinates": [
          134.0263179,
          35.0943279
        ]
      },
      "properties": {
        "内容": "バス停: 籾保",
        "name": "籾保",
        "operator": "事業者不明",
        "ref": "",
        "url": "",
        "url2": ""
      }
    },
    {
      "type": "Feature",
      "geometry": {
        "type": "Point",
        "coordinates": [
          134.0025616,
          35.0876561
        ]
      },
      "properties": {
        "内容": "バス停: 上河原中",
        "name": "上河原中",
        "operator": "事業者不明",
        "ref": "",
        "url": "",
        "url2": ""
      }
    },
    {
      "type": "Feature",
      "geometry": {
        "type": "Point",
        "coordinates": [
          134.0008986,
          35.0887183
        ]
      },
      "properties": {
        "内容": "バス停: 上河原上",
        "name": "上河原上",
        "operator": "事業者不明",
        "ref": "",
        "url": "",
        "url2": ""
      }
    },
    {
      "type": "Feature",
      "geometry": {
        "type": "Point",
        "coordinates": [
          134.0006089,
          35.0925371
        ]
      },
      "properties": {
        "内容": "バス停: グリーンヒルズ入口",
        "name": "グリーンヒルズ入口",
        "operator": "事業者不明",
        "ref": "",
        "url": "",
        "url2": ""
      }
    },
    {
      "type": "Feature",
      "geometry": {
        "type": "Point",
        "coordinates": [
          134.0021566,
          35.0970558
        ]
      },
      "properties": {
        "内容": "バス停: 北の街",
        "name": "北の街",
        "operator": "事業者不明",
        "ref": "",
        "url": "",
        "url2": ""
      }
    },
    {
      "type": "Feature",
      "geometry": {
        "type": "Point",
        "coordinates": [
          134.0022129,
          35.0998055
        ]
      },
      "properties": {
        "内容": "バス停: 一宮小入口",
        "name": "一宮小入口",
        "operator": "事業者不明",
        "ref": "",
        "url": "",
        "url2": ""
      }
    },
    {
      "type": "Feature",
      "geometry": {
        "type": "Point",
        "coordinates": [
          134.0123677,
          35.1039134
        ]
      },
      "properties": {
        "内容": "バス停: 下畝",
        "name": "下畝",
        "operator": "事業者不明",
        "ref": "",
        "url": "",
        "url2": ""
      }
    },
    {
      "type": "Feature",
      "geometry": {
        "type": "Point",
        "coordinates": [
          134.0138751,
          35.1073979
        ]
      },
      "properties": {
        "内容": "バス停: 上畝",
        "name": "上畝",
        "operator": "事業者不明",
        "ref": "",
        "url": "",
        "url2": ""
      }
    },
    {
      "type": "Feature",
      "geometry": {
        "type": "Point",
        "coordinates": [
          134.0158331,
          35.1115625
        ]
      },
      "properties": {
        "内容": "バス停: 高田神社前",
        "name": "高田神社前",
        "operator": "事業者不明",
        "ref": "",
        "url": "",
        "url2": ""
      }
    },
    {
      "type": "Feature",
      "geometry": {
        "type": "Point",
        "coordinates": [
          134.0155542,
          35.1138159
        ]
      },
      "properties": {
        "内容": "バス停: 金原",
        "name": "金原",
        "operator": "事業者不明",
        "ref": "",
        "url": "",
        "url2": ""
      }
    },
    {
      "type": "Feature",
      "geometry": {
        "type": "Point",
        "coordinates": [
          134.0036559,
          35.0825991
        ]
      },
      "properties": {
        "内容": "バス停: 鶴山団地口",
        "name": "鶴山団地口",
        "operator": "事業者不明",
        "ref": "",
        "url": "",
        "url2": ""
      }
    },
    {
      "type": "Feature",
      "geometry": {
        "type": "Point",
        "coordinates": [
          134.0036935,
          35.0845153
        ]
      },
      "properties": {
        "内容": "バス停: 上河原",
        "name": "上河原",
        "operator": "事業者不明",
        "ref": "",
        "url": "",
        "url2": ""
      }
    },
    {
      "type": "Feature",
      "geometry": {
        "type": "Point",
        "coordinates": [
          134.0033032,
          35.0674352
        ]
      },
      "properties": {
        "内容": "バス停: 山北",
        "name": "山北",
        "operator": "事業者不明",
        "ref": "",
        "url": "",
        "url2": ""
      }
    },
    {
      "type": "Feature",
      "geometry": {
        "type": "Point",
        "coordinates": [
          134.0033179,
          35.0684846
        ]
      },
      "properties": {
        "内容": "バス停: 市役所西",
        "name": "市役所西",
        "operator": "事業者不明",
        "ref": "",
        "url": "",
        "url2": ""
      }
    },
    {
      "type": "Feature",
      "geometry": {
        "type": "Point",
        "coordinates": [
          134.0033367,
          35.0723109
        ]
      },
      "properties": {
        "内容": "バス停: 工業高校前",
        "name": "工業高校前",
        "operator": "事業者不明",
        "ref": "",
        "url": "",
        "url2": ""
      }
    },
    {
      "type": "Feature",
      "geometry": {
        "type": "Point",
        "coordinates": [
          134.0035593,
          35.0763829
        ]
      },
      "properties": {
        "内容": "バス停: 美作大学前",
        "name": "美作大学前",
        "operator": "事業者不明",
        "ref": "",
        "url": "",
        "url2": ""
      }
    },
    {
      "type": "Feature",
      "geometry": {
        "type": "Point",
        "coordinates": [
          134.0036076,
          35.0801496
        ]
      },
      "properties": {
        "内容": "バス停: 小原東",
        "name": "小原東",
        "operator": "事業者不明",
        "ref": "",
        "url": "",
        "url2": ""
      }
    },
    {
      "type": "Feature",
      "geometry": {
        "type": "Point",
        "coordinates": [
          134.011791,
          35.069804
        ]
      },
      "properties": {
        "内容": "バス停: 津山警察署口",
        "name": "津山警察署口",
        "operator": "事業者不明",
        "ref": "",
        "url": "",
        "url2": ""
      }
    },
    {
      "type": "Feature",
      "geometry": {
        "type": "Point",
        "coordinates": [
          134.0080655,
          35.06958
        ]
      },
      "properties": {
        "内容": "バス停: 東小学校前",
        "name": "東小学校前",
        "operator": "事業者不明",
        "ref": "",
        "url": "",
        "url2": ""
      }
    },
    {
      "type": "Feature",
      "geometry": {
        "type": "Point",
        "coordinates": [
          134.0051875,
          35.0696569
        ]
      },
      "properties": {
        "内容": "バス停: 衆楽園市役所前",
        "name": "衆楽園市役所前",
        "operator": "事業者不明",
        "ref": "",
        "url": "",
        "url2": ""
      }
    },
    {
      "type": "Feature",
      "geometry": {
        "type": "Point",
        "coordinates": [
          134.0144384,
          35.0728443
        ]
      },
      "properties": {
        "内容": "バス停: やよい団地",
        "name": "やよい団地",
        "operator": "事業者不明",
        "ref": "",
        "url": "",
        "url2": ""
      }
    },
    {
      "type": "Feature",
      "geometry": {
        "type": "Point",
        "coordinates": [
          133.8502124,
          34.577092
        ]
      },
      "properties": {
        "内容": "バス停: 丙川",
        "name": "丙川",
        "operator": "事業者不明",
        "ref": "",
        "url": "",
        "url2": ""
      }
    },
    {
      "type": "Feature",
      "geometry": {
        "type": "Point",
        "coordinates": [
          133.8503094,
          34.5777657
        ]
      },
      "properties": {
        "内容": "バス停: 丙川",
        "name": "丙川",
        "operator": "事業者不明",
        "ref": "",
        "url": "",
        "url2": ""
      }
    },
    {
      "type": "Feature",
      "geometry": {
        "type": "Point",
        "coordinates": [
          133.6214031,
          34.8056203
        ]
      },
      "properties": {
        "内容": "バス停: シャトルバス乗り場",
        "name": "シャトルバス乗り場",
        "operator": "事業者不明",
        "ref": "",
        "url": "",
        "url2": ""
      }
    },
    {
      "type": "Feature",
      "geometry": {
        "type": "Point",
        "coordinates": [
          133.6271272,
          34.8072718
        ]
      },
      "properties": {
        "内容": "バス停: シャトルバス乗り場",
        "name": "シャトルバス乗り場",
        "operator": "事業者不明",
        "ref": "",
        "url": "",
        "url2": ""
      }
    },
    {
      "type": "Feature",
      "geometry": {
        "type": "Point",
        "coordinates": [
          134.0292598,
          34.6514173
        ]
      },
      "properties": {
        "内容": "バス停: 東区役所前",
        "name": "東区役所前",
        "operator": "事業者不明",
        "ref": "",
        "url": "",
        "url2": ""
      }
    },
    {
      "type": "Feature",
      "geometry": {
        "type": "Point",
        "coordinates": [
          133.8999416,
          34.7022443
        ]
      },
      "properties": {
        "内容": "バス停: 岡山インター (下電バス;両備バス)",
        "name": "岡山インター",
        "operator": "下電バス;両備バス",
        "ref": "",
        "url": "",
        "url2": ""
      }
    },
    {
      "type": "Feature",
      "geometry": {
        "type": "Point",
        "coordinates": [
          133.9130349,
          34.6644546
        ]
      },
      "properties": {
        "内容": "バス停: 昭和町",
        "name": "昭和町",
        "operator": "事業者不明",
        "ref": "",
        "url": "",
        "url2": ""
      }
    },
    {
      "type": "Feature",
      "geometry": {
        "type": "Point",
        "coordinates": [
          133.9032501,
          34.7002359
        ]
      },
      "properties": {
        "内容": "バス停: 名称不明バス停",
        "name": "名称不明バス停",
        "operator": "事業者不明",
        "ref": "",
        "url": "",
        "url2": ""
      }
    },
    {
      "type": "Feature",
      "geometry": {
        "type": "Point",
        "coordinates": [
          133.9040186,
          34.7029118
        ]
      },
      "properties": {
        "内容": "バス停: 小幸田口",
        "name": "小幸田口",
        "operator": "事業者不明",
        "ref": "",
        "url": "",
        "url2": ""
      }
    },
    {
      "type": "Feature",
      "geometry": {
        "type": "Point",
        "coordinates": [
          133.9040085,
          34.70329
        ]
      },
      "properties": {
        "内容": "バス停: 小幸田口",
        "name": "小幸田口",
        "operator": "事業者不明",
        "ref": "",
        "url": "",
        "url2": ""
      }
    },
    {
      "type": "Feature",
      "geometry": {
        "type": "Point",
        "coordinates": [
          133.9021832,
          34.696003
        ]
      },
      "properties": {
        "内容": "バス停: 名称不明バス停",
        "name": "名称不明バス停",
        "operator": "事業者不明",
        "ref": "",
        "url": "",
        "url2": ""
      }
    },
    {
      "type": "Feature",
      "geometry": {
        "type": "Point",
        "coordinates": [
          133.9022892,
          34.6959826
        ]
      },
      "properties": {
        "内容": "バス停: 名称不明バス停",
        "name": "名称不明バス停",
        "operator": "事業者不明",
        "ref": "",
        "url": "",
        "url2": ""
      }
    },
    {
      "type": "Feature",
      "geometry": {
        "type": "Point",
        "coordinates": [
          133.9081559,
          34.6810576
        ]
      },
      "properties": {
        "内容": "バス停: 伊島町2丁目",
        "name": "伊島町2丁目",
        "operator": "事業者不明",
        "ref": "",
        "url": "",
        "url2": ""
      }
    },
    {
      "type": "Feature",
      "geometry": {
        "type": "Point",
        "coordinates": [
          133.9039824,
          34.6554201
        ]
      },
      "properties": {
        "内容": "バス停: 名称不明バス停",
        "name": "名称不明バス停",
        "operator": "事業者不明",
        "ref": "",
        "url": "",
        "url2": ""
      }
    },
    {
      "type": "Feature",
      "geometry": {
        "type": "Point",
        "coordinates": [
          133.913818,
          34.6563179
        ]
      },
      "properties": {
        "内容": "バス停: 名称不明バス停",
        "name": "名称不明バス停",
        "operator": "事業者不明",
        "ref": "",
        "url": "",
        "url2": ""
      }
    },
    {
      "type": "Feature",
      "geometry": {
        "type": "Point",
        "coordinates": [
          133.9151296,
          34.6647463
        ]
      },
      "properties": {
        "内容": "バス停: 名称不明バス停",
        "name": "名称不明バス停",
        "operator": "事業者不明",
        "ref": "",
        "url": "",
        "url2": ""
      }
    },
    {
      "type": "Feature",
      "geometry": {
        "type": "Point",
        "coordinates": [
          133.920164,
          34.6688345
        ]
      },
      "properties": {
        "内容": "バス停: 名称不明バス停",
        "name": "名称不明バス停",
        "operator": "事業者不明",
        "ref": "",
        "url": "",
        "url2": ""
      }
    },
    {
      "type": "Feature",
      "geometry": {
        "type": "Point",
        "coordinates": [
          133.9197218,
          34.6674296
        ]
      },
      "properties": {
        "内容": "バス停: 名称不明バス停",
        "name": "名称不明バス停",
        "operator": "事業者不明",
        "ref": "",
        "url": "",
        "url2": ""
      }
    },
    {
      "type": "Feature",
      "geometry": {
        "type": "Point",
        "coordinates": [
          133.950223,
          34.6685285
        ]
      },
      "properties": {
        "内容": "バス停: 原東・東郵便局前",
        "name": "原東・東郵便局前",
        "operator": "事業者不明",
        "ref": "",
        "url": "",
        "url2": ""
      }
    },
    {
      "type": "Feature",
      "geometry": {
        "type": "Point",
        "coordinates": [
          133.9511045,
          34.669053
        ]
      },
      "properties": {
        "内容": "バス停: 原東・東郵便局前",
        "name": "原東・東郵便局前",
        "operator": "事業者不明",
        "ref": "",
        "url": "",
        "url2": ""
      }
    },
    {
      "type": "Feature",
      "geometry": {
        "type": "Point",
        "coordinates": [
          133.90987,
          34.6812788
        ]
      },
      "properties": {
        "内容": "バス停: 津島新道 (岡山電気軌道;中鉄バス)",
        "name": "津島新道",
        "operator": "岡山電気軌道;中鉄バス",
        "ref": "",
        "url": "",
        "url2": ""
      }
    },
    {
      "type": "Feature",
      "geometry": {
        "type": "Point",
        "coordinates": [
          133.9864814,
          34.6051381
        ]
      },
      "properties": {
        "内容": "バス停: 名称不明バス停",
        "name": "名称不明バス停",
        "operator": "事業者不明",
        "ref": "",
        "url": "",
        "url2": ""
      }
    },
    {
      "type": "Feature",
      "geometry": {
        "type": "Point",
        "coordinates": [
          133.5049893,
          34.5053076
        ]
      },
      "properties": {
        "内容": "バス停: 笠岡駅前",
        "name": "笠岡駅前",
        "operator": "事業者不明",
        "ref": "4",
        "url": "",
        "url2": ""
      }
    },
    {
      "type": "Feature",
      "geometry": {
        "type": "Point",
        "coordinates": [
          133.9192227,
          34.6635379
        ]
      },
      "properties": {
        "内容": "バス停: 錦町",
        "name": "錦町",
        "operator": "事業者不明",
        "ref": "",
        "url": "",
        "url2": ""
      }
    },
    {
      "type": "Feature",
      "geometry": {
        "type": "Point",
        "coordinates": [
          133.4653477,
          34.6014116
        ]
      },
      "properties": {
        "内容": "バス停: 井原バスセンター",
        "name": "井原バスセンター",
        "operator": "事業者不明",
        "ref": "",
        "url": "",
        "url2": ""
      }
    },
    {
      "type": "Feature",
      "geometry": {
        "type": "Point",
        "coordinates": [
          133.9173226,
          34.6687848
        ]
      },
      "properties": {
        "内容": "バス停: 名称不明バス停",
        "name": "名称不明バス停",
        "operator": "事業者不明",
        "ref": "",
        "url": "",
        "url2": ""
      }
    },
    {
      "type": "Feature",
      "geometry": {
        "type": "Point",
        "coordinates": [
          133.9180095,
          34.6706082
        ]
      },
      "properties": {
        "内容": "バス停: 済生会病院前",
        "name": "済生会病院前",
        "operator": "事業者不明",
        "ref": "",
        "url": "",
        "url2": ""
      }
    },
    {
      "type": "Feature",
      "geometry": {
        "type": "Point",
        "coordinates": [
          133.922684,
          34.6706556
        ]
      },
      "properties": {
        "内容": "バス停: 名称不明バス停",
        "name": "名称不明バス停",
        "operator": "事業者不明",
        "ref": "",
        "url": "",
        "url2": ""
      }
    },
    {
      "type": "Feature",
      "geometry": {
        "type": "Point",
        "coordinates": [
          133.9264143,
          34.6663203
        ]
      },
      "properties": {
        "内容": "バス停: 柳川",
        "name": "柳川",
        "operator": "事業者不明",
        "ref": "",
        "url": "",
        "url2": ""
      }
    },
    {
      "type": "Feature",
      "geometry": {
        "type": "Point",
        "coordinates": [
          133.9264282,
          34.6686002
        ]
      },
      "properties": {
        "内容": "バス停: 名称不明バス停",
        "name": "名称不明バス停",
        "operator": "事業者不明",
        "ref": "",
        "url": "",
        "url2": ""
      }
    },
    {
      "type": "Feature",
      "geometry": {
        "type": "Point",
        "coordinates": [
          133.9260737,
          34.6668922
        ]
      },
      "properties": {
        "内容": "バス停: 柳川",
        "name": "柳川",
        "operator": "事業者不明",
        "ref": "",
        "url": "",
        "url2": ""
      }
    },
    {
      "type": "Feature",
      "geometry": {
        "type": "Point",
        "coordinates": [
          133.9227393,
          34.6668553
        ]
      },
      "properties": {
        "内容": "バス停: 岡ビル前",
        "name": "岡ビル前",
        "operator": "事業者不明",
        "ref": "",
        "url": "",
        "url2": ""
      }
    },
    {
      "type": "Feature",
      "geometry": {
        "type": "Point",
        "coordinates": [
          133.9015968,
          34.7099408
        ]
      },
      "properties": {
        "内容": "バス停: 名称不明バス停",
        "name": "名称不明バス停",
        "operator": "事業者不明",
        "ref": "",
        "url": "",
        "url2": ""
      }
    },
    {
      "type": "Feature",
      "geometry": {
        "type": "Point",
        "coordinates": [
          134.0014825,
          35.0604415
        ]
      },
      "properties": {
        "内容": "バス停: 津山中央記念病院前 (中鉄ほくぶバス)",
        "name": "津山中央記念病院前",
        "operator": "中鉄ほくぶバス",
        "ref": "",
        "url": "",
        "url2": ""
      }
    },
    {
      "type": "Feature",
      "geometry": {
        "type": "Point",
        "coordinates": [
          134.0258436,
          34.6561853
        ]
      },
      "properties": {
        "内容": "バス停: 警察署前",
        "name": "警察署前",
        "operator": "事業者不明",
        "ref": "",
        "url": "",
        "url2": ""
      }
    },
    {
      "type": "Feature",
      "geometry": {
        "type": "Point",
        "coordinates": [
          133.933667,
          34.6695113
        ]
      },
      "properties": {
        "内容": "バス停: 名称不明バス停",
        "name": "名称不明バス停",
        "operator": "事業者不明",
        "ref": "",
        "url": "",
        "url2": ""
      }
    },
    {
      "type": "Feature",
      "geometry": {
        "type": "Point",
        "coordinates": [
          134.0260188,
          34.6562644
        ]
      },
      "properties": {
        "内容": "バス停: 警察署前",
        "name": "警察署前",
        "operator": "事業者不明",
        "ref": "",
        "url": "",
        "url2": ""
      }
    },
    {
      "type": "Feature",
      "geometry": {
        "type": "Point",
        "coordinates": [
          134.0274144,
          34.6526174
        ]
      },
      "properties": {
        "内容": "バス停: 西大寺農協",
        "name": "西大寺農協",
        "operator": "事業者不明",
        "ref": "",
        "url": "",
        "url2": ""
      }
    },
    {
      "type": "Feature",
      "geometry": {
        "type": "Point",
        "coordinates": [
          133.9977977,
          35.0608572
        ]
      },
      "properties": {
        "内容": "バス停: 名称不明バス停",
        "name": "名称不明バス停",
        "operator": "事業者不明",
        "ref": "",
        "url": "",
        "url2": ""
      }
    },
    {
      "type": "Feature",
      "geometry": {
        "type": "Point",
        "coordinates": [
          134.0420566,
          34.6635239
        ]
      },
      "properties": {
        "内容": "バス停: 会陽の里",
        "name": "会陽の里",
        "operator": "事業者不明",
        "ref": "",
        "url": "",
        "url2": ""
      }
    },
    {
      "type": "Feature",
      "geometry": {
        "type": "Point",
        "coordinates": [
          133.8042551,
          34.465824
        ]
      },
      "properties": {
        "内容": "バス停: 天満屋ハピータウン前",
        "name": "天満屋ハピータウン前",
        "operator": "事業者不明",
        "ref": "",
        "url": "",
        "url2": ""
      }
    },
    {
      "type": "Feature",
      "geometry": {
        "type": "Point",
        "coordinates": [
          133.8035953,
          34.4674416
        ]
      },
      "properties": {
        "内容": "バス停: 児島市民交流センター南",
        "name": "児島市民交流センター南",
        "operator": "事業者不明",
        "ref": "",
        "url": "",
        "url2": ""
      }
    },
    {
      "type": "Feature",
      "geometry": {
        "type": "Point",
        "coordinates": [
          133.8035792,
          34.4672371
        ]
      },
      "properties": {
        "内容": "バス停: 児島市民交流センター南",
        "name": "児島市民交流センター南",
        "operator": "事業者不明",
        "ref": "",
        "url": "",
        "url2": ""
      }
    },
    {
      "type": "Feature",
      "geometry": {
        "type": "Point",
        "coordinates": [
          133.8022408,
          34.4656394
        ]
      },
      "properties": {
        "内容": "バス停: 味野医院前",
        "name": "味野医院前",
        "operator": "事業者不明",
        "ref": "",
        "url": "",
        "url2": ""
      }
    },
    {
      "type": "Feature",
      "geometry": {
        "type": "Point",
        "coordinates": [
          133.8024091,
          34.4658146
        ]
      },
      "properties": {
        "内容": "バス停: 味野医院前",
        "name": "味野医院前",
        "operator": "事業者不明",
        "ref": "",
        "url": "",
        "url2": ""
      }
    },
    {
      "type": "Feature",
      "geometry": {
        "type": "Point",
        "coordinates": [
          133.803138,
          34.4599073
        ]
      },
      "properties": {
        "内容": "バス停: マルナカ児島店前",
        "name": "マルナカ児島店前",
        "operator": "事業者不明",
        "ref": "",
        "url": "",
        "url2": ""
      }
    },
    {
      "type": "Feature",
      "geometry": {
        "type": "Point",
        "coordinates": [
          133.8033566,
          34.4598188
        ]
      },
      "properties": {
        "内容": "バス停: マルナカ児島店前",
        "name": "マルナカ児島店前",
        "operator": "事業者不明",
        "ref": "",
        "url": "",
        "url2": ""
      }
    },
    {
      "type": "Feature",
      "geometry": {
        "type": "Point",
        "coordinates": [
          133.8023253,
          34.4633948
        ]
      },
      "properties": {
        "内容": "バス停: 味野中学校前",
        "name": "味野中学校前",
        "operator": "事業者不明",
        "ref": "",
        "url": "",
        "url2": ""
      }
    },
    {
      "type": "Feature",
      "geometry": {
        "type": "Point",
        "coordinates": [
          133.80245,
          34.4633937
        ]
      },
      "properties": {
        "内容": "バス停: 味野中学校前",
        "name": "味野中学校前",
        "operator": "事業者不明",
        "ref": "",
        "url": "",
        "url2": ""
      }
    },
    {
      "type": "Feature",
      "geometry": {
        "type": "Point",
        "coordinates": [
          133.8016628,
          34.4556942
        ]
      },
      "properties": {
        "内容": "バス停: 扇の嵶入口",
        "name": "扇の嵶入口",
        "operator": "事業者不明",
        "ref": "",
        "url": "",
        "url2": ""
      }
    },
    {
      "type": "Feature",
      "geometry": {
        "type": "Point",
        "coordinates": [
          133.8018492,
          34.455463
        ]
      },
      "properties": {
        "内容": "バス停: 扇の嵶入口",
        "name": "扇の嵶入口",
        "operator": "事業者不明",
        "ref": "",
        "url": "",
        "url2": ""
      }
    },
    {
      "type": "Feature",
      "geometry": {
        "type": "Point",
        "coordinates": [
          134.0270505,
          34.6483369
        ]
      },
      "properties": {
        "内容": "バス停: 岡山西大寺病院前 (両備バス)",
        "name": "岡山西大寺病院前",
        "operator": "両備バス",
        "ref": "",
        "url": "",
        "url2": ""
      }
    },
    {
      "type": "Feature",
      "geometry": {
        "type": "Point",
        "coordinates": [
          134.0820395,
          34.6232176
        ]
      },
      "properties": {
        "内容": "バス停: 宿毛",
        "name": "宿毛",
        "operator": "事業者不明",
        "ref": "",
        "url": "",
        "url2": ""
      }
    },
    {
      "type": "Feature",
      "geometry": {
        "type": "Point",
        "coordinates": [
          134.0841803,
          34.6234374
        ]
      },
      "properties": {
        "内容": "バス停: 宿毛東",
        "name": "宿毛東",
        "operator": "事業者不明",
        "ref": "",
        "url": "",
        "url2": ""
      }
    },
    {
      "type": "Feature",
      "geometry": {
        "type": "Point",
        "coordinates": [
          134.0842001,
          34.6233639
        ]
      },
      "properties": {
        "内容": "バス停: 宿毛東",
        "name": "宿毛東",
        "operator": "事業者不明",
        "ref": "",
        "url": "",
        "url2": ""
      }
    },
    {
      "type": "Feature",
      "geometry": {
        "type": "Point",
        "coordinates": [
          134.0806431,
          34.6230187
        ]
      },
      "properties": {
        "内容": "バス停: 宿毛",
        "name": "宿毛",
        "operator": "事業者不明",
        "ref": "",
        "url": "",
        "url2": ""
      }
    },
    {
      "type": "Feature",
      "geometry": {
        "type": "Point",
        "coordinates": [
          134.0690576,
          34.6261817
        ]
      },
      "properties": {
        "内容": "バス停: 邑久郷西",
        "name": "邑久郷西",
        "operator": "事業者不明",
        "ref": "",
        "url": "",
        "url2": ""
      }
    },
    {
      "type": "Feature",
      "geometry": {
        "type": "Point",
        "coordinates": [
          134.0690494,
          34.6261044
        ]
      },
      "properties": {
        "内容": "バス停: 邑久郷西",
        "name": "邑久郷西",
        "operator": "事業者不明",
        "ref": "",
        "url": "",
        "url2": ""
      }
    },
    {
      "type": "Feature",
      "geometry": {
        "type": "Point",
        "coordinates": [
          134.0655775,
          34.6281434
        ]
      },
      "properties": {
        "内容": "バス停: 吉塔東",
        "name": "吉塔東",
        "operator": "事業者不明",
        "ref": "",
        "url": "",
        "url2": ""
      }
    },
    {
      "type": "Feature",
      "geometry": {
        "type": "Point",
        "coordinates": [
          134.0654967,
          34.6280926
        ]
      },
      "properties": {
        "内容": "バス停: 吉塔東",
        "name": "吉塔東",
        "operator": "事業者不明",
        "ref": "",
        "url": "",
        "url2": ""
      }
    },
    {
      "type": "Feature",
      "geometry": {
        "type": "Point",
        "coordinates": [
          133.5847354,
          34.9686266
        ]
      },
      "properties": {
        "内容": "バス停: 満奇洞",
        "name": "満奇洞",
        "operator": "事業者不明",
        "ref": "",
        "url": "",
        "url2": ""
      }
    },
    {
      "type": "Feature",
      "geometry": {
        "type": "Point",
        "coordinates": [
          133.5013117,
          35.0103989
        ]
      },
      "properties": {
        "内容": "バス停: 熊谷",
        "name": "熊谷",
        "operator": "事業者不明",
        "ref": "",
        "url": "",
        "url2": ""
      }
    },
    {
      "type": "Feature",
      "geometry": {
        "type": "Point",
        "coordinates": [
          133.4991746,
          35.0109152
        ]
      },
      "properties": {
        "内容": "バス停: 熊谷",
        "name": "熊谷",
        "operator": "事業者不明",
        "ref": "",
        "url": "",
        "url2": ""
      }
    },
    {
      "type": "Feature",
      "geometry": {
        "type": "Point",
        "coordinates": [
          133.5385776,
          35.0349468
        ]
      },
      "properties": {
        "内容": "バス停: 大佐",
        "name": "大佐",
        "operator": "事業者不明",
        "ref": "",
        "url": "",
        "url2": ""
      }
    },
    {
      "type": "Feature",
      "geometry": {
        "type": "Point",
        "coordinates": [
          133.540879,
          35.0362141
        ]
      },
      "properties": {
        "内容": "バス停: 大佐",
        "name": "大佐",
        "operator": "事業者不明",
        "ref": "",
        "url": "",
        "url2": ""
      }
    },
    {
      "type": "Feature",
      "geometry": {
        "type": "Point",
        "coordinates": [
          133.3295606,
          34.9459386
        ]
      },
      "properties": {
        "内容": "バス停: 哲西",
        "name": "哲西",
        "operator": "事業者不明",
        "ref": "",
        "url": "",
        "url2": ""
      }
    },
    {
      "type": "Feature",
      "geometry": {
        "type": "Point",
        "coordinates": [
          133.3299535,
          34.9458434
        ]
      },
      "properties": {
        "内容": "バス停: 哲西",
        "name": "哲西",
        "operator": "事業者不明",
        "ref": "",
        "url": "",
        "url2": ""
      }
    },
    {
      "type": "Feature",
      "geometry": {
        "type": "Point",
        "coordinates": [
          133.4471366,
          34.9942357
        ]
      },
      "properties": {
        "内容": "バス停: 新見インター(のりば)",
        "name": "新見インター(のりば)",
        "operator": "事業者不明",
        "ref": "",
        "url": "",
        "url2": ""
      }
    },
    {
      "type": "Feature",
      "geometry": {
        "type": "Point",
        "coordinates": [
          133.4471719,
          34.9943759
        ]
      },
      "properties": {
        "内容": "バス停: 新見インター(おりば)",
        "name": "新見インター(おりば)",
        "operator": "事業者不明",
        "ref": "",
        "url": "",
        "url2": ""
      }
    },
    {
      "type": "Feature",
      "geometry": {
        "type": "Point",
        "coordinates": [
          133.457702,
          34.9898267
        ]
      },
      "properties": {
        "内容": "バス停: 中国新見",
        "name": "中国新見",
        "operator": "事業者不明",
        "ref": "",
        "url": "",
        "url2": ""
      }
    },
    {
      "type": "Feature",
      "geometry": {
        "type": "Point",
        "coordinates": [
          133.7440672,
          34.5996185
        ]
      },
      "properties": {
        "内容": "バス停: 名称不明バス停",
        "name": "名称不明バス停",
        "operator": "事業者不明",
        "ref": "",
        "url": "",
        "url2": ""
      }
    },
    {
      "type": "Feature",
      "geometry": {
        "type": "Point",
        "coordinates": [
          133.7047938,
          34.5892696
        ]
      },
      "properties": {
        "内容": "バス停: 北谷 (倉敷市船穂地区コミュニティタクシー)",
        "name": "北谷",
        "operator": "倉敷市船穂地区コミュニティタクシー",
        "ref": "",
        "url": "",
        "url2": ""
      }
    },
    {
      "type": "Feature",
      "geometry": {
        "type": "Point",
        "coordinates": [
          133.7029891,
          34.5887975
        ]
      },
      "properties": {
        "内容": "バス停: 前谷 (倉敷市船穂地区コミュニティタクシー)",
        "name": "前谷",
        "operator": "倉敷市船穂地区コミュニティタクシー",
        "ref": "",
        "url": "",
        "url2": ""
      }
    },
    {
      "type": "Feature",
      "geometry": {
        "type": "Point",
        "coordinates": [
          133.7231784,
          34.5868296
        ]
      },
      "properties": {
        "内容": "バス停: ニシナ西原店前 (倉敷市船穂地区コミュニティタクシー)",
        "name": "ニシナ西原店前",
        "operator": "倉敷市船穂地区コミュニティタクシー",
        "ref": "",
        "url": "",
        "url2": ""
      }
    },
    {
      "type": "Feature",
      "geometry": {
        "type": "Point",
        "coordinates": [
          133.7105717,
          34.5868627
        ]
      },
      "properties": {
        "内容": "バス停: 水門 (倉敷市船穂地区コミュニティタクシー)",
        "name": "水門",
        "operator": "倉敷市船穂地区コミュニティタクシー",
        "ref": "",
        "url": "",
        "url2": ""
      }
    },
    {
      "type": "Feature",
      "geometry": {
        "type": "Point",
        "coordinates": [
          133.7084406,
          34.5846656
        ]
      },
      "properties": {
        "内容": "バス停: 船穂公民館 (倉敷市船穂地区コミュニティタクシー)",
        "name": "船穂公民館",
        "operator": "倉敷市船穂地区コミュニティタクシー",
        "ref": "",
        "url": "",
        "url2": ""
      }
    },
    {
      "type": "Feature",
      "geometry": {
        "type": "Point",
        "coordinates": [
          133.7057263,
          34.5842372
        ]
      },
      "properties": {
        "内容": "バス停: 船穂農協前 (倉敷市船穂地区コミュニティタクシー)",
        "name": "船穂農協前",
        "operator": "倉敷市船穂地区コミュニティタクシー",
        "ref": "",
        "url": "",
        "url2": ""
      }
    },
    {
      "type": "Feature",
      "geometry": {
        "type": "Point",
        "coordinates": [
          133.703506,
          34.5849703
        ]
      },
      "properties": {
        "内容": "バス停: 下鳥向コミュニティハウス (倉敷市船穂地区コミュニティタクシー)",
        "name": "下鳥向コミュニティハウス",
        "operator": "倉敷市船穂地区コミュニティタクシー",
        "ref": "",
        "url": "",
        "url2": ""
      }
    },
    {
      "type": "Feature",
      "geometry": {
        "type": "Point",
        "coordinates": [
          133.7004189,
          34.5841961
        ]
      },
      "properties": {
        "内容": "バス停: 大舟尾 (倉敷市船穂地区コミュニティタクシー)",
        "name": "大舟尾",
        "operator": "倉敷市船穂地区コミュニティタクシー",
        "ref": "",
        "url": "",
        "url2": ""
      }
    },
    {
      "type": "Feature",
      "geometry": {
        "type": "Point",
        "coordinates": [
          133.6972098,
          34.5823144
        ]
      },
      "properties": {
        "内容": "バス停: 高齢者福祉センター (倉敷市船穂地区コミュニティタクシー)",
        "name": "高齢者福祉センター",
        "operator": "倉敷市船穂地区コミュニティタクシー",
        "ref": "",
        "url": "",
        "url2": ""
      }
    },
    {
      "type": "Feature",
      "geometry": {
        "type": "Point",
        "coordinates": [
          133.6950523,
          34.5802502
        ]
      },
      "properties": {
        "内容": "バス停: 長崎 (倉敷市船穂地区コミュニティタクシー)",
        "name": "長崎",
        "operator": "倉敷市船穂地区コミュニティタクシー",
        "ref": "",
        "url": "",
        "url2": ""
      }
    },
    {
      "type": "Feature",
      "geometry": {
        "type": "Point",
        "coordinates": [
          133.6812968,
          34.5770418
        ]
      },
      "properties": {
        "内容": "バス停: 作陽学園北 (両備バス)",
        "name": "作陽学園北",
        "operator": "両備バス",
        "ref": "",
        "url": "",
        "url2": ""
      }
    },
    {
      "type": "Feature",
      "geometry": {
        "type": "Point",
        "coordinates": [
          133.6811878,
          34.5771962
        ]
      },
      "properties": {
        "内容": "バス停: 作陽学園北 (両備バス)",
        "name": "作陽学園北",
        "operator": "両備バス",
        "ref": "",
        "url": "",
        "url2": ""
      }
    },
    {
      "type": "Feature",
      "geometry": {
        "type": "Point",
        "coordinates": [
          133.6790745,
          34.5738651
        ]
      },
      "properties": {
        "内容": "バス停: 作陽学園正門 (両備バス)",
        "name": "作陽学園正門",
        "operator": "両備バス",
        "ref": "",
        "url": "",
        "url2": ""
      }
    },
    {
      "type": "Feature",
      "geometry": {
        "type": "Point",
        "coordinates": [
          133.6791522,
          34.5727922
        ]
      },
      "properties": {
        "内容": "バス停: 作陽学園正門 (両備バス)",
        "name": "作陽学園正門",
        "operator": "両備バス",
        "ref": "",
        "url": "",
        "url2": ""
      }
    },
    {
      "type": "Feature",
      "geometry": {
        "type": "Point",
        "coordinates": [
          133.637904,
          34.5541377
        ]
      },
      "properties": {
        "内容": "バス停: 名称不明バス停",
        "name": "名称不明バス停",
        "operator": "事業者不明",
        "ref": "",
        "url": "",
        "url2": ""
      }
    },
    {
      "type": "Feature",
      "geometry": {
        "type": "Point",
        "coordinates": [
          134.2032954,
          34.8116782
        ]
      },
      "properties": {
        "内容": "バス停: 吉永病院 (ウエスト神姫; 和気町)",
        "name": "吉永病院",
        "operator": "ウエスト神姫; 和気町",
        "ref": "",
        "url": "",
        "url2": ""
      }
    },
    {
      "type": "Feature",
      "geometry": {
        "type": "Point",
        "coordinates": [
          134.2093867,
          34.8116155
        ]
      },
      "properties": {
        "内容": "バス停: B&G海洋センター口 (ウエスト神姫)",
        "name": "B&G海洋センター口",
        "operator": "ウエスト神姫",
        "ref": "",
        "url": "",
        "url2": ""
      }
    },
    {
      "type": "Feature",
      "geometry": {
        "type": "Point",
        "coordinates": [
          134.2097086,
          34.8115692
        ]
      },
      "properties": {
        "内容": "バス停: B&G海洋センター口 (ウエスト神姫)",
        "name": "B&G海洋センター口",
        "operator": "ウエスト神姫",
        "ref": "",
        "url": "",
        "url2": ""
      }
    },
    {
      "type": "Feature",
      "geometry": {
        "type": "Point",
        "coordinates": [
          134.2146841,
          34.8113408
        ]
      },
      "properties": {
        "内容": "バス停: ヨータイ入口 (ウエスト神姫)",
        "name": "ヨータイ入口",
        "operator": "ウエスト神姫",
        "ref": "",
        "url": "",
        "url2": ""
      }
    },
    {
      "type": "Feature",
      "geometry": {
        "type": "Point",
        "coordinates": [
          134.2162049,
          34.8110985
        ]
      },
      "properties": {
        "内容": "バス停: ヨータイ入口 (ウエスト神姫)",
        "name": "ヨータイ入口",
        "operator": "ウエスト神姫",
        "ref": "",
        "url": "",
        "url2": ""
      }
    },
    {
      "type": "Feature",
      "geometry": {
        "type": "Point",
        "coordinates": [
          134.2232732,
          34.8095278
        ]
      },
      "properties": {
        "内容": "バス停: 福満 (ウエスト神姫)",
        "name": "福満",
        "operator": "ウエスト神姫",
        "ref": "",
        "url": "",
        "url2": ""
      }
    },
    {
      "type": "Feature",
      "geometry": {
        "type": "Point",
        "coordinates": [
          134.2263993,
          34.8094898
        ]
      },
      "properties": {
        "内容": "バス停: 田倉下 (日生交通; ウエスト神姫)",
        "name": "田倉下",
        "operator": "日生交通; ウエスト神姫",
        "ref": "",
        "url": "",
        "url2": ""
      }
    },
    {
      "type": "Feature",
      "geometry": {
        "type": "Point",
        "coordinates": [
          134.2263651,
          34.8094177
        ]
      },
      "properties": {
        "内容": "バス停: 田倉下 (日生交通; ウエスト神姫)",
        "name": "田倉下",
        "operator": "日生交通; ウエスト神姫",
        "ref": "",
        "url": "",
        "url2": ""
      }
    },
    {
      "type": "Feature",
      "geometry": {
        "type": "Point",
        "coordinates": [
          134.2307894,
          34.8093654
        ]
      },
      "properties": {
        "内容": "バス停: 牛神社入口 (日生交通; ウエスト神姫)",
        "name": "牛神社入口",
        "operator": "日生交通; ウエスト神姫",
        "ref": "",
        "url": "",
        "url2": ""
      }
    },
    {
      "type": "Feature",
      "geometry": {
        "type": "Point",
        "coordinates": [
          134.2311984,
          34.809394
        ]
      },
      "properties": {
        "内容": "バス停: 牛神社入口 (日生交通; ウエスト神姫)",
        "name": "牛神社入口",
        "operator": "日生交通; ウエスト神姫",
        "ref": "",
        "url": "",
        "url2": ""
      }
    },
    {
      "type": "Feature",
      "geometry": {
        "type": "Point",
        "coordinates": [
          134.2444338,
          34.8098361
        ]
      },
      "properties": {
        "内容": "バス停: 金谷西 (日生交通; ウエスト神姫)",
        "name": "金谷西",
        "operator": "日生交通; ウエスト神姫",
        "ref": "",
        "url": "",
        "url2": ""
      }
    },
    {
      "type": "Feature",
      "geometry": {
        "type": "Point",
        "coordinates": [
          134.2462617,
          34.8088242
        ]
      },
      "properties": {
        "内容": "バス停: 金谷 (日生交通; ウエスト神姫)",
        "name": "金谷",
        "operator": "日生交通; ウエスト神姫",
        "ref": "",
        "url": "",
        "url2": ""
      }
    },
    {
      "type": "Feature",
      "geometry": {
        "type": "Point",
        "coordinates": [
          134.2553611,
          34.8062926
        ]
      },
      "properties": {
        "内容": "バス停: 野谷本村 (日生交通; ウエスト神姫)",
        "name": "野谷本村",
        "operator": "日生交通; ウエスト神姫",
        "ref": "",
        "url": "",
        "url2": ""
      }
    },
    {
      "type": "Feature",
      "geometry": {
        "type": "Point",
        "coordinates": [
          134.2592503,
          34.8035529
        ]
      },
      "properties": {
        "内容": "バス停: 畑 (日生交通; ウエスト神姫)",
        "name": "畑",
        "operator": "日生交通; ウエスト神姫",
        "ref": "",
        "url": "",
        "url2": ""
      }
    },
    {
      "type": "Feature",
      "geometry": {
        "type": "Point",
        "coordinates": [
          134.2808475,
          34.8095201
        ]
      },
      "properties": {
        "内容": "バス停: 三石 (備前市; 日生交通; ウエスト神姫)",
        "name": "三石",
        "operator": "備前市; 日生交通; ウエスト神姫",
        "ref": "",
        "url": "",
        "url2": ""
      }
    },
    {
      "type": "Feature",
      "geometry": {
        "type": "Point",
        "coordinates": [
          134.277944,
          34.8075535
        ]
      },
      "properties": {
        "内容": "バス停: 船坂峠入口 (備前市; 日生交通; ウエスト神姫)",
        "name": "船坂峠入口",
        "operator": "備前市; 日生交通; ウエスト神姫",
        "ref": "",
        "url": "",
        "url2": ""
      }
    },
    {
      "type": "Feature",
      "geometry": {
        "type": "Point",
        "coordinates": [
          134.2750338,
          34.8045539
        ]
      },
      "properties": {
        "内容": "バス停: 三石駅 (備前市; 日生交通; ウエスト神姫)",
        "name": "三石駅",
        "operator": "備前市; 日生交通; ウエスト神姫",
        "ref": "",
        "url": "",
        "url2": ""
      }
    },
    {
      "type": "Feature",
      "geometry": {
        "type": "Point",
        "coordinates": [
          134.2723972,
          34.8032952
        ]
      },
      "properties": {
        "内容": "バス停: 農協前 (備前市;備前バス;日生交通;ウエスト神姫)",
        "name": "農協前",
        "operator": "備前市;備前バス;日生交通;ウエスト神姫",
        "ref": "",
        "url": "",
        "url2": ""
      }
    },
    {
      "type": "Feature",
      "geometry": {
        "type": "Point",
        "coordinates": [
          134.269259,
          34.8016181
        ]
      },
      "properties": {
        "内容": "バス停: 大橋 (備前市; 日生交通; ウエスト神姫)",
        "name": "大橋",
        "operator": "備前市; 日生交通; ウエスト神姫",
        "ref": "",
        "url": "",
        "url2": ""
      }
    },
    {
      "type": "Feature",
      "geometry": {
        "type": "Point",
        "coordinates": [
          134.2724897,
          34.7988539
        ]
      },
      "properties": {
        "内容": "バス停: 宮内 (備前市; 日生交通; ウエスト神姫)",
        "name": "宮内",
        "operator": "備前市; 日生交通; ウエスト神姫",
        "ref": "",
        "url": "",
        "url2": ""
      }
    },
    {
      "type": "Feature",
      "geometry": {
        "type": "Point",
        "coordinates": [
          134.2727244,
          34.7988881
        ]
      },
      "properties": {
        "内容": "バス停: 宮内 (備前市; 日生交通; ウエスト神姫)",
        "name": "宮内",
        "operator": "備前市; 日生交通; ウエスト神姫",
        "ref": "",
        "url": "",
        "url2": ""
      }
    },
    {
      "type": "Feature",
      "geometry": {
        "type": "Point",
        "coordinates": [
          134.2753744,
          34.7982383
        ]
      },
      "properties": {
        "内容": "バス停: 三石ふれあいセンター (備前市; 日生交通; ウエスト神姫)",
        "name": "三石ふれあいセンター",
        "operator": "備前市; 日生交通; ウエスト神姫",
        "ref": "",
        "url": "",
        "url2": ""
      }
    },
    {
      "type": "Feature",
      "geometry": {
        "type": "Point",
        "coordinates": [
          134.277374,
          34.7940974
        ]
      },
      "properties": {
        "内容": "バス停: 渡瀬 (日生交通; ウエスト神姫)",
        "name": "渡瀬",
        "operator": "日生交通; ウエスト神姫",
        "ref": "",
        "url": "",
        "url2": ""
      }
    },
    {
      "type": "Feature",
      "geometry": {
        "type": "Point",
        "coordinates": [
          134.2757077,
          34.792359
        ]
      },
      "properties": {
        "内容": "バス停: 土師神根 (日生交通; ウエスト神姫)",
        "name": "土師神根",
        "operator": "日生交通; ウエスト神姫",
        "ref": "",
        "url": "",
        "url2": ""
      }
    },
    {
      "type": "Feature",
      "geometry": {
        "type": "Point",
        "coordinates": [
          134.2809105,
          34.7878846
        ]
      },
      "properties": {
        "内容": "バス停: 福石下 (日生交通; ウエスト神姫)",
        "name": "福石下",
        "operator": "日生交通; ウエスト神姫",
        "ref": "",
        "url": "",
        "url2": ""
      }
    },
    {
      "type": "Feature",
      "geometry": {
        "type": "Point",
        "coordinates": [
          134.281121,
          34.7878681
        ]
      },
      "properties": {
        "内容": "バス停: 福石下 (日生交通; ウエスト神姫)",
        "name": "福石下",
        "operator": "日生交通; ウエスト神姫",
        "ref": "",
        "url": "",
        "url2": ""
      }
    },
    {
      "type": "Feature",
      "geometry": {
        "type": "Point",
        "coordinates": [
          134.2866625,
          34.7834271
        ]
      },
      "properties": {
        "内容": "バス停: 福石中西 (日生交通; ウエスト神姫)",
        "name": "福石中西",
        "operator": "日生交通; ウエスト神姫",
        "ref": "",
        "url": "",
        "url2": ""
      }
    },
    {
      "type": "Feature",
      "geometry": {
        "type": "Point",
        "coordinates": [
          134.2865485,
          34.7834007
        ]
      },
      "properties": {
        "内容": "バス停: 福石中西 (日生交通; ウエスト神姫)",
        "name": "福石中西",
        "operator": "日生交通; ウエスト神姫",
        "ref": "",
        "url": "",
        "url2": ""
      }
    },
    {
      "type": "Feature",
      "geometry": {
        "type": "Point",
        "coordinates": [
          134.2916702,
          34.7823488
        ]
      },
      "properties": {
        "内容": "バス停: 福石中東 (日生交通; ウエスト神姫)",
        "name": "福石中東",
        "operator": "日生交通; ウエスト神姫",
        "ref": "",
        "url": "",
        "url2": ""
      }
    },
    {
      "type": "Feature",
      "geometry": {
        "type": "Point",
        "coordinates": [
          134.2913496,
          34.782406
        ]
      },
      "properties": {
        "内容": "バス停: 福石中東 (日生交通; ウエスト神姫)",
        "name": "福石中東",
        "operator": "日生交通; ウエスト神姫",
        "ref": "",
        "url": "",
        "url2": ""
      }
    },
    {
      "type": "Feature",
      "geometry": {
        "type": "Point",
        "coordinates": [
          134.2965216,
          34.7823758
        ]
      },
      "properties": {
        "内容": "バス停: 福石上 (日生交通; ウエスト神姫)",
        "name": "福石上",
        "operator": "日生交通; ウエスト神姫",
        "ref": "",
        "url": "",
        "url2": ""
      }
    },
    {
      "type": "Feature",
      "geometry": {
        "type": "Point",
        "coordinates": [
          134.2970829,
          34.7824149
        ]
      },
      "properties": {
        "内容": "バス停: 福石上 (日生交通; ウエスト神姫)",
        "name": "福石上",
        "operator": "日生交通; ウエスト神姫",
        "ref": "",
        "url": "",
        "url2": ""
      }
    },
    {
      "type": "Feature",
      "geometry": {
        "type": "Point",
        "coordinates": [
          134.3140532,
          34.7820348
        ]
      },
      "properties": {
        "内容": "バス停: 寺山口 (ウエスト神姫)",
        "name": "寺山口",
        "operator": "ウエスト神姫",
        "ref": "",
        "url": "",
        "url2": ""
      }
    },
    {
      "type": "Feature",
      "geometry": {
        "type": "Point",
        "coordinates": [
          134.3141028,
          34.7821197
        ]
      },
      "properties": {
        "内容": "バス停: 寺山口 (ウエスト神姫)",
        "name": "寺山口",
        "operator": "ウエスト神姫",
        "ref": "",
        "url": "",
        "url2": ""
      }
    },
    {
      "type": "Feature",
      "geometry": {
        "type": "Point",
        "coordinates": [
          134.1865973,
          34.7442761
        ]
      },
      "properties": {
        "内容": "バス停: 市民センター (備前市; インベタクシー)",
        "name": "市民センター",
        "operator": "備前市; インベタクシー",
        "ref": "",
        "url": "",
        "url2": ""
      }
    },
    {
      "type": "Feature",
      "geometry": {
        "type": "Point",
        "coordinates": [
          134.1860662,
          34.7439785
        ]
      },
      "properties": {
        "内容": "バス停: 市民センター (備前市; インベタクシー)",
        "name": "市民センター",
        "operator": "備前市; インベタクシー",
        "ref": "",
        "url": "",
        "url2": ""
      }
    },
    {
      "type": "Feature",
      "geometry": {
        "type": "Point",
        "coordinates": [
          134.1877708,
          34.7446474
        ]
      },
      "properties": {
        "内容": "バス停: 市役所前 (備前市; インベタクシー)",
        "name": "市役所前",
        "operator": "備前市; インベタクシー",
        "ref": "",
        "url": "",
        "url2": ""
      }
    },
    {
      "type": "Feature",
      "geometry": {
        "type": "Point",
        "coordinates": [
          134.1884279,
          34.7449472
        ]
      },
      "properties": {
        "内容": "バス停: 市役所前 (備前市; インベタクシー)",
        "name": "市役所前",
        "operator": "備前市; インベタクシー",
        "ref": "",
        "url": "",
        "url2": ""
      }
    },
    {
      "type": "Feature",
      "geometry": {
        "type": "Point",
        "coordinates": [
          134.1941075,
          34.7468007
        ]
      },
      "properties": {
        "内容": "バス停: 法務局前 (備前市; インベタクシー)",
        "name": "法務局前",
        "operator": "備前市; インベタクシー",
        "ref": "",
        "url": "",
        "url2": ""
      }
    },
    {
      "type": "Feature",
      "geometry": {
        "type": "Point",
        "coordinates": [
          134.1943288,
          34.7471577
        ]
      },
      "properties": {
        "内容": "バス停: 法務局前 (備前市; インベタクシー)",
        "name": "法務局前",
        "operator": "備前市; インベタクシー",
        "ref": "",
        "url": "",
        "url2": ""
      }
    },
    {
      "type": "Feature",
      "geometry": {
        "type": "Point",
        "coordinates": [
          134.1969909,
          34.7481186
        ]
      },
      "properties": {
        "内容": "バス停: 備前片上駅 (備前市; インベタクシー)",
        "name": "備前片上駅",
        "operator": "備前市; インベタクシー",
        "ref": "",
        "url": "",
        "url2": ""
      }
    },
    {
      "type": "Feature",
      "geometry": {
        "type": "Point",
        "coordinates": [
          134.1994035,
          34.7493021
        ]
      },
      "properties": {
        "内容": "バス停: 大東 (備前市; インベタクシー)",
        "name": "大東",
        "operator": "備前市; インベタクシー",
        "ref": "",
        "url": "",
        "url2": ""
      }
    },
    {
      "type": "Feature",
      "geometry": {
        "type": "Point",
        "coordinates": [
          134.1999239,
          34.7497329
        ]
      },
      "properties": {
        "内容": "バス停: 大東 (備前市; インベタクシー)",
        "name": "大東",
        "operator": "備前市; インベタクシー",
        "ref": "",
        "url": "",
        "url2": ""
      }
    },
    {
      "type": "Feature",
      "geometry": {
        "type": "Point",
        "coordinates": [
          134.2009015,
          34.7507985
        ]
      },
      "properties": {
        "内容": "バス停: 大東 (備前市; インベタクシー)",
        "name": "大東",
        "operator": "備前市; インベタクシー",
        "ref": "",
        "url": "",
        "url2": ""
      }
    },
    {
      "type": "Feature",
      "geometry": {
        "type": "Point",
        "coordinates": [
          134.2104596,
          34.7557745
        ]
      },
      "properties": {
        "内容": "バス停: 一本松 (備前市; インベタクシー)",
        "name": "一本松",
        "operator": "備前市; インベタクシー",
        "ref": "",
        "url": "",
        "url2": ""
      }
    },
    {
      "type": "Feature",
      "geometry": {
        "type": "Point",
        "coordinates": [
          134.211629,
          34.7564764
        ]
      },
      "properties": {
        "内容": "バス停: 一本松 (備前市; インベタクシー)",
        "name": "一本松",
        "operator": "備前市; インベタクシー",
        "ref": "",
        "url": "",
        "url2": ""
      }
    },
    {
      "type": "Feature",
      "geometry": {
        "type": "Point",
        "coordinates": [
          134.2210262,
          34.7587296
        ]
      },
      "properties": {
        "内容": "バス停: 伊里中 (備前市; インベタクシー; 吉永タクシー)",
        "name": "伊里中",
        "operator": "備前市; インベタクシー; 吉永タクシー",
        "ref": "",
        "url": "",
        "url2": ""
      }
    },
    {
      "type": "Feature",
      "geometry": {
        "type": "Point",
        "coordinates": [
          134.2196408,
          34.7589026
        ]
      },
      "properties": {
        "内容": "バス停: 伊里中 (備前市; インベタクシー)",
        "name": "伊里中",
        "operator": "備前市; インベタクシー",
        "ref": "",
        "url": "",
        "url2": ""
      }
    },
    {
      "type": "Feature",
      "geometry": {
        "type": "Point",
        "coordinates": [
          134.2212193,
          34.7597763
        ]
      },
      "properties": {
        "内容": "バス停: 伊里中 (備前市; インベタクシー; 吉永タクシー)",
        "name": "伊里中",
        "operator": "備前市; インベタクシー; 吉永タクシー",
        "ref": "",
        "url": "",
        "url2": ""
      }
    },
    {
      "type": "Feature",
      "geometry": {
        "type": "Point",
        "coordinates": [
          134.2215894,
          34.7658998
        ]
      },
      "properties": {
        "内容": "バス停: 木谷 (インベタクシー; 吉永タクシー)",
        "name": "木谷",
        "operator": "インベタクシー; 吉永タクシー",
        "ref": "",
        "url": "",
        "url2": ""
      }
    },
    {
      "type": "Feature",
      "geometry": {
        "type": "Point",
        "coordinates": [
          134.2179295,
          34.7717562
        ]
      },
      "properties": {
        "内容": "バス停: 閑谷下 (インベタクシー; 吉永タクシー)",
        "name": "閑谷下",
        "operator": "インベタクシー; 吉永タクシー",
        "ref": "",
        "url": "",
        "url2": ""
      }
    },
    {
      "type": "Feature",
      "geometry": {
        "type": "Point",
        "coordinates": [
          134.2181414,
          34.7766076
        ]
      },
      "properties": {
        "内容": "バス停: 福神橋 (インベタクシー; 吉永タクシー)",
        "name": "福神橋",
        "operator": "インベタクシー; 吉永タクシー",
        "ref": "",
        "url": "",
        "url2": ""
      }
    },
    {
      "type": "Feature",
      "geometry": {
        "type": "Point",
        "coordinates": [
          134.2179121,
          34.7820073
        ]
      },
      "properties": {
        "内容": "バス停: 閑谷中 (インベタクシー; 吉永タクシー)",
        "name": "閑谷中",
        "operator": "インベタクシー; 吉永タクシー",
        "ref": "",
        "url": "",
        "url2": ""
      }
    },
    {
      "type": "Feature",
      "geometry": {
        "type": "Point",
        "coordinates": [
          134.2195831,
          34.7935457
        ]
      },
      "properties": {
        "内容": "バス停: 閑谷学校 (インベタクシー; 吉永タクシー)",
        "name": "閑谷学校",
        "operator": "インベタクシー; 吉永タクシー",
        "ref": "",
        "url": "",
        "url2": ""
      }
    },
    {
      "type": "Feature",
      "geometry": {
        "type": "Point",
        "coordinates": [
          134.2122325,
          34.7972703
        ]
      },
      "properties": {
        "内容": "バス停: せばと (インベタクシー; 吉永タクシー)",
        "name": "せばと",
        "operator": "インベタクシー; 吉永タクシー",
        "ref": "",
        "url": "",
        "url2": ""
      }
    },
    {
      "type": "Feature",
      "geometry": {
        "type": "Point",
        "coordinates": [
          134.2078444,
          34.8055405
        ]
      },
      "properties": {
        "内容": "バス停: 南方 (インベタクシー; 吉永タクシー)",
        "name": "南方",
        "operator": "インベタクシー; 吉永タクシー",
        "ref": "",
        "url": "",
        "url2": ""
      }
    },
    {
      "type": "Feature",
      "geometry": {
        "type": "Point",
        "coordinates": [
          134.207949,
          34.8047873
        ]
      },
      "properties": {
        "内容": "バス停: 南方 (インベタクシー; 吉永タクシー)",
        "name": "南方",
        "operator": "インベタクシー; 吉永タクシー",
        "ref": "",
        "url": "",
        "url2": ""
      }
    },
    {
      "type": "Feature",
      "geometry": {
        "type": "Point",
        "coordinates": [
          134.2087819,
          34.8108755
        ]
      },
      "properties": {
        "内容": "バス停: 亀楽荘前 (インベタクシー; 吉永タクシー)",
        "name": "亀楽荘前",
        "operator": "インベタクシー; 吉永タクシー",
        "ref": "",
        "url": "",
        "url2": ""
      }
    },
    {
      "type": "Feature",
      "geometry": {
        "type": "Point",
        "coordinates": [
          134.2045661,
          34.8124914
        ]
      },
      "properties": {
        "内容": "バス停: 吉永駅 (日生交通; インベタクシー; 吉永タクシー)",
        "name": "吉永駅",
        "operator": "日生交通; インベタクシー; 吉永タクシー",
        "ref": "",
        "url": "",
        "url2": ""
      }
    },
    {
      "type": "Feature",
      "geometry": {
        "type": "Point",
        "coordinates": [
          134.1992252,
          34.8134829
        ]
      },
      "properties": {
        "内容": "バス停: 西河原 (日生交通; インベタクシー; 吉永タクシー)",
        "name": "西河原",
        "operator": "日生交通; インベタクシー; 吉永タクシー",
        "ref": "",
        "url": "",
        "url2": ""
      }
    },
    {
      "type": "Feature",
      "geometry": {
        "type": "Point",
        "coordinates": [
          134.1989891,
          34.8120911
        ]
      },
      "properties": {
        "内容": "バス停: 吉田橋 (日生交通; インベタクシー; 吉永タクシー)",
        "name": "吉田橋",
        "operator": "日生交通; インベタクシー; 吉永タクシー",
        "ref": "",
        "url": "",
        "url2": ""
      }
    },
    {
      "type": "Feature",
      "geometry": {
        "type": "Point",
        "coordinates": [
          134.2032719,
          34.8116799
        ]
      },
      "properties": {
        "内容": "バス停: 吉永病院前 (日生交通; インベタクシー; 吉永タクシー)",
        "name": "吉永病院前",
        "operator": "日生交通; インベタクシー; 吉永タクシー",
        "ref": "",
        "url": "",
        "url2": ""
      }
    },
    {
      "type": "Feature",
      "geometry": {
        "type": "Point",
        "coordinates": [
          134.180093,
          34.7391891
        ]
      },
      "properties": {
        "内容": "バス停: 恵美須前 (宇野自動車)",
        "name": "恵美須前",
        "operator": "宇野自動車",
        "ref": "",
        "url": "",
        "url2": ""
      }
    },
    {
      "type": "Feature",
      "geometry": {
        "type": "Point",
        "coordinates": [
          134.1797523,
          34.7391351
        ]
      },
      "properties": {
        "内容": "バス停: 恵美須前 (宇野自動車)",
        "name": "恵美須前",
        "operator": "宇野自動車",
        "ref": "",
        "url": "",
        "url2": ""
      }
    },
    {
      "type": "Feature",
      "geometry": {
        "type": "Point",
        "coordinates": [
          134.1768663,
          34.7358807
        ]
      },
      "properties": {
        "内容": "バス停: 浦伊部 (宇野自動車)",
        "name": "浦伊部",
        "operator": "宇野自動車",
        "ref": "",
        "url": "",
        "url2": ""
      }
    },
    {
      "type": "Feature",
      "geometry": {
        "type": "Point",
        "coordinates": [
          134.1777943,
          34.7365728
        ]
      },
      "properties": {
        "内容": "バス停: 浦伊部 (宇野自動車)",
        "name": "浦伊部",
        "operator": "宇野自動車",
        "ref": "",
        "url": "",
        "url2": ""
      }
    },
    {
      "type": "Feature",
      "geometry": {
        "type": "Point",
        "coordinates": [
          134.174286,
          34.7348899
        ]
      },
      "properties": {
        "内容": "バス停: 岸本橋 (宇野自動車)",
        "name": "岸本橋",
        "operator": "宇野自動車",
        "ref": "",
        "url": "",
        "url2": ""
      }
    },
    {
      "type": "Feature",
      "geometry": {
        "type": "Point",
        "coordinates": [
          134.1729784,
          34.7346496
        ]
      },
      "properties": {
        "内容": "バス停: 岸本橋 (宇野自動車)",
        "name": "岸本橋",
        "operator": "宇野自動車",
        "ref": "",
        "url": "",
        "url2": ""
      }
    },
    {
      "type": "Feature",
      "geometry": {
        "type": "Point",
        "coordinates": [
          134.1681826,
          34.7383659
        ]
      },
      "properties": {
        "内容": "バス停: 田井山 (宇野自動車)",
        "name": "田井山",
        "operator": "宇野自動車",
        "ref": "",
        "url": "",
        "url2": ""
      }
    },
    {
      "type": "Feature",
      "geometry": {
        "type": "Point",
        "coordinates": [
          134.1683502,
          34.7383582
        ]
      },
      "properties": {
        "内容": "バス停: 田井山 (宇野自動車)",
        "name": "田井山",
        "operator": "宇野自動車",
        "ref": "",
        "url": "",
        "url2": ""
      }
    },
    {
      "type": "Feature",
      "geometry": {
        "type": "Point",
        "coordinates": [
          134.1637865,
          34.7397466
        ]
      },
      "properties": {
        "内容": "バス停: 東伊部 (宇野自動車)",
        "name": "東伊部",
        "operator": "宇野自動車",
        "ref": "",
        "url": "",
        "url2": ""
      }
    },
    {
      "type": "Feature",
      "geometry": {
        "type": "Point",
        "coordinates": [
          134.1629688,
          34.739726
        ]
      },
      "properties": {
        "内容": "バス停: 東伊部 (宇野自動車)",
        "name": "東伊部",
        "operator": "宇野自動車",
        "ref": "",
        "url": "",
        "url2": ""
      }
    },
    {
      "type": "Feature",
      "geometry": {
        "type": "Point",
        "coordinates": [
          134.1601004,
          34.7388699
        ]
      },
      "properties": {
        "内容": "バス停: 伊部駅前 (宇野自動車)",
        "name": "伊部駅前",
        "operator": "宇野自動車",
        "ref": "",
        "url": "",
        "url2": ""
      }
    },
    {
      "type": "Feature",
      "geometry": {
        "type": "Point",
        "coordinates": [
          134.1600515,
          34.739069
        ]
      },
      "properties": {
        "内容": "バス停: 伊部駅前 (宇野自動車)",
        "name": "伊部駅前",
        "operator": "宇野自動車",
        "ref": "",
        "url": "",
        "url2": ""
      }
    },
    {
      "type": "Feature",
      "geometry": {
        "type": "Point",
        "coordinates": [
          134.1564104,
          34.7384331
        ]
      },
      "properties": {
        "内容": "バス停: 備前病院前 (宇野自動車)",
        "name": "備前病院前",
        "operator": "宇野自動車",
        "ref": "",
        "url": "",
        "url2": ""
      }
    },
    {
      "type": "Feature",
      "geometry": {
        "type": "Point",
        "coordinates": [
          134.1555795,
          34.7382374
        ]
      },
      "properties": {
        "内容": "バス停: 備前病院前 (宇野自動車)",
        "name": "備前病院前",
        "operator": "宇野自動車",
        "ref": "",
        "url": "",
        "url2": ""
      }
    },
    {
      "type": "Feature",
      "geometry": {
        "type": "Point",
        "coordinates": [
          134.1396788,
          34.7346011
        ]
      },
      "properties": {
        "内容": "バス停: 池灘 (宇野自動車)",
        "name": "池灘",
        "operator": "宇野自動車",
        "ref": "",
        "url": "",
        "url2": ""
      }
    },
    {
      "type": "Feature",
      "geometry": {
        "type": "Point",
        "coordinates": [
          134.1411701,
          34.7352701
        ]
      },
      "properties": {
        "内容": "バス停: 池灘 (宇野自動車)",
        "name": "池灘",
        "operator": "宇野自動車",
        "ref": "",
        "url": "",
        "url2": ""
      }
    },
    {
      "type": "Feature",
      "geometry": {
        "type": "Point",
        "coordinates": [
          134.1341749,
          34.7327385
        ]
      },
      "properties": {
        "内容": "バス停: 大内 (宇野自動車)",
        "name": "大内",
        "operator": "宇野自動車",
        "ref": "",
        "url": "",
        "url2": ""
      }
    },
    {
      "type": "Feature",
      "geometry": {
        "type": "Point",
        "coordinates": [
          134.1345745,
          34.7330438
        ]
      },
      "properties": {
        "内容": "バス停: 大内 (宇野自動車)",
        "name": "大内",
        "operator": "宇野自動車",
        "ref": "",
        "url": "",
        "url2": ""
      }
    },
    {
      "type": "Feature",
      "geometry": {
        "type": "Point",
        "coordinates": [
          134.1248314,
          34.7298916
        ]
      },
      "properties": {
        "内容": "バス停: 香登東 (宇野自動車)",
        "name": "香登東",
        "operator": "宇野自動車",
        "ref": "",
        "url": "",
        "url2": ""
      }
    },
    {
      "type": "Feature",
      "geometry": {
        "type": "Point",
        "coordinates": [
          134.1245203,
          34.7299522
        ]
      },
      "properties": {
        "内容": "バス停: 香登東 (宇野自動車)",
        "name": "香登東",
        "operator": "宇野自動車",
        "ref": "",
        "url": "",
        "url2": ""
      }
    },
    {
      "type": "Feature",
      "geometry": {
        "type": "Point",
        "coordinates": [
          134.1198908,
          34.7288677
        ]
      },
      "properties": {
        "内容": "バス停: 香登駅前 (宇野自動車)",
        "name": "香登駅前",
        "operator": "宇野自動車",
        "ref": "",
        "url": "",
        "url2": ""
      }
    },
    {
      "type": "Feature",
      "geometry": {
        "type": "Point",
        "coordinates": [
          134.1201644,
          34.7288302
        ]
      },
      "properties": {
        "内容": "バス停: 香登駅前 (宇野自動車)",
        "name": "香登駅前",
        "operator": "宇野自動車",
        "ref": "",
        "url": "",
        "url2": ""
      }
    },
    {
      "type": "Feature",
      "geometry": {
        "type": "Point",
        "coordinates": [
          134.1123578,
          34.7271361
        ]
      },
      "properties": {
        "内容": "バス停: 二ノ樋 (宇野自動車)",
        "name": "二ノ樋",
        "operator": "宇野自動車",
        "ref": "",
        "url": "",
        "url2": ""
      }
    },
    {
      "type": "Feature",
      "geometry": {
        "type": "Point",
        "coordinates": [
          134.1112125,
          34.7267647
        ]
      },
      "properties": {
        "内容": "バス停: 二ノ樋 (宇野自動車)",
        "name": "二ノ樋",
        "operator": "宇野自動車",
        "ref": "",
        "url": "",
        "url2": ""
      }
    },
    {
      "type": "Feature",
      "geometry": {
        "type": "Point",
        "coordinates": [
          134.108942,
          34.7263745
        ]
      },
      "properties": {
        "内容": "バス停: 船山 (宇野自動車)",
        "name": "船山",
        "operator": "宇野自動車",
        "ref": "",
        "url": "",
        "url2": ""
      }
    },
    {
      "type": "Feature",
      "geometry": {
        "type": "Point",
        "coordinates": [
          134.1080542,
          34.7260008
        ]
      },
      "properties": {
        "内容": "バス停: 船山 (宇野自動車)",
        "name": "船山",
        "operator": "宇野自動車",
        "ref": "",
        "url": "",
        "url2": ""
      }
    },
    {
      "type": "Feature",
      "geometry": {
        "type": "Point",
        "coordinates": [
          134.1016263,
          34.7212908
        ]
      },
      "properties": {
        "内容": "バス停: 天王 (宇野自動車)",
        "name": "天王",
        "operator": "宇野自動車",
        "ref": "",
        "url": "",
        "url2": ""
      }
    },
    {
      "type": "Feature",
      "geometry": {
        "type": "Point",
        "coordinates": [
          134.1016464,
          34.7215642
        ]
      },
      "properties": {
        "内容": "バス停: 天王 (宇野自動車)",
        "name": "天王",
        "operator": "宇野自動車",
        "ref": "",
        "url": "",
        "url2": ""
      }
    },
    {
      "type": "Feature",
      "geometry": {
        "type": "Point",
        "coordinates": [
          134.0963061,
          34.7148135
        ]
      },
      "properties": {
        "内容": "バス停: 八日市 (宇野自動車)",
        "name": "八日市",
        "operator": "宇野自動車",
        "ref": "",
        "url": "",
        "url2": ""
      }
    },
    {
      "type": "Feature",
      "geometry": {
        "type": "Point",
        "coordinates": [
          134.0961573,
          34.71483
        ]
      },
      "properties": {
        "内容": "バス停: 八日市 (宇野自動車)",
        "name": "八日市",
        "operator": "宇野自動車",
        "ref": "",
        "url": "",
        "url2": ""
      }
    },
    {
      "type": "Feature",
      "geometry": {
        "type": "Point",
        "coordinates": [
          134.0895008,
          34.7144407
        ]
      },
      "properties": {
        "内容": "バス停: 吉井 (宇野自動車)",
        "name": "吉井",
        "operator": "宇野自動車",
        "ref": "",
        "url": "",
        "url2": ""
      }
    },
    {
      "type": "Feature",
      "geometry": {
        "type": "Point",
        "coordinates": [
          134.0892814,
          34.7144929
        ]
      },
      "properties": {
        "内容": "バス停: 吉井 (宇野自動車)",
        "name": "吉井",
        "operator": "宇野自動車",
        "ref": "",
        "url": "",
        "url2": ""
      }
    },
    {
      "type": "Feature",
      "geometry": {
        "type": "Point",
        "coordinates": [
          134.0825115,
          34.7102076
        ]
      },
      "properties": {
        "内容": "バス停: 一日市 (宇野自動車)",
        "name": "一日市",
        "operator": "宇野自動車",
        "ref": "",
        "url": "",
        "url2": ""
      }
    },
    {
      "type": "Feature",
      "geometry": {
        "type": "Point",
        "coordinates": [
          134.0819107,
          34.7097567
        ]
      },
      "properties": {
        "内容": "バス停: 一日市 (宇野自動車)",
        "name": "一日市",
        "operator": "宇野自動車",
        "ref": "",
        "url": "",
        "url2": ""
      }
    },
    {
      "type": "Feature",
      "geometry": {
        "type": "Point",
        "coordinates": [
          134.0778592,
          34.7082099
        ]
      },
      "properties": {
        "内容": "バス停: 新町 (宇野自動車)",
        "name": "新町",
        "operator": "宇野自動車",
        "ref": "",
        "url": "",
        "url2": ""
      }
    },
    {
      "type": "Feature",
      "geometry": {
        "type": "Point",
        "coordinates": [
          134.0787175,
          34.7083896
        ]
      },
      "properties": {
        "内容": "バス停: 新町 (宇野自動車)",
        "name": "新町",
        "operator": "宇野自動車",
        "ref": "",
        "url": "",
        "url2": ""
      }
    },
    {
      "type": "Feature",
      "geometry": {
        "type": "Point",
        "coordinates": [
          134.0721045,
          34.7064096
        ]
      },
      "properties": {
        "内容": "バス停: 浅川 (宇野自動車)",
        "name": "浅川",
        "operator": "宇野自動車",
        "ref": "",
        "url": "",
        "url2": ""
      }
    },
    {
      "type": "Feature",
      "geometry": {
        "type": "Point",
        "coordinates": [
          134.0717599,
          34.7066918
        ]
      },
      "properties": {
        "内容": "バス停: 浅川 (宇野自動車)",
        "name": "浅川",
        "operator": "宇野自動車",
        "ref": "",
        "url": "",
        "url2": ""
      }
    },
    {
      "type": "Feature",
      "geometry": {
        "type": "Point",
        "coordinates": [
          134.0668447,
          34.7053038
        ]
      },
      "properties": {
        "内容": "バス停: 山の端 (宇野自動車)",
        "name": "山の端",
        "operator": "宇野自動車",
        "ref": "",
        "url": "",
        "url2": ""
      }
    },
    {
      "type": "Feature",
      "geometry": {
        "type": "Point",
        "coordinates": [
          134.0664491,
          34.7051318
        ]
      },
      "properties": {
        "内容": "バス停: 山の端 (宇野自動車)",
        "name": "山の端",
        "operator": "宇野自動車",
        "ref": "",
        "url": "",
        "url2": ""
      }
    },
    {
      "type": "Feature",
      "geometry": {
        "type": "Point",
        "coordinates": [
          134.0613154,
          34.7052288
        ]
      },
      "properties": {
        "内容": "バス停: 矢井 (宇野自動車)",
        "name": "矢井",
        "operator": "宇野自動車",
        "ref": "",
        "url": "",
        "url2": ""
      }
    },
    {
      "type": "Feature",
      "geometry": {
        "type": "Point",
        "coordinates": [
          134.0609828,
          34.7053534
        ]
      },
      "properties": {
        "内容": "バス停: 矢井 (宇野自動車)",
        "name": "矢井",
        "operator": "宇野自動車",
        "ref": "",
        "url": "",
        "url2": ""
      }
    },
    {
      "type": "Feature",
      "geometry": {
        "type": "Point",
        "coordinates": [
          134.0517452,
          34.705973
        ]
      },
      "properties": {
        "内容": "バス停: 平島 (宇野自動車)",
        "name": "平島",
        "operator": "宇野自動車",
        "ref": "",
        "url": "",
        "url2": ""
      }
    },
    {
      "type": "Feature",
      "geometry": {
        "type": "Point",
        "coordinates": [
          134.0517157,
          34.7061218
        ]
      },
      "properties": {
        "内容": "バス停: 平島 (宇野自動車)",
        "name": "平島",
        "operator": "宇野自動車",
        "ref": "",
        "url": "",
        "url2": ""
      }
    },
    {
      "type": "Feature",
      "geometry": {
        "type": "Point",
        "coordinates": [
          134.0478681,
          34.7054548
        ]
      },
      "properties": {
        "内容": "バス停: 南古都 (宇野自動車)",
        "name": "南古都",
        "operator": "宇野自動車",
        "ref": "",
        "url": "",
        "url2": ""
      }
    },
    {
      "type": "Feature",
      "geometry": {
        "type": "Point",
        "coordinates": [
          134.0473598,
          34.7053611
        ]
      },
      "properties": {
        "内容": "バス停: 南古都 (宇野自動車)",
        "name": "南古都",
        "operator": "宇野自動車",
        "ref": "",
        "url": "",
        "url2": ""
      }
    },
    {
      "type": "Feature",
      "geometry": {
        "type": "Point",
        "coordinates": [
          134.0429851,
          34.70337
        ]
      },
      "properties": {
        "内容": "バス停: 赤坂 (宇野自動車)",
        "name": "赤坂",
        "operator": "宇野自動車",
        "ref": "",
        "url": "",
        "url2": ""
      }
    },
    {
      "type": "Feature",
      "geometry": {
        "type": "Point",
        "coordinates": [
          134.0428564,
          34.703166
        ]
      },
      "properties": {
        "内容": "バス停: 赤坂 (宇野自動車)",
        "name": "赤坂",
        "operator": "宇野自動車",
        "ref": "",
        "url": "",
        "url2": ""
      }
    },
    {
      "type": "Feature",
      "geometry": {
        "type": "Point",
        "coordinates": [
          134.038581,
          34.7029708
        ]
      },
      "properties": {
        "内容": "バス停: 八ツ塚 (宇野自動車)",
        "name": "八ツ塚",
        "operator": "宇野自動車",
        "ref": "",
        "url": "",
        "url2": ""
      }
    },
    {
      "type": "Feature",
      "geometry": {
        "type": "Point",
        "coordinates": [
          134.038066,
          34.7029069
        ]
      },
      "properties": {
        "内容": "バス停: 八ツ塚 (宇野自動車)",
        "name": "八ツ塚",
        "operator": "宇野自動車",
        "ref": "",
        "url": "",
        "url2": ""
      }
    },
    {
      "type": "Feature",
      "geometry": {
        "type": "Point",
        "coordinates": [
          134.0353328,
          34.7032035
        ]
      },
      "properties": {
        "内容": "バス停: 浮田校口 (宇野自動車)",
        "name": "浮田校口",
        "operator": "宇野自動車",
        "ref": "",
        "url": "",
        "url2": ""
      }
    },
    {
      "type": "Feature",
      "geometry": {
        "type": "Point",
        "coordinates": [
          134.0350243,
          34.7031175
        ]
      },
      "properties": {
        "内容": "バス停: 浮田校口 (宇野自動車)",
        "name": "浮田校口",
        "operator": "宇野自動車",
        "ref": "",
        "url": "",
        "url2": ""
      }
    },
    {
      "type": "Feature",
      "geometry": {
        "type": "Point",
        "coordinates": [
          134.0313564,
          34.702478
        ]
      },
      "properties": {
        "内容": "バス停: 沼 (宇野自動車)",
        "name": "沼",
        "operator": "宇野自動車",
        "ref": "",
        "url": "",
        "url2": ""
      }
    },
    {
      "type": "Feature",
      "geometry": {
        "type": "Point",
        "coordinates": [
          134.0321463,
          34.7026037
        ]
      },
      "properties": {
        "内容": "バス停: 沼 (宇野自動車)",
        "name": "沼",
        "operator": "宇野自動車",
        "ref": "",
        "url": "",
        "url2": ""
      }
    },
    {
      "type": "Feature",
      "geometry": {
        "type": "Point",
        "coordinates": [
          134.0276657,
          34.7011075
        ]
      },
      "properties": {
        "内容": "バス停: 沼西 (宇野自動車)",
        "name": "沼西",
        "operator": "宇野自動車",
        "ref": "",
        "url": "",
        "url2": ""
      }
    },
    {
      "type": "Feature",
      "geometry": {
        "type": "Point",
        "coordinates": [
          134.0253925,
          34.7005287
        ]
      },
      "properties": {
        "内容": "バス停: 沼西 (宇野自動車)",
        "name": "沼西",
        "operator": "宇野自動車",
        "ref": "",
        "url": "",
        "url2": ""
      }
    },
    {
      "type": "Feature",
      "geometry": {
        "type": "Point",
        "coordinates": [
          134.021915,
          34.699221
        ]
      },
      "properties": {
        "内容": "バス停: 中尾 (宇野自動車)",
        "name": "中尾",
        "operator": "宇野自動車",
        "ref": "",
        "url": "",
        "url2": ""
      }
    },
    {
      "type": "Feature",
      "geometry": {
        "type": "Point",
        "coordinates": [
          134.0216669,
          34.699253
        ]
      },
      "properties": {
        "内容": "バス停: 中尾 (宇野自動車)",
        "name": "中尾",
        "operator": "宇野自動車",
        "ref": "",
        "url": "",
        "url2": ""
      }
    },
    {
      "type": "Feature",
      "geometry": {
        "type": "Point",
        "coordinates": [
          134.016851,
          34.6966883
        ]
      },
      "properties": {
        "内容": "バス停: 北方 (宇野自動車)",
        "name": "北方",
        "operator": "宇野自動車",
        "ref": "",
        "url": "",
        "url2": ""
      }
    },
    {
      "type": "Feature",
      "geometry": {
        "type": "Point",
        "coordinates": [
          134.0167411,
          34.6967699
        ]
      },
      "properties": {
        "内容": "バス停: 北方 (宇野自動車)",
        "name": "北方",
        "operator": "宇野自動車",
        "ref": "",
        "url": "",
        "url2": ""
      }
    },
    {
      "type": "Feature",
      "geometry": {
        "type": "Point",
        "coordinates": [
          134.0111741,
          34.6933528
        ]
      },
      "properties": {
        "内容": "バス停: 鉄 (宇野自動車)",
        "name": "鉄",
        "operator": "宇野自動車",
        "ref": "",
        "url": "",
        "url2": ""
      }
    },
    {
      "type": "Feature",
      "geometry": {
        "type": "Point",
        "coordinates": [
          134.0111473,
          34.693484
        ]
      },
      "properties": {
        "内容": "バス停: 鉄 (宇野自動車)",
        "name": "鉄",
        "operator": "宇野自動車",
        "ref": "",
        "url": "",
        "url2": ""
      }
    },
    {
      "type": "Feature",
      "geometry": {
        "type": "Point",
        "coordinates": [
          134.0064749,
          34.6905718
        ]
      },
      "properties": {
        "内容": "バス停: 藤井 (宇野自動車)",
        "name": "藤井",
        "operator": "宇野自動車",
        "ref": "",
        "url": "",
        "url2": ""
      }
    },
    {
      "type": "Feature",
      "geometry": {
        "type": "Point",
        "coordinates": [
          134.0065996,
          34.6908111
        ]
      },
      "properties": {
        "内容": "バス停: 藤井 (宇野自動車)",
        "name": "藤井",
        "operator": "宇野自動車",
        "ref": "",
        "url": "",
        "url2": ""
      }
    },
    {
      "type": "Feature",
      "geometry": {
        "type": "Point",
        "coordinates": [
          134.0039322,
          34.6892475
        ]
      },
      "properties": {
        "内容": "バス停: 積水前 (宇野自動車)",
        "name": "積水前",
        "operator": "宇野自動車",
        "ref": "",
        "url": "",
        "url2": ""
      }
    },
    {
      "type": "Feature",
      "geometry": {
        "type": "Point",
        "coordinates": [
          134.0037391,
          34.6889894
        ]
      },
      "properties": {
        "内容": "バス停: 三井深井鉄工所前 (宇野自動車)",
        "name": "三井深井鉄工所前",
        "operator": "宇野自動車",
        "ref": "",
        "url": "",
        "url2": ""
      }
    },
    {
      "type": "Feature",
      "geometry": {
        "type": "Point",
        "coordinates": [
          134.0014122,
          34.6876044
        ]
      },
      "properties": {
        "内容": "バス停: 積水前 (宇野自動車)",
        "name": "積水前",
        "operator": "宇野自動車",
        "ref": "",
        "url": "",
        "url2": ""
      }
    },
    {
      "type": "Feature",
      "geometry": {
        "type": "Point",
        "coordinates": [
          134.000224,
          34.6870751
        ]
      },
      "properties": {
        "内容": "バス停: 宿 (宇野自動車)",
        "name": "宿",
        "operator": "宇野自動車",
        "ref": "",
        "url": "",
        "url2": ""
      }
    },
    {
      "type": "Feature",
      "geometry": {
        "type": "Point",
        "coordinates": [
          133.9990774,
          34.686248
        ]
      },
      "properties": {
        "内容": "バス停: 宿 (宇野自動車)",
        "name": "宿",
        "operator": "宇野自動車",
        "ref": "",
        "url": "",
        "url2": ""
      }
    },
    {
      "type": "Feature",
      "geometry": {
        "type": "Point",
        "coordinates": [
          133.995219,
          34.6839724
        ]
      },
      "properties": {
        "内容": "バス停: 宍甘 (宇野自動車)",
        "name": "宍甘",
        "operator": "宇野自動車",
        "ref": "",
        "url": "",
        "url2": ""
      }
    },
    {
      "type": "Feature",
      "geometry": {
        "type": "Point",
        "coordinates": [
          133.9950983,
          34.6840761
        ]
      },
      "properties": {
        "内容": "バス停: 宍甘 (宇野自動車)",
        "name": "宍甘",
        "operator": "宇野自動車",
        "ref": "",
        "url": "",
        "url2": ""
      }
    },
    {
      "type": "Feature",
      "geometry": {
        "type": "Point",
        "coordinates": [
          133.9909543,
          34.6816372
        ]
      },
      "properties": {
        "内容": "バス停: 長岡 (宇野自動車)",
        "name": "長岡",
        "operator": "宇野自動車",
        "ref": "",
        "url": "",
        "url2": ""
      }
    },
    {
      "type": "Feature",
      "geometry": {
        "type": "Point",
        "coordinates": [
          133.9913392,
          34.6816957
        ]
      },
      "properties": {
        "内容": "バス停: ワールド前 (宇野自動車)",
        "name": "ワールド前",
        "operator": "宇野自動車",
        "ref": "",
        "url": "",
        "url2": ""
      }
    },
    {
      "type": "Feature",
      "geometry": {
        "type": "Point",
        "coordinates": [
          133.9898868,
          34.6808333
        ]
      },
      "properties": {
        "内容": "バス停: 長岡 (宇野自動車)",
        "name": "長岡",
        "operator": "宇野自動車",
        "ref": "",
        "url": "",
        "url2": ""
      }
    },
    {
      "type": "Feature",
      "geometry": {
        "type": "Point",
        "coordinates": [
          133.9880696,
          34.6800613
        ]
      },
      "properties": {
        "内容": "バス停: 長岡西 (宇野自動車)",
        "name": "長岡西",
        "operator": "宇野自動車",
        "ref": "",
        "url": "",
        "url2": ""
      }
    },
    {
      "type": "Feature",
      "geometry": {
        "type": "Point",
        "coordinates": [
          133.987505,
          34.6796698
        ]
      },
      "properties": {
        "内容": "バス停: 長岡西 (宇野自動車)",
        "name": "長岡西",
        "operator": "宇野自動車",
        "ref": "",
        "url": "",
        "url2": ""
      }
    },
    {
      "type": "Feature",
      "geometry": {
        "type": "Point",
        "coordinates": [
          133.9847973,
          34.6787709
        ]
      },
      "properties": {
        "内容": "バス停: 長岡団地 (宇野自動車)",
        "name": "長岡団地",
        "operator": "宇野自動車",
        "ref": "",
        "url": "",
        "url2": ""
      }
    },
    {
      "type": "Feature",
      "geometry": {
        "type": "Point",
        "coordinates": [
          133.9843158,
          34.6783926
        ]
      },
      "properties": {
        "内容": "バス停: 長岡団地 (宇野自動車)",
        "name": "長岡団地",
        "operator": "宇野自動車",
        "ref": "",
        "url": "",
        "url2": ""
      }
    },
    {
      "type": "Feature",
      "geometry": {
        "type": "Point",
        "coordinates": [
          133.982555,
          34.6778633
        ]
      },
      "properties": {
        "内容": "バス停: 乙多見 (宇野自動車)",
        "name": "乙多見",
        "operator": "宇野自動車",
        "ref": "",
        "url": "",
        "url2": ""
      }
    },
    {
      "type": "Feature",
      "geometry": {
        "type": "Point",
        "coordinates": [
          133.9817101,
          34.677378
        ]
      },
      "properties": {
        "内容": "バス停: 乙多見 (宇野自動車)",
        "name": "乙多見",
        "operator": "宇野自動車",
        "ref": "",
        "url": "",
        "url2": ""
      }
    },
    {
      "type": "Feature",
      "geometry": {
        "type": "Point",
        "coordinates": [
          133.9795777,
          34.6766876
        ]
      },
      "properties": {
        "内容": "バス停: 乙多見西 (宇野自動車)",
        "name": "乙多見西",
        "operator": "宇野自動車",
        "ref": "",
        "url": "",
        "url2": ""
      }
    },
    {
      "type": "Feature",
      "geometry": {
        "type": "Point",
        "coordinates": [
          133.9790587,
          34.6763258
        ]
      },
      "properties": {
        "内容": "バス停: 乙多見西 (宇野自動車)",
        "name": "乙多見西",
        "operator": "宇野自動車",
        "ref": "",
        "url": "",
        "url2": ""
      }
    },
    {
      "type": "Feature",
      "geometry": {
        "type": "Point",
        "coordinates": [
          133.9766353,
          34.6755229
        ]
      },
      "properties": {
        "内容": "バス停: 兼基東 (宇野自動車)",
        "name": "兼基東",
        "operator": "宇野自動車",
        "ref": "",
        "url": "",
        "url2": ""
      }
    },
    {
      "type": "Feature",
      "geometry": {
        "type": "Point",
        "coordinates": [
          133.9760774,
          34.6751612
        ]
      },
      "properties": {
        "内容": "バス停: 兼基東 (宇野自動車)",
        "name": "兼基東",
        "operator": "宇野自動車",
        "ref": "",
        "url": "",
        "url2": ""
      }
    },
    {
      "type": "Feature",
      "geometry": {
        "type": "Point",
        "coordinates": [
          133.9743568,
          34.6746549
        ]
      },
      "properties": {
        "内容": "バス停: 兼基 (宇野自動車)",
        "name": "兼基",
        "operator": "宇野自動車",
        "ref": "",
        "url": "",
        "url2": ""
      }
    },
    {
      "type": "Feature",
      "geometry": {
        "type": "Point",
        "coordinates": [
          133.9735575,
          34.6741454
        ]
      },
      "properties": {
        "内容": "バス停: 兼基 (宇野自動車)",
        "name": "兼基",
        "operator": "宇野自動車",
        "ref": "",
        "url": "",
        "url2": ""
      }
    },
    {
      "type": "Feature",
      "geometry": {
        "type": "Point",
        "coordinates": [
          133.9703523,
          34.673756
        ]
      },
      "properties": {
        "内容": "バス停: 兼基西 (宇野自動車)",
        "name": "兼基西",
        "operator": "宇野自動車",
        "ref": "",
        "url": "",
        "url2": ""
      }
    },
    {
      "type": "Feature",
      "geometry": {
        "type": "Point",
        "coordinates": [
          133.9702396,
          34.6736281
        ]
      },
      "properties": {
        "内容": "バス停: 兼基西 (宇野自動車)",
        "name": "兼基西",
        "operator": "宇野自動車",
        "ref": "",
        "url": "",
        "url2": ""
      }
    },
    {
      "type": "Feature",
      "geometry": {
        "type": "Point",
        "coordinates": [
          133.9675185,
          34.673616
        ]
      },
      "properties": {
        "内容": "バス停: 高屋東 (宇野自動車)",
        "name": "高屋東",
        "operator": "宇野自動車",
        "ref": "",
        "url": "",
        "url2": ""
      }
    },
    {
      "type": "Feature",
      "geometry": {
        "type": "Point",
        "coordinates": [
          133.9675346,
          34.6734814
        ]
      },
      "properties": {
        "内容": "バス停: 高屋東 (宇野自動車)",
        "name": "高屋東",
        "operator": "宇野自動車",
        "ref": "",
        "url": "",
        "url2": ""
      }
    },
    {
      "type": "Feature",
      "geometry": {
        "type": "Point",
        "coordinates": [
          133.9660285,
          34.6735465
        ]
      },
      "properties": {
        "内容": "バス停: 高屋 (宇野自動車)",
        "name": "高屋",
        "operator": "宇野自動車",
        "ref": "",
        "url": "",
        "url2": ""
      }
    },
    {
      "type": "Feature",
      "geometry": {
        "type": "Point",
        "coordinates": [
          133.9645734,
          34.6733248
        ]
      },
      "properties": {
        "内容": "バス停: 高屋 (宇野自動車)",
        "name": "高屋",
        "operator": "宇野自動車",
        "ref": "",
        "url": "",
        "url2": ""
      }
    },
    {
      "type": "Feature",
      "geometry": {
        "type": "Point",
        "coordinates": [
          133.9610825,
          34.6730954
        ]
      },
      "properties": {
        "内容": "バス停: 岡電高屋 (岡山電気軌道)",
        "name": "岡電高屋",
        "operator": "岡山電気軌道",
        "ref": "",
        "url": "",
        "url2": ""
      }
    },
    {
      "type": "Feature",
      "geometry": {
        "type": "Point",
        "coordinates": [
          133.9619248,
          34.6733369
        ]
      },
      "properties": {
        "内容": "バス停: 二本松東 (宇野自動車)",
        "name": "二本松東",
        "operator": "宇野自動車",
        "ref": "",
        "url": "",
        "url2": ""
      }
    },
    {
      "type": "Feature",
      "geometry": {
        "type": "Point",
        "coordinates": [
          133.9610504,
          34.6731461
        ]
      },
      "properties": {
        "内容": "バス停: 二本松東 (宇野自動車)",
        "name": "二本松東",
        "operator": "宇野自動車",
        "ref": "",
        "url": "",
        "url2": ""
      }
    },
    {
      "type": "Feature",
      "geometry": {
        "type": "Point",
        "coordinates": [
          133.9590454,
          34.673016
        ]
      },
      "properties": {
        "内容": "バス停: 二本松 (宇野自動車; 岡山電気軌道)",
        "name": "二本松",
        "operator": "宇野自動車; 岡山電気軌道",
        "ref": "",
        "url": "",
        "url2": ""
      }
    },
    {
      "type": "Feature",
      "geometry": {
        "type": "Point",
        "coordinates": [
          133.9587235,
          34.6731594
        ]
      },
      "properties": {
        "内容": "バス停: 二本松 (宇野自動車; 岡山電気軌道)",
        "name": "二本松",
        "operator": "宇野自動車; 岡山電気軌道",
        "ref": "",
        "url": "",
        "url2": ""
      }
    },
    {
      "type": "Feature",
      "geometry": {
        "type": "Point",
        "coordinates": [
          133.9547807,
          34.6706193
        ]
      },
      "properties": {
        "内容": "バス停: 原尾島住宅前 (宇野自動車; 岡山電気軌道)",
        "name": "原尾島住宅前",
        "operator": "宇野自動車; 岡山電気軌道",
        "ref": "",
        "url": "",
        "url2": ""
      }
    },
    {
      "type": "Feature",
      "geometry": {
        "type": "Point",
        "coordinates": [
          133.9547056,
          34.6703446
        ]
      },
      "properties": {
        "内容": "バス停: 原尾島住宅前 (宇野自動車; 岡山電気軌道)",
        "name": "原尾島住宅前",
        "operator": "宇野自動車; 岡山電気軌道",
        "ref": "",
        "url": "",
        "url2": ""
      }
    },
    {
      "type": "Feature",
      "geometry": {
        "type": "Point",
        "coordinates": [
          133.9472477,
          34.6673555
        ]
      },
      "properties": {
        "内容": "バス停: 国富東 (宇野自動車; 岡山電気軌道)",
        "name": "国富東",
        "operator": "宇野自動車; 岡山電気軌道",
        "ref": "",
        "url": "",
        "url2": ""
      }
    },
    {
      "type": "Feature",
      "geometry": {
        "type": "Point",
        "coordinates": [
          133.9468212,
          34.6668338
        ]
      },
      "properties": {
        "内容": "バス停: 国富東 (宇野自動車; 岡山電気軌道)",
        "name": "国富東",
        "operator": "宇野自動車; 岡山電気軌道",
        "ref": "",
        "url": "",
        "url2": ""
      }
    },
    {
      "type": "Feature",
      "geometry": {
        "type": "Point",
        "coordinates": [
          133.9452253,
          34.6648284
        ]
      },
      "properties": {
        "内容": "バス停: 国富 (宇野自動車; 岡山電気軌道)",
        "name": "国富",
        "operator": "宇野自動車; 岡山電気軌道",
        "ref": "",
        "url": "",
        "url2": ""
      }
    },
    {
      "type": "Feature",
      "geometry": {
        "type": "Point",
        "coordinates": [
          133.9444582,
          34.6640067
        ]
      },
      "properties": {
        "内容": "バス停: 国富 (宇野自動車; 岡山電気軌道)",
        "name": "国富",
        "operator": "宇野自動車; 岡山電気軌道",
        "ref": "",
        "url": "",
        "url2": ""
      }
    },
    {
      "type": "Feature",
      "geometry": {
        "type": "Point",
        "coordinates": [
          133.9420543,
          34.6616935
        ]
      },
      "properties": {
        "内容": "バス停: 朝日高前 (宇野自動車; 岡山電気軌道)",
        "name": "朝日高前",
        "operator": "宇野自動車; 岡山電気軌道",
        "ref": "",
        "url": "",
        "url2": ""
      }
    },
    {
      "type": "Feature",
      "geometry": {
        "type": "Point",
        "coordinates": [
          133.9422568,
          34.6620029
        ]
      },
      "properties": {
        "内容": "バス停: 朝日高前 (宇野自動車; 岡山電気軌道)",
        "name": "朝日高前",
        "operator": "宇野自動車; 岡山電気軌道",
        "ref": "",
        "url": "",
        "url2": ""
      }
    },
    {
      "type": "Feature",
      "geometry": {
        "type": "Point",
        "coordinates": [
          134.0742146,
          35.0911308
        ]
      },
      "properties": {
        "内容": "バス停: 成名小学校前 (中鉄ほくぶバス)",
        "name": "成名小学校前",
        "operator": "中鉄ほくぶバス",
        "ref": "",
        "url": "",
        "url2": ""
      }
    },
    {
      "type": "Feature",
      "geometry": {
        "type": "Point",
        "coordinates": [
          133.6544707,
          34.520921
        ]
      },
      "properties": {
        "内容": "バス停: 羽口幼稚園前 (井笠バスカンパニー)",
        "name": "羽口幼稚園前",
        "operator": "井笠バスカンパニー",
        "ref": "",
        "url": "",
        "url2": ""
      }
    },
    {
      "type": "Feature",
      "geometry": {
        "type": "Point",
        "coordinates": [
          133.6526757,
          34.5204341
        ]
      },
      "properties": {
        "内容": "バス停: 外浜 (井笠バスカンパニー)",
        "name": "外浜",
        "operator": "井笠バスカンパニー",
        "ref": "",
        "url": "",
        "url2": ""
      }
    },
    {
      "type": "Feature",
      "geometry": {
        "type": "Point",
        "coordinates": [
          133.6522937,
          34.5202247
        ]
      },
      "properties": {
        "内容": "バス停: 外浜 (井笠バスカンパニー)",
        "name": "外浜",
        "operator": "井笠バスカンパニー",
        "ref": "",
        "url": "",
        "url2": ""
      }
    },
    {
      "type": "Feature",
      "geometry": {
        "type": "Point",
        "coordinates": [
          133.6464434,
          34.5186252
        ]
      },
      "properties": {
        "内容": "バス停: 黒崎 (井笠バスカンパニー)",
        "name": "黒崎",
        "operator": "井笠バスカンパニー",
        "ref": "",
        "url": "",
        "url2": ""
      }
    },
    {
      "type": "Feature",
      "geometry": {
        "type": "Point",
        "coordinates": [
          133.6462093,
          34.5183662
        ]
      },
      "properties": {
        "内容": "バス停: 黒崎 (井笠バスカンパニー)",
        "name": "黒崎",
        "operator": "井笠バスカンパニー",
        "ref": "",
        "url": "",
        "url2": ""
      }
    },
    {
      "type": "Feature",
      "geometry": {
        "type": "Point",
        "coordinates": [
          133.645558,
          34.5158543
        ]
      },
      "properties": {
        "内容": "バス停: 黒崎西 (井笠バスカンパニー)",
        "name": "黒崎西",
        "operator": "井笠バスカンパニー",
        "ref": "",
        "url": "",
        "url2": ""
      }
    },
    {
      "type": "Feature",
      "geometry": {
        "type": "Point",
        "coordinates": [
          133.6481385,
          34.5116253
        ]
      },
      "properties": {
        "内容": "バス停: 小原水門 (井笠バスカンパニー)",
        "name": "小原水門",
        "operator": "井笠バスカンパニー",
        "ref": "",
        "url": "",
        "url2": ""
      }
    },
    {
      "type": "Feature",
      "geometry": {
        "type": "Point",
        "coordinates": [
          133.6479641,
          34.5118088
        ]
      },
      "properties": {
        "内容": "バス停: 小原水門 (井笠バスカンパニー)",
        "name": "小原水門",
        "operator": "井笠バスカンパニー",
        "ref": "",
        "url": "",
        "url2": ""
      }
    },
    {
      "type": "Feature",
      "geometry": {
        "type": "Point",
        "coordinates": [
          133.6481434,
          34.5100277
        ]
      },
      "properties": {
        "内容": "バス停: 小原 (井笠バスカンパニー)",
        "name": "小原",
        "operator": "井笠バスカンパニー",
        "ref": "",
        "url": "",
        "url2": ""
      }
    },
    {
      "type": "Feature",
      "geometry": {
        "type": "Point",
        "coordinates": [
          133.6456745,
          34.5079992
        ]
      },
      "properties": {
        "内容": "バス停: 敬愛学園口 (井笠バスカンパニー)",
        "name": "敬愛学園口",
        "operator": "井笠バスカンパニー",
        "ref": "",
        "url": "",
        "url2": ""
      }
    },
    {
      "type": "Feature",
      "geometry": {
        "type": "Point",
        "coordinates": [
          133.6464064,
          34.5083556
        ]
      },
      "properties": {
        "内容": "バス停: 敬愛学園口 (井笠バスカンパニー)",
        "name": "敬愛学園口",
        "operator": "井笠バスカンパニー",
        "ref": "",
        "url": "",
        "url2": ""
      }
    },
    {
      "type": "Feature",
      "geometry": {
        "type": "Point",
        "coordinates": [
          133.6424064,
          34.5064359
        ]
      },
      "properties": {
        "内容": "バス停: 東沙美 (井笠バスカンパニー)",
        "name": "東沙美",
        "operator": "井笠バスカンパニー",
        "ref": "",
        "url": "",
        "url2": ""
      }
    },
    {
      "type": "Feature",
      "geometry": {
        "type": "Point",
        "coordinates": [
          133.6396934,
          34.505405
        ]
      },
      "properties": {
        "内容": "バス停: 沙美野路 (井笠バスカンパニー)",
        "name": "沙美野路",
        "operator": "井笠バスカンパニー",
        "ref": "",
        "url": "",
        "url2": ""
      }
    },
    {
      "type": "Feature",
      "geometry": {
        "type": "Point",
        "coordinates": [
          133.6365322,
          34.5035917
        ]
      },
      "properties": {
        "内容": "バス停: 沙美中 (井笠バスカンパニー)",
        "name": "沙美中",
        "operator": "井笠バスカンパニー",
        "ref": "",
        "url": "",
        "url2": ""
      }
    },
    {
      "type": "Feature",
      "geometry": {
        "type": "Point",
        "coordinates": [
          133.6316588,
          34.5033382
        ]
      },
      "properties": {
        "内容": "バス停: 沙美 (井笠バスカンパニー)",
        "name": "沙美",
        "operator": "井笠バスカンパニー",
        "ref": "",
        "url": "",
        "url2": ""
      }
    },
    {
      "type": "Feature",
      "geometry": {
        "type": "Point",
        "coordinates": [
          133.6289765,
          34.5032278
        ]
      },
      "properties": {
        "内容": "バス停: 沙美白浜 (井笠バスカンパニー)",
        "name": "沙美白浜",
        "operator": "井笠バスカンパニー",
        "ref": "",
        "url": "",
        "url2": ""
      }
    },
    {
      "type": "Feature",
      "geometry": {
        "type": "Point",
        "coordinates": [
          133.6219529,
          34.4949368
        ]
      },
      "properties": {
        "内容": "バス停: 岩谷 (井笠バスカンパニー)",
        "name": "岩谷",
        "operator": "井笠バスカンパニー",
        "ref": "",
        "url": "",
        "url2": ""
      }
    },
    {
      "type": "Feature",
      "geometry": {
        "type": "Point",
        "coordinates": [
          133.6159576,
          34.4953673
        ]
      },
      "properties": {
        "内容": "バス停: 東南浦 (井笠バスカンパニー)",
        "name": "東南浦",
        "operator": "井笠バスカンパニー",
        "ref": "",
        "url": "",
        "url2": ""
      }
    },
    {
      "type": "Feature",
      "geometry": {
        "type": "Point",
        "coordinates": [
          133.6126792,
          34.4964449
        ]
      },
      "properties": {
        "内容": "バス停: 南浦 (井笠バスカンパニー)",
        "name": "南浦",
        "operator": "井笠バスカンパニー",
        "ref": "",
        "url": "",
        "url2": ""
      }
    },
    {
      "type": "Feature",
      "geometry": {
        "type": "Point",
        "coordinates": [
          133.6100827,
          34.4972763
        ]
      },
      "properties": {
        "内容": "バス停: 不動寺 (井笠バスカンパニー)",
        "name": "不動寺",
        "operator": "井笠バスカンパニー",
        "ref": "",
        "url": "",
        "url2": ""
      }
    },
    {
      "type": "Feature",
      "geometry": {
        "type": "Point",
        "coordinates": [
          133.5998822,
          34.494894
        ]
      },
      "properties": {
        "内容": "バス停: 東安倉大谷 (井笠バスカンパニー)",
        "name": "東安倉大谷",
        "operator": "井笠バスカンパニー",
        "ref": "",
        "url": "",
        "url2": ""
      }
    },
    {
      "type": "Feature",
      "geometry": {
        "type": "Point",
        "coordinates": [
          133.5974375,
          34.4931835
        ]
      },
      "properties": {
        "内容": "バス停: 東安倉 (井笠バスカンパニー)",
        "name": "東安倉",
        "operator": "井笠バスカンパニー",
        "ref": "",
        "url": "",
        "url2": ""
      }
    },
    {
      "type": "Feature",
      "geometry": {
        "type": "Point",
        "coordinates": [
          133.594705,
          34.4914187
        ]
      },
      "properties": {
        "内容": "バス停: 中安倉 (井笠バスカンパニー)",
        "name": "中安倉",
        "operator": "井笠バスカンパニー",
        "ref": "",
        "url": "",
        "url2": ""
      }
    },
    {
      "type": "Feature",
      "geometry": {
        "type": "Point",
        "coordinates": [
          133.5911418,
          34.4886204
        ]
      },
      "properties": {
        "内容": "バス停: 西安倉 (井笠バスカンパニー)",
        "name": "西安倉",
        "operator": "井笠バスカンパニー",
        "ref": "",
        "url": "",
        "url2": ""
      }
    },
    {
      "type": "Feature",
      "geometry": {
        "type": "Point",
        "coordinates": [
          133.5898992,
          34.485798
        ]
      },
      "properties": {
        "内容": "バス停: 国頭 (井笠バスカンパニー)",
        "name": "国頭",
        "operator": "井笠バスカンパニー",
        "ref": "",
        "url": "",
        "url2": ""
      }
    },
    {
      "type": "Feature",
      "geometry": {
        "type": "Point",
        "coordinates": [
          133.5887985,
          34.4828078
        ]
      },
      "properties": {
        "内容": "バス停: 寄島総合支所前 (井笠バスカンパニー)",
        "name": "寄島総合支所前",
        "operator": "井笠バスカンパニー",
        "ref": "",
        "url": "",
        "url2": ""
      }
    },
    {
      "type": "Feature",
      "geometry": {
        "type": "Point",
        "coordinates": [
          133.5928912,
          34.4902772
        ]
      },
      "properties": {
        "内容": "バス停: 公会堂前 (井笠バスカンパニー)",
        "name": "公会堂前",
        "operator": "井笠バスカンパニー",
        "ref": "",
        "url": "",
        "url2": ""
      }
    },
    {
      "type": "Feature",
      "geometry": {
        "type": "Point",
        "coordinates": [
          133.6574042,
          34.5216341
        ]
      },
      "properties": {
        "内容": "バス停: 羽口 (井笠バスカンパニー)",
        "name": "羽口",
        "operator": "井笠バスカンパニー",
        "ref": "",
        "url": "",
        "url2": ""
      }
    },
    {
      "type": "Feature",
      "geometry": {
        "type": "Point",
        "coordinates": [
          133.6612924,
          34.5222233
        ]
      },
      "properties": {
        "内容": "バス停: 八幡灯台前 (井笠バスカンパニー)",
        "name": "八幡灯台前",
        "operator": "井笠バスカンパニー",
        "ref": "",
        "url": "",
        "url2": ""
      }
    },
    {
      "type": "Feature",
      "geometry": {
        "type": "Point",
        "coordinates": [
          133.6624906,
          34.5251712
        ]
      },
      "properties": {
        "内容": "バス停: 南船宮 (井笠バスカンパニー)",
        "name": "南船宮",
        "operator": "井笠バスカンパニー",
        "ref": "",
        "url": "",
        "url2": ""
      }
    },
    {
      "type": "Feature",
      "geometry": {
        "type": "Point",
        "coordinates": [
          133.66242,
          34.5271112
        ]
      },
      "properties": {
        "内容": "バス停: 福井 (井笠バスカンパニー)",
        "name": "福井",
        "operator": "井笠バスカンパニー",
        "ref": "",
        "url": "",
        "url2": ""
      }
    },
    {
      "type": "Feature",
      "geometry": {
        "type": "Point",
        "coordinates": [
          133.6626339,
          34.5298422
        ]
      },
      "properties": {
        "内容": "バス停: 船宮 (井笠バスカンパニー)",
        "name": "船宮",
        "operator": "井笠バスカンパニー",
        "ref": "",
        "url": "",
        "url2": ""
      }
    },
    {
      "type": "Feature",
      "geometry": {
        "type": "Point",
        "coordinates": [
          133.6595266,
          34.5310703
        ]
      },
      "properties": {
        "内容": "バス停: 玉島協同病院 (井笠バスカンパニー)",
        "name": "玉島協同病院",
        "operator": "井笠バスカンパニー",
        "ref": "",
        "url": "",
        "url2": ""
      }
    },
    {
      "type": "Feature",
      "geometry": {
        "type": "Point",
        "coordinates": [
          133.6637389,
          34.5323897
        ]
      },
      "properties": {
        "内容": "バス停: 玉島西中入口",
        "name": "玉島西中入口",
        "operator": "事業者不明",
        "ref": "",
        "url": "",
        "url2": ""
      }
    },
    {
      "type": "Feature",
      "geometry": {
        "type": "Point",
        "coordinates": [
          133.6663568,
          34.5344876
        ]
      },
      "properties": {
        "内容": "バス停: 天満町 (井笠バスカンパニー)",
        "name": "天満町",
        "operator": "井笠バスカンパニー",
        "ref": "",
        "url": "",
        "url2": ""
      }
    },
    {
      "type": "Feature",
      "geometry": {
        "type": "Point",
        "coordinates": [
          133.6676122,
          34.5370997
        ]
      },
      "properties": {
        "内容": "バス停: 稲荷町 (井笠バスカンパニー)",
        "name": "稲荷町",
        "operator": "井笠バスカンパニー",
        "ref": "",
        "url": "",
        "url2": ""
      }
    },
    {
      "type": "Feature",
      "geometry": {
        "type": "Point",
        "coordinates": [
          133.6688032,
          34.5403771
        ]
      },
      "properties": {
        "内容": "バス停: 昭和橋 (井笠バスカンパニー)",
        "name": "昭和橋",
        "operator": "井笠バスカンパニー",
        "ref": "",
        "url": "",
        "url2": ""
      }
    },
    {
      "type": "Feature",
      "geometry": {
        "type": "Point",
        "coordinates": [
          133.6685722,
          34.5426888
        ]
      },
      "properties": {
        "内容": "バス停: 玉商グラウンド前 (井笠バスカンパニー)",
        "name": "玉商グラウンド前",
        "operator": "井笠バスカンパニー",
        "ref": "",
        "url": "",
        "url2": ""
      }
    },
    {
      "type": "Feature",
      "geometry": {
        "type": "Point",
        "coordinates": [
          133.671469,
          34.5446794
        ]
      },
      "properties": {
        "内容": "バス停: 玉島中央町 (両備バス)",
        "name": "玉島中央町",
        "operator": "両備バス",
        "ref": "",
        "url": "",
        "url2": ""
      }
    },
    {
      "type": "Feature",
      "geometry": {
        "type": "Point",
        "coordinates": [
          133.6713054,
          34.5442795
        ]
      },
      "properties": {
        "内容": "バス停: 玉島中央町 (両備バス)",
        "name": "玉島中央町",
        "operator": "両備バス",
        "ref": "",
        "url": "",
        "url2": ""
      }
    },
    {
      "type": "Feature",
      "geometry": {
        "type": "Point",
        "coordinates": [
          133.6729659,
          34.5475043
        ]
      },
      "properties": {
        "内容": "バス停: 玉島支所入口 (両備バス)",
        "name": "玉島支所入口",
        "operator": "両備バス",
        "ref": "",
        "url": "",
        "url2": ""
      }
    },
    {
      "type": "Feature",
      "geometry": {
        "type": "Point",
        "coordinates": [
          133.674501,
          34.5506603
        ]
      },
      "properties": {
        "内容": "バス停: 文化センター入口 (両備バス)",
        "name": "文化センター入口",
        "operator": "両備バス",
        "ref": "",
        "url": "",
        "url2": ""
      }
    },
    {
      "type": "Feature",
      "geometry": {
        "type": "Point",
        "coordinates": [
          133.674501,
          34.5510115
        ]
      },
      "properties": {
        "内容": "バス停: 文化センター入口 (両備バス)",
        "name": "文化センター入口",
        "operator": "両備バス",
        "ref": "",
        "url": "",
        "url2": ""
      }
    },
    {
      "type": "Feature",
      "geometry": {
        "type": "Point",
        "coordinates": [
          133.6748298,
          34.5520465
        ]
      },
      "properties": {
        "内容": "バス停: 七島 (両備バス)",
        "name": "七島",
        "operator": "両備バス",
        "ref": "",
        "url": "",
        "url2": ""
      }
    },
    {
      "type": "Feature",
      "geometry": {
        "type": "Point",
        "coordinates": [
          133.6755031,
          34.5539905
        ]
      },
      "properties": {
        "内容": "バス停: 八島 (両備バス)",
        "name": "八島",
        "operator": "両備バス",
        "ref": "",
        "url": "",
        "url2": ""
      }
    },
    {
      "type": "Feature",
      "geometry": {
        "type": "Point",
        "coordinates": [
          133.6768522,
          34.5581832
        ]
      },
      "properties": {
        "内容": "バス停: 爪崎西 (両備バス)",
        "name": "爪崎西",
        "operator": "両備バス",
        "ref": "",
        "url": "",
        "url2": ""
      }
    },
    {
      "type": "Feature",
      "geometry": {
        "type": "Point",
        "coordinates": [
          133.6801793,
          34.5620886
        ]
      },
      "properties": {
        "内容": "バス停: 爪崎南 (両備バス)",
        "name": "爪崎南",
        "operator": "両備バス",
        "ref": "",
        "url": "",
        "url2": ""
      }
    },
    {
      "type": "Feature",
      "geometry": {
        "type": "Point",
        "coordinates": [
          133.6819252,
          34.5632701
        ]
      },
      "properties": {
        "内容": "バス停: 病院前 (両備バス)",
        "name": "病院前",
        "operator": "両備バス",
        "ref": "",
        "url": "",
        "url2": ""
      }
    },
    {
      "type": "Feature",
      "geometry": {
        "type": "Point",
        "coordinates": [
          133.6863455,
          34.5629299
        ]
      },
      "properties": {
        "内容": "バス停: 鉾島口 (両備バス)",
        "name": "鉾島口",
        "operator": "両備バス",
        "ref": "",
        "url": "",
        "url2": ""
      }
    },
    {
      "type": "Feature",
      "geometry": {
        "type": "Point",
        "coordinates": [
          133.6894354,
          34.5627355
        ]
      },
      "properties": {
        "内容": "バス停: 長田町 (両備バス)",
        "name": "長田町",
        "operator": "両備バス",
        "ref": "",
        "url": "",
        "url2": ""
      }
    },
    {
      "type": "Feature",
      "geometry": {
        "type": "Point",
        "coordinates": [
          133.6924663,
          34.5619094
        ]
      },
      "properties": {
        "内容": "バス停: 福島 (両備バス)",
        "name": "福島",
        "operator": "両備バス",
        "ref": "",
        "url": "",
        "url2": ""
      }
    },
    {
      "type": "Feature",
      "geometry": {
        "type": "Point",
        "coordinates": [
          133.6856209,
          34.5627441
        ]
      },
      "properties": {
        "内容": "バス停: 鉾島口 (両備バス)",
        "name": "鉾島口",
        "operator": "両備バス",
        "ref": "",
        "url": "",
        "url2": ""
      }
    },
    {
      "type": "Feature",
      "geometry": {
        "type": "Point",
        "coordinates": [
          133.691963,
          34.5618904
        ]
      },
      "properties": {
        "内容": "バス停: 福島 (両備バス)",
        "name": "福島",
        "operator": "両備バス",
        "ref": "",
        "url": "",
        "url2": ""
      }
    },
    {
      "type": "Feature",
      "geometry": {
        "type": "Point",
        "coordinates": [
          133.6953373,
          34.56104
        ]
      },
      "properties": {
        "内容": "バス停: 堤下 (両備バス)",
        "name": "堤下",
        "operator": "両備バス",
        "ref": "",
        "url": "",
        "url2": ""
      }
    },
    {
      "type": "Feature",
      "geometry": {
        "type": "Point",
        "coordinates": [
          133.6948129,
          34.5611036
        ]
      },
      "properties": {
        "内容": "バス停: 堤下 (両備バス)",
        "name": "堤下",
        "operator": "両備バス",
        "ref": "",
        "url": "",
        "url2": ""
      }
    },
    {
      "type": "Feature",
      "geometry": {
        "type": "Point",
        "coordinates": [
          133.6958741,
          34.5586979
        ]
      },
      "properties": {
        "内容": "バス停: 上成 (両備バス)",
        "name": "上成",
        "operator": "両備バス",
        "ref": "",
        "url": "",
        "url2": ""
      }
    },
    {
      "type": "Feature",
      "geometry": {
        "type": "Point",
        "coordinates": [
          133.695435,
          34.5586644
        ]
      },
      "properties": {
        "内容": "バス停: 上成 (両備バス)",
        "name": "上成",
        "operator": "両備バス",
        "ref": "",
        "url": "",
        "url2": ""
      }
    },
    {
      "type": "Feature",
      "geometry": {
        "type": "Point",
        "coordinates": [
          133.7043587,
          34.5581354
        ]
      },
      "properties": {
        "内容": "バス停: 霞橋 (両備バス)",
        "name": "霞橋",
        "operator": "両備バス",
        "ref": "",
        "url": "",
        "url2": ""
      }
    },
    {
      "type": "Feature",
      "geometry": {
        "type": "Point",
        "coordinates": [
          133.7044766,
          34.5591499
        ]
      },
      "properties": {
        "内容": "バス停: 霞橋 (両備バス)",
        "name": "霞橋",
        "operator": "両備バス",
        "ref": "",
        "url": "",
        "url2": ""
      }
    },
    {
      "type": "Feature",
      "geometry": {
        "type": "Point",
        "coordinates": [
          133.7047915,
          34.5593346
        ]
      },
      "properties": {
        "内容": "バス停: 名称不明バス停 (両備バス)",
        "name": "名称不明バス停",
        "operator": "両備バス",
        "ref": "",
        "url": "",
        "url2": ""
      }
    },
    {
      "type": "Feature",
      "geometry": {
        "type": "Point",
        "coordinates": [
          133.7056283,
          34.5554083
        ]
      },
      "properties": {
        "内容": "バス停: 霞丘小学校入口 (両備バス)",
        "name": "霞丘小学校入口",
        "operator": "両備バス",
        "ref": "",
        "url": "",
        "url2": ""
      }
    },
    {
      "type": "Feature",
      "geometry": {
        "type": "Point",
        "coordinates": [
          133.7127081,
          34.5553085
        ]
      },
      "properties": {
        "内容": "バス停: 倉敷芸術科学大学 (両備バス)",
        "name": "倉敷芸術科学大学",
        "operator": "両備バス",
        "ref": "",
        "url": "",
        "url2": ""
      }
    },
    {
      "type": "Feature",
      "geometry": {
        "type": "Point",
        "coordinates": [
          133.7124859,
          34.5553328
        ]
      },
      "properties": {
        "内容": "バス停: 倉敷芸術科学大学 (両備バス)",
        "name": "倉敷芸術科学大学",
        "operator": "両備バス",
        "ref": "",
        "url": "",
        "url2": ""
      }
    },
    {
      "type": "Feature",
      "geometry": {
        "type": "Point",
        "coordinates": [
          133.6717172,
          34.5264005
        ]
      },
      "properties": {
        "内容": "バス停: 住友重機械西門 (両備バス)",
        "name": "住友重機械西門",
        "operator": "両備バス",
        "ref": "",
        "url": "",
        "url2": ""
      }
    },
    {
      "type": "Feature",
      "geometry": {
        "type": "Point",
        "coordinates": [
          133.6748195,
          34.5255286
        ]
      },
      "properties": {
        "内容": "バス停: 戸島公園 (両備バス)",
        "name": "戸島公園",
        "operator": "両備バス",
        "ref": "",
        "url": "",
        "url2": ""
      }
    },
    {
      "type": "Feature",
      "geometry": {
        "type": "Point",
        "coordinates": [
          133.6770457,
          34.5254615
        ]
      },
      "properties": {
        "内容": "バス停: 養父 (両備バス)",
        "name": "養父",
        "operator": "両備バス",
        "ref": "",
        "url": "",
        "url2": ""
      }
    },
    {
      "type": "Feature",
      "geometry": {
        "type": "Point",
        "coordinates": [
          133.6789527,
          34.526328
        ]
      },
      "properties": {
        "内容": "バス停: 名称不明バス停 (両備バス)",
        "name": "名称不明バス停",
        "operator": "両備バス",
        "ref": "坂田町",
        "url": "",
        "url2": ""
      }
    },
    {
      "type": "Feature",
      "geometry": {
        "type": "Point",
        "coordinates": [
          133.6825065,
          34.5269802
        ]
      },
      "properties": {
        "内容": "バス停: 坂田町交差点 (両備バス)",
        "name": "坂田町交差点",
        "operator": "両備バス",
        "ref": "",
        "url": "",
        "url2": ""
      }
    },
    {
      "type": "Feature",
      "geometry": {
        "type": "Point",
        "coordinates": [
          133.682656,
          34.5288846
        ]
      },
      "properties": {
        "内容": "バス停: クラレ入口 (両備バス)",
        "name": "クラレ入口",
        "operator": "両備バス",
        "ref": "",
        "url": "",
        "url2": ""
      }
    },
    {
      "type": "Feature",
      "geometry": {
        "type": "Point",
        "coordinates": [
          133.6827391,
          34.531973
        ]
      },
      "properties": {
        "内容": "バス停: 東小高地 (両備バス)",
        "name": "東小高地",
        "operator": "両備バス",
        "ref": "",
        "url": "",
        "url2": ""
      }
    },
    {
      "type": "Feature",
      "geometry": {
        "type": "Point",
        "coordinates": [
          133.6829593,
          34.5317427
        ]
      },
      "properties": {
        "内容": "バス停: 東小高地 (両備バス)",
        "name": "東小高地",
        "operator": "両備バス",
        "ref": "",
        "url": "",
        "url2": ""
      }
    },
    {
      "type": "Feature",
      "geometry": {
        "type": "Point",
        "coordinates": [
          133.6828041,
          34.5337936
        ]
      },
      "properties": {
        "内容": "バス停: 東高地南 (両備バス)",
        "name": "東高地南",
        "operator": "両備バス",
        "ref": "",
        "url": "",
        "url2": ""
      }
    },
    {
      "type": "Feature",
      "geometry": {
        "type": "Point",
        "coordinates": [
          133.6828873,
          34.5365119
        ]
      },
      "properties": {
        "内容": "バス停: 東高地 (両備バス)",
        "name": "東高地",
        "operator": "両備バス",
        "ref": "",
        "url": "",
        "url2": ""
      }
    },
    {
      "type": "Feature",
      "geometry": {
        "type": "Point",
        "coordinates": [
          133.6829736,
          34.5388494
        ]
      },
      "properties": {
        "内容": "バス停: 堀貫 (両備バス)",
        "name": "堀貫",
        "operator": "両備バス",
        "ref": "",
        "url": "",
        "url2": ""
      }
    },
    {
      "type": "Feature",
      "geometry": {
        "type": "Point",
        "coordinates": [
          133.6830537,
          34.5413442
        ]
      },
      "properties": {
        "内容": "バス停: 堀貫北 (両備バス)",
        "name": "堀貫北",
        "operator": "両備バス",
        "ref": "",
        "url": "",
        "url2": ""
      }
    },
    {
      "type": "Feature",
      "geometry": {
        "type": "Point",
        "coordinates": [
          133.6823789,
          34.5436181
        ]
      },
      "properties": {
        "内容": "バス停: 押上 (両備バス)",
        "name": "押上",
        "operator": "両備バス",
        "ref": "",
        "url": "",
        "url2": ""
      }
    },
    {
      "type": "Feature",
      "geometry": {
        "type": "Point",
        "coordinates": [
          133.6815008,
          34.5452068
        ]
      },
      "properties": {
        "内容": "バス停: 日之出町 (両備バス)",
        "name": "日之出町",
        "operator": "両備バス",
        "ref": "",
        "url": "",
        "url2": ""
      }
    },
    {
      "type": "Feature",
      "geometry": {
        "type": "Point",
        "coordinates": [
          133.6809477,
          34.549207
        ]
      },
      "properties": {
        "内容": "バス停: 玉島警察署前 (両備バス)",
        "name": "玉島警察署前",
        "operator": "両備バス",
        "ref": "",
        "url": "",
        "url2": ""
      }
    },
    {
      "type": "Feature",
      "geometry": {
        "type": "Point",
        "coordinates": [
          133.6807382,
          34.5520187
        ]
      },
      "properties": {
        "内容": "バス停: 玉島ショッピングセンター TOPS前 (両備バス)",
        "name": "玉島ショッピングセンター TOPS前",
        "operator": "両備バス",
        "ref": "",
        "url": "",
        "url2": ""
      }
    },
    {
      "type": "Feature",
      "geometry": {
        "type": "Point",
        "coordinates": [
          133.6804917,
          34.5544167
        ]
      },
      "properties": {
        "内容": "バス停: ケアハウスあいの泉前 (両備バス)",
        "name": "ケアハウスあいの泉前",
        "operator": "両備バス",
        "ref": "",
        "url": "",
        "url2": ""
      }
    },
    {
      "type": "Feature",
      "geometry": {
        "type": "Point",
        "coordinates": [
          133.6803345,
          34.5565761
        ]
      },
      "properties": {
        "内容": "バス停: 倉敷西年金事務所前 (両備バス)",
        "name": "倉敷西年金事務所前",
        "operator": "両備バス",
        "ref": "",
        "url": "",
        "url2": ""
      }
    },
    {
      "type": "Feature",
      "geometry": {
        "type": "Point",
        "coordinates": [
          133.6853532,
          34.5298251
        ]
      },
      "properties": {
        "内容": "バス停: クラレ正門前 (両備バス)",
        "name": "クラレ正門前",
        "operator": "両備バス",
        "ref": "",
        "url": "",
        "url2": ""
      }
    },
    {
      "type": "Feature",
      "geometry": {
        "type": "Point",
        "coordinates": [
          133.6784798,
          34.5222545
        ]
      },
      "properties": {
        "内容": "バス停: 住友重機械正門前 (両備バス)",
        "name": "住友重機械正門前",
        "operator": "両備バス",
        "ref": "",
        "url": "",
        "url2": ""
      }
    },
    {
      "type": "Feature",
      "geometry": {
        "type": "Point",
        "coordinates": [
          133.6788218,
          34.521795
        ]
      },
      "properties": {
        "内容": "バス停: 住友重機械正門前 (両備バス)",
        "name": "住友重機械正門前",
        "operator": "両備バス",
        "ref": "",
        "url": "",
        "url2": ""
      }
    },
    {
      "type": "Feature",
      "geometry": {
        "type": "Point",
        "coordinates": [
          133.6785173,
          34.5175665
        ]
      },
      "properties": {
        "内容": "バス停: プール前 (両備バス)",
        "name": "プール前",
        "operator": "両備バス",
        "ref": "",
        "url": "",
        "url2": ""
      }
    },
    {
      "type": "Feature",
      "geometry": {
        "type": "Point",
        "coordinates": [
          133.6784065,
          34.5147503
        ]
      },
      "properties": {
        "内容": "バス停: 玉島下水処理場前 (両備バス)",
        "name": "玉島下水処理場前",
        "operator": "両備バス",
        "ref": "",
        "url": "",
        "url2": ""
      }
    },
    {
      "type": "Feature",
      "geometry": {
        "type": "Point",
        "coordinates": [
          133.6781208,
          34.5150917
        ]
      },
      "properties": {
        "内容": "バス停: 玉島下水処理場前 (両備バス)",
        "name": "玉島下水処理場前",
        "operator": "両備バス",
        "ref": "",
        "url": "",
        "url2": ""
      }
    },
    {
      "type": "Feature",
      "geometry": {
        "type": "Point",
        "coordinates": [
          133.678265,
          34.5083005
        ]
      },
      "properties": {
        "内容": "バス停: ハーバーブリッジ北 (両備バス)",
        "name": "ハーバーブリッジ北",
        "operator": "両備バス",
        "ref": "",
        "url": "",
        "url2": ""
      }
    },
    {
      "type": "Feature",
      "geometry": {
        "type": "Point",
        "coordinates": [
          133.677973,
          34.5089742
        ]
      },
      "properties": {
        "内容": "バス停: ハーバーブリッジ北 (両備バス)",
        "name": "ハーバーブリッジ北",
        "operator": "両備バス",
        "ref": "",
        "url": "",
        "url2": ""
      }
    },
    {
      "type": "Feature",
      "geometry": {
        "type": "Point",
        "coordinates": [
          133.6767767,
          34.5013775
        ]
      },
      "properties": {
        "内容": "バス停: ハーバーアイランド (両備バス)",
        "name": "ハーバーアイランド",
        "operator": "両備バス",
        "ref": "",
        "url": "",
        "url2": ""
      }
    },
    {
      "type": "Feature",
      "geometry": {
        "type": "Point",
        "coordinates": [
          133.6762848,
          34.501612
        ]
      },
      "properties": {
        "内容": "バス停: ハーバーアイランド (両備バス)",
        "name": "ハーバーアイランド",
        "operator": "両備バス",
        "ref": "",
        "url": "",
        "url2": ""
      }
    },
    {
      "type": "Feature",
      "geometry": {
        "type": "Point",
        "coordinates": [
          133.6776093,
          34.4952421
        ]
      },
      "properties": {
        "内容": "バス停: ハーバーアイランド3工区 (両備バス)",
        "name": "ハーバーアイランド3工区",
        "operator": "両備バス",
        "ref": "",
        "url": "",
        "url2": ""
      }
    },
    {
      "type": "Feature",
      "geometry": {
        "type": "Point",
        "coordinates": [
          133.6823025,
          34.5790369
        ]
      },
      "properties": {
        "内容": "バス停: 中国能開大 (両備バス)",
        "name": "中国能開大",
        "operator": "両備バス",
        "ref": "",
        "url": "",
        "url2": ""
      }
    },
    {
      "type": "Feature",
      "geometry": {
        "type": "Point",
        "coordinates": [
          133.6828277,
          34.5607657
        ]
      },
      "properties": {
        "内容": "バス停: マルナカ新倉敷店前 (倉敷市船穂地区コミュニティタクシー)",
        "name": "マルナカ新倉敷店前",
        "operator": "倉敷市船穂地区コミュニティタクシー",
        "ref": "",
        "url": "",
        "url2": ""
      }
    },
    {
      "type": "Feature",
      "geometry": {
        "type": "Point",
        "coordinates": [
          133.6933879,
          34.5645899
        ]
      },
      "properties": {
        "内容": "バス停: 上成第2公園 (倉敷市船穂地区コミュニティタクシー)",
        "name": "上成第2公園",
        "operator": "倉敷市船穂地区コミュニティタクシー",
        "ref": "",
        "url": "",
        "url2": ""
      }
    },
    {
      "type": "Feature",
      "geometry": {
        "type": "Point",
        "coordinates": [
          133.6972597,
          34.5641313
        ]
      },
      "properties": {
        "内容": "バス停: 上成遊園 (倉敷市船穂地区コミュニティタクシー)",
        "name": "上成遊園",
        "operator": "倉敷市船穂地区コミュニティタクシー",
        "ref": "",
        "url": "",
        "url2": ""
      }
    },
    {
      "type": "Feature",
      "geometry": {
        "type": "Point",
        "coordinates": [
          133.6988353,
          34.5675387
        ]
      },
      "properties": {
        "内容": "バス停: 福島 (倉敷市船穂地区コミュニティタクシー)",
        "name": "福島",
        "operator": "倉敷市船穂地区コミュニティタクシー",
        "ref": "",
        "url": "",
        "url2": ""
      }
    },
    {
      "type": "Feature",
      "geometry": {
        "type": "Point",
        "coordinates": [
          133.7029724,
          34.5717926
        ]
      },
      "properties": {
        "内容": "バス停: 中新田コミュニティハウス (倉敷市船穂地区コミュニティタクシー)",
        "name": "中新田コミュニティハウス",
        "operator": "倉敷市船穂地区コミュニティタクシー",
        "ref": "",
        "url": "",
        "url2": ""
      }
    },
    {
      "type": "Feature",
      "geometry": {
        "type": "Point",
        "coordinates": [
          133.7041116,
          34.5741355
        ]
      },
      "properties": {
        "内容": "バス停: 中之町 (倉敷市船穂地区コミュニティタクシー)",
        "name": "中之町",
        "operator": "倉敷市船穂地区コミュニティタクシー",
        "ref": "",
        "url": "",
        "url2": ""
      }
    },
    {
      "type": "Feature",
      "geometry": {
        "type": "Point",
        "coordinates": [
          133.7068801,
          34.5777906
        ]
      },
      "properties": {
        "内容": "バス停: 上之町 (倉敷市船穂地区コミュニティタクシー)",
        "name": "上之町",
        "operator": "倉敷市船穂地区コミュニティタクシー",
        "ref": "",
        "url": "",
        "url2": ""
      }
    },
    {
      "type": "Feature",
      "geometry": {
        "type": "Point",
        "coordinates": [
          133.7065855,
          34.5854478
        ]
      },
      "properties": {
        "内容": "バス停: 船穂支所 (倉敷市船穂地区コミュニティタクシー)",
        "name": "船穂支所",
        "operator": "倉敷市船穂地区コミュニティタクシー",
        "ref": "",
        "url": "",
        "url2": ""
      }
    },
    {
      "type": "Feature",
      "geometry": {
        "type": "Point",
        "coordinates": [
          133.7128683,
          34.5906252
        ]
      },
      "properties": {
        "内容": "バス停: 橋本 (倉敷市船穂地区コミュニティタクシー)",
        "name": "橋本",
        "operator": "倉敷市船穂地区コミュニティタクシー",
        "ref": "",
        "url": "",
        "url2": ""
      }
    },
    {
      "type": "Feature",
      "geometry": {
        "type": "Point",
        "coordinates": [
          133.7138857,
          34.5920602
        ]
      },
      "properties": {
        "内容": "バス停: 市場 (倉敷市船穂地区コミュニティタクシー)",
        "name": "市場",
        "operator": "倉敷市船穂地区コミュニティタクシー",
        "ref": "",
        "url": "",
        "url2": ""
      }
    },
    {
      "type": "Feature",
      "geometry": {
        "type": "Point",
        "coordinates": [
          133.7114204,
          34.588163
        ]
      },
      "properties": {
        "内容": "バス停: 稗塚 (倉敷市船穂地区コミュニティタクシー)",
        "name": "稗塚",
        "operator": "倉敷市船穂地区コミュニティタクシー",
        "ref": "",
        "url": "",
        "url2": ""
      }
    },
    {
      "type": "Feature",
      "geometry": {
        "type": "Point",
        "coordinates": [
          133.7275794,
          34.5859208
        ]
      },
      "properties": {
        "内容": "バス停: 西阿知駅",
        "name": "西阿知駅",
        "operator": "事業者不明",
        "ref": "",
        "url": "",
        "url2": ""
      }
    },
    {
      "type": "Feature",
      "geometry": {
        "type": "Point",
        "coordinates": [
          133.7269335,
          34.5906364
        ]
      },
      "properties": {
        "内容": "バス停: エブリイ前 (倉敷市船穂地区コミュニティタクシー)",
        "name": "エブリイ前",
        "operator": "倉敷市船穂地区コミュニティタクシー",
        "ref": "",
        "url": "",
        "url2": ""
      }
    },
    {
      "type": "Feature",
      "geometry": {
        "type": "Point",
        "coordinates": [
          133.7162004,
          34.5943323
        ]
      },
      "properties": {
        "内容": "バス停: 又串 (倉敷市船穂地区コミュニティタクシー)",
        "name": "又串",
        "operator": "倉敷市船穂地区コミュニティタクシー",
        "ref": "",
        "url": "",
        "url2": ""
      }
    },
    {
      "type": "Feature",
      "geometry": {
        "type": "Point",
        "coordinates": [
          133.7270493,
          34.6022933
        ]
      },
      "properties": {
        "内容": "バス停: 堅盤谷 (倉敷市船穂地区コミュニティタクシー)",
        "name": "堅盤谷",
        "operator": "倉敷市船穂地区コミュニティタクシー",
        "ref": "",
        "url": "",
        "url2": ""
      }
    },
    {
      "type": "Feature",
      "geometry": {
        "type": "Point",
        "coordinates": [
          133.7243631,
          34.607916
        ]
      },
      "properties": {
        "内容": "バス停: 大谷 (倉敷市船穂地区コミュニティタクシー)",
        "name": "大谷",
        "operator": "倉敷市船穂地区コミュニティタクシー",
        "ref": "",
        "url": "",
        "url2": ""
      }
    },
    {
      "type": "Feature",
      "geometry": {
        "type": "Point",
        "coordinates": [
          133.7227791,
          34.6095747
        ]
      },
      "properties": {
        "内容": "バス停: 一心 (倉敷市船穂地区コミュニティタクシー)",
        "name": "一心",
        "operator": "倉敷市船穂地区コミュニティタクシー",
        "ref": "",
        "url": "",
        "url2": ""
      }
    },
    {
      "type": "Feature",
      "geometry": {
        "type": "Point",
        "coordinates": [
          133.7220482,
          34.612809
        ]
      },
      "properties": {
        "内容": "バス停: 東畑 (倉敷市船穂地区コミュニティタクシー)",
        "name": "東畑",
        "operator": "倉敷市船穂地区コミュニティタクシー",
        "ref": "",
        "url": "",
        "url2": ""
      }
    },
    {
      "type": "Feature",
      "geometry": {
        "type": "Point",
        "coordinates": [
          133.6869192,
          34.5735965
        ]
      },
      "properties": {
        "内容": "バス停: 長尾口 (倉敷市船穂地区コミュニティタクシー)",
        "name": "長尾口",
        "operator": "倉敷市船穂地区コミュニティタクシー",
        "ref": "",
        "url": "",
        "url2": ""
      }
    },
    {
      "type": "Feature",
      "geometry": {
        "type": "Point",
        "coordinates": [
          133.684614,
          34.571408
        ]
      },
      "properties": {
        "内容": "バス停: 長尾上町 (倉敷市船穂地区コミュニティタクシー)",
        "name": "長尾上町",
        "operator": "倉敷市船穂地区コミュニティタクシー",
        "ref": "",
        "url": "",
        "url2": ""
      }
    },
    {
      "type": "Feature",
      "geometry": {
        "type": "Point",
        "coordinates": [
          133.6826306,
          34.5872233
        ]
      },
      "properties": {
        "内容": "バス停: 田ノ上 (倉敷市船穂地区コミュニティタクシー)",
        "name": "田ノ上",
        "operator": "倉敷市船穂地区コミュニティタクシー",
        "ref": "",
        "url": "",
        "url2": ""
      }
    },
    {
      "type": "Feature",
      "geometry": {
        "type": "Point",
        "coordinates": [
          133.6865044,
          34.5891142
        ]
      },
      "properties": {
        "内容": "バス停: 鶏尾 (倉敷市船穂地区コミュニティタクシー)",
        "name": "鶏尾",
        "operator": "倉敷市船穂地区コミュニティタクシー",
        "ref": "",
        "url": "",
        "url2": ""
      }
    },
    {
      "type": "Feature",
      "geometry": {
        "type": "Point",
        "coordinates": [
          133.6922599,
          34.5904388
        ]
      },
      "properties": {
        "内容": "バス停: 平石 (倉敷市船穂地区コミュニティタクシー)",
        "name": "平石",
        "operator": "倉敷市船穂地区コミュニティタクシー",
        "ref": "",
        "url": "",
        "url2": ""
      }
    },
    {
      "type": "Feature",
      "geometry": {
        "type": "Point",
        "coordinates": [
          133.6979581,
          34.5896645
        ]
      },
      "properties": {
        "内容": "バス停: 中山 (倉敷市船穂地区コミュニティタクシー)",
        "name": "中山",
        "operator": "倉敷市船穂地区コミュニティタクシー",
        "ref": "",
        "url": "",
        "url2": ""
      }
    },
    {
      "type": "Feature",
      "geometry": {
        "type": "Point",
        "coordinates": [
          133.7040686,
          34.5871285
        ]
      },
      "properties": {
        "内容": "バス停: 船穂神社前 (倉敷市船穂地区コミュニティタクシー)",
        "name": "船穂神社前",
        "operator": "倉敷市船穂地区コミュニティタクシー",
        "ref": "",
        "url": "",
        "url2": ""
      }
    },
    {
      "type": "Feature",
      "geometry": {
        "type": "Point",
        "coordinates": [
          133.7027001,
          34.591278
        ]
      },
      "properties": {
        "内容": "バス停: 北谷コミュニティハウス (倉敷市船穂地区コミュニティタクシー)",
        "name": "北谷コミュニティハウス",
        "operator": "倉敷市船穂地区コミュニティタクシー",
        "ref": "",
        "url": "",
        "url2": ""
      }
    },
    {
      "type": "Feature",
      "geometry": {
        "type": "Point",
        "coordinates": [
          133.7021768,
          34.5927954
        ]
      },
      "properties": {
        "内容": "バス停: 北谷上 (倉敷市船穂地区コミュニティタクシー)",
        "name": "北谷上",
        "operator": "倉敷市船穂地区コミュニティタクシー",
        "ref": "",
        "url": "",
        "url2": ""
      }
    },
    {
      "type": "Feature",
      "geometry": {
        "type": "Point",
        "coordinates": [
          134.3318121,
          35.1029473
        ]
      },
      "properties": {
        "内容": "バス停: 大原インター",
        "name": "大原インター",
        "operator": "事業者不明",
        "ref": "",
        "url": "",
        "url2": ""
      }
    },
    {
      "type": "Feature",
      "geometry": {
        "type": "Point",
        "coordinates": [
          134.3316063,
          35.1028765
        ]
      },
      "properties": {
        "内容": "バス停: 大原インター",
        "name": "大原インター",
        "operator": "事業者不明",
        "ref": "",
        "url": "",
        "url2": ""
      }
    },
    {
      "type": "Feature",
      "geometry": {
        "type": "Point",
        "coordinates": [
          134.3332384,
          35.1669029
        ]
      },
      "properties": {
        "内容": "バス停: 西粟倉",
        "name": "西粟倉",
        "operator": "事業者不明",
        "ref": "",
        "url": "",
        "url2": "Q11629376"
      }
    },
    {
      "type": "Feature",
      "geometry": {
        "type": "Point",
        "coordinates": [
          134.3329661,
          35.1669643
        ]
      },
      "properties": {
        "内容": "バス停: 西粟倉",
        "name": "西粟倉",
        "operator": "事業者不明",
        "ref": "",
        "url": "",
        "url2": "Q11629376"
      }
    },
    {
      "type": "Feature",
      "geometry": {
        "type": "Point",
        "coordinates": [
          133.9144119,
          34.7028299
        ]
      },
      "properties": {
        "内容": "バス停: 名称不明バス停",
        "name": "名称不明バス停",
        "operator": "事業者不明",
        "ref": "",
        "url": "",
        "url2": ""
      }
    },
    {
      "type": "Feature",
      "geometry": {
        "type": "Point",
        "coordinates": [
          133.9956593,
          35.0601723
        ]
      },
      "properties": {
        "内容": "バス停: 徳守神社前 (中鉄ほふくバス)",
        "name": "徳守神社前",
        "operator": "中鉄ほふくバス",
        "ref": "小循環10",
        "url": "",
        "url2": ""
      }
    },
    {
      "type": "Feature",
      "geometry": {
        "type": "Point",
        "coordinates": [
          134.002597,
          35.0548581
        ]
      },
      "properties": {
        "内容": "バス停: ①のりば (中鉄北部バス株式会社)",
        "name": "①のりば",
        "operator": "中鉄北部バス株式会社",
        "ref": "1",
        "url": "",
        "url2": ""
      }
    },
    {
      "type": "Feature",
      "geometry": {
        "type": "Point",
        "coordinates": [
          133.9997048,
          35.0529973
        ]
      },
      "properties": {
        "内容": "バス停: 津山まなびの鉄道館",
        "name": "津山まなびの鉄道館",
        "operator": "事業者不明",
        "ref": "",
        "url": "",
        "url2": ""
      }
    },
    {
      "type": "Feature",
      "geometry": {
        "type": "Point",
        "coordinates": [
          133.9992545,
          35.0573944
        ]
      },
      "properties": {
        "内容": "バス停: 吹屋町アルネ前",
        "name": "吹屋町アルネ前",
        "operator": "事業者不明",
        "ref": "",
        "url": "",
        "url2": ""
      }
    },
    {
      "type": "Feature",
      "geometry": {
        "type": "Point",
        "coordinates": [
          134.0474063,
          35.0627821
        ]
      },
      "properties": {
        "内容": "バス停: 津山インターチェンジ",
        "name": "津山インターチェンジ",
        "operator": "事業者不明",
        "ref": "",
        "url": "",
        "url2": ""
      }
    },
    {
      "type": "Feature",
      "geometry": {
        "type": "Point",
        "coordinates": [
          133.9868208,
          35.0627303
        ]
      },
      "properties": {
        "内容": "バス停: 小田中郵便局前",
        "name": "小田中郵便局前",
        "operator": "事業者不明",
        "ref": "",
        "url": "",
        "url2": ""
      }
    },
    {
      "type": "Feature",
      "geometry": {
        "type": "Point",
        "coordinates": [
          133.8026712,
          34.4675027
        ]
      },
      "properties": {
        "内容": "バス停: 児島市民交流センター前",
        "name": "児島市民交流センター前",
        "operator": "事業者不明",
        "ref": "",
        "url": "",
        "url2": ""
      }
    },
    {
      "type": "Feature",
      "geometry": {
        "type": "Point",
        "coordinates": [
          133.7726198,
          34.6040425
        ]
      },
      "properties": {
        "内容": "バス停: 南幸町・しげい病院前",
        "name": "南幸町・しげい病院前",
        "operator": "事業者不明",
        "ref": "",
        "url": "",
        "url2": ""
      }
    },
    {
      "type": "Feature",
      "geometry": {
        "type": "Point",
        "coordinates": [
          133.7727191,
          34.6039332
        ]
      },
      "properties": {
        "内容": "バス停: 南幸町・しげい病院前",
        "name": "南幸町・しげい病院前",
        "operator": "事業者不明",
        "ref": "",
        "url": "",
        "url2": ""
      }
    },
    {
      "type": "Feature",
      "geometry": {
        "type": "Point",
        "coordinates": [
          133.7698538,
          34.6032449
        ]
      },
      "properties": {
        "内容": "バス停: 昭和町・マルナカ前",
        "name": "昭和町・マルナカ前",
        "operator": "事業者不明",
        "ref": "",
        "url": "",
        "url2": ""
      }
    },
    {
      "type": "Feature",
      "geometry": {
        "type": "Point",
        "coordinates": [
          133.887789,
          34.5459851
        ]
      },
      "properties": {
        "内容": "バス停: 名称不明バス停",
        "name": "名称不明バス停",
        "operator": "事業者不明",
        "ref": "",
        "url": "",
        "url2": ""
      }
    },
    {
      "type": "Feature",
      "geometry": {
        "type": "Point",
        "coordinates": [
          133.8852087,
          34.5489886
        ]
      },
      "properties": {
        "内容": "バス停: 名称不明バス停",
        "name": "名称不明バス停",
        "operator": "事業者不明",
        "ref": "",
        "url": "",
        "url2": ""
      }
    },
    {
      "type": "Feature",
      "geometry": {
        "type": "Point",
        "coordinates": [
          133.8854059,
          34.549088
        ]
      },
      "properties": {
        "内容": "バス停: 名称不明バス停",
        "name": "名称不明バス停",
        "operator": "事業者不明",
        "ref": "",
        "url": "",
        "url2": ""
      }
    },
    {
      "type": "Feature",
      "geometry": {
        "type": "Point",
        "coordinates": [
          133.8887653,
          34.5452213
        ]
      },
      "properties": {
        "内容": "バス停: 名称不明バス停",
        "name": "名称不明バス停",
        "operator": "事業者不明",
        "ref": "",
        "url": "",
        "url2": ""
      }
    },
    {
      "type": "Feature",
      "geometry": {
        "type": "Point",
        "coordinates": [
          133.5052312,
          34.5051389
        ]
      },
      "properties": {
        "内容": "バス停: 笠岡駅前",
        "name": "笠岡駅前",
        "operator": "事業者不明",
        "ref": "1",
        "url": "",
        "url2": ""
      }
    },
    {
      "type": "Feature",
      "geometry": {
        "type": "Point",
        "coordinates": [
          134.1120383,
          35.1040047
        ]
      },
      "properties": {
        "内容": "バス停: 勝北支所前",
        "name": "勝北支所前",
        "operator": "事業者不明",
        "ref": "",
        "url": "",
        "url2": ""
      }
    },
    {
      "type": "Feature",
      "geometry": {
        "type": "Point",
        "coordinates": [
          133.9253172,
          35.278904
        ]
      },
      "properties": {
        "内容": "バス停: 上齋原振興センター",
        "name": "上齋原振興センター",
        "operator": "事業者不明",
        "ref": "",
        "url": "",
        "url2": ""
      }
    },
    {
      "type": "Feature",
      "geometry": {
        "type": "Point",
        "coordinates": [
          133.925539,
          35.2782622
        ]
      },
      "properties": {
        "内容": "バス停: 上齋原中鉄北部",
        "name": "上齋原中鉄北部",
        "operator": "事業者不明",
        "ref": "",
        "url": "",
        "url2": ""
      }
    },
    {
      "type": "Feature",
      "geometry": {
        "type": "Point",
        "coordinates": [
          133.4571112,
          34.5736836
        ]
      },
      "properties": {
        "内容": "バス停: 嫁いらず観音院",
        "name": "嫁いらず観音院",
        "operator": "事業者不明",
        "ref": "",
        "url": "",
        "url2": ""
      }
    },
    {
      "type": "Feature",
      "geometry": {
        "type": "Point",
        "coordinates": [
          133.7639079,
          34.5312877
        ]
      },
      "properties": {
        "内容": "バス停: 名称不明バス停",
        "name": "名称不明バス停",
        "operator": "事業者不明",
        "ref": "",
        "url": "",
        "url2": ""
      }
    },
    {
      "type": "Feature",
      "geometry": {
        "type": "Point",
        "coordinates": [
          134.2115224,
          34.6840822
        ]
      },
      "properties": {
        "内容": "バス停: 浜中 (瀬戸内市営バス)",
        "name": "浜中",
        "operator": "瀬戸内市営バス",
        "ref": "",
        "url": "",
        "url2": ""
      }
    },
    {
      "type": "Feature",
      "geometry": {
        "type": "Point",
        "coordinates": [
          133.8031092,
          34.5683651
        ]
      },
      "properties": {
        "内容": "バス停: 名称不明バス停",
        "name": "名称不明バス停",
        "operator": "事業者不明",
        "ref": "",
        "url": "",
        "url2": ""
      }
    },
    {
      "type": "Feature",
      "geometry": {
        "type": "Point",
        "coordinates": [
          133.8036322,
          34.5685175
        ]
      },
      "properties": {
        "内容": "バス停: 名称不明バス停",
        "name": "名称不明バス停",
        "operator": "事業者不明",
        "ref": "",
        "url": "",
        "url2": ""
      }
    },
    {
      "type": "Feature",
      "geometry": {
        "type": "Point",
        "coordinates": [
          134.0988086,
          34.6994779
        ]
      },
      "properties": {
        "内容": "バス停: 名称不明バス停",
        "name": "名称不明バス停",
        "operator": "事業者不明",
        "ref": "",
        "url": "",
        "url2": ""
      }
    },
    {
      "type": "Feature",
      "geometry": {
        "type": "Point",
        "coordinates": [
          133.9361838,
          34.6712853
        ]
      },
      "properties": {
        "内容": "バス停: 浜（岡山プラザホテル前） (宇野自動車)",
        "name": "浜（岡山プラザホテル前）",
        "operator": "宇野自動車",
        "ref": "",
        "url": "",
        "url2": ""
      }
    },
    {
      "type": "Feature",
      "geometry": {
        "type": "Point",
        "coordinates": [
          133.9362137,
          34.6711288
        ]
      },
      "properties": {
        "内容": "バス停: 浜（岡山プラザホテル前） (宇野自動車)",
        "name": "浜（岡山プラザホテル前）",
        "operator": "宇野自動車",
        "ref": "",
        "url": "",
        "url2": ""
      }
    },
    {
      "type": "Feature",
      "geometry": {
        "type": "Point",
        "coordinates": [
          133.9395887,
          34.6712374
        ]
      },
      "properties": {
        "内容": "バス停: 岡山中央警察署前 (宇野自動車)",
        "name": "岡山中央警察署前",
        "operator": "宇野自動車",
        "ref": "",
        "url": "",
        "url2": ""
      }
    },
    {
      "type": "Feature",
      "geometry": {
        "type": "Point",
        "coordinates": [
          133.9383663,
          34.6710824
        ]
      },
      "properties": {
        "内容": "バス停: 岡山中央警察署前 (宇野自動車)",
        "name": "岡山中央警察署前",
        "operator": "宇野自動車",
        "ref": "",
        "url": "",
        "url2": ""
      }
    },
    {
      "type": "Feature",
      "geometry": {
        "type": "Point",
        "coordinates": [
          133.9489181,
          34.6702277
        ]
      },
      "properties": {
        "内容": "バス停: 原尾島 (宇野自動車)",
        "name": "原尾島",
        "operator": "宇野自動車",
        "ref": "",
        "url": "",
        "url2": ""
      }
    },
    {
      "type": "Feature",
      "geometry": {
        "type": "Point",
        "coordinates": [
          133.9487599,
          34.6701236
        ]
      },
      "properties": {
        "内容": "バス停: 原尾島 (宇野自動車)",
        "name": "原尾島",
        "operator": "宇野自動車",
        "ref": "",
        "url": "",
        "url2": ""
      }
    },
    {
      "type": "Feature",
      "geometry": {
        "type": "Point",
        "coordinates": [
          134.1555422,
          34.6490294
        ]
      },
      "properties": {
        "内容": "バス停: 尻海入口 (瀬戸内市営バス)",
        "name": "尻海入口",
        "operator": "瀬戸内市営バス",
        "ref": "",
        "url": "",
        "url2": ""
      }
    },
    {
      "type": "Feature",
      "geometry": {
        "type": "Point",
        "coordinates": [
          134.1570326,
          34.6487202
        ]
      },
      "properties": {
        "内容": "バス停: 尻海 (瀬戸内市営バス)",
        "name": "尻海",
        "operator": "瀬戸内市営バス",
        "ref": "",
        "url": "",
        "url2": ""
      }
    },
    {
      "type": "Feature",
      "geometry": {
        "type": "Point",
        "coordinates": [
          134.1492963,
          34.6578666
        ]
      },
      "properties": {
        "内容": "バス停: 渡内 (瀬戸内市営バス)",
        "name": "渡内",
        "operator": "瀬戸内市営バス",
        "ref": "",
        "url": "",
        "url2": ""
      }
    },
    {
      "type": "Feature",
      "geometry": {
        "type": "Point",
        "coordinates": [
          134.1428083,
          34.6590534
        ]
      },
      "properties": {
        "内容": "バス停: 岩花 (瀬戸内市営バス)",
        "name": "岩花",
        "operator": "瀬戸内市営バス",
        "ref": "",
        "url": "",
        "url2": ""
      }
    },
    {
      "type": "Feature",
      "geometry": {
        "type": "Point",
        "coordinates": [
          134.1377638,
          34.6601148
        ]
      },
      "properties": {
        "内容": "バス停: 大土井 (瀬戸内市営バス)",
        "name": "大土井",
        "operator": "瀬戸内市営バス",
        "ref": "",
        "url": "",
        "url2": ""
      }
    },
    {
      "type": "Feature",
      "geometry": {
        "type": "Point",
        "coordinates": [
          134.1345765,
          34.659492
        ]
      },
      "properties": {
        "内容": "バス停: 大土井西 (瀬戸内市営バス)",
        "name": "大土井西",
        "operator": "瀬戸内市営バス",
        "ref": "",
        "url": "",
        "url2": ""
      }
    },
    {
      "type": "Feature",
      "geometry": {
        "type": "Point",
        "coordinates": [
          134.1265957,
          34.658625
        ]
      },
      "properties": {
        "内容": "バス停: 石仏 (瀬戸内市営バス)",
        "name": "石仏",
        "operator": "瀬戸内市営バス",
        "ref": "",
        "url": "",
        "url2": ""
      }
    },
    {
      "type": "Feature",
      "geometry": {
        "type": "Point",
        "coordinates": [
          134.1211003,
          34.659969
        ]
      },
      "properties": {
        "内容": "バス停: 佐井田 (瀬戸内市営バス)",
        "name": "佐井田",
        "operator": "瀬戸内市営バス",
        "ref": "",
        "url": "",
        "url2": ""
      }
    },
    {
      "type": "Feature",
      "geometry": {
        "type": "Point",
        "coordinates": [
          134.1193442,
          34.6599515
        ]
      },
      "properties": {
        "内容": "バス停: 夢二生家記念館前 (瀬戸内市営バス)",
        "name": "夢二生家記念館前",
        "operator": "瀬戸内市営バス",
        "ref": "",
        "url": "",
        "url2": ""
      }
    },
    {
      "type": "Feature",
      "geometry": {
        "type": "Point",
        "coordinates": [
          134.1194821,
          34.6600084
        ]
      },
      "properties": {
        "内容": "バス停: 夢二生家記念館前 (瀬戸内市営バス)",
        "name": "夢二生家記念館前",
        "operator": "瀬戸内市営バス",
        "ref": "",
        "url": "",
        "url2": ""
      }
    },
    {
      "type": "Feature",
      "geometry": {
        "type": "Point",
        "coordinates": [
          134.1158218,
          34.6608298
        ]
      },
      "properties": {
        "内容": "バス停: 千町橋 (瀬戸内市営バス)",
        "name": "千町橋",
        "operator": "瀬戸内市営バス",
        "ref": "",
        "url": "",
        "url2": ""
      }
    },
    {
      "type": "Feature",
      "geometry": {
        "type": "Point",
        "coordinates": [
          134.1161554,
          34.6606699
        ]
      },
      "properties": {
        "内容": "バス停: 千町橋 (瀬戸内市営バス)",
        "name": "千町橋",
        "operator": "瀬戸内市営バス",
        "ref": "",
        "url": "",
        "url2": ""
      }
    },
    {
      "type": "Feature",
      "geometry": {
        "type": "Point",
        "coordinates": [
          134.107037,
          34.6625969
        ]
      },
      "properties": {
        "内容": "バス停: 千町 (瀬戸内市営バス)",
        "name": "千町",
        "operator": "瀬戸内市営バス",
        "ref": "",
        "url": "",
        "url2": ""
      }
    },
    {
      "type": "Feature",
      "geometry": {
        "type": "Point",
        "coordinates": [
          134.105926,
          34.6625601
        ]
      },
      "properties": {
        "内容": "バス停: 千町 (瀬戸内市営バス)",
        "name": "千町",
        "operator": "瀬戸内市営バス",
        "ref": "",
        "url": "",
        "url2": ""
      }
    },
    {
      "type": "Feature",
      "geometry": {
        "type": "Point",
        "coordinates": [
          134.1009581,
          34.6637065
        ]
      },
      "properties": {
        "内容": "バス停: 千町西 (瀬戸内市営バス)",
        "name": "千町西",
        "operator": "瀬戸内市営バス",
        "ref": "",
        "url": "",
        "url2": ""
      }
    },
    {
      "type": "Feature",
      "geometry": {
        "type": "Point",
        "coordinates": [
          134.1007486,
          34.6636236
        ]
      },
      "properties": {
        "内容": "バス停: 千町西 (瀬戸内市営バス)",
        "name": "千町西",
        "operator": "瀬戸内市営バス",
        "ref": "",
        "url": "",
        "url2": ""
      }
    },
    {
      "type": "Feature",
      "geometry": {
        "type": "Point",
        "coordinates": [
          134.1001093,
          34.6658599
        ]
      },
      "properties": {
        "内容": "バス停: 瀬戸内市民病院 (瀬戸内市営バス)",
        "name": "瀬戸内市民病院",
        "operator": "瀬戸内市営バス",
        "ref": "",
        "url": "",
        "url2": ""
      }
    },
    {
      "type": "Feature",
      "geometry": {
        "type": "Point",
        "coordinates": [
          134.0958226,
          34.6648847
        ]
      },
      "properties": {
        "内容": "バス停: 尾張 (瀬戸内市営バス)",
        "name": "尾張",
        "operator": "瀬戸内市営バス",
        "ref": "",
        "url": "",
        "url2": ""
      }
    },
    {
      "type": "Feature",
      "geometry": {
        "type": "Point",
        "coordinates": [
          134.0952629,
          34.6649218
        ]
      },
      "properties": {
        "内容": "バス停: 尾張 (瀬戸内市営バス)",
        "name": "尾張",
        "operator": "瀬戸内市営バス",
        "ref": "",
        "url": "",
        "url2": ""
      }
    },
    {
      "type": "Feature",
      "geometry": {
        "type": "Point",
        "coordinates": [
          134.0928356,
          34.6653337
        ]
      },
      "properties": {
        "内容": "バス停: 瀬戸内市役所前 (瀬戸内市営バス)",
        "name": "瀬戸内市役所前",
        "operator": "瀬戸内市営バス",
        "ref": "",
        "url": "",
        "url2": ""
      }
    },
    {
      "type": "Feature",
      "geometry": {
        "type": "Point",
        "coordinates": [
          134.0929495,
          34.6653937
        ]
      },
      "properties": {
        "内容": "バス停: 瀬戸内市役所前 (瀬戸内市営バス)",
        "name": "瀬戸内市役所前",
        "operator": "瀬戸内市営バス",
        "ref": "",
        "url": "",
        "url2": ""
      }
    },
    {
      "type": "Feature",
      "geometry": {
        "type": "Point",
        "coordinates": [
          134.0912634,
          34.668448
        ]
      },
      "properties": {
        "内容": "バス停: 邑久駅 (瀬戸内市営バス)",
        "name": "邑久駅",
        "operator": "瀬戸内市営バス",
        "ref": "",
        "url": "",
        "url2": ""
      }
    },
    {
      "type": "Feature",
      "geometry": {
        "type": "Point",
        "coordinates": [
          134.1253954,
          34.6566513
        ]
      },
      "properties": {
        "内容": "バス停: 本庄南 (瀬戸内市営バス)",
        "name": "本庄南",
        "operator": "瀬戸内市営バス",
        "ref": "",
        "url": "",
        "url2": ""
      }
    },
    {
      "type": "Feature",
      "geometry": {
        "type": "Point",
        "coordinates": [
          134.1260203,
          34.6554682
        ]
      },
      "properties": {
        "内容": "バス停: 本庄南 (瀬戸内市営バス)",
        "name": "本庄南",
        "operator": "瀬戸内市営バス",
        "ref": "",
        "url": "",
        "url2": ""
      }
    },
    {
      "type": "Feature",
      "geometry": {
        "type": "Point",
        "coordinates": [
          134.1271608,
          34.6464267
        ]
      },
      "properties": {
        "内容": "バス停: 横尾入口 (瀬戸内市営バス)",
        "name": "横尾入口",
        "operator": "瀬戸内市営バス",
        "ref": "",
        "url": "",
        "url2": ""
      }
    },
    {
      "type": "Feature",
      "geometry": {
        "type": "Point",
        "coordinates": [
          134.1270701,
          34.646131
        ]
      },
      "properties": {
        "内容": "バス停: 横尾入口 (瀬戸内市営バス)",
        "name": "横尾入口",
        "operator": "瀬戸内市営バス",
        "ref": "",
        "url": "",
        "url2": ""
      }
    },
    {
      "type": "Feature",
      "geometry": {
        "type": "Point",
        "coordinates": [
          134.1324008,
          34.6429267
        ]
      },
      "properties": {
        "内容": "バス停: 小津 (瀬戸内市営バス)",
        "name": "小津",
        "operator": "瀬戸内市営バス",
        "ref": "",
        "url": "",
        "url2": ""
      }
    },
    {
      "type": "Feature",
      "geometry": {
        "type": "Point",
        "coordinates": [
          134.1322318,
          34.6429386
        ]
      },
      "properties": {
        "内容": "バス停: 小津 (瀬戸内市営バス)",
        "name": "小津",
        "operator": "瀬戸内市営バス",
        "ref": "",
        "url": "",
        "url2": ""
      }
    },
    {
      "type": "Feature",
      "geometry": {
        "type": "Point",
        "coordinates": [
          134.1364833,
          34.6379964
        ]
      },
      "properties": {
        "内容": "バス停: 津行 (瀬戸内市営バス)",
        "name": "津行",
        "operator": "瀬戸内市営バス",
        "ref": "",
        "url": "",
        "url2": ""
      }
    },
    {
      "type": "Feature",
      "geometry": {
        "type": "Point",
        "coordinates": [
          134.1363408,
          34.638023
        ]
      },
      "properties": {
        "内容": "バス停: 津行 (瀬戸内市営バス)",
        "name": "津行",
        "operator": "瀬戸内市営バス",
        "ref": "",
        "url": "",
        "url2": ""
      }
    },
    {
      "type": "Feature",
      "geometry": {
        "type": "Point",
        "coordinates": [
          134.135106,
          34.6343405
        ]
      },
      "properties": {
        "内容": "バス停: 奥浦 (瀬戸内市営バス)",
        "name": "奥浦",
        "operator": "瀬戸内市営バス",
        "ref": "",
        "url": "",
        "url2": ""
      }
    },
    {
      "type": "Feature",
      "geometry": {
        "type": "Point",
        "coordinates": [
          134.1351643,
          34.634286
        ]
      },
      "properties": {
        "内容": "バス停: 奥浦 (瀬戸内市営バス)",
        "name": "奥浦",
        "operator": "瀬戸内市営バス",
        "ref": "",
        "url": "",
        "url2": ""
      }
    },
    {
      "type": "Feature",
      "geometry": {
        "type": "Point",
        "coordinates": [
          134.1352864,
          34.6317236
        ]
      },
      "properties": {
        "内容": "バス停: 奥浦下 (瀬戸内市営バス)",
        "name": "奥浦下",
        "operator": "瀬戸内市営バス",
        "ref": "",
        "url": "",
        "url2": ""
      }
    },
    {
      "type": "Feature",
      "geometry": {
        "type": "Point",
        "coordinates": [
          134.1352094,
          34.6317345
        ]
      },
      "properties": {
        "内容": "バス停: 奥浦下 (瀬戸内市営バス)",
        "name": "奥浦下",
        "operator": "瀬戸内市営バス",
        "ref": "",
        "url": "",
        "url2": ""
      }
    },
    {
      "type": "Feature",
      "geometry": {
        "type": "Point",
        "coordinates": [
          134.1406381,
          34.6278479
        ]
      },
      "properties": {
        "内容": "バス停: 師楽入口 (瀬戸内市営バス)",
        "name": "師楽入口",
        "operator": "瀬戸内市営バス",
        "ref": "",
        "url": "",
        "url2": ""
      }
    },
    {
      "type": "Feature",
      "geometry": {
        "type": "Point",
        "coordinates": [
          134.140615,
          34.6277263
        ]
      },
      "properties": {
        "内容": "バス停: 師楽入口 (瀬戸内市営バス)",
        "name": "師楽入口",
        "operator": "瀬戸内市営バス",
        "ref": "",
        "url": "",
        "url2": ""
      }
    },
    {
      "type": "Feature",
      "geometry": {
        "type": "Point",
        "coordinates": [
          134.1445306,
          34.6197502
        ]
      },
      "properties": {
        "内容": "バス停: 紺浦口 (瀬戸内市営バス)",
        "name": "紺浦口",
        "operator": "瀬戸内市営バス",
        "ref": "",
        "url": "",
        "url2": ""
      }
    },
    {
      "type": "Feature",
      "geometry": {
        "type": "Point",
        "coordinates": [
          134.1443423,
          34.6197197
        ]
      },
      "properties": {
        "内容": "バス停: 紺浦口 (瀬戸内市営バス)",
        "name": "紺浦口",
        "operator": "瀬戸内市営バス",
        "ref": "",
        "url": "",
        "url2": ""
      }
    },
    {
      "type": "Feature",
      "geometry": {
        "type": "Point",
        "coordinates": [
          134.1470055,
          34.6202851
        ]
      },
      "properties": {
        "内容": "バス停: 紺浦(牛窓支所前) (瀬戸内市営バス;両備バス)",
        "name": "紺浦(牛窓支所前)",
        "operator": "瀬戸内市営バス;両備バス",
        "ref": "",
        "url": "",
        "url2": ""
      }
    },
    {
      "type": "Feature",
      "geometry": {
        "type": "Point",
        "coordinates": [
          134.147109,
          34.6202436
        ]
      },
      "properties": {
        "内容": "バス停: 紺浦(牛窓支所前) (瀬戸内市営バス;両備バス)",
        "name": "紺浦(牛窓支所前)",
        "operator": "瀬戸内市営バス;両備バス",
        "ref": "",
        "url": "",
        "url2": ""
      }
    },
    {
      "type": "Feature",
      "geometry": {
        "type": "Point",
        "coordinates": [
          134.1501675,
          34.620237
        ]
      },
      "properties": {
        "内容": "バス停: 牛窓中学校前 (瀬戸内市営バス;両備バス)",
        "name": "牛窓中学校前",
        "operator": "瀬戸内市営バス;両備バス",
        "ref": "",
        "url": "",
        "url2": ""
      }
    },
    {
      "type": "Feature",
      "geometry": {
        "type": "Point",
        "coordinates": [
          134.1533914,
          34.6195426
        ]
      },
      "properties": {
        "内容": "バス停: 瀬戸内警察署前 (瀬戸内市営バス;両備バス)",
        "name": "瀬戸内警察署前",
        "operator": "瀬戸内市営バス;両備バス",
        "ref": "",
        "url": "",
        "url2": ""
      }
    },
    {
      "type": "Feature",
      "geometry": {
        "type": "Point",
        "coordinates": [
          134.1531309,
          34.6195521
        ]
      },
      "properties": {
        "内容": "バス停: 瀬戸内警察署前 (瀬戸内市営バス;両備バス)",
        "name": "瀬戸内警察署前",
        "operator": "瀬戸内市営バス;両備バス",
        "ref": "",
        "url": "",
        "url2": ""
      }
    },
    {
      "type": "Feature",
      "geometry": {
        "type": "Point",
        "coordinates": [
          134.1568515,
          34.6179721
        ]
      },
      "properties": {
        "内容": "バス停: 綾浦 (瀬戸内市営バス;両備バス)",
        "name": "綾浦",
        "operator": "瀬戸内市営バス;両備バス",
        "ref": "",
        "url": "",
        "url2": ""
      }
    },
    {
      "type": "Feature",
      "geometry": {
        "type": "Point",
        "coordinates": [
          134.1568382,
          34.6178957
        ]
      },
      "properties": {
        "内容": "バス停: 綾浦 (瀬戸内市営バス;両備バス)",
        "name": "綾浦",
        "operator": "瀬戸内市営バス;両備バス",
        "ref": "",
        "url": "",
        "url2": ""
      }
    },
    {
      "type": "Feature",
      "geometry": {
        "type": "Point",
        "coordinates": [
          134.1618527,
          34.6173939
        ]
      },
      "properties": {
        "内容": "バス停: オリーブ園入口 (瀬戸内市営バス;両備バス)",
        "name": "オリーブ園入口",
        "operator": "瀬戸内市営バス;両備バス",
        "ref": "",
        "url": "",
        "url2": ""
      }
    },
    {
      "type": "Feature",
      "geometry": {
        "type": "Point",
        "coordinates": [
          134.1619164,
          34.6172848
        ]
      },
      "properties": {
        "内容": "バス停: オリーブ園入口 (瀬戸内市営バス;両備バス)",
        "name": "オリーブ園入口",
        "operator": "瀬戸内市営バス;両備バス",
        "ref": "",
        "url": "",
        "url2": ""
      }
    },
    {
      "type": "Feature",
      "geometry": {
        "type": "Point",
        "coordinates": [
          134.1638475,
          34.6157676
        ]
      },
      "properties": {
        "内容": "バス停: 本蓮寺下 (瀬戸内市営バス;両備バス)",
        "name": "本蓮寺下",
        "operator": "瀬戸内市営バス;両備バス",
        "ref": "",
        "url": "",
        "url2": ""
      }
    },
    {
      "type": "Feature",
      "geometry": {
        "type": "Point",
        "coordinates": [
          134.1637679,
          34.6157348
        ]
      },
      "properties": {
        "内容": "バス停: 本蓮寺下 (瀬戸内市営バス;両備バス)",
        "name": "本蓮寺下",
        "operator": "瀬戸内市営バス;両備バス",
        "ref": "",
        "url": "",
        "url2": ""
      }
    },
    {
      "type": "Feature",
      "geometry": {
        "type": "Point",
        "coordinates": [
          134.165264,
          34.6143879
        ]
      },
      "properties": {
        "内容": "バス停: 牛窓 (両備バス)",
        "name": "牛窓",
        "operator": "両備バス",
        "ref": "",
        "url": "",
        "url2": ""
      }
    },
    {
      "type": "Feature",
      "geometry": {
        "type": "Point",
        "coordinates": [
          134.0930376,
          34.6666621
        ]
      },
      "properties": {
        "内容": "バス停: ゆめタウン邑久 (瀬戸内市営)",
        "name": "ゆめタウン邑久",
        "operator": "瀬戸内市営",
        "ref": "",
        "url": "",
        "url2": ""
      }
    },
    {
      "type": "Feature",
      "geometry": {
        "type": "Point",
        "coordinates": [
          134.1464356,
          34.6622041
        ]
      },
      "properties": {
        "内容": "バス停: 高助 (瀬戸内市営バス)",
        "name": "高助",
        "operator": "瀬戸内市営バス",
        "ref": "",
        "url": "",
        "url2": ""
      }
    },
    {
      "type": "Feature",
      "geometry": {
        "type": "Point",
        "coordinates": [
          134.1604604,
          34.6693842
        ]
      },
      "properties": {
        "内容": "バス停: 庄田西 (瀬戸内市営バス)",
        "name": "庄田西",
        "operator": "瀬戸内市営バス",
        "ref": "",
        "url": "",
        "url2": ""
      }
    },
    {
      "type": "Feature",
      "geometry": {
        "type": "Point",
        "coordinates": [
          134.1609913,
          34.6693546
        ]
      },
      "properties": {
        "内容": "バス停: 庄田東 (瀬戸内市営バス)",
        "name": "庄田東",
        "operator": "瀬戸内市営バス",
        "ref": "",
        "url": "",
        "url2": ""
      }
    },
    {
      "type": "Feature",
      "geometry": {
        "type": "Point",
        "coordinates": [
          134.1715414,
          34.6718948
        ]
      },
      "properties": {
        "内容": "バス停: 知尾入口 (瀬戸内市営バス)",
        "name": "知尾入口",
        "operator": "瀬戸内市営バス",
        "ref": "",
        "url": "",
        "url2": ""
      }
    },
    {
      "type": "Feature",
      "geometry": {
        "type": "Point",
        "coordinates": [
          134.1846143,
          34.676696
        ]
      },
      "properties": {
        "内容": "バス停: 福谷西 (瀬戸内市営バス)",
        "name": "福谷西",
        "operator": "瀬戸内市営バス",
        "ref": "",
        "url": "",
        "url2": ""
      }
    },
    {
      "type": "Feature",
      "geometry": {
        "type": "Point",
        "coordinates": [
          134.1907189,
          34.6777975
        ]
      },
      "properties": {
        "内容": "バス停: 福谷東 (瀬戸内市営バス)",
        "name": "福谷東",
        "operator": "瀬戸内市営バス",
        "ref": "",
        "url": "",
        "url2": ""
      }
    },
    {
      "type": "Feature",
      "geometry": {
        "type": "Point",
        "coordinates": [
          134.1916501,
          34.6781957
        ]
      },
      "properties": {
        "内容": "バス停: 善福寺前 (瀬戸内市営バス)",
        "name": "善福寺前",
        "operator": "瀬戸内市営バス",
        "ref": "",
        "url": "",
        "url2": ""
      }
    },
    {
      "type": "Feature",
      "geometry": {
        "type": "Point",
        "coordinates": [
          134.196438,
          34.6803265
        ]
      },
      "properties": {
        "内容": "バス停: 福谷東 (瀬戸内市営バス)",
        "name": "福谷東",
        "operator": "瀬戸内市営バス",
        "ref": "",
        "url": "",
        "url2": ""
      }
    },
    {
      "type": "Feature",
      "geometry": {
        "type": "Point",
        "coordinates": [
          134.1989411,
          34.6810666
        ]
      },
      "properties": {
        "内容": "バス停: 間口入口 (瀬戸内市営バス)",
        "name": "間口入口",
        "operator": "瀬戸内市営バス",
        "ref": "",
        "url": "",
        "url2": ""
      }
    },
    {
      "type": "Feature",
      "geometry": {
        "type": "Point",
        "coordinates": [
          134.2029375,
          34.681551
        ]
      },
      "properties": {
        "内容": "バス停: 虫明西 (瀬戸内市営バス)",
        "name": "虫明西",
        "operator": "瀬戸内市営バス",
        "ref": "",
        "url": "",
        "url2": ""
      }
    },
    {
      "type": "Feature",
      "geometry": {
        "type": "Point",
        "coordinates": [
          134.0912186,
          34.6648625
        ]
      },
      "properties": {
        "内容": "バス停: 邑久駅入口 (瀬戸内市営バス)",
        "name": "邑久駅入口",
        "operator": "瀬戸内市営バス",
        "ref": "",
        "url": "",
        "url2": ""
      }
    },
    {
      "type": "Feature",
      "geometry": {
        "type": "Point",
        "coordinates": [
          134.0894953,
          34.6621287
        ]
      },
      "properties": {
        "内容": "バス停: 豊安 (瀬戸内市営バス)",
        "name": "豊安",
        "operator": "瀬戸内市営バス",
        "ref": "",
        "url": "",
        "url2": ""
      }
    },
    {
      "type": "Feature",
      "geometry": {
        "type": "Point",
        "coordinates": [
          134.08954,
          34.6588855
        ]
      },
      "properties": {
        "内容": "バス停: ナフコ瀬戸内店 (瀬戸内市営バス)",
        "name": "ナフコ瀬戸内店",
        "operator": "瀬戸内市営バス",
        "ref": "",
        "url": "",
        "url2": ""
      }
    },
    {
      "type": "Feature",
      "geometry": {
        "type": "Point",
        "coordinates": [
          134.1397726,
          34.6294481
        ]
      },
      "properties": {
        "内容": "バス停: 弁天 (瀬戸内市営バス)",
        "name": "弁天",
        "operator": "瀬戸内市営バス",
        "ref": "",
        "url": "",
        "url2": ""
      }
    },
    {
      "type": "Feature",
      "geometry": {
        "type": "Point",
        "coordinates": [
          133.9540759,
          34.6243019
        ]
      },
      "properties": {
        "内容": "バス停: 宮道 (両備バス)",
        "name": "宮道",
        "operator": "両備バス",
        "ref": "",
        "url": "",
        "url2": ""
      }
    },
    {
      "type": "Feature",
      "geometry": {
        "type": "Point",
        "coordinates": [
          133.9885716,
          34.637983
        ]
      },
      "properties": {
        "内容": "バス停: 清内橋 (両備バス)",
        "name": "清内橋",
        "operator": "両備バス",
        "ref": "",
        "url": "",
        "url2": ""
      }
    },
    {
      "type": "Feature",
      "geometry": {
        "type": "Point",
        "coordinates": [
          133.9809598,
          34.6366579
        ]
      },
      "properties": {
        "内容": "バス停: 沖元 (両備バス)",
        "name": "沖元",
        "operator": "両備バス",
        "ref": "",
        "url": "",
        "url2": ""
      }
    },
    {
      "type": "Feature",
      "geometry": {
        "type": "Point",
        "coordinates": [
          133.9811676,
          34.6365948
        ]
      },
      "properties": {
        "内容": "バス停: 沖元 (両備バス)",
        "name": "沖元",
        "operator": "両備バス",
        "ref": "",
        "url": "",
        "url2": ""
      }
    },
    {
      "type": "Feature",
      "geometry": {
        "type": "Point",
        "coordinates": [
          134.018446,
          34.6364038
        ]
      },
      "properties": {
        "内容": "バス停: 金田 (両備バス)",
        "name": "金田",
        "operator": "両備バス",
        "ref": "",
        "url": "",
        "url2": ""
      }
    },
    {
      "type": "Feature",
      "geometry": {
        "type": "Point",
        "coordinates": [
          134.0181063,
          34.6362873
        ]
      },
      "properties": {
        "内容": "バス停: 金田 (両備バス)",
        "name": "金田",
        "operator": "両備バス",
        "ref": "",
        "url": "",
        "url2": ""
      }
    },
    {
      "type": "Feature",
      "geometry": {
        "type": "Point",
        "coordinates": [
          133.7801536,
          34.5963549
        ]
      },
      "properties": {
        "内容": "バス停: 名称不明バス停",
        "name": "名称不明バス停",
        "operator": "事業者不明",
        "ref": "",
        "url": "",
        "url2": ""
      }
    },
    {
      "type": "Feature",
      "geometry": {
        "type": "Point",
        "coordinates": [
          133.7800794,
          34.5964309
        ]
      },
      "properties": {
        "内容": "バス停: 名称不明バス停",
        "name": "名称不明バス停",
        "operator": "事業者不明",
        "ref": "",
        "url": "",
        "url2": ""
      }
    },
    {
      "type": "Feature",
      "geometry": {
        "type": "Point",
        "coordinates": [
          133.7882579,
          34.5962094
        ]
      },
      "properties": {
        "内容": "バス停: Hiruma",
        "name": "Hiruma",
        "operator": "事業者不明",
        "ref": "",
        "url": "",
        "url2": ""
      }
    },
    {
      "type": "Feature",
      "geometry": {
        "type": "Point",
        "coordinates": [
          134.1456975,
          34.6443593
        ]
      },
      "properties": {
        "内容": "バス停: 粟利郷 (瀬戸内市営バス)",
        "name": "粟利郷",
        "operator": "瀬戸内市営バス",
        "ref": "",
        "url": "",
        "url2": ""
      }
    },
    {
      "type": "Feature",
      "geometry": {
        "type": "Point",
        "coordinates": [
          134.2273579,
          34.6711113
        ]
      },
      "properties": {
        "内容": "バス停: 光明園宮の段 (瀬戸内市営バス)",
        "name": "光明園宮の段",
        "operator": "瀬戸内市営バス",
        "ref": "",
        "url": "",
        "url2": ""
      }
    },
    {
      "type": "Feature",
      "geometry": {
        "type": "Point",
        "coordinates": [
          134.1991101,
          34.7233442
        ]
      },
      "properties": {
        "内容": "バス停: 総合運動公園前",
        "name": "総合運動公園前",
        "operator": "事業者不明",
        "ref": "",
        "url": "",
        "url2": ""
      }
    },
    {
      "type": "Feature",
      "geometry": {
        "type": "Point",
        "coordinates": [
          134.1989491,
          34.7234446
        ]
      },
      "properties": {
        "内容": "バス停: 総合運動公園前",
        "name": "総合運動公園前",
        "operator": "事業者不明",
        "ref": "",
        "url": "",
        "url2": ""
      }
    },
    {
      "type": "Feature",
      "geometry": {
        "type": "Point",
        "coordinates": [
          133.8533601,
          34.7604522
        ]
      },
      "properties": {
        "内容": "バス停: 名称不明バス停",
        "name": "名称不明バス停",
        "operator": "事業者不明",
        "ref": "",
        "url": "",
        "url2": "Q1032774"
      }
    },
    {
      "type": "Feature",
      "geometry": {
        "type": "Point",
        "coordinates": [
          133.8519724,
          34.7597815
        ]
      },
      "properties": {
        "内容": "バス停: 名称不明バス停",
        "name": "名称不明バス停",
        "operator": "事業者不明",
        "ref": "",
        "url": "",
        "url2": ""
      }
    },
    {
      "type": "Feature",
      "geometry": {
        "type": "Point",
        "coordinates": [
          134.1191814,
          34.6537928
        ]
      },
      "properties": {
        "内容": "バス停: 藤峠 (瀬戸内市営バス)",
        "name": "藤峠",
        "operator": "瀬戸内市営バス",
        "ref": "",
        "url": "",
        "url2": ""
      }
    },
    {
      "type": "Feature",
      "geometry": {
        "type": "Point",
        "coordinates": [
          134.1199325,
          34.6515081
        ]
      },
      "properties": {
        "内容": "バス停: 尾の村 (瀬戸内市営バス)",
        "name": "尾の村",
        "operator": "瀬戸内市営バス",
        "ref": "",
        "url": "",
        "url2": ""
      }
    },
    {
      "type": "Feature",
      "geometry": {
        "type": "Point",
        "coordinates": [
          134.1186859,
          34.6482861
        ]
      },
      "properties": {
        "内容": "バス停: 西庄 (瀬戸内市営バス)",
        "name": "西庄",
        "operator": "瀬戸内市営バス",
        "ref": "",
        "url": "",
        "url2": ""
      }
    },
    {
      "type": "Feature",
      "geometry": {
        "type": "Point",
        "coordinates": [
          134.1226642,
          34.6467176
        ]
      },
      "properties": {
        "内容": "バス停: 横尾 (瀬戸内市営バス)",
        "name": "横尾",
        "operator": "瀬戸内市営バス",
        "ref": "",
        "url": "",
        "url2": ""
      }
    },
    {
      "type": "Feature",
      "geometry": {
        "type": "Point",
        "coordinates": [
          134.1340824,
          34.6429462
        ]
      },
      "properties": {
        "内容": "バス停: 畑(長浜) (瀬戸内市営バス)",
        "name": "畑(長浜)",
        "operator": "瀬戸内市営バス",
        "ref": "",
        "url": "",
        "url2": ""
      }
    },
    {
      "type": "Feature",
      "geometry": {
        "type": "Point",
        "coordinates": [
          134.1358364,
          34.6436331
        ]
      },
      "properties": {
        "内容": "バス停: 国塩(西) (瀬戸内市営バス)",
        "name": "国塩(西)",
        "operator": "瀬戸内市営バス",
        "ref": "",
        "url": "",
        "url2": ""
      }
    },
    {
      "type": "Feature",
      "geometry": {
        "type": "Point",
        "coordinates": [
          134.1387305,
          34.643649
        ]
      },
      "properties": {
        "内容": "バス停: 国塩(東) (瀬戸内市営バス)",
        "name": "国塩(東)",
        "operator": "瀬戸内市営バス",
        "ref": "",
        "url": "",
        "url2": ""
      }
    },
    {
      "type": "Feature",
      "geometry": {
        "type": "Point",
        "coordinates": [
          134.1435642,
          34.643662
        ]
      },
      "properties": {
        "内容": "バス停: 粟利郷 (瀬戸内市営バス)",
        "name": "粟利郷",
        "operator": "瀬戸内市営バス",
        "ref": "",
        "url": "",
        "url2": ""
      }
    },
    {
      "type": "Feature",
      "geometry": {
        "type": "Point",
        "coordinates": [
          134.1646393,
          34.6318258
        ]
      },
      "properties": {
        "内容": "バス停: 師楽(西) (瀬戸内市営バス)",
        "name": "師楽(西)",
        "operator": "瀬戸内市営バス",
        "ref": "",
        "url": "",
        "url2": ""
      }
    },
    {
      "type": "Feature",
      "geometry": {
        "type": "Point",
        "coordinates": [
          134.1670203,
          34.6324518
        ]
      },
      "properties": {
        "内容": "バス停: 師楽(東) (瀬戸内市営バス)",
        "name": "師楽(東)",
        "operator": "瀬戸内市営バス",
        "ref": "",
        "url": "",
        "url2": ""
      }
    },
    {
      "type": "Feature",
      "geometry": {
        "type": "Point",
        "coordinates": [
          134.1717862,
          34.6239801
        ]
      },
      "properties": {
        "内容": "バス停: 幡(牛窓) (瀬戸内市営バス)",
        "name": "幡(牛窓)",
        "operator": "瀬戸内市営バス",
        "ref": "",
        "url": "",
        "url2": ""
      }
    },
    {
      "type": "Feature",
      "geometry": {
        "type": "Point",
        "coordinates": [
          134.1632735,
          34.6180505
        ]
      },
      "properties": {
        "内容": "バス停: 津島医院 (瀬戸内市営バス)",
        "name": "津島医院",
        "operator": "瀬戸内市営バス",
        "ref": "",
        "url": "",
        "url2": ""
      }
    },
    {
      "type": "Feature",
      "geometry": {
        "type": "Point",
        "coordinates": [
          134.1678533,
          34.6178868
        ]
      },
      "properties": {
        "内容": "バス停: 大浦 (瀬戸内市営バス)",
        "name": "大浦",
        "operator": "瀬戸内市営バス",
        "ref": "",
        "url": "",
        "url2": ""
      }
    },
    {
      "type": "Feature",
      "geometry": {
        "type": "Point",
        "coordinates": [
          134.1688269,
          34.6184456
        ]
      },
      "properties": {
        "内容": "バス停: 東町(北) (瀬戸内市営バス)",
        "name": "東町(北)",
        "operator": "瀬戸内市営バス",
        "ref": "",
        "url": "",
        "url2": ""
      }
    },
    {
      "type": "Feature",
      "geometry": {
        "type": "Point",
        "coordinates": [
          134.1701964,
          34.6159987
        ]
      },
      "properties": {
        "内容": "バス停: 東町(南) (瀬戸内市営バス)",
        "name": "東町(南)",
        "operator": "瀬戸内市営バス",
        "ref": "",
        "url": "",
        "url2": ""
      }
    },
    {
      "type": "Feature",
      "geometry": {
        "type": "Point",
        "coordinates": [
          134.1690452,
          34.6139318
        ]
      },
      "properties": {
        "内容": "バス停: 本町 (瀬戸内市営バス)",
        "name": "本町",
        "operator": "瀬戸内市営バス",
        "ref": "",
        "url": "",
        "url2": ""
      }
    },
    {
      "type": "Feature",
      "geometry": {
        "type": "Point",
        "coordinates": [
          134.1678502,
          34.6137001
        ]
      },
      "properties": {
        "内容": "バス停: 西町 (瀬戸内市営バス)",
        "name": "西町",
        "operator": "瀬戸内市営バス",
        "ref": "",
        "url": "",
        "url2": ""
      }
    },
    {
      "type": "Feature",
      "geometry": {
        "type": "Point",
        "coordinates": [
          133.9579905,
          34.683327
        ]
      },
      "properties": {
        "内容": "バス停: 新屋敷団地 (宇野自動車)",
        "name": "新屋敷団地",
        "operator": "宇野自動車",
        "ref": "",
        "url": "",
        "url2": ""
      }
    },
    {
      "type": "Feature",
      "geometry": {
        "type": "Point",
        "coordinates": [
          133.9577441,
          34.6297444
        ]
      },
      "properties": {
        "内容": "バス停: 操南団地入口 (岡山電気軌道)",
        "name": "操南団地入口",
        "operator": "岡山電気軌道",
        "ref": "",
        "url": "",
        "url2": ""
      }
    },
    {
      "type": "Feature",
      "geometry": {
        "type": "Point",
        "coordinates": [
          133.9182825,
          34.6585947
        ]
      },
      "properties": {
        "内容": "バス停: 名称不明バス停",
        "name": "名称不明バス停",
        "operator": "事業者不明",
        "ref": "",
        "url": "",
        "url2": ""
      }
    },
    {
      "type": "Feature",
      "geometry": {
        "type": "Point",
        "coordinates": [
          134.2168147,
          34.6821097
        ]
      },
      "properties": {
        "内容": "バス停: 瀬溝西 (瀬戸内市営バス)",
        "name": "瀬溝西",
        "operator": "瀬戸内市営バス",
        "ref": "",
        "url": "",
        "url2": ""
      }
    },
    {
      "type": "Feature",
      "geometry": {
        "type": "Point",
        "coordinates": [
          134.219042,
          34.68064
        ]
      },
      "properties": {
        "内容": "バス停: 瀬溝 (瀬戸内市営バス)",
        "name": "瀬溝",
        "operator": "瀬戸内市営バス",
        "ref": "",
        "url": "",
        "url2": ""
      }
    },
    {
      "type": "Feature",
      "geometry": {
        "type": "Point",
        "coordinates": [
          134.2181664,
          34.677556
        ]
      },
      "properties": {
        "内容": "バス停: 瀬溝東 (瀬戸内市営バス)",
        "name": "瀬溝東",
        "operator": "瀬戸内市営バス",
        "ref": "",
        "url": "",
        "url2": ""
      }
    },
    {
      "type": "Feature",
      "geometry": {
        "type": "Point",
        "coordinates": [
          134.2232769,
          34.6728594
        ]
      },
      "properties": {
        "内容": "バス停: 光明園 (瀬戸内市営バス)",
        "name": "光明園",
        "operator": "瀬戸内市営バス",
        "ref": "",
        "url": "",
        "url2": ""
      }
    },
    {
      "type": "Feature",
      "geometry": {
        "type": "Point",
        "coordinates": [
          134.1434067,
          34.6937371
        ]
      },
      "properties": {
        "内容": "バス停: 二段田 (備前市バス;瀬戸内市営バス)",
        "name": "二段田",
        "operator": "備前市バス;瀬戸内市営バス",
        "ref": "",
        "url": "",
        "url2": ""
      }
    },
    {
      "type": "Feature",
      "geometry": {
        "type": "Point",
        "coordinates": [
          134.0917389,
          34.6242803
        ]
      },
      "properties": {
        "内容": "バス停: 下阿知西",
        "name": "下阿知西",
        "operator": "事業者不明",
        "ref": "",
        "url": "",
        "url2": ""
      }
    },
    {
      "type": "Feature",
      "geometry": {
        "type": "Point",
        "coordinates": [
          134.092332,
          34.62441
        ]
      },
      "properties": {
        "内容": "バス停: 下阿知西",
        "name": "下阿知西",
        "operator": "事業者不明",
        "ref": "",
        "url": "",
        "url2": ""
      }
    },
    {
      "type": "Feature",
      "geometry": {
        "type": "Point",
        "coordinates": [
          134.0953083,
          34.6243668
        ]
      },
      "properties": {
        "内容": "バス停: 下阿知中",
        "name": "下阿知中",
        "operator": "事業者不明",
        "ref": "",
        "url": "",
        "url2": ""
      }
    },
    {
      "type": "Feature",
      "geometry": {
        "type": "Point",
        "coordinates": [
          134.0954295,
          34.624449
        ]
      },
      "properties": {
        "内容": "バス停: 下阿知中",
        "name": "下阿知中",
        "operator": "事業者不明",
        "ref": "",
        "url": "",
        "url2": ""
      }
    },
    {
      "type": "Feature",
      "geometry": {
        "type": "Point",
        "coordinates": [
          134.0983367,
          34.6238686
        ]
      },
      "properties": {
        "内容": "バス停: 下阿知東",
        "name": "下阿知東",
        "operator": "事業者不明",
        "ref": "",
        "url": "",
        "url2": ""
      }
    },
    {
      "type": "Feature",
      "geometry": {
        "type": "Point",
        "coordinates": [
          134.098389,
          34.6239558
        ]
      },
      "properties": {
        "内容": "バス停: 下阿知東",
        "name": "下阿知東",
        "operator": "事業者不明",
        "ref": "",
        "url": "",
        "url2": ""
      }
    },
    {
      "type": "Feature",
      "geometry": {
        "type": "Point",
        "coordinates": [
          134.1022521,
          34.6231383
        ]
      },
      "properties": {
        "内容": "バス停: 上阿知西",
        "name": "上阿知西",
        "operator": "事業者不明",
        "ref": "",
        "url": "",
        "url2": ""
      }
    },
    {
      "type": "Feature",
      "geometry": {
        "type": "Point",
        "coordinates": [
          134.1021864,
          34.6232266
        ]
      },
      "properties": {
        "内容": "バス停: 上阿知西",
        "name": "上阿知西",
        "operator": "事業者不明",
        "ref": "",
        "url": "",
        "url2": ""
      }
    },
    {
      "type": "Feature",
      "geometry": {
        "type": "Point",
        "coordinates": [
          134.1052034,
          34.6222557
        ]
      },
      "properties": {
        "内容": "バス停: 上阿知中",
        "name": "上阿知中",
        "operator": "事業者不明",
        "ref": "",
        "url": "",
        "url2": ""
      }
    },
    {
      "type": "Feature",
      "geometry": {
        "type": "Point",
        "coordinates": [
          134.1053131,
          34.6222951
        ]
      },
      "properties": {
        "内容": "バス停: 上阿知中",
        "name": "上阿知中",
        "operator": "事業者不明",
        "ref": "",
        "url": "",
        "url2": ""
      }
    },
    {
      "type": "Feature",
      "geometry": {
        "type": "Point",
        "coordinates": [
          134.1076812,
          34.6212217
        ]
      },
      "properties": {
        "内容": "バス停: 上阿知東",
        "name": "上阿知東",
        "operator": "事業者不明",
        "ref": "",
        "url": "",
        "url2": ""
      }
    },
    {
      "type": "Feature",
      "geometry": {
        "type": "Point",
        "coordinates": [
          134.1076485,
          34.6213251
        ]
      },
      "properties": {
        "内容": "バス停: 上阿知東",
        "name": "上阿知東",
        "operator": "事業者不明",
        "ref": "",
        "url": "",
        "url2": ""
      }
    },
    {
      "type": "Feature",
      "geometry": {
        "type": "Point",
        "coordinates": [
          134.117609,
          34.6173171
        ]
      },
      "properties": {
        "内容": "バス停: 千手弘法寺前",
        "name": "千手弘法寺前",
        "operator": "事業者不明",
        "ref": "",
        "url": "",
        "url2": ""
      }
    },
    {
      "type": "Feature",
      "geometry": {
        "type": "Point",
        "coordinates": [
          134.1177127,
          34.6169926
        ]
      },
      "properties": {
        "内容": "バス停: 千手弘法寺前 (両備ホールディングス;瀬戸内市)",
        "name": "千手弘法寺前",
        "operator": "両備ホールディングス;瀬戸内市",
        "ref": "",
        "url": "",
        "url2": ""
      }
    },
    {
      "type": "Feature",
      "geometry": {
        "type": "Point",
        "coordinates": [
          134.11989,
          34.613601
        ]
      },
      "properties": {
        "内容": "バス停: 千手",
        "name": "千手",
        "operator": "事業者不明",
        "ref": "",
        "url": "",
        "url2": ""
      }
    },
    {
      "type": "Feature",
      "geometry": {
        "type": "Point",
        "coordinates": [
          134.1196548,
          34.613847
        ]
      },
      "properties": {
        "内容": "バス停: 千手",
        "name": "千手",
        "operator": "事業者不明",
        "ref": "",
        "url": "",
        "url2": ""
      }
    },
    {
      "type": "Feature",
      "geometry": {
        "type": "Point",
        "coordinates": [
          134.1300174,
          34.6182591
        ]
      },
      "properties": {
        "内容": "バス停: 宝光寺下",
        "name": "宝光寺下",
        "operator": "事業者不明",
        "ref": "",
        "url": "",
        "url2": ""
      }
    },
    {
      "type": "Feature",
      "geometry": {
        "type": "Point",
        "coordinates": [
          134.1299034,
          34.6183408
        ]
      },
      "properties": {
        "内容": "バス停: 宝光寺下",
        "name": "宝光寺下",
        "operator": "事業者不明",
        "ref": "",
        "url": "",
        "url2": ""
      }
    },
    {
      "type": "Feature",
      "geometry": {
        "type": "Point",
        "coordinates": [
          134.1320393,
          34.6176723
        ]
      },
      "properties": {
        "内容": "バス停: 西小学校前",
        "name": "西小学校前",
        "operator": "事業者不明",
        "ref": "",
        "url": "",
        "url2": ""
      }
    },
    {
      "type": "Feature",
      "geometry": {
        "type": "Point",
        "coordinates": [
          134.1321573,
          34.6177065
        ]
      },
      "properties": {
        "内容": "バス停: 西小学校前",
        "name": "西小学校前",
        "operator": "事業者不明",
        "ref": "",
        "url": "",
        "url2": ""
      }
    },
    {
      "type": "Feature",
      "geometry": {
        "type": "Point",
        "coordinates": [
          134.1350388,
          34.6169815
        ]
      },
      "properties": {
        "内容": "バス停: 鹿忍中",
        "name": "鹿忍中",
        "operator": "事業者不明",
        "ref": "",
        "url": "",
        "url2": ""
      }
    },
    {
      "type": "Feature",
      "geometry": {
        "type": "Point",
        "coordinates": [
          134.1348159,
          34.6171476
        ]
      },
      "properties": {
        "内容": "バス停: 鹿忍中",
        "name": "鹿忍中",
        "operator": "事業者不明",
        "ref": "",
        "url": "",
        "url2": ""
      }
    },
    {
      "type": "Feature",
      "geometry": {
        "type": "Point",
        "coordinates": [
          134.1385449,
          34.6166463
        ]
      },
      "properties": {
        "内容": "バス停: 鹿忍東",
        "name": "鹿忍東",
        "operator": "事業者不明",
        "ref": "",
        "url": "",
        "url2": ""
      }
    },
    {
      "type": "Feature",
      "geometry": {
        "type": "Point",
        "coordinates": [
          134.1384392,
          34.6167383
        ]
      },
      "properties": {
        "内容": "バス停: 鹿忍東",
        "name": "鹿忍東",
        "operator": "事業者不明",
        "ref": "",
        "url": "",
        "url2": ""
      }
    },
    {
      "type": "Feature",
      "geometry": {
        "type": "Point",
        "coordinates": [
          134.1450668,
          34.6179505
        ]
      },
      "properties": {
        "内容": "バス停: 紺浦西",
        "name": "紺浦西",
        "operator": "事業者不明",
        "ref": "",
        "url": "",
        "url2": ""
      }
    },
    {
      "type": "Feature",
      "geometry": {
        "type": "Point",
        "coordinates": [
          134.144908,
          34.6179332
        ]
      },
      "properties": {
        "内容": "バス停: 紺浦西",
        "name": "紺浦西",
        "operator": "事業者不明",
        "ref": "",
        "url": "",
        "url2": ""
      }
    },
    {
      "type": "Feature",
      "geometry": {
        "type": "Point",
        "coordinates": [
          133.816215,
          34.4358399
        ]
      },
      "properties": {
        "内容": "バス停: 名称不明バス停",
        "name": "名称不明バス停",
        "operator": "事業者不明",
        "ref": "",
        "url": "",
        "url2": ""
      }
    },
    {
      "type": "Feature",
      "geometry": {
        "type": "Point",
        "coordinates": [
          133.8080421,
          34.6266443
        ]
      },
      "properties": {
        "内容": "バス停: 中庄駅",
        "name": "中庄駅",
        "operator": "事業者不明",
        "ref": "",
        "url": "",
        "url2": ""
      }
    },
    {
      "type": "Feature",
      "geometry": {
        "type": "Point",
        "coordinates": [
          133.8081965,
          34.6263001
        ]
      },
      "properties": {
        "内容": "バス停: 中庄駅 (下津井電鉄)",
        "name": "中庄駅",
        "operator": "下津井電鉄",
        "ref": "",
        "url": "",
        "url2": ""
      }
    },
    {
      "type": "Feature",
      "geometry": {
        "type": "Point",
        "coordinates": [
          134.1090784,
          34.7836678
        ]
      },
      "properties": {
        "内容": "バス停: ＪＲ熊山駅 (赤磐市)",
        "name": "ＪＲ熊山駅",
        "operator": "赤磐市",
        "ref": "",
        "url": "",
        "url2": ""
      }
    },
    {
      "type": "Feature",
      "geometry": {
        "type": "Point",
        "coordinates": [
          134.1027327,
          34.7840924
        ]
      },
      "properties": {
        "内容": "バス停: 河田原口 (赤磐市)",
        "name": "河田原口",
        "operator": "赤磐市",
        "ref": "",
        "url": "",
        "url2": ""
      }
    },
    {
      "type": "Feature",
      "geometry": {
        "type": "Point",
        "coordinates": [
          134.0977609,
          34.7877638
        ]
      },
      "properties": {
        "内容": "バス停: 小瀬木東 (赤磐市)",
        "name": "小瀬木東",
        "operator": "赤磐市",
        "ref": "",
        "url": "",
        "url2": ""
      }
    },
    {
      "type": "Feature",
      "geometry": {
        "type": "Point",
        "coordinates": [
          134.0852589,
          34.6864286
        ]
      },
      "properties": {
        "内容": "バス停: 豆田南 (瀬戸内市)",
        "name": "豆田南",
        "operator": "瀬戸内市",
        "ref": "",
        "url": "",
        "url2": ""
      }
    },
    {
      "type": "Feature",
      "geometry": {
        "type": "Point",
        "coordinates": [
          134.16529,
          34.6143932
        ]
      },
      "properties": {
        "内容": "バス停: 牛窓 (瀬戸内市営バス)",
        "name": "牛窓",
        "operator": "瀬戸内市営バス",
        "ref": "",
        "url": "",
        "url2": ""
      }
    },
    {
      "type": "Feature",
      "geometry": {
        "type": "Point",
        "coordinates": [
          133.9442887,
          34.6860398
        ]
      },
      "properties": {
        "内容": "バス停: 中島 (宇野自動車)",
        "name": "中島",
        "operator": "宇野自動車",
        "ref": "",
        "url": "",
        "url2": ""
      }
    },
    {
      "type": "Feature",
      "geometry": {
        "type": "Point",
        "coordinates": [
          133.9445271,
          34.6859053
        ]
      },
      "properties": {
        "内容": "バス停: 中島 (宇野自動車)",
        "name": "中島",
        "operator": "宇野自動車",
        "ref": "",
        "url": "",
        "url2": ""
      }
    },
    {
      "type": "Feature",
      "geometry": {
        "type": "Point",
        "coordinates": [
          133.9860972,
          34.6860482
        ]
      },
      "properties": {
        "内容": "バス停: 東岡山駅前 (宇野自動車)",
        "name": "東岡山駅前",
        "operator": "宇野自動車",
        "ref": "",
        "url": "",
        "url2": ""
      }
    },
    {
      "type": "Feature",
      "geometry": {
        "type": "Point",
        "coordinates": [
          133.9854063,
          34.6858316
        ]
      },
      "properties": {
        "内容": "バス停: 東岡山駅前 (宇野自動車)",
        "name": "東岡山駅前",
        "operator": "宇野自動車",
        "ref": "",
        "url": "",
        "url2": ""
      }
    },
    {
      "type": "Feature",
      "geometry": {
        "type": "Point",
        "coordinates": [
          133.317913,
          34.9173593
        ]
      },
      "properties": {
        "内容": "バス停: 野馳駐在所前 (新見市営バス)",
        "name": "野馳駐在所前",
        "operator": "新見市営バス",
        "ref": "",
        "url": "",
        "url2": "Q11504069"
      }
    },
    {
      "type": "Feature",
      "geometry": {
        "type": "Point",
        "coordinates": [
          133.3159644,
          34.915045
        ]
      },
      "properties": {
        "内容": "バス停: 野馳駅 (新見市営バス)",
        "name": "野馳駅",
        "operator": "新見市営バス",
        "ref": "",
        "url": "",
        "url2": "Q11504069"
      }
    },
    {
      "type": "Feature",
      "geometry": {
        "type": "Point",
        "coordinates": [
          134.0037262,
          35.0528265
        ]
      },
      "properties": {
        "内容": "バス停: 西横田 (中鉄バス)",
        "name": "西横田",
        "operator": "中鉄バス",
        "ref": "",
        "url": "",
        "url2": ""
      }
    },
    {
      "type": "Feature",
      "geometry": {
        "type": "Point",
        "coordinates": [
          134.2452549,
          34.6794135
        ]
      },
      "properties": {
        "内容": "バス停: 愛生園口 (瀬戸内市営バス)",
        "name": "愛生園口",
        "operator": "瀬戸内市営バス",
        "ref": "",
        "url": "",
        "url2": ""
      }
    },
    {
      "type": "Feature",
      "geometry": {
        "type": "Point",
        "coordinates": [
          134.2489521,
          34.6801518
        ]
      },
      "properties": {
        "内容": "バス停: 愛生園 (瀬戸内市営バス)",
        "name": "愛生園",
        "operator": "瀬戸内市営バス",
        "ref": "",
        "url": "",
        "url2": ""
      }
    },
    {
      "type": "Feature",
      "geometry": {
        "type": "Point",
        "coordinates": [
          134.2261482,
          34.6711778
        ]
      },
      "properties": {
        "内容": "バス停: 光明園木尾 (瀬戸内市営バス)",
        "name": "光明園木尾",
        "operator": "瀬戸内市営バス",
        "ref": "",
        "url": "",
        "url2": ""
      }
    },
    {
      "type": "Feature",
      "geometry": {
        "type": "Point",
        "coordinates": [
          133.6222368,
          34.4952153
        ]
      },
      "properties": {
        "内容": "バス停: 岩谷",
        "name": "岩谷",
        "operator": "事業者不明",
        "ref": "",
        "url": "",
        "url2": ""
      }
    },
    {
      "type": "Feature",
      "geometry": {
        "type": "Point",
        "coordinates": [
          133.4659406,
          34.5684519
        ]
      },
      "properties": {
        "内容": "バス停: 稲倉小学校",
        "name": "稲倉小学校",
        "operator": "事業者不明",
        "ref": "",
        "url": "",
        "url2": ""
      }
    },
    {
      "type": "Feature",
      "geometry": {
        "type": "Point",
        "coordinates": [
          133.4786992,
          34.5759762
        ]
      },
      "properties": {
        "内容": "バス停: 西方住宅",
        "name": "西方住宅",
        "operator": "事業者不明",
        "ref": "",
        "url": "",
        "url2": ""
      }
    },
    {
      "type": "Feature",
      "geometry": {
        "type": "Point",
        "coordinates": [
          133.4399441,
          34.5741075
        ]
      },
      "properties": {
        "内容": "バス停: 源代",
        "name": "源代",
        "operator": "事業者不明",
        "ref": "",
        "url": "",
        "url2": ""
      }
    },
    {
      "type": "Feature",
      "geometry": {
        "type": "Point",
        "coordinates": [
          133.4359957,
          34.5762172
        ]
      },
      "properties": {
        "内容": "バス停: 新川",
        "name": "新川",
        "operator": "事業者不明",
        "ref": "",
        "url": "",
        "url2": ""
      }
    },
    {
      "type": "Feature",
      "geometry": {
        "type": "Point",
        "coordinates": [
          133.4625125,
          34.5912235
        ]
      },
      "properties": {
        "内容": "バス停: 野球場",
        "name": "野球場",
        "operator": "事業者不明",
        "ref": "",
        "url": "",
        "url2": ""
      }
    },
    {
      "type": "Feature",
      "geometry": {
        "type": "Point",
        "coordinates": [
          133.4614345,
          34.5879347
        ]
      },
      "properties": {
        "内容": "バス停: 市民体育館",
        "name": "市民体育館",
        "operator": "事業者不明",
        "ref": "",
        "url": "",
        "url2": ""
      }
    },
    {
      "type": "Feature",
      "geometry": {
        "type": "Point",
        "coordinates": [
          133.4580715,
          34.5848926
        ]
      },
      "properties": {
        "内容": "バス停: 弓道場",
        "name": "弓道場",
        "operator": "事業者不明",
        "ref": "",
        "url": "",
        "url2": ""
      }
    },
    {
      "type": "Feature",
      "geometry": {
        "type": "Point",
        "coordinates": [
          133.4530203,
          34.5771596
        ]
      },
      "properties": {
        "内容": "バス停: リフレッシュ公園前",
        "name": "リフレッシュ公園前",
        "operator": "事業者不明",
        "ref": "",
        "url": "",
        "url2": ""
      }
    },
    {
      "type": "Feature",
      "geometry": {
        "type": "Point",
        "coordinates": [
          133.446348,
          34.5747998
        ]
      },
      "properties": {
        "内容": "バス停: 矢ノ側",
        "name": "矢ノ側",
        "operator": "事業者不明",
        "ref": "",
        "url": "",
        "url2": ""
      }
    },
    {
      "type": "Feature",
      "geometry": {
        "type": "Point",
        "coordinates": [
          133.4415997,
          34.5727183
        ]
      },
      "properties": {
        "内容": "バス停: 大江公民館",
        "name": "大江公民館",
        "operator": "事業者不明",
        "ref": "",
        "url": "",
        "url2": ""
      }
    },
    {
      "type": "Feature",
      "geometry": {
        "type": "Point",
        "coordinates": [
          133.4448511,
          34.5683283
        ]
      },
      "properties": {
        "内容": "バス停: 中講",
        "name": "中講",
        "operator": "事業者不明",
        "ref": "",
        "url": "",
        "url2": ""
      }
    },
    {
      "type": "Feature",
      "geometry": {
        "type": "Point",
        "coordinates": [
          134.0382578,
          34.775732
        ]
      },
      "properties": {
        "内容": "バス停: 桜が丘中央 (宇野自動車)",
        "name": "桜が丘中央",
        "operator": "宇野自動車",
        "ref": "",
        "url": "",
        "url2": ""
      }
    },
    {
      "type": "Feature",
      "geometry": {
        "type": "Point",
        "coordinates": [
          134.0384831,
          34.7759142
        ]
      },
      "properties": {
        "内容": "バス停: 桜が丘中央 (宇野自動車)",
        "name": "桜が丘中央",
        "operator": "宇野自動車",
        "ref": "",
        "url": "",
        "url2": ""
      }
    },
    {
      "type": "Feature",
      "geometry": {
        "type": "Point",
        "coordinates": [
          133.5879907,
          34.777898
        ]
      },
      "properties": {
        "内容": "バス停: ゆめタウン前 (備北バス)",
        "name": "ゆめタウン前",
        "operator": "備北バス",
        "ref": "",
        "url": "",
        "url2": "Q11387355"
      }
    },
    {
      "type": "Feature",
      "geometry": {
        "type": "Point",
        "coordinates": [
          133.4651229,
          34.5936219
        ]
      },
      "properties": {
        "内容": "バス停: 中国新聞井原支局前",
        "name": "中国新聞井原支局前",
        "operator": "事業者不明",
        "ref": "",
        "url": "",
        "url2": ""
      }
    },
    {
      "type": "Feature",
      "geometry": {
        "type": "Point",
        "coordinates": [
          133.4652844,
          34.5934852
        ]
      },
      "properties": {
        "内容": "バス停: 中国新聞井原支局前",
        "name": "中国新聞井原支局前",
        "operator": "事業者不明",
        "ref": "",
        "url": "",
        "url2": ""
      }
    },
    {
      "type": "Feature",
      "geometry": {
        "type": "Point",
        "coordinates": [
          133.4692176,
          34.593511
        ]
      },
      "properties": {
        "内容": "バス停: 井原駅",
        "name": "井原駅",
        "operator": "事業者不明",
        "ref": "",
        "url": "",
        "url2": ""
      }
    },
    {
      "type": "Feature",
      "geometry": {
        "type": "Point",
        "coordinates": [
          133.4684139,
          34.5931077
        ]
      },
      "properties": {
        "内容": "バス停: 井原駅",
        "name": "井原駅",
        "operator": "事業者不明",
        "ref": "",
        "url": "",
        "url2": ""
      }
    },
    {
      "type": "Feature",
      "geometry": {
        "type": "Point",
        "coordinates": [
          133.8256591,
          34.5769302
        ]
      },
      "properties": {
        "内容": "バス停: 茶屋町駅前 (下津井電鉄)",
        "name": "茶屋町駅前",
        "operator": "下津井電鉄",
        "ref": "",
        "url": "",
        "url2": ""
      }
    },
    {
      "type": "Feature",
      "geometry": {
        "type": "Point",
        "coordinates": [
          133.7324322,
          35.2002208
        ]
      },
      "properties": {
        "内容": "バス停: 中鉄美作バス",
        "name": "中鉄美作バス",
        "operator": "事業者不明",
        "ref": "",
        "url": "",
        "url2": ""
      }
    },
    {
      "type": "Feature",
      "geometry": {
        "type": "Point",
        "coordinates": [
          133.732418,
          35.2001334
        ]
      },
      "properties": {
        "内容": "バス停: 湯原温泉 (中鉄美作バス)",
        "name": "湯原温泉",
        "operator": "中鉄美作バス",
        "ref": "",
        "url": "",
        "url2": ""
      }
    },
    {
      "type": "Feature",
      "geometry": {
        "type": "Point",
        "coordinates": [
          133.8890474,
          34.6437952
        ]
      },
      "properties": {
        "内容": "バス停: 問屋町 (岡山電気軌道)",
        "name": "問屋町",
        "operator": "岡山電気軌道",
        "ref": "",
        "url": "",
        "url2": ""
      }
    },
    {
      "type": "Feature",
      "geometry": {
        "type": "Point",
        "coordinates": [
          133.8853875,
          34.6526683
        ]
      },
      "properties": {
        "内容": "バス停: 北長瀬駅 (八晃運輸)",
        "name": "北長瀬駅",
        "operator": "八晃運輸",
        "ref": "",
        "url": "",
        "url2": ""
      }
    },
    {
      "type": "Feature",
      "geometry": {
        "type": "Point",
        "coordinates": [
          133.9208256,
          34.6517141
        ]
      },
      "properties": {
        "内容": "バス停: 名称不明バス停 (八晃運輸)",
        "name": "名称不明バス停",
        "operator": "八晃運輸",
        "ref": "",
        "url": "",
        "url2": ""
      }
    },
    {
      "type": "Feature",
      "geometry": {
        "type": "Point",
        "coordinates": [
          133.7382642,
          34.6731618
        ]
      },
      "properties": {
        "内容": "バス停: 名称不明バス停",
        "name": "名称不明バス停",
        "operator": "事業者不明",
        "ref": "",
        "url": "",
        "url2": ""
      }
    },
    {
      "type": "Feature",
      "geometry": {
        "type": "Point",
        "coordinates": [
          133.4792992,
          34.5151551
        ]
      },
      "properties": {
        "内容": "バス停: 吉浜",
        "name": "吉浜",
        "operator": "事業者不明",
        "ref": "",
        "url": "",
        "url2": ""
      }
    },
    {
      "type": "Feature",
      "geometry": {
        "type": "Point",
        "coordinates": [
          133.4390011,
          34.6241238
        ]
      },
      "properties": {
        "内容": "バス停: 名称不明バス停",
        "name": "名称不明バス停",
        "operator": "事業者不明",
        "ref": "",
        "url": "",
        "url2": ""
      }
    },
    {
      "type": "Feature",
      "geometry": {
        "type": "Point",
        "coordinates": [
          133.4399922,
          34.5826435
        ]
      },
      "properties": {
        "内容": "バス停: 名称不明バス停",
        "name": "名称不明バス停",
        "operator": "事業者不明",
        "ref": "",
        "url": "",
        "url2": ""
      }
    },
    {
      "type": "Feature",
      "geometry": {
        "type": "Point",
        "coordinates": [
          133.4610282,
          34.5646958
        ]
      },
      "properties": {
        "内容": "バス停: スターハイツ",
        "name": "スターハイツ",
        "operator": "事業者不明",
        "ref": "",
        "url": "",
        "url2": ""
      }
    },
    {
      "type": "Feature",
      "geometry": {
        "type": "Point",
        "coordinates": [
          133.4438779,
          34.5683614
        ]
      },
      "properties": {
        "内容": "バス停: 名称不明バス停",
        "name": "名称不明バス停",
        "operator": "事業者不明",
        "ref": "",
        "url": "",
        "url2": ""
      }
    },
    {
      "type": "Feature",
      "geometry": {
        "type": "Point",
        "coordinates": [
          133.4664208,
          34.5830253
        ]
      },
      "properties": {
        "内容": "バス停: 四季が丘団地",
        "name": "四季が丘団地",
        "operator": "事業者不明",
        "ref": "",
        "url": "",
        "url2": ""
      }
    },
    {
      "type": "Feature",
      "geometry": {
        "type": "Point",
        "coordinates": [
          133.4663775,
          34.5854862
        ]
      },
      "properties": {
        "内容": "バス停: グラウンドゴルフ場前",
        "name": "グラウンドゴルフ場前",
        "operator": "事業者不明",
        "ref": "",
        "url": "",
        "url2": ""
      }
    },
    {
      "type": "Feature",
      "geometry": {
        "type": "Point",
        "coordinates": [
          133.4659174,
          34.5899718
        ]
      },
      "properties": {
        "内容": "バス停: 山王口",
        "name": "山王口",
        "operator": "事業者不明",
        "ref": "",
        "url": "",
        "url2": ""
      }
    },
    {
      "type": "Feature",
      "geometry": {
        "type": "Point",
        "coordinates": [
          133.4554702,
          34.6068043
        ]
      },
      "properties": {
        "内容": "バス停: 昭和橋",
        "name": "昭和橋",
        "operator": "事業者不明",
        "ref": "",
        "url": "",
        "url2": ""
      }
    },
    {
      "type": "Feature",
      "geometry": {
        "type": "Point",
        "coordinates": [
          133.4554174,
          34.6067395
        ]
      },
      "properties": {
        "内容": "バス停: 昭和橋",
        "name": "昭和橋",
        "operator": "事業者不明",
        "ref": "",
        "url": "",
        "url2": ""
      }
    },
    {
      "type": "Feature",
      "geometry": {
        "type": "Point",
        "coordinates": [
          133.9722612,
          34.6552213
        ]
      },
      "properties": {
        "内容": "バス停: 曹源寺",
        "name": "曹源寺",
        "operator": "事業者不明",
        "ref": "",
        "url": "",
        "url2": ""
      }
    },
    {
      "type": "Feature",
      "geometry": {
        "type": "Point",
        "coordinates": [
          133.9503567,
          34.6515626
        ]
      },
      "properties": {
        "内容": "バス停: 名称不明バス停 (両備バス)",
        "name": "名称不明バス停",
        "operator": "両備バス",
        "ref": "",
        "url": "",
        "url2": ""
      }
    },
    {
      "type": "Feature",
      "geometry": {
        "type": "Point",
        "coordinates": [
          133.9500467,
          34.6549788
        ]
      },
      "properties": {
        "内容": "バス停: 護国神社前 (両備バス)",
        "name": "護国神社前",
        "operator": "両備バス",
        "ref": "",
        "url": "",
        "url2": ""
      }
    },
    {
      "type": "Feature",
      "geometry": {
        "type": "Point",
        "coordinates": [
          133.9501491,
          34.6553876
        ]
      },
      "properties": {
        "内容": "バス停: 護国神社前 (両備バス)",
        "name": "護国神社前",
        "operator": "両備バス",
        "ref": "",
        "url": "",
        "url2": ""
      }
    },
    {
      "type": "Feature",
      "geometry": {
        "type": "Point",
        "coordinates": [
          133.9461048,
          34.6570563
        ]
      },
      "properties": {
        "内容": "バス停: 名称不明バス停 (両備バス)",
        "name": "名称不明バス停",
        "operator": "両備バス",
        "ref": "",
        "url": "",
        "url2": ""
      }
    },
    {
      "type": "Feature",
      "geometry": {
        "type": "Point",
        "coordinates": [
          133.9435898,
          34.6563306
        ]
      },
      "properties": {
        "内容": "バス停: 東山 (両備バス)",
        "name": "東山",
        "operator": "両備バス",
        "ref": "",
        "url": "",
        "url2": ""
      }
    },
    {
      "type": "Feature",
      "geometry": {
        "type": "Point",
        "coordinates": [
          133.9404713,
          34.6561433
        ]
      },
      "properties": {
        "内容": "バス停: 名称不明バス停 (両備バス)",
        "name": "名称不明バス停",
        "operator": "両備バス",
        "ref": "",
        "url": "",
        "url2": ""
      }
    },
    {
      "type": "Feature",
      "geometry": {
        "type": "Point",
        "coordinates": [
          133.9396938,
          34.6563343
        ]
      },
      "properties": {
        "内容": "バス停: 山陽学園 中学・高校前 (岡電バス;両備バス)",
        "name": "山陽学園 中学・高校前",
        "operator": "岡電バス;両備バス",
        "ref": "",
        "url": "",
        "url2": ""
      }
    },
    {
      "type": "Feature",
      "geometry": {
        "type": "Point",
        "coordinates": [
          133.9389299,
          34.6577746
        ]
      },
      "properties": {
        "内容": "バス停: 名称不明バス停",
        "name": "名称不明バス停",
        "operator": "事業者不明",
        "ref": "",
        "url": "",
        "url2": ""
      }
    },
    {
      "type": "Feature",
      "geometry": {
        "type": "Point",
        "coordinates": [
          133.9405253,
          34.660659
        ]
      },
      "properties": {
        "内容": "バス停: 名称不明バス停 (両備バス)",
        "name": "名称不明バス停",
        "operator": "両備バス",
        "ref": "",
        "url": "",
        "url2": ""
      }
    },
    {
      "type": "Feature",
      "geometry": {
        "type": "Point",
        "coordinates": [
          133.9340046,
          34.6604595
        ]
      },
      "properties": {
        "内容": "バス停: 県庁前 (両備バス)",
        "name": "県庁前",
        "operator": "両備バス",
        "ref": "",
        "url": "",
        "url2": ""
      }
    },
    {
      "type": "Feature",
      "geometry": {
        "type": "Point",
        "coordinates": [
          133.9736971,
          34.6557115
        ]
      },
      "properties": {
        "内容": "バス停: 曹源寺 (両備バス)",
        "name": "曹源寺",
        "operator": "両備バス",
        "ref": "",
        "url": "",
        "url2": ""
      }
    },
    {
      "type": "Feature",
      "geometry": {
        "type": "Point",
        "coordinates": [
          133.9693805,
          34.6538885
        ]
      },
      "properties": {
        "内容": "バス停: 名称不明バス停",
        "name": "名称不明バス停",
        "operator": "事業者不明",
        "ref": "",
        "url": "",
        "url2": ""
      }
    },
    {
      "type": "Feature",
      "geometry": {
        "type": "Point",
        "coordinates": [
          133.9640474,
          34.6517908
        ]
      },
      "properties": {
        "内容": "バス停: 嶽 (両備バス)",
        "name": "嶽",
        "operator": "両備バス",
        "ref": "",
        "url": "",
        "url2": ""
      }
    },
    {
      "type": "Feature",
      "geometry": {
        "type": "Point",
        "coordinates": [
          133.9634611,
          34.6513577
        ]
      },
      "properties": {
        "内容": "バス停: 嶽 (両備バス)",
        "name": "嶽",
        "operator": "両備バス",
        "ref": "",
        "url": "",
        "url2": ""
      }
    },
    {
      "type": "Feature",
      "geometry": {
        "type": "Point",
        "coordinates": [
          133.9595542,
          34.6507213
        ]
      },
      "properties": {
        "内容": "バス停: 名称不明バス停 (両備バス)",
        "name": "名称不明バス停",
        "operator": "両備バス",
        "ref": "",
        "url": "",
        "url2": ""
      }
    },
    {
      "type": "Feature",
      "geometry": {
        "type": "Point",
        "coordinates": [
          133.9575565,
          34.6509007
        ]
      },
      "properties": {
        "内容": "バス停: 名称不明バス停 (両備バス)",
        "name": "名称不明バス停",
        "operator": "両備バス",
        "ref": "",
        "url": "",
        "url2": ""
      }
    },
    {
      "type": "Feature",
      "geometry": {
        "type": "Point",
        "coordinates": [
          133.8611833,
          34.6811754
        ]
      },
      "properties": {
        "内容": "バス停: 名称不明バス停",
        "name": "名称不明バス停",
        "operator": "事業者不明",
        "ref": "",
        "url": "",
        "url2": ""
      }
    },
    {
      "type": "Feature",
      "geometry": {
        "type": "Point",
        "coordinates": [
          133.8617687,
          34.6810992
        ]
      },
      "properties": {
        "内容": "バス停: 名称不明バス停",
        "name": "名称不明バス停",
        "operator": "事業者不明",
        "ref": "",
        "url": "",
        "url2": ""
      }
    },
    {
      "type": "Feature",
      "geometry": {
        "type": "Point",
        "coordinates": [
          133.8335599,
          34.6025206
        ]
      },
      "properties": {
        "内容": "バス停: 早島駅",
        "name": "早島駅",
        "operator": "事業者不明",
        "ref": "",
        "url": "",
        "url2": ""
      }
    },
    {
      "type": "Feature",
      "geometry": {
        "type": "Point",
        "coordinates": [
          133.9068314,
          34.6681994
        ]
      },
      "properties": {
        "内容": "バス停: 下伊福1丁目 (中鉄バス)",
        "name": "下伊福1丁目",
        "operator": "中鉄バス",
        "ref": "",
        "url": "",
        "url2": ""
      }
    },
    {
      "type": "Feature",
      "geometry": {
        "type": "Point",
        "coordinates": [
          134.0913122,
          34.6685743
        ]
      },
      "properties": {
        "内容": "バス停: 名称不明バス停",
        "name": "名称不明バス停",
        "operator": "事業者不明",
        "ref": "",
        "url": "",
        "url2": ""
      }
    },
    {
      "type": "Feature",
      "geometry": {
        "type": "Point",
        "coordinates": [
          133.4511156,
          34.6102746
        ]
      },
      "properties": {
        "内容": "バス停: 名称不明バス停",
        "name": "名称不明バス停",
        "operator": "事業者不明",
        "ref": "",
        "url": "",
        "url2": ""
      }
    },
    {
      "type": "Feature",
      "geometry": {
        "type": "Point",
        "coordinates": [
          133.5051768,
          34.5050116
        ]
      },
      "properties": {
        "内容": "バス停: 笠岡駅前",
        "name": "笠岡駅前",
        "operator": "事業者不明",
        "ref": "2",
        "url": "",
        "url2": ""
      }
    },
    {
      "type": "Feature",
      "geometry": {
        "type": "Point",
        "coordinates": [
          133.504877,
          34.5051923
        ]
      },
      "properties": {
        "内容": "バス停: 笠岡駅前",
        "name": "笠岡駅前",
        "operator": "事業者不明",
        "ref": "3",
        "url": "",
        "url2": ""
      }
    },
    {
      "type": "Feature",
      "geometry": {
        "type": "Point",
        "coordinates": [
          134.106997,
          34.667751
        ]
      },
      "properties": {
        "内容": "バス停: 山手 (瀬戸内市営バス)",
        "name": "山手",
        "operator": "瀬戸内市営バス",
        "ref": "",
        "url": "",
        "url2": ""
      }
    },
    {
      "type": "Feature",
      "geometry": {
        "type": "Point",
        "coordinates": [
          134.1118015,
          34.6671593
        ]
      },
      "properties": {
        "内容": "バス停: 真徳（西） (瀬戸内市営バス)",
        "name": "真徳（西）",
        "operator": "瀬戸内市営バス",
        "ref": "",
        "url": "",
        "url2": ""
      }
    },
    {
      "type": "Feature",
      "geometry": {
        "type": "Point",
        "coordinates": [
          134.113877,
          34.6678688
        ]
      },
      "properties": {
        "内容": "バス停: 真徳（東） (瀬戸内市営バス)",
        "name": "真徳（東）",
        "operator": "瀬戸内市営バス",
        "ref": "",
        "url": "",
        "url2": ""
      }
    },
    {
      "type": "Feature",
      "geometry": {
        "type": "Point",
        "coordinates": [
          134.1189984,
          34.6702706
        ]
      },
      "properties": {
        "内容": "バス停: 水落 (瀬戸内市営バス)",
        "name": "水落",
        "operator": "瀬戸内市営バス",
        "ref": "",
        "url": "",
        "url2": ""
      }
    },
    {
      "type": "Feature",
      "geometry": {
        "type": "Point",
        "coordinates": [
          134.1211693,
          34.6736487
        ]
      },
      "properties": {
        "内容": "バス停: 尻無西 (瀬戸内市営バス)",
        "name": "尻無西",
        "operator": "瀬戸内市営バス",
        "ref": "",
        "url": "",
        "url2": ""
      }
    },
    {
      "type": "Feature",
      "geometry": {
        "type": "Point",
        "coordinates": [
          134.1246309,
          34.6752467
        ]
      },
      "properties": {
        "内容": "バス停: 尻無東 (瀬戸内市営バス)",
        "name": "尻無東",
        "operator": "瀬戸内市営バス",
        "ref": "",
        "url": "",
        "url2": ""
      }
    },
    {
      "type": "Feature",
      "geometry": {
        "type": "Point",
        "coordinates": [
          134.1323607,
          34.6774862
        ]
      },
      "properties": {
        "内容": "バス停: 西須恵地区コミュニティハウス (瀬戸内市営バス)",
        "name": "西須恵地区コミュニティハウス",
        "operator": "瀬戸内市営バス",
        "ref": "",
        "url": "",
        "url2": ""
      }
    },
    {
      "type": "Feature",
      "geometry": {
        "type": "Point",
        "coordinates": [
          134.1366511,
          34.6802919
        ]
      },
      "properties": {
        "内容": "バス停: 須恵古代館前 (瀬戸内市営バス)",
        "name": "須恵古代館前",
        "operator": "瀬戸内市営バス",
        "ref": "",
        "url": "",
        "url2": ""
      }
    },
    {
      "type": "Feature",
      "geometry": {
        "type": "Point",
        "coordinates": [
          134.1441505,
          34.6838759
        ]
      },
      "properties": {
        "内容": "バス停: だがしの大町前 (瀬戸内市営バス)",
        "name": "だがしの大町前",
        "operator": "瀬戸内市営バス",
        "ref": "",
        "url": "",
        "url2": ""
      }
    },
    {
      "type": "Feature",
      "geometry": {
        "type": "Point",
        "coordinates": [
          134.1465847,
          34.6848895
        ]
      },
      "properties": {
        "内容": "バス停: 東須恵 (瀬戸内市営バス)",
        "name": "東須恵",
        "operator": "瀬戸内市営バス",
        "ref": "",
        "url": "",
        "url2": ""
      }
    },
    {
      "type": "Feature",
      "geometry": {
        "type": "Point",
        "coordinates": [
          133.9173349,
          34.687555
        ]
      },
      "properties": {
        "内容": "バス停: 福居入口",
        "name": "福居入口",
        "operator": "事業者不明",
        "ref": "",
        "url": "",
        "url2": ""
      }
    },
    {
      "type": "Feature",
      "geometry": {
        "type": "Point",
        "coordinates": [
          133.9174846,
          34.687641
        ]
      },
      "properties": {
        "内容": "バス停: 福居入口",
        "name": "福居入口",
        "operator": "事業者不明",
        "ref": "",
        "url": "",
        "url2": ""
      }
    },
    {
      "type": "Feature",
      "geometry": {
        "type": "Point",
        "coordinates": [
          133.9284033,
          34.685379
        ]
      },
      "properties": {
        "内容": "バス停: 法界院駅前",
        "name": "法界院駅前",
        "operator": "事業者不明",
        "ref": "",
        "url": "",
        "url2": ""
      }
    },
    {
      "type": "Feature",
      "geometry": {
        "type": "Point",
        "coordinates": [
          133.9260926,
          34.6878527
        ]
      },
      "properties": {
        "内容": "バス停: 保育所前",
        "name": "保育所前",
        "operator": "事業者不明",
        "ref": "",
        "url": "",
        "url2": ""
      }
    },
    {
      "type": "Feature",
      "geometry": {
        "type": "Point",
        "coordinates": [
          133.9264724,
          34.6877262
        ]
      },
      "properties": {
        "内容": "バス停: 保育所前",
        "name": "保育所前",
        "operator": "事業者不明",
        "ref": "",
        "url": "",
        "url2": ""
      }
    }
  ]
}