{
"type": "FeatureCollection",
"name": "geo_33_訪問介護",
"crs": { "type": "name", "properties": { "name": "urn:ogc:def:crs:OGC:1.3:CRS84" } },
"features": [
{ "type": "Feature", "properties": { "内容": "ヘルパーステーション　バンビ【訪問介護】岡山県岡山市北区中仙道６０－１１７2F", "url": "https://www.kaigokensaku.mhlw.go.jp/33/index.php?action_kouhyou_detail_004_kani=true&JigyosyoCd=3370107207-00&ServiceCd=110&Type=search", "url2": null }, "geometry": { "type": "Point", "coordinates": [ 133.883770300000037, 34.644081800000023 ] } },
{ "type": "Feature", "properties": { "内容": "吉備タクシー株式会社【訪問介護】岡山県岡山市北区平野1012-17", "url": "https://www.kaigokensaku.mhlw.go.jp/33/index.php?action_kouhyou_detail_004_kani=true&JigyosyoCd=3370104006-00&ServiceCd=110&Type=search", "url2": "http://www.kibitaxi.co.jp/" }, "geometry": { "type": "Point", "coordinates": [ 133.857667200000037, 34.6488772 ] } },
{ "type": "Feature", "properties": { "内容": "有限会社クレヨン岡山支店【訪問介護】岡山県岡山市北区宿215－1", "url": "https://www.kaigokensaku.mhlw.go.jp/33/index.php?action_kouhyou_detail_004_kani=true&JigyosyoCd=3370108320-00&ServiceCd=110&Type=search", "url2": null }, "geometry": { "type": "Point", "coordinates": [ 133.939925300000027, 34.6954741 ] } },
{ "type": "Feature", "properties": { "内容": "ホームヘルパーステーション　旭川荘【訪問介護】岡山県岡山市北区祇園８６６", "url": "https://www.kaigokensaku.mhlw.go.jp/33/index.php?action_kouhyou_detail_004_kani=true&JigyosyoCd=3370102703-00&ServiceCd=110&Type=search", "url2": "http://www.asahigawasou.or.jp/" }, "geometry": { "type": "Point", "coordinates": [ 133.957511599999947, 34.708262699999985 ] } },
{ "type": "Feature", "properties": { "内容": "ヘルパーステーション　ショコラ【訪問介護】十日市中町5-28", "url": "https://www.kaigokensaku.mhlw.go.jp/33/index.php?action_kouhyou_detail_004_kani=true&JigyosyoCd=3370114682-00&ServiceCd=110&Type=search", "url2": null }, "geometry": { "type": "Point", "coordinates": [ 133.927359799999977, 34.6382117 ] } },
{ "type": "Feature", "properties": { "内容": "学研ココファン岡山平田ヘルパーセンター【訪問介護】岡山県岡山市北区平田111-105ココファン岡山平田", "url": "https://www.kaigokensaku.mhlw.go.jp/33/index.php?action_kouhyou_detail_004_kani=true&JigyosyoCd=3370115739-00&ServiceCd=110&Type=search", "url2": "http://www.cocofump.co.jp" }, "geometry": { "type": "Point", "coordinates": [ 133.88629, 34.6361835 ] } },
{ "type": "Feature", "properties": { "内容": "ヘルパーステーション　あい【訪問介護】岡山県岡山市北区舟橋町6-13山崎マンション　１階", "url": "https://www.kaigokensaku.mhlw.go.jp/33/index.php?action_kouhyou_detail_004_kani=true&JigyosyoCd=3370109997-00&ServiceCd=110&Type=search", "url2": null }, "geometry": { "type": "Point", "coordinates": [ 133.929403699999966, 34.652488 ] } },
{ "type": "Feature", "properties": { "内容": "ヘルパーステーションおおぞら【訪問介護】岡山県岡山市北区下伊福上町16-7", "url": "https://www.kaigokensaku.mhlw.go.jp/33/index.php?action_kouhyou_detail_004_kani=true&JigyosyoCd=3370101721-00&ServiceCd=110&Type=search", "url2": "http://oozorakai.com/" }, "geometry": { "type": "Point", "coordinates": [ 133.904442199999949, 34.6678825 ] } },
{ "type": "Feature", "properties": { "内容": "ヘルパーステーション　いちのみや【訪問介護】岡山県岡山市北区楢津４２９－１ケアハウスさえず里　１階", "url": "https://www.kaigokensaku.mhlw.go.jp/33/index.php?action_kouhyou_detail_004_kani=true&JigyosyoCd=3370102398-00&ServiceCd=110&Type=search", "url2": "http://www.okayama-junshinkai.co.jp/" }, "geometry": { "type": "Point", "coordinates": [ 133.885399399999983, 34.6792639 ] } },
{ "type": "Feature", "properties": { "内容": "あんホームヘルプサービス【訪問介護】岡山県岡山市北区楢津１００７－１", "url": "https://www.kaigokensaku.mhlw.go.jp/33/index.php?action_kouhyou_detail_004_kani=true&JigyosyoCd=3370102505-00&ServiceCd=110&Type=search", "url2": null }, "geometry": { "type": "Point", "coordinates": [ 133.876616399999989, 34.6918899 ] } },
{ "type": "Feature", "properties": { "内容": "うさぎ介護サービス【訪問介護】岡山県岡山市北区中仙道６０－１１７", "url": "https://www.kaigokensaku.mhlw.go.jp/33/index.php?action_kouhyou_detail_004_kani=true&JigyosyoCd=3370105466-00&ServiceCd=110&Type=search", "url2": null }, "geometry": { "type": "Point", "coordinates": [ 133.883770300000037, 34.6440818 ] } },
{ "type": "Feature", "properties": { "内容": "ヘルパーステーション　ももの木【訪問介護】岡山県岡山市北区下中野463-2大倉ビル１階", "url": "https://www.kaigokensaku.mhlw.go.jp/33/index.php?action_kouhyou_detail_004_kani=true&JigyosyoCd=3370107322-00&ServiceCd=110&Type=search", "url2": null }, "geometry": { "type": "Point", "coordinates": [ 133.902735759528696, 34.636726295351338 ] } },
{ "type": "Feature", "properties": { "内容": "ライフケアセンター【訪問介護】岡山県岡山市北区今４－１－１", "url": "https://www.kaigokensaku.mhlw.go.jp/33/index.php?action_kouhyou_detail_004_kani=true&JigyosyoCd=3370107736-00&ServiceCd=110&Type=search", "url2": null }, "geometry": { "type": "Point", "coordinates": [ 133.895055100000036, 34.6461904 ] } },
{ "type": "Feature", "properties": { "内容": "社会医療法人　光生病院　ヘルパーステーション　桑田【訪問介護】岡山県岡山市北区厚生町3丁目8番35号", "url": "https://www.kaigokensaku.mhlw.go.jp/33/index.php?action_kouhyou_detail_004_kani=true&JigyosyoCd=3370110078-00&ServiceCd=110&Type=search", "url2": "http://www.kousei-hp.or.jp" }, "geometry": { "type": "Point", "coordinates": [ 133.910936200000037, 34.6558786 ] } },
{ "type": "Feature", "properties": { "内容": "天瀬ヘルパーステーション【訪問介護】岡山県岡山市天瀬5番8号", "url": "https://www.kaigokensaku.mhlw.go.jp/33/index.php?action_kouhyou_detail_004_kani=true&JigyosyoCd=3370113684-00&ServiceCd=110&Type=search", "url2": "http//longlife-town.com/" }, "geometry": { "type": "Point", "coordinates": [ 133.92875849140168, 34.655598715756874 ] } },
{ "type": "Feature", "properties": { "内容": "あおぞらヘルパーステーション岡山大安寺【訪問介護】岡山県岡山市北区高柳西町13-12饗のまち大安寺", "url": "https://www.kaigokensaku.mhlw.go.jp/33/index.php?action_kouhyou_detail_004_kani=true&JigyosyoCd=3370114435-00&ServiceCd=110&Type=search", "url2": null }, "geometry": { "type": "Point", "coordinates": [ 133.894227, 34.6611857 ] } },
{ "type": "Feature", "properties": { "内容": "ヘルパーステーション我が家岡山事業所【訪問介護】岡山市北区富田514-1スカール富田公園203", "url": "https://www.kaigokensaku.mhlw.go.jp/33/index.php?action_kouhyou_detail_004_kani=true&JigyosyoCd=3370115432-00&ServiceCd=110&Type=search", "url2": "http//www.ojecs.com" }, "geometry": { "type": "Point", "coordinates": [ 133.919723299999987, 34.6382216 ] } },
{ "type": "Feature", "properties": { "内容": "平和タクシー訪問介護サービスセンター【訪問介護】十日市西町11-7十日市ブランビル1F", "url": "https://www.kaigokensaku.mhlw.go.jp/33/index.php?action_kouhyou_detail_004_kani=true&JigyosyoCd=3370115747-00&ServiceCd=110&Type=search", "url2": "http://www.heiwa-taxi.co.jp" }, "geometry": { "type": "Point", "coordinates": [ 133.928339033729543, 34.635375878207626 ] } },
{ "type": "Feature", "properties": { "内容": "アメリアヘルパーステーション【訪問介護】西辛川４８５番地２サンライフ一宮２０２", "url": "https://www.kaigokensaku.mhlw.go.jp/33/index.php?action_kouhyou_detail_004_kani=true&JigyosyoCd=3370115820-00&ServiceCd=110&Type=search", "url2": "http://hp.kaipoke.biz/b9a/index.html" }, "geometry": { "type": "Point", "coordinates": [ 133.8612105, 34.6822979 ] } },
{ "type": "Feature", "properties": { "内容": "かわさき訪問介護ステーション【訪問介護】岡山県岡山市北区中山下二丁目1番80号川崎医科大学高高齢者医療センター内", "url": "https://www.kaigokensaku.mhlw.go.jp/33/index.php?action_kouhyou_detail_004_kani=true&JigyosyoCd=3370116125-00&ServiceCd=110&Type=search", "url2": "g.kawasaki-m.ac.jp/" }, "geometry": { "type": "Point", "coordinates": [ 133.926899915205382, 34.661004430499254 ] } },
{ "type": "Feature", "properties": { "内容": "愛光ホームヘルパーステーション【訪問介護】岡山県岡山市北区白石546-1", "url": "https://www.kaigokensaku.mhlw.go.jp/33/index.php?action_kouhyou_detail_004_kani=true&JigyosyoCd=3370116455-00&ServiceCd=110&Type=search", "url2": null }, "geometry": { "type": "Point", "coordinates": [ 133.8694, 34.6504611 ] } },
{ "type": "Feature", "properties": { "内容": "アイリス　ヘルパーステーション【訪問介護】岡山県岡山市北区鹿田町1-8-10201", "url": "https://www.kaigokensaku.mhlw.go.jp/33/index.php?action_kouhyou_detail_004_kani=true&JigyosyoCd=3370110482-00&ServiceCd=110&Type=search", "url2": null }, "geometry": { "type": "Point", "coordinates": [ 133.91774953306583, 34.653376028090783 ] } },
{ "type": "Feature", "properties": { "内容": "ケアステーションあんじぇす大元【訪問介護】岡山県岡山市北区東古松南町4番10号サービス付き高齢者向け住宅　アンジェス大元", "url": "https://www.kaigokensaku.mhlw.go.jp/33/index.php?action_kouhyou_detail_004_kani=true&JigyosyoCd=3370114062-00&ServiceCd=110&Type=search", "url2": "http://www.t-s-i.jp/" }, "geometry": { "type": "Point", "coordinates": [ 133.915938462565578, 34.644465807030336 ] } },
{ "type": "Feature", "properties": { "内容": "学研ココファン新屋敷【訪問介護】新屋敷町1丁目6-28", "url": "https://www.kaigokensaku.mhlw.go.jp/33/index.php?action_kouhyou_detail_004_kani=true&JigyosyoCd=3370115341-00&ServiceCd=110&Type=search", "url2": null }, "geometry": { "type": "Point", "coordinates": [ 133.9091319, 34.6544197 ] } },
{ "type": "Feature", "properties": { "内容": "スマイルらいふ訪問介護事業所　岡山【訪問介護】下中野364-108", "url": "https://www.kaigokensaku.mhlw.go.jp/33/index.php?action_kouhyou_detail_004_kani=true&JigyosyoCd=3370116679-00&ServiceCd=110&Type=search", "url2": "https://kk-connect.net/info/" }, "geometry": { "type": "Point", "coordinates": [ 133.899213, 34.6395767 ] } },
{ "type": "Feature", "properties": { "内容": "ヘルパーステーション　サンピラー【訪問介護】岡山県岡山市北区岩田町３番４号サンピラー岩田町　501", "url": "https://www.kaigokensaku.mhlw.go.jp/33/index.php?action_kouhyou_detail_004_kani=true&JigyosyoCd=3370116901-00&ServiceCd=110&Type=search", "url2": null }, "geometry": { "type": "Point", "coordinates": [ 133.9207951, 34.6699155 ] } },
{ "type": "Feature", "properties": { "内容": "Re:eightCare【訪問介護】岡山県岡山市北区津島東4-2-14", "url": "https://www.kaigokensaku.mhlw.go.jp/33/index.php?action_kouhyou_detail_004_kani=true&JigyosyoCd=3370116786-00&ServiceCd=110&Type=search", "url2": null }, "geometry": { "type": "Point", "coordinates": [ 133.922533, 34.6920733 ] } },
{ "type": "Feature", "properties": { "内容": "ヘルパーステーションつなぐて【訪問介護】岡山県岡山市北区１－２２－１西崎マンション３０６", "url": "https://www.kaigokensaku.mhlw.go.jp/33/index.php?action_kouhyou_detail_004_kani=true&JigyosyoCd=3370117099-00&ServiceCd=110&Type=search", "url2": null }, "geometry": { "type": "Point", "coordinates": [ 133.927028799999988, 34.6581705 ] } },
{ "type": "Feature", "properties": { "内容": "ホームヘルパーステーション旭ヶ丘【訪問介護】岡山県岡山市北区万成東町２－２８", "url": "https://www.kaigokensaku.mhlw.go.jp/33/index.php?action_kouhyou_detail_004_kani=true&JigyosyoCd=3370103438-00&ServiceCd=110&Type=search", "url2": "http://www1.ocn.ne.jp/~junfuku/" }, "geometry": { "type": "Point", "coordinates": [ 133.896290099999987, 34.6739287 ] } },
{ "type": "Feature", "properties": { "内容": "岡山ふれあい中央介護サービスセンター【訪問介護】岡山県岡山市北区鹿田町１－１－１保健福祉会館8階", "url": "https://www.kaigokensaku.mhlw.go.jp/33/index.php?action_kouhyou_detail_004_kani=true&JigyosyoCd=3370104311-00&ServiceCd=110&Type=search", "url2": "https://www.okayama-fureai.or.jp" }, "geometry": { "type": "Point", "coordinates": [ 133.918613100000016, 34.6545039 ] } },
{ "type": "Feature", "properties": { "内容": "星の家中央ヘルパーステーション【訪問介護】岡山県岡山市北区奥田二丁目５－２０", "url": "https://www.kaigokensaku.mhlw.go.jp/33/index.php?action_kouhyou_detail_004_kani=true&JigyosyoCd=3370109690-00&ServiceCd=110&Type=search", "url2": "http://www.hoshi-home.com" }, "geometry": { "type": "Point", "coordinates": [ 133.921960300000023, 34.6432221 ] } },
{ "type": "Feature", "properties": { "内容": "SOMPOケア東古松訪問介護【訪問介護】岡山県岡山市北区東古松１－１３－５", "url": "https://www.kaigokensaku.mhlw.go.jp/33/index.php?action_kouhyou_detail_004_kani=true&JigyosyoCd=3370111316-00&ServiceCd=110&Type=search", "url2": "http://www.sompocare.com" }, "geometry": { "type": "Point", "coordinates": [ 133.918407800000068, 34.6485519 ] } },
{ "type": "Feature", "properties": { "内容": "ケアステーション　コパン【訪問介護】岡山県岡山市北区楢津６７５－３", "url": "https://www.kaigokensaku.mhlw.go.jp/33/index.php?action_kouhyou_detail_004_kani=true&JigyosyoCd=3370113171-00&ServiceCd=110&Type=search", "url2": null }, "geometry": { "type": "Point", "coordinates": [ 133.877985252778672, 34.678094537915761 ] } },
{ "type": "Feature", "properties": { "内容": "ホームケア土屋岡山【訪問介護】岡山市北区今6丁目6-26井上ガラスビル201号室", "url": "https://www.kaigokensaku.mhlw.go.jp/33/index.php?action_kouhyou_detail_004_kani=true&JigyosyoCd=3370116232-00&ServiceCd=110&Type=search", "url2": "https://homecare-tsuchiya.com" }, "geometry": { "type": "Point", "coordinates": [ 133.898656499999987, 34.6415469 ] } },
{ "type": "Feature", "properties": { "内容": "訪問介護いちよう　岡山事業所【訪問介護】岡山県岡山市北区横井上93", "url": "https://www.kaigokensaku.mhlw.go.jp/33/index.php?action_kouhyou_detail_004_kani=true&JigyosyoCd=3370115457-00&ServiceCd=110&Type=search", "url2": "https://rams18.com/" }, "geometry": { "type": "Point", "coordinates": [ 133.903676899999937, 34.6999953 ] } },
{ "type": "Feature", "properties": { "内容": "訪問介護いろは【訪問介護】岡山県岡山市北区十日市西町8-55-206", "url": "https://www.kaigokensaku.mhlw.go.jp/33/index.php?action_kouhyou_detail_004_kani=true&JigyosyoCd=3370114492-00&ServiceCd=110&Type=search", "url2": "https://www.medical-brain.info/" }, "geometry": { "type": "Point", "coordinates": [ 133.9253625, 34.6355778 ] } },
{ "type": "Feature", "properties": { "内容": "ヘルパーステーションあさがお【訪問介護】岡山市北区奥田二丁目2番6-102号", "url": "https://www.kaigokensaku.mhlw.go.jp/33/index.php?action_kouhyou_detail_004_kani=true&JigyosyoCd=3370109740-00&ServiceCd=110&Type=search", "url2": "tw-asagao@sand.ocn.ne.jp" }, "geometry": { "type": "Point", "coordinates": [ 133.921162193550401, 34.644367543670633 ] } },
{ "type": "Feature", "properties": { "内容": "ヘルパーステーション　SIN【訪問介護】岡山県岡山市北区今保572番地1号A号室", "url": "https://www.kaigokensaku.mhlw.go.jp/33/index.php?action_kouhyou_detail_004_kani=true&JigyosyoCd=3370116653-00&ServiceCd=110&Type=search", "url2": null }, "geometry": { "type": "Point", "coordinates": [ 133.870527968122843, 34.63473832061181 ] } },
{ "type": "Feature", "properties": { "内容": "訪問介護事業所　やわらぎ【訪問介護】岡山県岡山市北区内山下１丁目7番17号", "url": "https://www.kaigokensaku.mhlw.go.jp/33/index.php?action_kouhyou_detail_004_kani=true&JigyosyoCd=3370111548-00&ServiceCd=110&Type=search", "url2": "http://okazaki-k.co.jp" }, "geometry": { "type": "Point", "coordinates": [ 133.930895371163956, 34.660707981718815 ] } },
{ "type": "Feature", "properties": { "内容": "有限会社ホット・ライフ【訪問介護】岡山県岡山市北区下中野722-120", "url": "https://www.kaigokensaku.mhlw.go.jp/33/index.php?action_kouhyou_detail_004_kani=true&JigyosyoCd=3370101523-00&ServiceCd=110&Type=search", "url2": "https://hotlife-okayama.com/" }, "geometry": { "type": "Point", "coordinates": [ 133.89268340000001, 34.6373108 ] } },
{ "type": "Feature", "properties": { "内容": "ヘルパーステーション　ともだち【訪問介護】岡山県岡山市北区鹿田町1丁目7-10大熊ビル２Ｆ", "url": "https://www.kaigokensaku.mhlw.go.jp/33/index.php?action_kouhyou_detail_004_kani=true&JigyosyoCd=3370104089-00&ServiceCd=110&Type=search", "url2": null }, "geometry": { "type": "Point", "coordinates": [ 133.918996399999969, 34.6531625 ] } },
{ "type": "Feature", "properties": { "内容": "ピーチおかやまヘルパーステーション【訪問介護】西古松１丁目２４番地６号", "url": "https://www.kaigokensaku.mhlw.go.jp/33/index.php?action_kouhyou_detail_004_kani=true&JigyosyoCd=3370116430-00&ServiceCd=110&Type=search", "url2": null }, "geometry": { "type": "Point", "coordinates": [ 133.9073237, 34.6500401 ] } },
{ "type": "Feature", "properties": { "内容": "北ふれあい介護サービスセンター【訪問介護】岡山県岡山市北区谷万成２丁目６番３３号北ふれあいセンター", "url": "https://www.kaigokensaku.mhlw.go.jp/33/index.php?action_kouhyou_detail_004_kani=true&JigyosyoCd=3370101135-00&ServiceCd=110&Type=search", "url2": "http://www.okayama-fureai.or.jp/" }, "geometry": { "type": "Point", "coordinates": [ 133.8956038, 34.6787448 ] } },
{ "type": "Feature", "properties": { "内容": "岡山済生会ヘルパーステーション【訪問介護】岡山県岡山市北区国体町３－１２岡山済生会ライフケアセンター内", "url": "https://www.kaigokensaku.mhlw.go.jp/33/index.php?action_kouhyou_detail_004_kani=true&JigyosyoCd=3370101234-00&ServiceCd=110&Type=search", "url2": "http//www.okasaisei-life.jp/" }, "geometry": { "type": "Point", "coordinates": [ 133.920442900000012, 34.6734989 ] } },
{ "type": "Feature", "properties": { "内容": "ニチイケアセンター大供【訪問介護】岡山県岡山市北区西古松604-1", "url": "https://www.kaigokensaku.mhlw.go.jp/33/index.php?action_kouhyou_detail_004_kani=true&JigyosyoCd=3370101358-00&ServiceCd=110&Type=search", "url2": "http://www.nichiigakkan.co.jp/" }, "geometry": { "type": "Point", "coordinates": [ 133.910830800000014, 34.6512541 ] } },
{ "type": "Feature", "properties": { "内容": "社会福祉法人敬友会コスモケアサービス【訪問介護】岡山県岡山市北区田中110-108", "url": "https://www.kaigokensaku.mhlw.go.jp/33/index.php?action_kouhyou_detail_004_kani=true&JigyosyoCd=3370103255-00&ServiceCd=110&Type=search", "url2": "http://www.keiyuu-kai.or.jp/" }, "geometry": { "type": "Point", "coordinates": [ 133.883987506745939, 34.642331151788959 ] } },
{ "type": "Feature", "properties": { "内容": "ヘルパーステーション　マスカット【訪問介護】岡山県岡山市北区菅野４２９１－３", "url": "https://www.kaigokensaku.mhlw.go.jp/33/index.php?action_kouhyou_detail_004_kani=true&JigyosyoCd=3370103461-00&ServiceCd=110&Type=search", "url2": "http://www.isto.or.jp/muscat-helper" }, "geometry": { "type": "Point", "coordinates": [ 133.8864946, 34.7416668 ] } },
{ "type": "Feature", "properties": { "内容": "ベネッセ介護センター岡山【訪問介護】岡山県岡山市北区野田三丁目２０－２５ＭＴビルＶ１Ｆ", "url": "https://www.kaigokensaku.mhlw.go.jp/33/index.php?action_kouhyou_detail_004_kani=true&JigyosyoCd=3370103685-00&ServiceCd=110&Type=search", "url2": "http://www.benesse-style-care.co.jp" }, "geometry": { "type": "Point", "coordinates": [ 133.897093600000062, 34.6518286 ] } },
{ "type": "Feature", "properties": { "内容": "桃太郎生き活きホームヘルパーステーション【訪問介護】岡山県岡山市北区春日町9-5", "url": "https://www.kaigokensaku.mhlw.go.jp/33/index.php?action_kouhyou_detail_004_kani=true&JigyosyoCd=3370104196-00&ServiceCd=110&Type=search", "url2": "okayama@kokoro-net.org" }, "geometry": { "type": "Point", "coordinates": [ 133.920574, 34.6537624 ] } },
{ "type": "Feature", "properties": { "内容": "さん・ホームヘルパーステーション【訪問介護】岡山県岡山市北区南方４丁目８番４号", "url": "https://www.kaigokensaku.mhlw.go.jp/33/index.php?action_kouhyou_detail_004_kani=true&JigyosyoCd=3370104709-00&ServiceCd=110&Type=search", "url2": "http://www.interq.or.jp/ruby/alpha" }, "geometry": { "type": "Point", "coordinates": [ 133.925381199999947, 34.6780625 ] } },
{ "type": "Feature", "properties": { "内容": "ヘルパーステーション　あいあい【訪問介護】岡山市北区下中野３０７－１１202", "url": "https://www.kaigokensaku.mhlw.go.jp/33/index.php?action_kouhyou_detail_004_kani=true&JigyosyoCd=3370104782-00&ServiceCd=110&Type=search", "url2": null }, "geometry": { "type": "Point", "coordinates": [ 133.906614499999989, 34.6399437 ] } },
{ "type": "Feature", "properties": { "内容": "ニチイケアセンター岡山南【訪問介護】岡山県岡山市北区下中野324-118", "url": "https://www.kaigokensaku.mhlw.go.jp/33/index.php?action_kouhyou_detail_004_kani=true&JigyosyoCd=3370105896-00&ServiceCd=110&Type=search", "url2": "https://www.nichiigakkan.co.jp" }, "geometry": { "type": "Point", "coordinates": [ 133.908098099999961, 34.6408553 ] } },
{ "type": "Feature", "properties": { "内容": "喜福園ヘルパーステーション【訪問介護】岡山県岡山市北区今保870-1", "url": "https://www.kaigokensaku.mhlw.go.jp/33/index.php?action_kouhyou_detail_004_kani=true&JigyosyoCd=3370106415-00&ServiceCd=110&Type=search", "url2": null }, "geometry": { "type": "Point", "coordinates": [ 133.87929859999997, 34.6351187 ] } },
{ "type": "Feature", "properties": { "内容": "ホームヘルパーステーション桃丘【訪問介護】岡山県岡山市北区高松原古才４９７－１６", "url": "https://www.kaigokensaku.mhlw.go.jp/33/index.php?action_kouhyou_detail_004_kani=true&JigyosyoCd=3370107850-00&ServiceCd=110&Type=search", "url2": "http://www.ikenaga-group.jp/" }, "geometry": { "type": "Point", "coordinates": [ 133.823868, 34.6849206 ] } },
{ "type": "Feature", "properties": { "内容": "あおぞらホームヘルパーステーション【訪問介護】岡山県岡山市北区高松原古才496-1", "url": "https://www.kaigokensaku.mhlw.go.jp/33/index.php?action_kouhyou_detail_004_kani=true&JigyosyoCd=3370108643-00&ServiceCd=110&Type=search", "url2": "http://kariyushi.jp/aozora.html" }, "geometry": { "type": "Point", "coordinates": [ 133.823685836485396, 34.685068397419663 ] } },
{ "type": "Feature", "properties": { "内容": "ヘルパーステーションしおん【訪問介護】岡山県岡山市北区横井上１１６－２タウンハウス津高Ｃ", "url": "https://www.kaigokensaku.mhlw.go.jp/33/index.php?action_kouhyou_detail_004_kani=true&JigyosyoCd=3370108650-00&ServiceCd=110&Type=search", "url2": "kireishion.amebaownd.com/" }, "geometry": { "type": "Point", "coordinates": [ 133.902843599999983, 34.7019256 ] } },
{ "type": "Feature", "properties": { "内容": "すみれヘルパーステーション【訪問介護】岡山県岡山市北区津島東１－３－４", "url": "https://www.kaigokensaku.mhlw.go.jp/33/index.php?action_kouhyou_detail_004_kani=true&JigyosyoCd=3370108999-00&ServiceCd=110&Type=search", "url2": "http://sinkyojin.com/sumire/" }, "geometry": { "type": "Point", "coordinates": [ 133.928086300000018, 34.6874031 ] } },
{ "type": "Feature", "properties": { "内容": "サンキ・ウエルビィ介護センター撫川【訪問介護】岡山県岡山市北区撫川438-1", "url": "https://www.kaigokensaku.mhlw.go.jp/33/index.php?action_kouhyou_detail_004_kani=true&JigyosyoCd=3370109021-00&ServiceCd=110&Type=search", "url2": null }, "geometry": { "type": "Point", "coordinates": [ 133.846943, 34.6433387 ] } },
{ "type": "Feature", "properties": { "内容": "アイリーフ　ヘルパーステーション西口【訪問介護】岡山県岡山市北区奉還町1-3-18アイグランデュ岡山内", "url": "https://www.kaigokensaku.mhlw.go.jp/33/index.php?action_kouhyou_detail_004_kani=true&JigyosyoCd=3370109351-00&ServiceCd=110&Type=search", "url2": "http://WWW.ilief.jp" }, "geometry": { "type": "Point", "coordinates": [ 133.9177767, 34.6682328 ] } },
{ "type": "Feature", "properties": { "内容": "介護サービス　るぴなす【訪問介護】岡山県岡山市北区横井上666-4", "url": "https://www.kaigokensaku.mhlw.go.jp/33/index.php?action_kouhyou_detail_004_kani=true&JigyosyoCd=3370109872-00&ServiceCd=110&Type=search", "url2": null }, "geometry": { "type": "Point", "coordinates": [ 133.9059016, 34.7049365 ] } },
{ "type": "Feature", "properties": { "内容": "丸の内ヒルズ　ヘルパーセンター【訪問介護】岡山県岡山市北区丸の内二丁目1番10号", "url": "https://www.kaigokensaku.mhlw.go.jp/33/index.php?action_kouhyou_detail_004_kani=true&JigyosyoCd=3370110094-00&ServiceCd=110&Type=search", "url2": "http://www.ryobi-hc.jp" }, "geometry": { "type": "Point", "coordinates": [ 133.933077600677507, 34.665416342930314 ] } },
{ "type": "Feature", "properties": { "内容": "ホームヘルプステーションアスト岡山【訪問介護】岡山県岡山市北区十日市西町１１－６", "url": "https://www.kaigokensaku.mhlw.go.jp/33/index.php?action_kouhyou_detail_004_kani=true&JigyosyoCd=3370110920-00&ServiceCd=110&Type=search", "url2": "http://www.rcare.jp" }, "geometry": { "type": "Point", "coordinates": [ 133.928387499999985, 34.6357037 ] } },
{ "type": "Feature", "properties": { "内容": "ヘルパーステーション松風園【訪問介護】岡山県岡山市北区高松1006番地", "url": "https://www.kaigokensaku.mhlw.go.jp/33/index.php?action_kouhyou_detail_004_kani=true&JigyosyoCd=3370111555-00&ServiceCd=110&Type=search", "url2": "https://okayama-kotobuki.sakura.ne.jp/new/02facility/shofuen.html" }, "geometry": { "type": "Point", "coordinates": [ 133.827703299999939, 34.692417 ] } },
{ "type": "Feature", "properties": { "内容": "ヘルパーステーション　おひさま【訪問介護】岡山県岡山市北区下中野243-6", "url": "https://www.kaigokensaku.mhlw.go.jp/33/index.php?action_kouhyou_detail_004_kani=true&JigyosyoCd=3370111985-00&ServiceCd=110&Type=search", "url2": null }, "geometry": { "type": "Point", "coordinates": [ 133.906496342327813, 34.639132955331164 ] } },
{ "type": "Feature", "properties": { "内容": "ヘルパーステーション　オレンジベリー【訪問介護】岡山県岡山市北区岡町6番7号ライオンズマンション岡山医大東401号", "url": "https://www.kaigokensaku.mhlw.go.jp/33/index.php?action_kouhyou_detail_004_kani=true&JigyosyoCd=3370112090-00&ServiceCd=110&Type=search", "url2": null }, "geometry": { "type": "Point", "coordinates": [ 133.9234384, 34.650131 ] } },
{ "type": "Feature", "properties": { "内容": "ヘルパーステーション　れんげ【訪問介護】岡山県岡山市北区三野２丁目７－８－４", "url": "https://www.kaigokensaku.mhlw.go.jp/33/index.php?action_kouhyou_detail_004_kani=true&JigyosyoCd=3370112223-00&ServiceCd=110&Type=search", "url2": null }, "geometry": { "type": "Point", "coordinates": [ 133.938474300000053, 34.6930501 ] } },
{ "type": "Feature", "properties": { "内容": "あさひ園訪問部【訪問介護】岡山市北区旭本町6-20", "url": "https://www.kaigokensaku.mhlw.go.jp/33/index.php?action_kouhyou_detail_004_kani=true&JigyosyoCd=3370112652-00&ServiceCd=110&Type=search", "url2": "http://okayama-asahien.or.jp/" }, "geometry": { "type": "Point", "coordinates": [ 133.927794921426454, 34.642315291939049 ] } },
{ "type": "Feature", "properties": { "内容": "ここち大元ケアステーション【訪問介護】岡山市北区東古松二丁目10番20号", "url": "https://www.kaigokensaku.mhlw.go.jp/33/index.php?action_kouhyou_detail_004_kani=true&JigyosyoCd=3370113791-00&ServiceCd=110&Type=search", "url2": "http://www.benesse-style-care.co.jp/" }, "geometry": { "type": "Point", "coordinates": [ 133.912933399999929, 34.6487684 ] } },
{ "type": "Feature", "properties": { "内容": "訪問介護事業所　笠井の里【訪問介護】北方３丁目５－１５グリーンパレスＬｅｏ１０２号", "url": "https://www.kaigokensaku.mhlw.go.jp/33/index.php?action_kouhyou_detail_004_kani=true&JigyosyoCd=3370113825-00&ServiceCd=110&Type=search", "url2": "http://www.tougou-iryou-bc.co.jp" }, "geometry": { "type": "Point", "coordinates": [ 133.932431067487983, 34.689008396980981 ] } },
{ "type": "Feature", "properties": { "内容": "ヘルパーステーション　こもれびの里【訪問介護】岡山県岡山市北区富町2丁目１８－２８サービス付き高齢者住宅　こもれびの里", "url": "https://www.kaigokensaku.mhlw.go.jp/33/index.php?action_kouhyou_detail_004_kani=true&JigyosyoCd=3370114336-00&ServiceCd=110&Type=search", "url2": "http://kawada.or.jp/komorebi.kawada.or.jp/index.html" }, "geometry": { "type": "Point", "coordinates": [ 133.907461231180832, 34.663445957066166 ] } },
{ "type": "Feature", "properties": { "内容": "ヘルパーステーション風和里【訪問介護】西辛川５４６－９", "url": "https://www.kaigokensaku.mhlw.go.jp/33/index.php?action_kouhyou_detail_004_kani=true&JigyosyoCd=3370114393-00&ServiceCd=110&Type=search", "url2": "www.arimori-fuwari.com" }, "geometry": { "type": "Point", "coordinates": [ 133.860418900000013, 34.6827516 ] } },
{ "type": "Feature", "properties": { "内容": "ともにヘルパーステーション【訪問介護】岡山市北区今五丁目５番１６号", "url": "https://www.kaigokensaku.mhlw.go.jp/33/index.php?action_kouhyou_detail_004_kani=true&JigyosyoCd=3370114500-00&ServiceCd=110&Type=search", "url2": "http://tomoni-care.jp/" }, "geometry": { "type": "Point", "coordinates": [ 133.898084018385333, 34.644206077759371 ] } },
{ "type": "Feature", "properties": { "内容": "プランタン・ホームケアステーション【訪問介護】岡山県岡山市北区下伊福西町2番12号ヴィラ・プランタンおかやま", "url": "https://www.kaigokensaku.mhlw.go.jp/33/index.php?action_kouhyou_detail_004_kani=true&JigyosyoCd=3370114708-00&ServiceCd=110&Type=search", "url2": "http://www.vp-okayama.com" }, "geometry": { "type": "Point", "coordinates": [ 133.900415, 34.6629302 ] } },
{ "type": "Feature", "properties": { "内容": "両備ヘルシーケア柳川ヘルパーセンター【訪問介護】岡山県岡山市北区中山下一丁目1番1号", "url": "https://www.kaigokensaku.mhlw.go.jp/33/index.php?action_kouhyou_detail_004_kani=true&JigyosyoCd=3370115515-00&ServiceCd=110&Type=search", "url2": "https://ryobi-hc.jp/rhc_yanagawa-hc/rhc_yanagawa-hc.html" }, "geometry": { "type": "Point", "coordinates": [ 133.926878200000033, 34.6653788 ] } },
{ "type": "Feature", "properties": { "内容": "学研ココファン北長瀬ヘルパーセンター【訪問介護】西長瀬1207-3", "url": "https://www.kaigokensaku.mhlw.go.jp/33/index.php?action_kouhyou_detail_004_kani=true&JigyosyoCd=3370115689-00&ServiceCd=110&Type=search", "url2": "https://www.cocofump.co.jp" }, "geometry": { "type": "Point", "coordinates": [ 133.8785466, 34.6496717 ] } },
{ "type": "Feature", "properties": { "内容": "ほのぼの荘ヘルパーステーション【訪問介護】岡山県岡山市北区建部町福渡1008-1", "url": "https://www.kaigokensaku.mhlw.go.jp/33/index.php?action_kouhyou_detail_004_kani=true&JigyosyoCd=3370116315-00&ServiceCd=110&Type=search", "url2": "http://okayama-airinkai.jp/" }, "geometry": { "type": "Point", "coordinates": [ 133.9057392, 34.8655973 ] } },
{ "type": "Feature", "properties": { "内容": "ヘルパーステーションOhana【訪問介護】岡山県岡山市北区清輝橋２丁目２番４号", "url": "https://www.kaigokensaku.mhlw.go.jp/33/index.php?action_kouhyou_detail_004_kani=true&JigyosyoCd=3370116539-00&ServiceCd=110&Type=search", "url2": "https://counitedorient.wixsite.com/my-site" }, "geometry": { "type": "Point", "coordinates": [ 133.924746455017697, 34.651443898850623 ] } },
{ "type": "Feature", "properties": { "内容": "ヘルパーステーションそわか【訪問介護】岡山県岡山市北区柳町１丁目４－８ヒカリホールディングスビル４０１号室", "url": "https://www.kaigokensaku.mhlw.go.jp/33/index.php?action_kouhyou_detail_004_kani=true&JigyosyoCd=3370117081-00&ServiceCd=110&Type=search", "url2": null }, "geometry": { "type": "Point", "coordinates": [ 133.922439300000036, 34.66007110000001 ] } },
{ "type": "Feature", "properties": { "内容": "ケア２１岡山県庁通り【訪問介護】岡山県岡山市北区内山下二丁目1-12西村ビル1F", "url": "https://www.kaigokensaku.mhlw.go.jp/33/index.php?action_kouhyou_detail_004_kani=true&JigyosyoCd=3370117131-00&ServiceCd=110&Type=search", "url2": null }, "geometry": { "type": "Point", "coordinates": [ 133.932862199999988, 34.661825900000025 ] } },
{ "type": "Feature", "properties": { "内容": "ヘルパーステーションそぷらの【訪問介護】岡山県岡山市北区御津下田２－３", "url": "https://www.kaigokensaku.mhlw.go.jp/33/index.php?action_kouhyou_detail_004_kani=true&JigyosyoCd=3372100291-00&ServiceCd=110&Type=search", "url2": null }, "geometry": { "type": "Point", "coordinates": [ 133.92728, 34.8026144 ] } },
{ "type": "Feature", "properties": { "内容": "ホームヘルパーステーションたけべ【訪問介護】岡山県岡山市北区建部町建部上５５７－２", "url": "https://www.kaigokensaku.mhlw.go.jp/33/index.php?action_kouhyou_detail_004_kani=true&JigyosyoCd=3372100390-00&ServiceCd=110&Type=search", "url2": "http://www.hoyukai.co.jp/" }, "geometry": { "type": "Point", "coordinates": [ 133.905918299999939, 34.8621766 ] } },
{ "type": "Feature", "properties": { "内容": "サンウェルズ岡山辰巳ヘルパーステーション【訪問介護】辰巳11-103", "url": "https://www.kaigokensaku.mhlw.go.jp/33/index.php?action_kouhyou_detail_004_kani=true&JigyosyoCd=3370117750-00&ServiceCd=110&Type=search", "url2": "https://sunwels.jp/pdh/facility/pdhouse-okayamatatsumi/" }, "geometry": { "type": "Point", "coordinates": [ 133.888297, 34.639769 ] } },
{ "type": "Feature", "properties": { "内容": "おかやまコープホームヘルプサービスセンター【訪問介護】岡山県岡山市北区奉還町1丁目7-7オルガビル4階", "url": "https://www.kaigokensaku.mhlw.go.jp/33/index.php?action_kouhyou_detail_004_kani=true&JigyosyoCd=3370100889-00&ServiceCd=110&Type=search", "url2": null }, "geometry": { "type": "Point", "coordinates": [ 133.918001600000025, 34.6699826 ] } },
{ "type": "Feature", "properties": { "内容": "泉寿の里ヘルパーステーション【訪問介護】岡山県岡山市北区三門中町１－２", "url": "https://www.kaigokensaku.mhlw.go.jp/33/index.php?action_kouhyou_detail_004_kani=true&JigyosyoCd=3370104691-00&ServiceCd=110&Type=search", "url2": "https://senjunosato.or.jp" }, "geometry": { "type": "Point", "coordinates": [ 133.904558800000018, 34.6684657 ] } },
{ "type": "Feature", "properties": { "内容": "訪問介護ステーションゆりかご【訪問介護】岡山県岡山市北区大元上町11-29", "url": "https://www.kaigokensaku.mhlw.go.jp/33/index.php?action_kouhyou_detail_004_kani=true&JigyosyoCd=3370111019-00&ServiceCd=110&Type=search", "url2": "http://www.hada-clinic.com/yurikago/misc/visiting_care.html" }, "geometry": { "type": "Point", "coordinates": [ 133.900121099999978, 34.6479125 ] } },
{ "type": "Feature", "properties": { "内容": "きずなヘルパーステーション【訪問介護】岡山県岡山市北区富田329-4", "url": "https://www.kaigokensaku.mhlw.go.jp/33/index.php?action_kouhyou_detail_004_kani=true&JigyosyoCd=3370111290-00&ServiceCd=110&Type=search", "url2": null }, "geometry": { "type": "Point", "coordinates": [ 133.916143572105426, 34.64146562221611 ] } },
{ "type": "Feature", "properties": { "内容": "特定非営利活動法人　岡山自立生活センター【訪問介護】岡山県岡山市北区奉還町４丁目7-12共生ビル1Ｆ", "url": "https://www.kaigokensaku.mhlw.go.jp/33/index.php?action_kouhyou_detail_004_kani=true&JigyosyoCd=3370111530-00&ServiceCd=110&Type=search", "url2": null }, "geometry": { "type": "Point", "coordinates": [ 133.909447099999966, 34.6689075 ] } },
{ "type": "Feature", "properties": { "内容": "ヘルパーステーション　ハンズケア【訪問介護】野田3丁目1-18", "url": "https://www.kaigokensaku.mhlw.go.jp/33/index.php?action_kouhyou_detail_004_kani=true&JigyosyoCd=3370114823-00&ServiceCd=110&Type=search", "url2": "http://hikasa.jp/" }, "geometry": { "type": "Point", "coordinates": [ 133.927040557234932, 34.671530720035925 ] } },
{ "type": "Feature", "properties": { "内容": "ヘルパーステーション　ききょう【訪問介護】岡山県岡山市北区津島笹が瀬3-7ラヴィーテ津島105", "url": "https://www.kaigokensaku.mhlw.go.jp/33/index.php?action_kouhyou_detail_004_kani=true&JigyosyoCd=3370116646-00&ServiceCd=110&Type=search", "url2": null }, "geometry": { "type": "Point", "coordinates": [ 133.9021016, 34.6848978 ] } },
{ "type": "Feature", "properties": { "内容": "ヘルパーステーション我が家岡山事業所【訪問介護】富田514-1スカール富田公園203号", "url": "https://www.kaigokensaku.mhlw.go.jp/33/index.php?action_kouhyou_detail_004_kani=true&JigyosyoCd=3370117222-00&ServiceCd=110&Type=search", "url2": "http//jecs-gr.jp" }, "geometry": { "type": "Point", "coordinates": [ 133.9197082, 34.6381868 ] } },
{ "type": "Feature", "properties": { "内容": "医心館訪問介護ステーション岡山【訪問介護】岡山県岡山市北区北長瀬表町三丁目15番22号", "url": "https://www.kaigokensaku.mhlw.go.jp/33/index.php?action_kouhyou_detail_004_kani=true&JigyosyoCd=3370117396-00&ServiceCd=110&Type=search", "url2": null }, "geometry": { "type": "Point", "coordinates": [ 133.882692600000013, 34.6499136 ] } },
{ "type": "Feature", "properties": { "内容": "ﾍﾙﾊﾟｰｽﾃｰｼｮﾝ　こころね【訪問介護】岡山県岡山市北区牟佐1085番地21", "url": "https://www.kaigokensaku.mhlw.go.jp/33/index.php?action_kouhyou_detail_004_kani=true&JigyosyoCd=3370117859-00&ServiceCd=110&Type=search", "url2": "https://kokorone-group.com/" }, "geometry": { "type": "Point", "coordinates": [ 133.9798468, 34.726999100000022 ] } },
{ "type": "Feature", "properties": { "内容": "訪問介護事業所なでしこ岡山北【訪問介護】岡山県岡山市北区今7丁目6番32住宅型有料老人ホームハートリンク岡山北内", "url": "https://www.kaigokensaku.mhlw.go.jp/33/index.php?action_kouhyou_detail_004_kani=true&JigyosyoCd=3370116497-00&ServiceCd=110&Type=search", "url2": "https://www.heart-lc.com/" }, "geometry": { "type": "Point", "coordinates": [ 133.893938100000014, 34.6406136 ] } },
{ "type": "Feature", "properties": { "内容": "ケアステーション　ヴェル【訪問介護】岡山県岡山市北区平田177-107ホワイトパレス301", "url": "https://www.kaigokensaku.mhlw.go.jp/33/index.php?action_kouhyou_detail_004_kani=true&JigyosyoCd=3370116596-00&ServiceCd=110&Type=search", "url2": null }, "geometry": { "type": "Point", "coordinates": [ 133.8833482, 34.6329784 ] } },
{ "type": "Feature", "properties": { "内容": "共助グループ　喫茶去　訪問介護事業所【訪問介護】岡山県岡山市北区宿　２３０ー２", "url": "https://www.kaigokensaku.mhlw.go.jp/33/index.php?action_kouhyou_detail_004_kani=true&JigyosyoCd=3370104048-00&ServiceCd=110&Type=search", "url2": null }, "geometry": { "type": "Point", "coordinates": [ 133.939464270236186, 34.696163430530362 ] } },
{ "type": "Feature", "properties": { "内容": "医療法人緑樹会渡辺医院　ヘルパーステーション鯉山【訪問介護】岡山県岡山市北区吉備津１０１１－１", "url": "https://www.kaigokensaku.mhlw.go.jp/33/index.php?action_kouhyou_detail_004_kani=true&JigyosyoCd=3370113072-00&ServiceCd=110&Type=search", "url2": "https://www.okayama-watanabe-iin.com/sky" }, "geometry": { "type": "Point", "coordinates": [ 133.847677246063199, 34.673554945893642 ] } },
{ "type": "Feature", "properties": { "内容": "ハッピーライフヘルパーステーション【訪問介護】岡山県岡山市北区撫川440-1", "url": "https://www.kaigokensaku.mhlw.go.jp/33/index.php?action_kouhyou_detail_004_kani=true&JigyosyoCd=3370109229-00&ServiceCd=110&Type=search", "url2": null }, "geometry": { "type": "Point", "coordinates": [ 133.84769289999997, 34.6437053 ] } },
{ "type": "Feature", "properties": { "内容": "えくぼホームヘルパーステーション【訪問介護】岡山県岡山市北区岡町14-9岡町ビル202", "url": "https://www.kaigokensaku.mhlw.go.jp/33/index.php?action_kouhyou_detail_004_kani=true&JigyosyoCd=3370111381-00&ServiceCd=110&Type=search", "url2": null }, "geometry": { "type": "Point", "coordinates": [ 133.921018600000025, 34.647827 ] } },
{ "type": "Feature", "properties": { "内容": "ヘルパーステーション　うぉーむ・ぱるーむ【訪問介護】岡山県岡山市北区富町２丁目１９－５２ベレール富町１０１号室", "url": "https://www.kaigokensaku.mhlw.go.jp/33/index.php?action_kouhyou_detail_004_kani=true&JigyosyoCd=3370111886-00&ServiceCd=110&Type=search", "url2": null }, "geometry": { "type": "Point", "coordinates": [ 133.907341234132417, 34.66508383171719 ] } },
{ "type": "Feature", "properties": { "内容": "ヘルパーステーション桜日和【訪問介護】岡山市北区楢津373-1", "url": "https://www.kaigokensaku.mhlw.go.jp/33/index.php?action_kouhyou_detail_004_kani=true&JigyosyoCd=3370112397-00&ServiceCd=110&Type=search", "url2": "info@sakura-biyori.jp" }, "geometry": { "type": "Point", "coordinates": [ 133.883957129888927, 34.680612110290646 ] } },
{ "type": "Feature", "properties": { "内容": "訪問介護サービス　にっこり【訪問介護】岡山県岡山市北区田中161-101　成和第三ビル105", "url": "https://www.kaigokensaku.mhlw.go.jp/33/index.php?action_kouhyou_detail_004_kani=true&JigyosyoCd=3370115234-00&ServiceCd=110&Type=search", "url2": "https://www.ichiei-corp.com" }, "geometry": { "type": "Point", "coordinates": [ 133.891625200000021, 34.6242345 ] } },
{ "type": "Feature", "properties": { "内容": "ヘルパーステーション音～OTO～【訪問介護】岡山県岡山市北区庭瀬269-1MSDハイツ101号", "url": "https://www.kaigokensaku.mhlw.go.jp/33/index.php?action_kouhyou_detail_004_kani=true&JigyosyoCd=3370116976-00&ServiceCd=110&Type=search", "url2": null }, "geometry": { "type": "Point", "coordinates": [ 133.8500431, 34.648789152210206 ] } },
{ "type": "Feature", "properties": { "内容": "ヘルパーステーションUKIMOA【訪問介護】岡山市北区東花尻97-19", "url": "https://www.kaigokensaku.mhlw.go.jp/33/index.php?action_kouhyou_detail_004_kani=true&JigyosyoCd=3370117867-00&ServiceCd=110&Type=search", "url2": null }, "geometry": { "type": "Point", "coordinates": [ 133.8625089, 34.6503126 ] } },
{ "type": "Feature", "properties": { "内容": "訪問介護事業所ケアｂｅｅ【訪問介護】岡山県岡山市中区米田３９番地12", "url": "https://www.kaigokensaku.mhlw.go.jp/33/index.php?action_kouhyou_detail_004_kani=true&JigyosyoCd=3370115879-00&ServiceCd=110&Type=search", "url2": "http://carebee.info/" }, "geometry": { "type": "Point", "coordinates": [ 133.9923269, 34.6778756 ] } },
{ "type": "Feature", "properties": { "内容": "NPO法人指定訪問介護事業所まごころサービス岡山センター【訪問介護】岡山県岡山市中区関１９－１", "url": "https://www.kaigokensaku.mhlw.go.jp/33/index.php?action_kouhyou_detail_004_kani=true&JigyosyoCd=3370100871-00&ServiceCd=110&Type=search", "url2": "http://ww9.tiki.ne.jp/~magokoro" }, "geometry": { "type": "Point", "coordinates": [ 133.971451800000068, 34.6752729 ] } },
{ "type": "Feature", "properties": { "内容": "ヘルパーステーション　はぐはぐの家【訪問介護】岡山県岡山市中区藤原光町1丁目9-8", "url": "https://www.kaigokensaku.mhlw.go.jp/33/index.php?action_kouhyou_detail_004_kani=true&JigyosyoCd=3370113817-00&ServiceCd=110&Type=search", "url2": null }, "geometry": { "type": "Point", "coordinates": [ 133.9546871, 34.676422600000016 ] } },
{ "type": "Feature", "properties": { "内容": "学研ココファン高屋ヘルパーセンター【訪問介護】岡山県岡山市中区高屋126", "url": "https://www.kaigokensaku.mhlw.go.jp/33/index.php?action_kouhyou_detail_004_kani=true&JigyosyoCd=3370114328-00&ServiceCd=110&Type=search", "url2": "www.cocofump.co.jp" }, "geometry": { "type": "Point", "coordinates": [ 133.9632527, 34.6746285 ] } },
{ "type": "Feature", "properties": { "内容": "あおぞらヘルパーステーション岡山百間川【訪問介護】岡山市中区兼基３８２－１アヴィラージュ百間川", "url": "https://www.kaigokensaku.mhlw.go.jp/33/index.php?action_kouhyou_detail_004_kani=true&JigyosyoCd=3370115127-00&ServiceCd=110&Type=search", "url2": "aozorafukusi-fs.jp" }, "geometry": { "type": "Point", "coordinates": [ 133.979023099999949, 34.6733815 ] } },
{ "type": "Feature", "properties": { "内容": "かのんケアＢＥＧＮＥＳ【訪問介護】岡山県岡山市中区西川原251-1おかやま西川原プラザ　別館１階", "url": "https://www.kaigokensaku.mhlw.go.jp/33/index.php?action_kouhyou_detail_004_kani=true&JigyosyoCd=3370108858-00&ServiceCd=110&Type=search", "url2": null }, "geometry": { "type": "Point", "coordinates": [ 133.93729748004003, 34.679284960518125 ] } },
{ "type": "Feature", "properties": { "内容": "リールヘルパーステーション東岡山【訪問介護】岡山県岡山市中区神下469-７リールホーム東岡山", "url": "https://www.kaigokensaku.mhlw.go.jp/33/index.php?action_kouhyou_detail_004_kani=true&JigyosyoCd=3370115887-00&ServiceCd=110&Type=search", "url2": "https://www.rirestage.co.jp" }, "geometry": { "type": "Point", "coordinates": [ 133.983319599999987, 34.6769479 ] } },
{ "type": "Feature", "properties": { "内容": "良心ケア【訪問介護】中井3丁目22-14岡﨑アパート101", "url": "https://www.kaigokensaku.mhlw.go.jp/33/index.php?action_kouhyou_detail_004_kani=true&JigyosyoCd=3370116687-00&ServiceCd=110&Type=search", "url2": null }, "geometry": { "type": "Point", "coordinates": [ 133.9666406, 34.6883563 ] } },
{ "type": "Feature", "properties": { "内容": "訪問介護本舗　コネクト【訪問介護】関330-4コーポ山根101", "url": "https://www.kaigokensaku.mhlw.go.jp/33/index.php?action_kouhyou_detail_004_kani=true&JigyosyoCd=3370116919-00&ServiceCd=110&Type=search", "url2": "https://dayservicehonpo.jp/houmonconnect/" }, "geometry": { "type": "Point", "coordinates": [ 133.97093, 34.681065 ] } },
{ "type": "Feature", "properties": { "内容": "ヘルパーステーションユーアイ【訪問介護】岡山県岡山市中区倉富137-11１階", "url": "https://www.kaigokensaku.mhlw.go.jp/33/index.php?action_kouhyou_detail_004_kani=true&JigyosyoCd=3370110268-00&ServiceCd=110&Type=search", "url2": null }, "geometry": { "type": "Point", "coordinates": [ 133.969084366519724, 34.645557936018186 ] } },
{ "type": "Feature", "properties": { "内容": "ヘルパーステーションひかり【訪問介護】岡山県岡山市中区国富2-5-43クレオハイツ国富303号室", "url": "https://www.kaigokensaku.mhlw.go.jp/33/index.php?action_kouhyou_detail_004_kani=true&JigyosyoCd=3370117123-00&ServiceCd=110&Type=search", "url2": null }, "geometry": { "type": "Point", "coordinates": [ 133.9462679, 34.6625991 ] } },
{ "type": "Feature", "properties": { "内容": "幸輝園ヘルパーステーション【訪問介護】岡山県岡山市中区国府市場985-1", "url": "https://www.kaigokensaku.mhlw.go.jp/33/index.php?action_kouhyou_detail_004_kani=true&JigyosyoCd=3370103313-00&ServiceCd=110&Type=search", "url2": "http://www.fukushi-koukikai.jp" }, "geometry": { "type": "Point", "coordinates": [ 133.96495884232786, 34.69357984566075 ] } },
{ "type": "Feature", "properties": { "内容": "しあわせ介護サービス【訪問介護】岡山県岡山市中区西川原２１安井サンハイツ１０１", "url": "https://www.kaigokensaku.mhlw.go.jp/33/index.php?action_kouhyou_detail_004_kani=true&JigyosyoCd=3370105219-00&ServiceCd=110&Type=search", "url2": null }, "geometry": { "type": "Point", "coordinates": [ 133.936116299999981, 34.6800795 ] } },
{ "type": "Feature", "properties": { "内容": "訪問介護アルマ【訪問介護】岡山県岡山市中区新京橋3-8-3", "url": "https://www.kaigokensaku.mhlw.go.jp/33/index.php?action_kouhyou_detail_004_kani=true&JigyosyoCd=3370117503-00&ServiceCd=110&Type=search", "url2": null }, "geometry": { "type": "Point", "coordinates": [ 133.936873, 34.6531795 ] } },
{ "type": "Feature", "properties": { "内容": "介護クラーク岡山【訪問介護】平井六丁目19番12号", "url": "https://www.kaigokensaku.mhlw.go.jp/33/index.php?action_kouhyou_detail_004_kani=true&JigyosyoCd=3370117560-00&ServiceCd=110&Type=search", "url2": "https://cuc-hospice.com/" }, "geometry": { "type": "Point", "coordinates": [ 139.84049060000001, 35.7096064 ] } },
{ "type": "Feature", "properties": { "内容": "サルピス訪問介護事業所【訪問介護】岡山県岡山市中区東川原242-1", "url": "https://www.kaigokensaku.mhlw.go.jp/33/index.php?action_kouhyou_detail_004_kani=true&JigyosyoCd=3370100921-00&ServiceCd=110&Type=search", "url2": "https://www.sarupis.jp/" }, "geometry": { "type": "Point", "coordinates": [ 133.944645989403654, 34.673974970532768 ] } },
{ "type": "Feature", "properties": { "内容": "岡山ふれあい介護サービスセンター【訪問介護】岡山県岡山市中区桑野715番地の2", "url": "https://www.kaigokensaku.mhlw.go.jp/33/index.php?action_kouhyou_detail_004_kani=true&JigyosyoCd=3370101119-00&ServiceCd=110&Type=search", "url2": "http://www.okayama-fureai.or.jp" }, "geometry": { "type": "Point", "coordinates": [ 133.979436299999946, 34.6184601 ] } },
{ "type": "Feature", "properties": { "内容": "ニチイケアセンター倉富【訪問介護】岡山県岡山市中区山崎128-5", "url": "https://www.kaigokensaku.mhlw.go.jp/33/index.php?action_kouhyou_detail_004_kani=true&JigyosyoCd=3370101366-00&ServiceCd=110&Type=search", "url2": "http://www.nichiigakkan.co.jp/" }, "geometry": { "type": "Point", "coordinates": [ 133.970490645583737, 34.653161305269165 ] } },
{ "type": "Feature", "properties": { "内容": "ヘルパーステーション・レインボー【訪問介護】岡山県岡山市中区倉田668-1在宅福祉総合センター倉田2階", "url": "https://www.kaigokensaku.mhlw.go.jp/33/index.php?action_kouhyou_detail_004_kani=true&JigyosyoCd=3370101515-00&ServiceCd=110&Type=search", "url2": null }, "geometry": { "type": "Point", "coordinates": [ 133.953998400000046, 34.6351323 ] } },
{ "type": "Feature", "properties": { "内容": "恵風会ホームヘルパーステーション【訪問介護】岡山県岡山市中区今谷770－1ケアハウス恵園内", "url": "https://www.kaigokensaku.mhlw.go.jp/33/index.php?action_kouhyou_detail_004_kani=true&JigyosyoCd=3370102406-00&ServiceCd=110&Type=search", "url2": "https://www.keifuukai.or.jp/blank-19" }, "geometry": { "type": "Point", "coordinates": [ 133.983171952639736, 34.666780687906112 ] } },
{ "type": "Feature", "properties": { "内容": "ヘルパーステーション　やすらぎ【訪問介護】岡山県岡山市中区中島72-1", "url": "https://www.kaigokensaku.mhlw.go.jp/33/index.php?action_kouhyou_detail_004_kani=true&JigyosyoCd=3370104287-00&ServiceCd=110&Type=search", "url2": "https://www.takufukai-group.or.jp/" }, "geometry": { "type": "Point", "coordinates": [ 133.94482389999996, 34.6861485 ] } },
{ "type": "Feature", "properties": { "内容": "サンキ・ウエルビィ介護センター岡山東【訪問介護】岡山県岡山市中区小橋町２丁目３番５号", "url": "https://www.kaigokensaku.mhlw.go.jp/33/index.php?action_kouhyou_detail_004_kani=true&JigyosyoCd=3370106670-00&ServiceCd=110&Type=search", "url2": null }, "geometry": { "type": "Point", "coordinates": [ 133.937791599999969, 34.6570684 ] } },
{ "type": "Feature", "properties": { "内容": "ニチイケアセンター操山【訪問介護】岡山県岡山市中区西川原336-1", "url": "https://www.kaigokensaku.mhlw.go.jp/33/index.php?action_kouhyou_detail_004_kani=true&JigyosyoCd=3370106720-00&ServiceCd=110&Type=search", "url2": "http://www.nichiigakkan.co.jp" }, "geometry": { "type": "Point", "coordinates": [ 133.941907265081795, 34.676771657813042 ] } },
{ "type": "Feature", "properties": { "内容": "ヘルパーステーション　ぴゅーる【訪問介護】岡山県岡山市中区今在家131-1", "url": "https://www.kaigokensaku.mhlw.go.jp/33/index.php?action_kouhyou_detail_004_kani=true&JigyosyoCd=3370108494-00&ServiceCd=110&Type=search", "url2": "https://www.xn--09j8as56b.com/" }, "geometry": { "type": "Point", "coordinates": [ 133.95372880000005, 34.6925257 ] } },
{ "type": "Feature", "properties": { "内容": "ヘルパーステーション　グリーン【訪問介護】岡山県岡山市中区中井２丁目１－７", "url": "https://www.kaigokensaku.mhlw.go.jp/33/index.php?action_kouhyou_detail_004_kani=true&JigyosyoCd=3370110003-00&ServiceCd=110&Type=search", "url2": null }, "geometry": { "type": "Point", "coordinates": [ 133.958988328627811, 34.686880151145949 ] } },
{ "type": "Feature", "properties": { "内容": "ヘルパーステーション明日香【訪問介護】岡山県岡山市中区円山１９７番地１８", "url": "https://www.kaigokensaku.mhlw.go.jp/33/index.php?action_kouhyou_detail_004_kani=true&JigyosyoCd=3370115671-00&ServiceCd=110&Type=search", "url2": null }, "geometry": { "type": "Point", "coordinates": [ 133.96225759999993, 34.650808500000011 ] } },
{ "type": "Feature", "properties": { "内容": "訪問介護ステーションホサナ【訪問介護】岡山県岡山市中区平井四丁目13-33養護老人ホーム岡山市友楽園", "url": "https://www.kaigokensaku.mhlw.go.jp/33/index.php?action_kouhyou_detail_004_kani=true&JigyosyoCd=3370116711-00&ServiceCd=110&Type=search", "url2": "https://www.okayama-hakuaikai.or.jp/" }, "geometry": { "type": "Point", "coordinates": [ 133.9474372, 34.6385022 ] } },
{ "type": "Feature", "properties": { "内容": "ヘルパーステーション希心【訪問介護】岡山市中区倉田667-4TAKAHARAグリーンコーポ2　2H", "url": "https://www.kaigokensaku.mhlw.go.jp/33/index.php?action_kouhyou_detail_004_kani=true&JigyosyoCd=3370116745-00&ServiceCd=110&Type=search", "url2": null }, "geometry": { "type": "Point", "coordinates": [ 133.954416400000014, 34.6350233 ] } },
{ "type": "Feature", "properties": { "内容": "ヘルパーステーション　はぐはぐの家【訪問介護】岡山県岡山市中区藤原光町1丁目9-8", "url": "https://www.kaigokensaku.mhlw.go.jp/33/index.php?action_kouhyou_detail_004_kani=true&JigyosyoCd=3370117180-00&ServiceCd=110&Type=search", "url2": "https://halo-care.jp/" }, "geometry": { "type": "Point", "coordinates": [ 133.954842832540891, 34.676377245230206 ] } },
{ "type": "Feature", "properties": { "内容": "ヘルパーステーション　のえる【訪問介護】岡山県岡山市中区海吉1794-3", "url": "https://www.kaigokensaku.mhlw.go.jp/33/index.php?action_kouhyou_detail_004_kani=true&JigyosyoCd=3370116984-00&ServiceCd=110&Type=search", "url2": null }, "geometry": { "type": "Point", "coordinates": [ 133.9855902, 34.6584175 ] } },
{ "type": "Feature", "properties": { "内容": "きずなヘルパーステーション平井【訪問介護】岡山市中区平井3丁目1040-5", "url": "https://www.kaigokensaku.mhlw.go.jp/33/index.php?action_kouhyou_detail_004_kani=true&JigyosyoCd=3370117669-00&ServiceCd=110&Type=search", "url2": null }, "geometry": { "type": "Point", "coordinates": [ 133.9507422, 34.6362518 ] } },
{ "type": "Feature", "properties": { "内容": "ヘルパーステーション雅【訪問介護】海吉1418-1メゾンノールA105", "url": "https://www.kaigokensaku.mhlw.go.jp/33/index.php?action_kouhyou_detail_004_kani=true&JigyosyoCd=3370117826-00&ServiceCd=110&Type=search", "url2": null }, "geometry": { "type": "Point", "coordinates": [ 133.985637, 34.6601673 ] } },
{ "type": "Feature", "properties": { "内容": "あなぶきケアサービス岡山【訪問介護】岡山市中区浜一丁目11番3号", "url": "https://www.kaigokensaku.mhlw.go.jp/33/index.php?action_kouhyou_detail_004_kani=true&JigyosyoCd=3370113593-00&ServiceCd=110&Type=search", "url2": "https://www.anabuki-medical.jp" }, "geometry": { "type": "Point", "coordinates": [ 133.934487439580749, 34.671560882128055 ] } },
{ "type": "Feature", "properties": { "内容": "やさしい手倉田居宅介護支援事業所【訪問介護】倉田453-1やさしえ倉田", "url": "https://www.kaigokensaku.mhlw.go.jp/33/index.php?action_kouhyou_detail_004_kani=true&JigyosyoCd=3370117313-00&ServiceCd=110&Type=search", "url2": "https://search.yasashiite.com/detail/homonkaigo_kurata/" }, "geometry": { "type": "Point", "coordinates": [ 133.9575169, 34.628861 ] } },
{ "type": "Feature", "properties": { "内容": "ヘルパーステーション・カドタ【訪問介護】岡山県岡山市中区門田屋敷４丁目5-13ケアハウス　サンライフ・カドタ", "url": "https://www.kaigokensaku.mhlw.go.jp/33/index.php?action_kouhyou_detail_004_kani=true&JigyosyoCd=3370102299-00&ServiceCd=110&Type=search", "url2": "http://syoufuukai.jp" }, "geometry": { "type": "Point", "coordinates": [ 133.939780299999939, 34.6527773 ] } },
{ "type": "Feature", "properties": { "内容": "訪問介護ステーション　みち【訪問介護】岡山県岡山市中区浜３丁目５番１号", "url": "https://www.kaigokensaku.mhlw.go.jp/33/index.php?action_kouhyou_detail_004_kani=true&JigyosyoCd=3370108346-00&ServiceCd=110&Type=search", "url2": "https://shion-care.jp" }, "geometry": { "type": "Point", "coordinates": [ 133.940585599999963, 34.6692645 ] } },
{ "type": "Feature", "properties": { "内容": "ヘルパーステーション菜の花【訪問介護】岡山県岡山市中区平井５丁目７番４７－３号", "url": "https://www.kaigokensaku.mhlw.go.jp/33/index.php?action_kouhyou_detail_004_kani=true&JigyosyoCd=3370105300-00&ServiceCd=110&Type=search", "url2": null }, "geometry": { "type": "Point", "coordinates": [ 133.943241199999989, 34.6380039 ] } },
{ "type": "Feature", "properties": { "内容": "訪問介護　皇【訪問介護】神下127-5", "url": "https://www.kaigokensaku.mhlw.go.jp/33/index.php?action_kouhyou_detail_004_kani=true&JigyosyoCd=3370113130-00&ServiceCd=110&Type=search", "url2": "www.time-care.com" }, "geometry": { "type": "Point", "coordinates": [ 133.979419880658497, 34.67792171635967 ] } },
{ "type": "Feature", "properties": { "内容": "ヘルパーステーション青い鳥【訪問介護】岡山市東区南古都728-4", "url": "https://www.kaigokensaku.mhlw.go.jp/33/index.php?action_kouhyou_detail_004_kani=true&JigyosyoCd=3370106308-00&ServiceCd=110&Type=search", "url2": null }, "geometry": { "type": "Point", "coordinates": [ 134.049810799999932, 34.6991054 ] } },
{ "type": "Feature", "properties": { "内容": "ヘルパーステーションあかね【訪問介護】岡山県岡山市東区吉原２２２番地", "url": "https://www.kaigokensaku.mhlw.go.jp/33/index.php?action_kouhyou_detail_004_kani=true&JigyosyoCd=3370101986-00&ServiceCd=110&Type=search", "url2": "www.chuo-fukushikai.jp/akane/helper.asp" }, "geometry": { "type": "Point", "coordinates": [ 134.032336799999939, 34.6719627 ] } },
{ "type": "Feature", "properties": { "内容": "やよいの里ホームヘルパーステーション【訪問介護】岡山市東区瀬戸町南方205-4", "url": "https://www.kaigokensaku.mhlw.go.jp/33/index.php?action_kouhyou_detail_004_kani=true&JigyosyoCd=3370101838-00&ServiceCd=110&Type=search", "url2": "http://www.v-c.co.jp" }, "geometry": { "type": "Point", "coordinates": [ 134.072330100000045, 34.7513454 ] } },
{ "type": "Feature", "properties": { "内容": "ヘルパーステーション　むらびと【訪問介護】岡山県岡山市東区瀬戸町瀬戸２５５－１", "url": "https://www.kaigokensaku.mhlw.go.jp/33/index.php?action_kouhyou_detail_004_kani=true&JigyosyoCd=3370110946-00&ServiceCd=110&Type=search", "url2": null }, "geometry": { "type": "Point", "coordinates": [ 134.037869799999953, 34.7328602 ] } },
{ "type": "Feature", "properties": { "内容": "新光介護サービスセンター【訪問介護】岡山県岡山市東区西大寺中１丁目７－１２", "url": "https://www.kaigokensaku.mhlw.go.jp/33/index.php?action_kouhyou_detail_004_kani=true&JigyosyoCd=3370104600-00&ServiceCd=110&Type=search", "url2": null }, "geometry": { "type": "Point", "coordinates": [ 134.033571, 34.6531348 ] } },
{ "type": "Feature", "properties": { "内容": "アップルウッドヘルパーステーション【訪問介護】金岡東町1丁目1番38号", "url": "https://www.kaigokensaku.mhlw.go.jp/33/index.php?action_kouhyou_detail_004_kani=true&JigyosyoCd=3370112785-00&ServiceCd=110&Type=search", "url2": "https://applewood.jp/" }, "geometry": { "type": "Point", "coordinates": [ 134.02881273136606, 34.648653281033454 ] } },
{ "type": "Feature", "properties": { "内容": "ヘルパーステーション奏【訪問介護】岡山県岡山市東区可知2丁目2－3伍賀アパート201号室", "url": "https://www.kaigokensaku.mhlw.go.jp/33/index.php?action_kouhyou_detail_004_kani=true&JigyosyoCd=3370113312-00&ServiceCd=110&Type=search", "url2": "http://casa-cura.net/" }, "geometry": { "type": "Point", "coordinates": [ 134.001549100000034, 34.6582088 ] } },
{ "type": "Feature", "properties": { "内容": "有限会社アラミス【訪問介護】岡山県岡山市東区西大寺上2丁目4番89号アルファライフ20ー1階", "url": "https://www.kaigokensaku.mhlw.go.jp/33/index.php?action_kouhyou_detail_004_kani=true&JigyosyoCd=3370111068-00&ServiceCd=110&Type=search", "url2": null }, "geometry": { "type": "Point", "coordinates": [ 134.0348179, 34.66117 ] } },
{ "type": "Feature", "properties": { "内容": "上道荘ヘルパーステーション【訪問介護】岡山県岡山市東区中尾１０３６", "url": "https://www.kaigokensaku.mhlw.go.jp/33/index.php?action_kouhyou_detail_004_kani=true&JigyosyoCd=3370102851-00&ServiceCd=110&Type=search", "url2": "http://dainimakotokai.com" }, "geometry": { "type": "Point", "coordinates": [ 134.021793800000069, 34.70766 ] } },
{ "type": "Feature", "properties": { "内容": "ドリームケアステーション【訪問介護】岡山県岡山市東区瀬戸町江尻1360-1", "url": "https://www.kaigokensaku.mhlw.go.jp/33/index.php?action_kouhyou_detail_004_kani=true&JigyosyoCd=3370105185-00&ServiceCd=110&Type=search", "url2": null }, "geometry": { "type": "Point", "coordinates": [ 134.047177599999941, 34.7247918 ] } },
{ "type": "Feature", "properties": { "内容": "訪問介護事業所阿知の里【訪問介護】岡山県岡山市東区下阿知１003番地2", "url": "https://www.kaigokensaku.mhlw.go.jp/33/index.php?action_kouhyou_detail_004_kani=true&JigyosyoCd=3370102307-00&ServiceCd=110&Type=search", "url2": "http://c-oka.org/" }, "geometry": { "type": "Point", "coordinates": [ 134.095380728449982, 34.624734116836706 ] } },
{ "type": "Feature", "properties": { "内容": "夕なぎヘルパーステーション【訪問介護】岡山県岡山市東区宿毛７４５－３", "url": "https://www.kaigokensaku.mhlw.go.jp/33/index.php?action_kouhyou_detail_004_kani=true&JigyosyoCd=3370102513-00&ServiceCd=110&Type=search", "url2": "http://www.yunagi.jp/" }, "geometry": { "type": "Point", "coordinates": [ 134.08533030000001, 34.6230071 ] } },
{ "type": "Feature", "properties": { "内容": "ハモニカ　ヘルパーステーション【訪問介護】岡山県岡山市東区浅川５２０番地の２８", "url": "https://www.kaigokensaku.mhlw.go.jp/33/index.php?action_kouhyou_detail_004_kani=true&JigyosyoCd=3370102844-00&ServiceCd=110&Type=search", "url2": "http://www.hamonika.com/" }, "geometry": { "type": "Point", "coordinates": [ 134.06948090000003, 34.7094576 ] } },
{ "type": "Feature", "properties": { "内容": "ケアサービスあい愛【訪問介護】岡山県岡山市東区西大寺中野５４３－３", "url": "https://www.kaigokensaku.mhlw.go.jp/33/index.php?action_kouhyou_detail_004_kani=true&JigyosyoCd=3370103024-00&ServiceCd=110&Type=search", "url2": "http://aiai.bona.jp/" }, "geometry": { "type": "Point", "coordinates": [ 134.024607966058852, 34.65152656129743 ] } },
{ "type": "Feature", "properties": { "内容": "ヘルパーステーション　たまねぎ【訪問介護】岡山県岡山市東区西大寺南二丁目18-14", "url": "https://www.kaigokensaku.mhlw.go.jp/33/index.php?action_kouhyou_detail_004_kani=true&JigyosyoCd=3370105557-00&ServiceCd=110&Type=search", "url2": null }, "geometry": { "type": "Point", "coordinates": [ 134.031363, 34.648652 ] } },
{ "type": "Feature", "properties": { "内容": "サンキ・ウエルビィ介護センター西大寺【訪問介護】岡山県岡山市東区西大寺中野４８９―８安倉ビル1Ｆ", "url": "https://www.kaigokensaku.mhlw.go.jp/33/index.php?action_kouhyou_detail_004_kani=true&JigyosyoCd=3370109013-00&ServiceCd=110&Type=search", "url2": null }, "geometry": { "type": "Point", "coordinates": [ 134.027207699999963, 34.6550042 ] } },
{ "type": "Feature", "properties": { "内容": "ヘルパーステーションひまわりの家【訪問介護】岡山県岡山市東区西大寺中1-15-13", "url": "https://www.kaigokensaku.mhlw.go.jp/33/index.php?action_kouhyou_detail_004_kani=true&JigyosyoCd=3370111282-00&ServiceCd=110&Type=search", "url2": "https://himawari-okayama.amebaownd.com/" }, "geometry": { "type": "Point", "coordinates": [ 134.034576394268697, 34.654128982705515 ] } },
{ "type": "Feature", "properties": { "内容": "ニチイケアセンター瀬戸中央【訪問介護】岡山市東区瀬戸町瀬戸24番地", "url": "https://www.kaigokensaku.mhlw.go.jp/33/index.php?action_kouhyou_detail_004_kani=true&JigyosyoCd=3370112900-00&ServiceCd=110&Type=search", "url2": "http://www.nichiigakkan.co.jp/" }, "geometry": { "type": "Point", "coordinates": [ 134.040394600000013, 34.7344129 ] } },
{ "type": "Feature", "properties": { "内容": "株式会社ピコリン【訪問介護】岡山市東区金岡町2-15-28", "url": "https://www.kaigokensaku.mhlw.go.jp/33/index.php?action_kouhyou_detail_004_kani=true&JigyosyoCd=3370113056-00&ServiceCd=110&Type=search", "url2": "https://pikorin.net/" }, "geometry": { "type": "Point", "coordinates": [ 133.92363850000001, 34.6511318 ] } },
{ "type": "Feature", "properties": { "内容": "ハートフル多聞　訪問介護【訪問介護】岡山県岡山市東区瀬戸町瀬戸１２－１", "url": "https://www.kaigokensaku.mhlw.go.jp/33/index.php?action_kouhyou_detail_004_kani=true&JigyosyoCd=3370114674-00&ServiceCd=110&Type=search", "url2": "http://www.tensetsukai/or.jp" }, "geometry": { "type": "Point", "coordinates": [ 134.037392, 34.7340906 ] } },
{ "type": "Feature", "properties": { "内容": "ヘルパーステーション　はる【訪問介護】岡山県岡山市東区松新町６２－１１日新ビル２０１", "url": "https://www.kaigokensaku.mhlw.go.jp/33/index.php?action_kouhyou_detail_004_kani=true&JigyosyoCd=3370114955-00&ServiceCd=110&Type=search", "url2": null }, "geometry": { "type": "Point", "coordinates": [ 134.009278900000027, 34.658509 ] } },
{ "type": "Feature", "properties": { "内容": "ニチイケアセンター　広谷【訪問介護】岡山県岡山市東区広谷４７４番地１６－１", "url": "https://www.kaigokensaku.mhlw.go.jp/33/index.php?action_kouhyou_detail_004_kani=true&JigyosyoCd=3370115655-00&ServiceCd=110&Type=search", "url2": "http://www.nichiigakkan.co.jp" }, "geometry": { "type": "Point", "coordinates": [ 134.017552, 34.6577809 ] } },
{ "type": "Feature", "properties": { "内容": "ニチイケアセンター南古都【訪問介護】岡山市東区南古都468番地ヒカリマンション101", "url": "https://www.kaigokensaku.mhlw.go.jp/33/index.php?action_kouhyou_detail_004_kani=true&JigyosyoCd=3370115713-00&ServiceCd=110&Type=search", "url2": "http://www.nichiigakkan.co.jp" }, "geometry": { "type": "Point", "coordinates": [ 134.047880600000013, 34.7051551 ] } },
{ "type": "Feature", "properties": { "内容": "サンズヘルパーステーション【訪問介護】岡山県岡山市東区西大寺中野本町7-31", "url": "https://www.kaigokensaku.mhlw.go.jp/33/index.php?action_kouhyou_detail_004_kani=true&JigyosyoCd=3370116604-00&ServiceCd=110&Type=search", "url2": "https://carefree-okayama.studio.site/" }, "geometry": { "type": "Point", "coordinates": [ 134.027603973541289, 34.654262222032834 ] } },
{ "type": "Feature", "properties": { "内容": "ヘルパーステーションいろどり【訪問介護】西大寺松崎293-3ひかりテラス　カランコエ西大寺", "url": "https://www.kaigokensaku.mhlw.go.jp/33/index.php?action_kouhyou_detail_004_kani=true&JigyosyoCd=3370117628-00&ServiceCd=110&Type=search", "url2": "http://hikariph.co.jp" }, "geometry": { "type": "Point", "coordinates": [ 134.014070788360584, 34.662317395236037 ] } },
{ "type": "Feature", "properties": { "内容": "ヘルパーステーションなないろ【訪問介護】岡山県岡山市東区松新町41番4号", "url": "https://www.kaigokensaku.mhlw.go.jp/33/index.php?action_kouhyou_detail_004_kani=true&JigyosyoCd=3370116018-00&ServiceCd=110&Type=search", "url2": null }, "geometry": { "type": "Point", "coordinates": [ 134.012306700000011, 34.6574291 ] } },
{ "type": "Feature", "properties": { "内容": "訪問介護事業所なでしこ西大寺【訪問介護】岡山県岡山市東区西大寺中2-2-5住宅型有料老人ホームハートリンク西大寺内", "url": "https://www.kaigokensaku.mhlw.go.jp/33/index.php?action_kouhyou_detail_004_kani=true&JigyosyoCd=3370114880-00&ServiceCd=110&Type=search", "url2": "https://www.heart-lc.com/" }, "geometry": { "type": "Point", "coordinates": [ 134.031673899999987, 34.655479 ] } },
{ "type": "Feature", "properties": { "内容": "ケアサポート　グランデ【訪問介護】岡山県岡山市南区大福１２２３番地２１", "url": "https://www.kaigokensaku.mhlw.go.jp/33/index.php?action_kouhyou_detail_004_kani=true&JigyosyoCd=3370114625-00&ServiceCd=110&Type=search", "url2": null }, "geometry": { "type": "Point", "coordinates": [ 133.874837699999944, 34.6151794 ] } },
{ "type": "Feature", "properties": { "内容": "ひまわりヘルパーステーション【訪問介護】岡山県岡山市南区福田329-5", "url": "https://www.kaigokensaku.mhlw.go.jp/33/index.php?action_kouhyou_detail_004_kani=true&JigyosyoCd=3370105482-00&ServiceCd=110&Type=search", "url2": null }, "geometry": { "type": "Point", "coordinates": [ 133.9244658, 34.6223691 ] } },
{ "type": "Feature", "properties": { "内容": "ひまわりケアステーション【訪問介護】岡山県岡山市南区藤田５６４－１３４", "url": "https://www.kaigokensaku.mhlw.go.jp/33/index.php?action_kouhyou_detail_004_kani=true&JigyosyoCd=3370107470-00&ServiceCd=110&Type=search", "url2": "http://www.himawari-hcs.co.jp/" }, "geometry": { "type": "Point", "coordinates": [ 133.898077199999989, 34.6034622 ] } },
{ "type": "Feature", "properties": { "内容": "アスモネ訪問介護【訪問介護】岡山県岡山市南区藤田２００６", "url": "https://www.kaigokensaku.mhlw.go.jp/33/index.php?action_kouhyou_detail_004_kani=true&JigyosyoCd=3370110656-00&ServiceCd=110&Type=search", "url2": "http://asumone-kaigo.com" }, "geometry": { "type": "Point", "coordinates": [ 133.898547600000029, 34.600694099999977 ] } },
{ "type": "Feature", "properties": { "内容": "シモデンホームヘルパーステーション岡山【訪問介護】岡山県岡山市南区豊浜町10-33", "url": "https://www.kaigokensaku.mhlw.go.jp/33/index.php?action_kouhyou_detail_004_kani=true&JigyosyoCd=3370110615-00&ServiceCd=110&Type=search", "url2": null }, "geometry": { "type": "Point", "coordinates": [ 133.933409200000028, 34.632557 ] } },
{ "type": "Feature", "properties": { "内容": "曙ヘルパーステーション【訪問介護】岡山県岡山市南区植松４－１３", "url": "https://www.kaigokensaku.mhlw.go.jp/33/index.php?action_kouhyou_detail_004_kani=true&JigyosyoCd=3370204731-00&ServiceCd=110&Type=search", "url2": null }, "geometry": { "type": "Point", "coordinates": [ 133.817290800000023, 34.5479467 ] } },
{ "type": "Feature", "properties": { "内容": "愛光苑ホームヘルプステーション【訪問介護】岡山県岡山市南区浦安本町81-2", "url": "https://www.kaigokensaku.mhlw.go.jp/33/index.php?action_kouhyou_detail_004_kani=true&JigyosyoCd=3370101655-00&ServiceCd=110&Type=search", "url2": "http://www.aikouen.info" }, "geometry": { "type": "Point", "coordinates": [ 133.930146, 34.6069683 ] } },
{ "type": "Feature", "properties": { "内容": "ヘルパーステーション　こもれび泉田【訪問介護】岡山県岡山市南区泉田357-3", "url": "https://www.kaigokensaku.mhlw.go.jp/33/index.php?action_kouhyou_detail_004_kani=true&JigyosyoCd=3370109773-00&ServiceCd=110&Type=search", "url2": "http://www.komorebi-izumida.jp" }, "geometry": { "type": "Point", "coordinates": [ 133.911667299999976, 34.627332 ] } },
{ "type": "Feature", "properties": { "内容": "ヘルパーステーション　いけだ【訪問介護】岡山県岡山市南区彦崎２８０１－４", "url": "https://www.kaigokensaku.mhlw.go.jp/33/index.php?action_kouhyou_detail_004_kani=true&JigyosyoCd=3372500086-00&ServiceCd=110&Type=search", "url2": "https://ikedaiin.or.jp" }, "geometry": { "type": "Point", "coordinates": [ 133.836695658266422, 34.552232318273184 ] } },
{ "type": "Feature", "properties": { "内容": "ヘルパーステーションプルミエ岡山【訪問介護】岡山県岡山市南区北浦１００", "url": "https://www.kaigokensaku.mhlw.go.jp/33/index.php?action_kouhyou_detail_004_kani=true&JigyosyoCd=3370101663-00&ServiceCd=110&Type=search", "url2": "http://ww3.tiki.ne.jp/~kenjukai" }, "geometry": { "type": "Point", "coordinates": [ 133.963036, 34.5871411 ] } },
{ "type": "Feature", "properties": { "内容": "ケアサービス　くるみ【訪問介護】岡山県岡山市南区浦安西35-11", "url": "https://www.kaigokensaku.mhlw.go.jp/33/index.php?action_kouhyou_detail_004_kani=true&JigyosyoCd=3370107728-00&ServiceCd=110&Type=search", "url2": null }, "geometry": { "type": "Point", "coordinates": [ 133.91584971926568, 34.61465929651424 ] } },
{ "type": "Feature", "properties": { "内容": "ホームケアサービス和楽のぬくもり【訪問介護】岡山県岡山市南区芳泉1-9-18", "url": "https://www.kaigokensaku.mhlw.go.jp/33/index.php?action_kouhyou_detail_004_kani=true&JigyosyoCd=3370111167-00&ServiceCd=110&Type=search", "url2": "http://oubaitouri.net" }, "geometry": { "type": "Point", "coordinates": [ 133.909910514424951, 34.618780238437246 ] } },
{ "type": "Feature", "properties": { "内容": "学研ココファン妹尾ヘルパーセンター【訪問介護】岡山県岡山市南区東畦164-1学研ココファン妹尾", "url": "https://www.kaigokensaku.mhlw.go.jp/33/index.php?action_kouhyou_detail_004_kani=true&JigyosyoCd=3370114088-00&ServiceCd=110&Type=search", "url2": null }, "geometry": { "type": "Point", "coordinates": [ 133.873184900000069, 34.6086969 ] } },
{ "type": "Feature", "properties": { "内容": "ケアステーション　あんじぇす　当新田【訪問介護】485番地4", "url": "https://www.kaigokensaku.mhlw.go.jp/33/index.php?action_kouhyou_detail_004_kani=true&JigyosyoCd=3370114666-00&ServiceCd=110&Type=search", "url2": null }, "geometry": { "type": "Point", "coordinates": [ 133.891562800355331, 34.624118610628898 ] } },
{ "type": "Feature", "properties": { "内容": "ヘルパーステーションきむら【訪問介護】岡山県岡山市南区福成1-179-10センチュリー福成101", "url": "https://www.kaigokensaku.mhlw.go.jp/33/index.php?action_kouhyou_detail_004_kani=true&JigyosyoCd=3370115531-00&ServiceCd=110&Type=search", "url2": null }, "geometry": { "type": "Point", "coordinates": [ 133.93225910000001, 34.6133832 ] } },
{ "type": "Feature", "properties": { "内容": "アネスト岡山訪問介護サービス【訪問介護】岡山県南区豊成１丁目６－３７", "url": "https://www.kaigokensaku.mhlw.go.jp/33/index.php?action_kouhyou_detail_004_kani=true&JigyosyoCd=3370116844-00&ServiceCd=110&Type=search", "url2": null }, "geometry": { "type": "Point", "coordinates": [ 133.930509699999988, 34.6331624 ] } },
{ "type": "Feature", "properties": { "内容": "ヘルパーステーション　はな【訪問介護】岡山県岡山市南区郡728-5", "url": "https://www.kaigokensaku.mhlw.go.jp/33/index.php?action_kouhyou_detail_004_kani=true&JigyosyoCd=3370113098-00&ServiceCd=110&Type=search", "url2": null }, "geometry": { "type": "Point", "coordinates": [ 133.964781083672307, 34.580261552072415 ] } },
{ "type": "Feature", "properties": { "内容": "Lifecare訪問介護ステーション【訪問介護】岡山市南区藤田５６６－２２６藤田テナントⅠ－Ⅰ", "url": "https://www.kaigokensaku.mhlw.go.jp/33/index.php?action_kouhyou_detail_004_kani=true&JigyosyoCd=3370116331-00&ServiceCd=110&Type=search", "url2": "https://s-and-k-okayama.wixsite.com/life-care-service" }, "geometry": { "type": "Point", "coordinates": [ 133.899562966882115, 34.603255369758166 ] } },
{ "type": "Feature", "properties": { "内容": "ヘルパーステーション結【訪問介護】岡山県岡山市南区豊成3-17-3ブラーボ２F", "url": "https://www.kaigokensaku.mhlw.go.jp/33/index.php?action_kouhyou_detail_004_kani=true&JigyosyoCd=3370116927-00&ServiceCd=110&Type=search", "url2": null }, "geometry": { "type": "Point", "coordinates": [ 133.9265948, 34.626043 ] } },
{ "type": "Feature", "properties": { "内容": "ヘルパーステーション　あじさい【訪問介護】岡山県岡山市南区浦安本町１８２―１", "url": "https://www.kaigokensaku.mhlw.go.jp/33/index.php?action_kouhyou_detail_004_kani=true&JigyosyoCd=3370101929-00&ServiceCd=110&Type=search", "url2": "http://www.fukubunsya.or.jp/" }, "geometry": { "type": "Point", "coordinates": [ 133.92605750000007, 34.6021021 ] } },
{ "type": "Feature", "properties": { "内容": "訪問ヘルパーステーションアイ・ケアサービス【訪問介護】岡山県岡山市南区泉田365-15", "url": "https://www.kaigokensaku.mhlw.go.jp/33/index.php?action_kouhyou_detail_004_kani=true&JigyosyoCd=3370111688-00&ServiceCd=110&Type=search", "url2": "https://n-ozk.com" }, "geometry": { "type": "Point", "coordinates": [ 133.910025913163423, 34.62635076566076 ] } },
{ "type": "Feature", "properties": { "内容": "一般社団法人小春日和【訪問介護】岡山県岡山市南区福島4丁目12番11号", "url": "https://www.kaigokensaku.mhlw.go.jp/33/index.php?action_kouhyou_detail_004_kani=true&JigyosyoCd=3370112884-00&ServiceCd=110&Type=search", "url2": null }, "geometry": { "type": "Point", "coordinates": [ 133.959004899999968, 34.6116436 ] } },
{ "type": "Feature", "properties": { "内容": "あいの里ヘルパーステーション【訪問介護】岡山県岡山市南区大福281-5", "url": "https://www.kaigokensaku.mhlw.go.jp/33/index.php?action_kouhyou_detail_004_kani=true&JigyosyoCd=3370101754-00&ServiceCd=110&Type=search", "url2": "http://www.aino-sato.jp/helper/" }, "geometry": { "type": "Point", "coordinates": [ 133.878106900000034, 34.6218342 ] } },
{ "type": "Feature", "properties": { "内容": "セントケア岡山南【訪問介護】岡山県岡山市南区三浜町一丁目1-20コンフォールミハマ北端", "url": "https://www.kaigokensaku.mhlw.go.jp/33/index.php?action_kouhyou_detail_004_kani=true&JigyosyoCd=3370117032-00&ServiceCd=110&Type=search", "url2": "https://care-net.biz/33/okayama/" }, "geometry": { "type": "Point", "coordinates": [ 133.947273700000011, 34.6176712 ] } },
{ "type": "Feature", "properties": { "内容": "ヘルパーステーションプラスあるふぁ【訪問介護】岡山県岡山市南区古新田６０４番地２", "url": "https://www.kaigokensaku.mhlw.go.jp/33/index.php?action_kouhyou_detail_004_kani=true&JigyosyoCd=3370114104-00&ServiceCd=110&Type=search", "url2": null }, "geometry": { "type": "Point", "coordinates": [ 133.875919152149578, 34.628667252910489 ] } },
{ "type": "Feature", "properties": { "内容": "ヘルパーステーション　ピオーネ【訪問介護】岡山県岡山市南区当新田485-25", "url": "https://www.kaigokensaku.mhlw.go.jp/33/index.php?action_kouhyou_detail_004_kani=true&JigyosyoCd=3370108478-00&ServiceCd=110&Type=search", "url2": "http://www.isto.or.jp/pione.html" }, "geometry": { "type": "Point", "coordinates": [ 133.891144700000041, 34.6237763 ] } },
{ "type": "Feature", "properties": { "内容": "岡山市南区豊成3丁目11-1【訪問介護】岡山県岡山市南区豊成3丁目11-1", "url": "https://www.kaigokensaku.mhlw.go.jp/33/index.php?action_kouhyou_detail_004_kani=true&JigyosyoCd=3370115978-00&ServiceCd=110&Type=search", "url2": "https://soali.co.jp/" }, "geometry": { "type": "Point", "coordinates": [ 133.9277162, 34.625542 ] } },
{ "type": "Feature", "properties": { "内容": "訪問介護ステーションほがらか【訪問介護】岡山県岡山市南区西市100番地5ケアセンターほがらか", "url": "https://www.kaigokensaku.mhlw.go.jp/33/index.php?action_kouhyou_detail_004_kani=true&JigyosyoCd=3370103941-00&ServiceCd=110&Type=search", "url2": "http://www.hogaraka-npo.com" }, "geometry": { "type": "Point", "coordinates": [ 133.90334, 34.6325747 ] } },
{ "type": "Feature", "properties": { "内容": "ヘルパーステーションハートケア【訪問介護】岡山県岡山市南区豊成２丁目3-36シティマンション豊成205", "url": "https://www.kaigokensaku.mhlw.go.jp/33/index.php?action_kouhyou_detail_004_kani=true&JigyosyoCd=3370116521-00&ServiceCd=110&Type=search", "url2": "hp.kaipoke.biz/e30" }, "geometry": { "type": "Point", "coordinates": [ 133.9292192, 34.6295183 ] } },
{ "type": "Feature", "properties": { "内容": "南ふれあい介護サービスセンター【訪問介護】岡山県岡山市南区福田６９０番地の１", "url": "https://www.kaigokensaku.mhlw.go.jp/33/index.php?action_kouhyou_detail_004_kani=true&JigyosyoCd=3370101150-00&ServiceCd=110&Type=search", "url2": "http://www.okayama-fureai.or.jp" }, "geometry": { "type": "Point", "coordinates": [ 133.916452300000032, 34.6184515 ] } },
{ "type": "Feature", "properties": { "内容": "ホームヘルパーステーションちゃいむ【訪問介護】岡山県岡山市南区福富東1-7-43老人福祉施設うららか", "url": "https://www.kaigokensaku.mhlw.go.jp/33/index.php?action_kouhyou_detail_004_kani=true&JigyosyoCd=3370102448-00&ServiceCd=110&Type=search", "url2": "http://www.sato-hp.com" }, "geometry": { "type": "Point", "coordinates": [ 133.939167200000043, 34.6229361 ] } },
{ "type": "Feature", "properties": { "内容": "サンキ・ウエルビィ介護センター岡山【訪問介護】岡山県岡山市南区藤田566-93", "url": "https://www.kaigokensaku.mhlw.go.jp/33/index.php?action_kouhyou_detail_004_kani=true&JigyosyoCd=3370103131-00&ServiceCd=110&Type=search", "url2": null }, "geometry": { "type": "Point", "coordinates": [ 133.899138200000039, 34.6046371 ] } },
{ "type": "Feature", "properties": { "内容": "ヘルパ-ステーション　つむぎ【訪問介護】岡山県岡山市南区築港ひかり町３－５二反田コーポ２０１号室", "url": "https://www.kaigokensaku.mhlw.go.jp/33/index.php?action_kouhyou_detail_004_kani=true&JigyosyoCd=3370103966-00&ServiceCd=110&Type=search", "url2": null }, "geometry": { "type": "Point", "coordinates": [ 133.941089899999952, 34.6008999 ] } },
{ "type": "Feature", "properties": { "内容": "「あさひ」ヘルパーステーション【訪問介護】岡山県岡山市南区福成１丁目１６６－４", "url": "https://www.kaigokensaku.mhlw.go.jp/33/index.php?action_kouhyou_detail_004_kani=true&JigyosyoCd=3370105458-00&ServiceCd=110&Type=search", "url2": null }, "geometry": { "type": "Point", "coordinates": [ 133.934011129682858, 34.615596697649224 ] } },
{ "type": "Feature", "properties": { "内容": "アミューズ富永　ヘルパーステーション【訪問介護】岡山県岡山市南区福富西３丁目8-36　2Fビューティフルプラザ101", "url": "https://www.kaigokensaku.mhlw.go.jp/33/index.php?action_kouhyou_detail_004_kani=true&JigyosyoCd=3370108353-00&ServiceCd=110&Type=search", "url2": "http://www.kusuriya.jp/" }, "geometry": { "type": "Point", "coordinates": [ 133.927094983991992, 34.622361586524569 ] } },
{ "type": "Feature", "properties": { "内容": "サルピス大元訪問介護事業所【訪問介護】岡山県岡山市南区下中野1424-9", "url": "https://www.kaigokensaku.mhlw.go.jp/33/index.php?action_kouhyou_detail_004_kani=true&JigyosyoCd=3370111308-00&ServiceCd=110&Type=search", "url2": "http://www.sarupis.jp/" }, "geometry": { "type": "Point", "coordinates": [ 133.910161799999969, 34.6410275 ] } },
{ "type": "Feature", "properties": { "内容": "ヘルパーステーションあゆむ【訪問介護】岡山県岡山市南区福田164-9", "url": "https://www.kaigokensaku.mhlw.go.jp/33/index.php?action_kouhyou_detail_004_kani=true&JigyosyoCd=3370112140-00&ServiceCd=110&Type=search", "url2": "http://www.ayumu-service.com" }, "geometry": { "type": "Point", "coordinates": [ 133.926743247468607, 34.615909622798881 ] } },
{ "type": "Feature", "properties": { "内容": "アークヘルパーステーション新保店【訪問介護】岡山県岡山市南区新保1314-2ディアリオBディアリオB", "url": "https://www.kaigokensaku.mhlw.go.jp/33/index.php?action_kouhyou_detail_004_kani=true&JigyosyoCd=3370112199-00&ServiceCd=110&Type=search", "url2": null }, "geometry": { "type": "Point", "coordinates": [ 133.907916137142934, 34.635608286507818 ] } },
{ "type": "Feature", "properties": { "内容": "アサヒケアセンター岡山【訪問介護】岡山県岡山市南区芳泉２丁目４番２６号", "url": "https://www.kaigokensaku.mhlw.go.jp/33/index.php?action_kouhyou_detail_004_kani=true&JigyosyoCd=3370112322-00&ServiceCd=110&Type=search", "url2": null }, "geometry": { "type": "Point", "coordinates": [ 133.909046270494201, 34.622071957115168 ] } },
{ "type": "Feature", "properties": { "内容": "ヘルパーステーションきずな【訪問介護】岡山市南区平福二丁目1番35号", "url": "https://www.kaigokensaku.mhlw.go.jp/33/index.php?action_kouhyou_detail_004_kani=true&JigyosyoCd=3370114195-00&ServiceCd=110&Type=search", "url2": "http://www.carehome-kizuna.jp" }, "geometry": { "type": "Point", "coordinates": [ 133.948083200000042, 34.617762 ] } },
{ "type": "Feature", "properties": { "内容": "ヘルパーステーション太助【訪問介護】岡山県岡山市南区福田1012番地5ハピネスⅠ　202号", "url": "https://www.kaigokensaku.mhlw.go.jp/33/index.php?action_kouhyou_detail_004_kani=true&JigyosyoCd=3370114690-00&ServiceCd=110&Type=search", "url2": null }, "geometry": { "type": "Point", "coordinates": [ 133.930279301727296, 34.614375423691719 ] } },
{ "type": "Feature", "properties": { "内容": "ヘルパーステーションはぁと【訪問介護】岡山市南区福富西一丁目１３番２１号", "url": "https://www.kaigokensaku.mhlw.go.jp/33/index.php?action_kouhyou_detail_004_kani=true&JigyosyoCd=3370115036-00&ServiceCd=110&Type=search", "url2": "http:/hp.kaipoke.biz/fdr/" }, "geometry": { "type": "Point", "coordinates": [ 133.934047700000065, 34.624784500000011 ] } },
{ "type": "Feature", "properties": { "内容": "訪問介護　結び【訪問介護】岡山市南区三浜町一丁目３番２号", "url": "https://www.kaigokensaku.mhlw.go.jp/33/index.php?action_kouhyou_detail_004_kani=true&JigyosyoCd=3370115283-00&ServiceCd=110&Type=search", "url2": null }, "geometry": { "type": "Point", "coordinates": [ 133.948694299999943, 34.6166038 ] } },
{ "type": "Feature", "properties": { "内容": "みさきケアサービス【訪問介護】岡山県岡山市南区芳泉1丁目11-27ヴァンヴェール201", "url": "https://www.kaigokensaku.mhlw.go.jp/33/index.php?action_kouhyou_detail_004_kani=true&JigyosyoCd=3370115382-00&ServiceCd=110&Type=search", "url2": null }, "geometry": { "type": "Point", "coordinates": [ 133.909337, 34.6181636 ] } },
{ "type": "Feature", "properties": { "内容": "ヘルパーステーション縁【訪問介護】岡山県岡山市南区当新田370-41", "url": "https://www.kaigokensaku.mhlw.go.jp/33/index.php?action_kouhyou_detail_004_kani=true&JigyosyoCd=3370115564-00&ServiceCd=110&Type=search", "url2": null }, "geometry": { "type": "Point", "coordinates": [ 133.896287, 34.6254127 ] } },
{ "type": "Feature", "properties": { "内容": "ハーフスパン訪問介護【訪問介護】岡山県岡山市南区福吉町14-26", "url": "https://www.kaigokensaku.mhlw.go.jp/33/index.php?action_kouhyou_detail_004_kani=true&JigyosyoCd=3370116307-00&ServiceCd=110&Type=search", "url2": null }, "geometry": { "type": "Point", "coordinates": [ 133.9512559, 34.6123279 ] } },
{ "type": "Feature", "properties": { "内容": "ケアサポートあいくる【訪問介護】岡山県岡山市南区新福1-4-24ペルル新福702号", "url": "https://www.kaigokensaku.mhlw.go.jp/33/index.php?action_kouhyou_detail_004_kani=true&JigyosyoCd=3370116588-00&ServiceCd=110&Type=search", "url2": null }, "geometry": { "type": "Point", "coordinates": [ 133.933121199999988, 34.629859 ] } },
{ "type": "Feature", "properties": { "内容": "アミューズ富永ヘルパーステーション豊成【訪問介護】岡山市南区豊成3-23-25ビューティフルプラザ101", "url": "https://www.kaigokensaku.mhlw.go.jp/33/index.php?action_kouhyou_detail_004_kani=true&JigyosyoCd=3370117263-00&ServiceCd=110&Type=search", "url2": "https://kusuriya.jp/amuse/" }, "geometry": { "type": "Point", "coordinates": [ 133.929579499999988, 34.6240707 ] } },
{ "type": "Feature", "properties": { "内容": "健ヘルパーステーション【訪問介護】福富中2-16-44", "url": "https://www.kaigokensaku.mhlw.go.jp/33/index.php?action_kouhyou_detail_004_kani=true&JigyosyoCd=3370115069-00&ServiceCd=110&Type=search", "url2": null }, "geometry": { "type": "Point", "coordinates": [ 133.9359293, 34.6218908 ] } },
{ "type": "Feature", "properties": { "内容": "ニチイケアセンター福田【訪問介護】岡山県岡山市福田164番地13メゾンシルク102", "url": "https://www.kaigokensaku.mhlw.go.jp/33/index.php?action_kouhyou_detail_004_kani=true&JigyosyoCd=3370115663-00&ServiceCd=110&Type=search", "url2": "http:/www.nichiigakkan.co.jp" }, "geometry": { "type": "Point", "coordinates": [ 133.92708540000001, 34.6166638 ] } },
{ "type": "Feature", "properties": { "内容": "ヘルパーステーション　エイト【訪問介護】岡山県岡山市南区南輝２丁目１７－３１－１南輝コーポ東棟２０２号室", "url": "https://www.kaigokensaku.mhlw.go.jp/33/index.php?action_kouhyou_detail_004_kani=true&JigyosyoCd=3370117479-00&ServiceCd=110&Type=search", "url2": null }, "geometry": { "type": "Point", "coordinates": [ 133.9334733, 34.6088901 ] } },
{ "type": "Feature", "properties": { "内容": "ヘルパーステーションウェルメ岡山【訪問介護】岡山県岡山市南区あけぼの町10番地17", "url": "https://www.kaigokensaku.mhlw.go.jp/33/index.php?action_kouhyou_detail_004_kani=true&JigyosyoCd=3370117735-00&ServiceCd=110&Type=search", "url2": null }, "geometry": { "type": "Point", "coordinates": [ 133.9406332, 34.6077486 ] } },
{ "type": "Feature", "properties": { "内容": "アネシスライフ訪問介護事業所【訪問介護】岡山県岡山市南区妹尾１８７８番地５中島病院　厨房棟　２F", "url": "https://www.kaigokensaku.mhlw.go.jp/33/index.php?action_kouhyou_detail_004_kani=true&JigyosyoCd=3370110748-00&ServiceCd=110&Type=search", "url2": null }, "geometry": { "type": "Point", "coordinates": [ 133.87304610000001, 34.6156959 ] } },
{ "type": "Feature", "properties": { "内容": "訪問介護サービス　あおい【訪問介護】新保589--7ｴｽﾃｰﾄ新保B101", "url": "https://www.kaigokensaku.mhlw.go.jp/33/index.php?action_kouhyou_detail_004_kani=true&JigyosyoCd=3370113809-00&ServiceCd=110&Type=search", "url2": null }, "geometry": { "type": "Point", "coordinates": [ 138.359657, 36.7313865 ] } },
{ "type": "Feature", "properties": { "内容": "ヘルパーステーション輝星（きらり）【訪問介護】岡山県岡山市南区泉田５丁目9-16", "url": "https://www.kaigokensaku.mhlw.go.jp/33/index.php?action_kouhyou_detail_004_kani=true&JigyosyoCd=3370116885-00&ServiceCd=110&Type=search", "url2": null }, "geometry": { "type": "Point", "coordinates": [ 133.9132397, 34.6239615 ] } },
{ "type": "Feature", "properties": { "内容": "ヘルパーステーションさくら【訪問介護】倉敷市西岡1189番地", "url": "https://www.kaigokensaku.mhlw.go.jp/33/index.php?action_kouhyou_detail_004_kani=true&JigyosyoCd=3370203451-00&ServiceCd=110&Type=search", "url2": null }, "geometry": { "type": "Point", "coordinates": [ 133.771380799999946, 34.6171633 ] } },
{ "type": "Feature", "properties": { "内容": "訪問介護　輪家【訪問介護】岡山県倉敷市水島東川町６－１６メゾン東川４０３", "url": "https://www.kaigokensaku.mhlw.go.jp/33/index.php?action_kouhyou_detail_004_kani=true&JigyosyoCd=3370206728-00&ServiceCd=110&Type=search", "url2": null }, "geometry": { "type": "Point", "coordinates": [ 133.7449593, 34.550753 ] } },
{ "type": "Feature", "properties": { "内容": "ホームヘルパーステーション　まこと【訪問介護】倉敷市笹沖701-5", "url": "https://www.kaigokensaku.mhlw.go.jp/33/index.php?action_kouhyou_detail_004_kani=true&JigyosyoCd=3370208393-00&ServiceCd=110&Type=search", "url2": null }, "geometry": { "type": "Point", "coordinates": [ 133.767465887436543, 34.577606384159211 ] } },
{ "type": "Feature", "properties": { "内容": "訪問介護彩りのくらしき【訪問介護】連島町鶴新田２４３７－１３", "url": "https://www.kaigokensaku.mhlw.go.jp/33/index.php?action_kouhyou_detail_004_kani=true&JigyosyoCd=3370206140-00&ServiceCd=110&Type=search", "url2": null }, "geometry": { "type": "Point", "coordinates": [ 133.716501200000039, 34.5307214 ] } },
{ "type": "Feature", "properties": { "内容": "Get訪問介護【訪問介護】岡山県倉敷市北畝6-1-4", "url": "https://www.kaigokensaku.mhlw.go.jp/33/index.php?action_kouhyou_detail_004_kani=true&JigyosyoCd=3370208971-00&ServiceCd=110&Type=search", "url2": "www.getounohana.com" }, "geometry": { "type": "Point", "coordinates": [ 133.750724100000014, 34.5393445 ] } },
{ "type": "Feature", "properties": { "内容": "介護ステーションたより【訪問介護】岡山県倉敷市中央２－１１－１４", "url": "https://www.kaigokensaku.mhlw.go.jp/33/index.php?action_kouhyou_detail_004_kani=true&JigyosyoCd=3370205126-00&ServiceCd=110&Type=search", "url2": null }, "geometry": { "type": "Point", "coordinates": [ 133.767720199999985, 34.594582 ] } },
{ "type": "Feature", "properties": { "内容": "アースサポート倉敷【訪問介護】岡山県倉敷市青江855番地3", "url": "https://www.kaigokensaku.mhlw.go.jp/33/index.php?action_kouhyou_detail_004_kani=true&JigyosyoCd=3370205696-00&ServiceCd=110&Type=search", "url2": "http://www.earthsupport.co.jp" }, "geometry": { "type": "Point", "coordinates": [ 133.757473299999987, 34.6125082 ] } },
{ "type": "Feature", "properties": { "内容": "ケアステーションあんじぇす中庄【訪問介護】岡山県倉敷市徳芳160番地", "url": "https://www.kaigokensaku.mhlw.go.jp/33/index.php?action_kouhyou_detail_004_kani=true&JigyosyoCd=3370207510-00&ServiceCd=110&Type=search", "url2": "http://www.t-s-i.jp/" }, "geometry": { "type": "Point", "coordinates": [ 133.822135399999979, 34.624290800000011 ] } },
{ "type": "Feature", "properties": { "内容": "ヘルパーステーション向日葵【訪問介護】岡山県倉敷市児島田の口７丁目１－１６", "url": "https://www.kaigokensaku.mhlw.go.jp/33/index.php?action_kouhyou_detail_004_kani=true&JigyosyoCd=3370207627-00&ServiceCd=110&Type=search", "url2": "http://www.seikoh-hp.or.jp/" }, "geometry": { "type": "Point", "coordinates": [ 133.837672261416628, 34.473775327378064 ] } },
{ "type": "Feature", "properties": { "内容": "ケアステーションあんじぇす北畝【訪問介護】岡山県倉敷市北畝4丁目17番17号", "url": "https://www.kaigokensaku.mhlw.go.jp/33/index.php?action_kouhyou_detail_004_kani=true&JigyosyoCd=3370207965-00&ServiceCd=110&Type=search", "url2": "http://www.t-s-i.jp" }, "geometry": { "type": "Point", "coordinates": [ 133.754667199999972, 34.5361549 ] } },
{ "type": "Feature", "properties": { "内容": "移送サービスのってけ【訪問介護】岡山県倉敷市玉島道口97番地1", "url": "https://www.kaigokensaku.mhlw.go.jp/33/index.php?action_kouhyou_detail_004_kani=true&JigyosyoCd=3370209235-00&ServiceCd=110&Type=search", "url2": "http://amuletgia.web.fc2.com/" }, "geometry": { "type": "Point", "coordinates": [ 133.653721, 34.563402 ] } },
{ "type": "Feature", "properties": { "内容": "にこにこ訪問介護【訪問介護】岡山県倉敷市船穂町船穂219-5", "url": "https://www.kaigokensaku.mhlw.go.jp/33/index.php?action_kouhyou_detail_004_kani=true&JigyosyoCd=3370208047-00&ServiceCd=110&Type=search", "url2": null }, "geometry": { "type": "Point", "coordinates": [ 133.708532161745552, 34.58034674653311 ] } },
{ "type": "Feature", "properties": { "内容": "くろーばー訪問介護サービスセンター【訪問介護】岡山県倉敷市宮前329-6", "url": "https://www.kaigokensaku.mhlw.go.jp/33/index.php?action_kouhyou_detail_004_kani=true&JigyosyoCd=3370209201-00&ServiceCd=110&Type=search", "url2": null }, "geometry": { "type": "Point", "coordinates": [ 133.766679, 34.6132268 ] } },
{ "type": "Feature", "properties": { "内容": "訪問介護事業所ももたろう【訪問介護】倉敷市新倉敷駅前1丁目60-1", "url": "https://www.kaigokensaku.mhlw.go.jp/33/index.php?action_kouhyou_detail_004_kani=true&JigyosyoCd=3372700629-00&ServiceCd=110&Type=search", "url2": "https://momotaro-kaigo.com/" }, "geometry": { "type": "Point", "coordinates": [ 133.676615802445838, 34.563407512691114 ] } },
{ "type": "Feature", "properties": { "内容": "ヘルパーステーション　輝【訪問介護】岡山県倉敷市白楽町７８－１０", "url": "https://www.kaigokensaku.mhlw.go.jp/33/index.php?action_kouhyou_detail_004_kani=true&JigyosyoCd=3370203022-00&ServiceCd=110&Type=search", "url2": null }, "geometry": { "type": "Point", "coordinates": [ 133.764512200000013, 34.5902768 ] } },
{ "type": "Feature", "properties": { "内容": "創心会ヘルパーステーション倉敷【訪問介護】岡山県倉敷市茶屋町2102-14", "url": "https://www.kaigokensaku.mhlw.go.jp/33/index.php?action_kouhyou_detail_004_kani=true&JigyosyoCd=3370200911-00&ServiceCd=110&Type=search", "url2": "http://www.soushinkai.com" }, "geometry": { "type": "Point", "coordinates": [ 133.823710799999958, 34.5838479 ] } },
{ "type": "Feature", "properties": { "内容": "しおなすホームヘルプサービス【訪問介護】岡山県倉敷市児島駅前4丁目31-10", "url": "https://www.kaigokensaku.mhlw.go.jp/33/index.php?action_kouhyou_detail_004_kani=true&JigyosyoCd=3370201620-00&ServiceCd=110&Type=search", "url2": "http://www.warakukai.com/shionasu01.htm" }, "geometry": { "type": "Point", "coordinates": [ 133.806403700000033, 34.4592675 ] } },
{ "type": "Feature", "properties": { "内容": "すずめの宿訪問介護ステーション【訪問介護】岡山県倉敷市児島稗田町637番地", "url": "https://www.kaigokensaku.mhlw.go.jp/33/index.php?action_kouhyou_detail_004_kani=true&JigyosyoCd=3370202669-00&ServiceCd=110&Type=search", "url2": null }, "geometry": { "type": "Point", "coordinates": [ 133.8047143, 34.4935771 ] } },
{ "type": "Feature", "properties": { "内容": "ヘルパーステーション　すまいる【訪問介護】五日市950-2", "url": "https://www.kaigokensaku.mhlw.go.jp/33/index.php?action_kouhyou_detail_004_kani=true&JigyosyoCd=3370206926-00&ServiceCd=110&Type=search", "url2": null }, "geometry": { "type": "Point", "coordinates": [ 133.795906276891316, 34.601607036121536 ] } },
{ "type": "Feature", "properties": { "内容": "ヘルパ-ステ-ションは-とらいふ茶屋町【訪問介護】岡山県倉敷市茶屋町1609-7", "url": "https://www.kaigokensaku.mhlw.go.jp/33/index.php?action_kouhyou_detail_004_kani=true&JigyosyoCd=3370207866-00&ServiceCd=110&Type=search", "url2": null }, "geometry": { "type": "Point", "coordinates": [ 133.827813699999979, 34.5794956 ] } },
{ "type": "Feature", "properties": { "内容": "ニチイケアセンター玉島【訪問介護】岡山県倉敷市玉島長尾23-4サンライズ長尾B103", "url": "https://www.kaigokensaku.mhlw.go.jp/33/index.php?action_kouhyou_detail_004_kani=true&JigyosyoCd=3370208682-00&ServiceCd=110&Type=search", "url2": null }, "geometry": { "type": "Point", "coordinates": [ 133.6896787, 34.564819 ] } },
{ "type": "Feature", "properties": { "内容": "ツクイ倉敷中島【訪問介護】岡山県倉敷市中島1463‐196BiLd　A-1", "url": "https://www.kaigokensaku.mhlw.go.jp/33/index.php?action_kouhyou_detail_004_kani=true&JigyosyoCd=3370208914-00&ServiceCd=110&Type=search", "url2": "https://www.tsukui.net/home-care/2813/" }, "geometry": { "type": "Point", "coordinates": [ 133.7277719, 34.5763702 ] } },
{ "type": "Feature", "properties": { "内容": "医心館訪問介護ステーション倉敷【訪問介護】岡山県倉敷市西中新田25番3", "url": "https://www.kaigokensaku.mhlw.go.jp/33/index.php?action_kouhyou_detail_004_kani=true&JigyosyoCd=3370209581-00&ServiceCd=110&Type=search", "url2": null }, "geometry": { "type": "Point", "coordinates": [ 133.758547984905533, 34.581024595099301 ] } },
{ "type": "Feature", "properties": { "内容": "ヘルパーステーション藍【訪問介護】岡山県倉敷市茶屋町305-2", "url": "https://www.kaigokensaku.mhlw.go.jp/33/index.php?action_kouhyou_detail_004_kani=true&JigyosyoCd=3370209136-00&ServiceCd=110&Type=search", "url2": null }, "geometry": { "type": "Point", "coordinates": [ 133.8206587, 34.5736552 ] } },
{ "type": "Feature", "properties": { "内容": "和・介護ステーション【訪問介護】岡山県倉敷市宮前380-28", "url": "https://www.kaigokensaku.mhlw.go.jp/33/index.php?action_kouhyou_detail_004_kani=true&JigyosyoCd=3370205845-00&ServiceCd=110&Type=search", "url2": "http://hp.kaipoke.biz/fem/" }, "geometry": { "type": "Point", "coordinates": [ 133.805670299999946, 34.630801 ] } },
{ "type": "Feature", "properties": { "内容": "和・介護ステーション倉敷南【訪問介護】倉敷市連島2-10-31セジュール若草A102", "url": "https://www.kaigokensaku.mhlw.go.jp/33/index.php?action_kouhyou_detail_004_kani=true&JigyosyoCd=3370206157-00&ServiceCd=110&Type=search", "url2": "http://hp.kaipoke.biz/fem/" }, "geometry": { "type": "Point", "coordinates": [ 133.739682, 34.5501919 ] } },
{ "type": "Feature", "properties": { "内容": "和・介護ステーション児島【訪問介護】児島上の町2-8-55", "url": "https://www.kaigokensaku.mhlw.go.jp/33/index.php?action_kouhyou_detail_004_kani=true&JigyosyoCd=3370208492-00&ServiceCd=110&Type=search", "url2": "http://hp.kaipoke.biz/fem/" }, "geometry": { "type": "Point", "coordinates": [ 133.816624600000068, 34.4882835 ] } },
{ "type": "Feature", "properties": { "内容": "ヘルパーステーションJin【訪問介護】岡山県倉敷市玉島１丁目７-３", "url": "https://www.kaigokensaku.mhlw.go.jp/33/index.php?action_kouhyou_detail_004_kani=true&JigyosyoCd=3370209003-00&ServiceCd=110&Type=search", "url2": null }, "geometry": { "type": "Point", "coordinates": [ 133.6774668, 34.5467838 ] } },
{ "type": "Feature", "properties": { "内容": "ホームヘルプ倉敷【訪問介護】岡山県倉敷市亀山701-2", "url": "https://www.kaigokensaku.mhlw.go.jp/33/index.php?action_kouhyou_detail_004_kani=true&JigyosyoCd=3370201372-00&ServiceCd=110&Type=search", "url2": "http：//kiryukai.com/" }, "geometry": { "type": "Point", "coordinates": [ 133.803228900000022, 34.5871831 ] } },
{ "type": "Feature", "properties": { "内容": "あなぶきケアサービス倉敷【訪問介護】岡山県倉敷市日ノ出町一丁目５番７号アルファリビング倉敷駅前通り内", "url": "https://www.kaigokensaku.mhlw.go.jp/33/index.php?action_kouhyou_detail_004_kani=true&JigyosyoCd=3370206546-00&ServiceCd=110&Type=search", "url2": "http://www.a-ｌiving.ｊｐ/kurashiki-ekimae" }, "geometry": { "type": "Point", "coordinates": [ 133.770083699999986, 34.6053227 ] } },
{ "type": "Feature", "properties": { "内容": "ヘルパーステーションモアスマ【訪問介護】岡山県倉敷市西阿知町387-5(2階)", "url": "https://www.kaigokensaku.mhlw.go.jp/33/index.php?action_kouhyou_detail_004_kani=true&JigyosyoCd=3370209284-00&ServiceCd=110&Type=search", "url2": null }, "geometry": { "type": "Point", "coordinates": [ 133.734583468962086, 34.593868258153854 ] } },
{ "type": "Feature", "properties": { "内容": "特定非営利活動法人ヘルパーステーション・サンフレール【訪問介護】岡山県倉敷市児島赤崎3丁目8-47サンフレールＢ－ｅ", "url": "https://www.kaigokensaku.mhlw.go.jp/33/index.php?action_kouhyou_detail_004_kani=true&JigyosyoCd=3370206785-00&ServiceCd=110&Type=search", "url2": "sann.freres1101@gmail.com" }, "geometry": { "type": "Point", "coordinates": [ 133.794471228666652, 34.458908355261798 ] } },
{ "type": "Feature", "properties": { "内容": "ヘルパーステーション　ちどり【訪問介護】岡山県倉敷市水島東千鳥町２－６", "url": "https://www.kaigokensaku.mhlw.go.jp/33/index.php?action_kouhyou_detail_004_kani=true&JigyosyoCd=3370203261-00&ServiceCd=110&Type=search", "url2": "https://kyodofukushikai.com" }, "geometry": { "type": "Point", "coordinates": [ 133.740926899999977, 34.5296666 ] } },
{ "type": "Feature", "properties": { "内容": "ヘルパーステーションながわりの華【訪問介護】岡山県倉敷市玉島3075", "url": "https://www.kaigokensaku.mhlw.go.jp/33/index.php?action_kouhyou_detail_004_kani=true&JigyosyoCd=3370201257-00&ServiceCd=110&Type=search", "url2": "http://www.uzukikai1980.jp/" }, "geometry": { "type": "Point", "coordinates": [ 133.6836237, 34.548875 ] } },
{ "type": "Feature", "properties": { "内容": "日の丸介護センター【訪問介護】岡山県倉敷市真備町有井192-1", "url": "https://www.kaigokensaku.mhlw.go.jp/33/index.php?action_kouhyou_detail_004_kani=true&JigyosyoCd=3373000094-00&ServiceCd=110&Type=search", "url2": "https://www.hinomarutaxi.com/" }, "geometry": { "type": "Point", "coordinates": [ 133.7072217, 34.6359023 ] } },
{ "type": "Feature", "properties": { "内容": "訪問介護　一心【訪問介護】岡山県倉敷市連島中央3丁目11-25", "url": "https://www.kaigokensaku.mhlw.go.jp/33/index.php?action_kouhyou_detail_004_kani=true&JigyosyoCd=3370209557-00&ServiceCd=110&Type=search", "url2": null }, "geometry": { "type": "Point", "coordinates": [ 133.7307969, 34.5505656 ] } },
{ "type": "Feature", "properties": { "内容": "有限会社　ケアサービス双葉【訪問介護】岡山県倉敷市玉島中央町二丁目10番4号", "url": "https://www.kaigokensaku.mhlw.go.jp/33/index.php?action_kouhyou_detail_004_kani=true&JigyosyoCd=3370200549-00&ServiceCd=110&Type=search", "url2": "https://keaservicefutaba.blog.jp/" }, "geometry": { "type": "Point", "coordinates": [ 133.667472699999962, 34.5454225 ] } },
{ "type": "Feature", "properties": { "内容": "ことぶきヘルパーステーション【訪問介護】岡山県倉敷市沖177", "url": "https://www.kaigokensaku.mhlw.go.jp/33/index.php?action_kouhyou_detail_004_kani=true&JigyosyoCd=3370208542-00&ServiceCd=110&Type=search", "url2": null }, "geometry": { "type": "Point", "coordinates": [ 133.75177493904377, 34.587871281713269 ] } },
{ "type": "Feature", "properties": { "内容": "有限会社　医療福祉研究所ヘイセイ【訪問介護】岡山県倉敷市老松町４丁目４－７倉敷在宅総合ケアセンター", "url": "https://www.kaigokensaku.mhlw.go.jp/33/index.php?action_kouhyou_detail_004_kani=true&JigyosyoCd=3370200960-00&ServiceCd=110&Type=search", "url2": "http://www.heisei.or.jp/" }, "geometry": { "type": "Point", "coordinates": [ 133.760956699999952, 34.594082 ] } },
{ "type": "Feature", "properties": { "内容": "訪問介護事業所　KEARU【訪問介護】岡山県倉敷市羽島258-2", "url": "https://www.kaigokensaku.mhlw.go.jp/33/index.php?action_kouhyou_detail_004_kani=true&JigyosyoCd=3370209813-00&ServiceCd=110&Type=search", "url2": "kearu-kurashiki.jp" }, "geometry": { "type": "Point", "coordinates": [ 133.782781699999987, 34.5964381 ] } },
{ "type": "Feature", "properties": { "内容": "サンキ・ウエルビィ介護センター玉島【訪問介護】岡山県倉敷市玉島上成630番地5", "url": "https://www.kaigokensaku.mhlw.go.jp/33/index.php?action_kouhyou_detail_004_kani=true&JigyosyoCd=3370206298-00&ServiceCd=110&Type=search", "url2": null }, "geometry": { "type": "Point", "coordinates": [ 133.693592, 34.5616988 ] } },
{ "type": "Feature", "properties": { "内容": "おかやまコープホームヘルプサービスセンター・倉敷【訪問介護】岡山県倉敷市宮前31-2ハイムティファニーB205", "url": "https://www.kaigokensaku.mhlw.go.jp/33/index.php?action_kouhyou_detail_004_kani=true&JigyosyoCd=3370204095-00&ServiceCd=110&Type=search", "url2": null }, "geometry": { "type": "Point", "coordinates": [ 133.762439699999959, 34.6094057 ] } },
{ "type": "Feature", "properties": { "内容": "富田ヘルパーステーション【訪問介護】玉島道口７８－１", "url": "https://www.kaigokensaku.mhlw.go.jp/33/index.php?action_kouhyou_detail_004_kani=true&JigyosyoCd=3370207056-00&ServiceCd=110&Type=search", "url2": "www.tomicare.com" }, "geometry": { "type": "Point", "coordinates": [ 133.653921844180303, 34.562945503430974 ] } },
{ "type": "Feature", "properties": { "内容": "サンキ・ウエルビィ介護センター笹沖【訪問介護】岡山県倉敷市白楽町717-1", "url": "https://www.kaigokensaku.mhlw.go.jp/33/index.php?action_kouhyou_detail_004_kani=true&JigyosyoCd=3370205084-00&ServiceCd=110&Type=search", "url2": null }, "geometry": { "type": "Point", "coordinates": [ 133.768825800000059, 34.5906768 ] } },
{ "type": "Feature", "properties": { "内容": "サンキ・ウエルビィ介護センター児島【訪問介護】岡山県倉敷市児島味野四丁目２－５２", "url": "https://www.kaigokensaku.mhlw.go.jp/33/index.php?action_kouhyou_detail_004_kani=true&JigyosyoCd=3370205076-00&ServiceCd=110&Type=search", "url2": null }, "geometry": { "type": "Point", "coordinates": [ 133.800818, 34.463292 ] } },
{ "type": "Feature", "properties": { "内容": "王慈園ホームヘルパーステーション【訪問介護】岡山県倉敷市児島下の町３-８-６４", "url": "https://www.kaigokensaku.mhlw.go.jp/33/index.php?action_kouhyou_detail_004_kani=true&JigyosyoCd=3370200952-00&ServiceCd=110&Type=search", "url2": "http://www.ohji.ne.jp" }, "geometry": { "type": "Point", "coordinates": [ 133.820998518910216, 34.477555956394184 ] } },
{ "type": "Feature", "properties": { "内容": "訪問介護　こはる日和【訪問介護】岡山県倉敷市玉島柏島920-14", "url": "https://www.kaigokensaku.mhlw.go.jp/33/index.php?action_kouhyou_detail_004_kani=true&JigyosyoCd=3370207312-00&ServiceCd=110&Type=search", "url2": null }, "geometry": { "type": "Point", "coordinates": [ 133.663826100000051, 34.5339764 ] } },
{ "type": "Feature", "properties": { "内容": "ヘルパーステーション我が家【訪問介護】倉敷市西富井６５４－６", "url": "https://www.kaigokensaku.mhlw.go.jp/33/index.php?action_kouhyou_detail_004_kani=true&JigyosyoCd=3370206124-00&ServiceCd=110&Type=search", "url2": "https://jecs-gr.jp/" }, "geometry": { "type": "Point", "coordinates": [ 133.746027899999945, 34.5763392 ] } },
{ "type": "Feature", "properties": { "内容": "訪問介護ハートランド倉敷【訪問介護】岡山県倉敷市北畝5丁目20番23号", "url": "https://www.kaigokensaku.mhlw.go.jp/33/index.php?action_kouhyou_detail_004_kani=true&JigyosyoCd=3370206165-00&ServiceCd=110&Type=search", "url2": null }, "geometry": { "type": "Point", "coordinates": [ 133.754493512164316, 34.540434956364571 ] } },
{ "type": "Feature", "properties": { "内容": "（社福）　全仁会　ヘルプステーション【訪問介護】岡山県倉敷市八軒屋275番地ケアハウスドリームガーデン倉敷", "url": "https://www.kaigokensaku.mhlw.go.jp/33/index.php?action_kouhyou_detail_004_kani=true&JigyosyoCd=3370207783-00&ServiceCd=110&Type=search", "url2": "http://sw-zenjinkai.jp/" }, "geometry": { "type": "Point", "coordinates": [ 133.789866390133341, 34.577544075178082 ] } },
{ "type": "Feature", "properties": { "内容": "柴田病院　訪問介護事業所【訪問介護】岡山県倉敷市玉島乙島6034-1", "url": "https://www.kaigokensaku.mhlw.go.jp/33/index.php?action_kouhyou_detail_004_kani=true&JigyosyoCd=3370204202-00&ServiceCd=110&Type=search", "url2": "http://shibata-h.jp" }, "geometry": { "type": "Point", "coordinates": [ 133.692097800000056, 34.5523747 ] } },
{ "type": "Feature", "properties": { "内容": "ヘルパーステーション花菜【訪問介護】岡山県倉敷市日ノ出町2-2-47", "url": "https://www.kaigokensaku.mhlw.go.jp/33/index.php?action_kouhyou_detail_004_kani=true&JigyosyoCd=3370203279-00&ServiceCd=110&Type=search", "url2": "http://hana87ws.jimdo.com/" }, "geometry": { "type": "Point", "coordinates": [ 133.766011700000035, 34.6067615 ] } },
{ "type": "Feature", "properties": { "内容": "社会福祉法人倉敷市総合福祉事業団児島ホームヘルプステーション【訪問介護】岡山県倉敷市児島小川町３６８１－３倉敷市役所児島支所６階", "url": "https://www.kaigokensaku.mhlw.go.jp/33/index.php?action_kouhyou_detail_004_kani=true&JigyosyoCd=3370202305-00&ServiceCd=110&Type=search", "url2": "http://www.kct.ne.jp/~plaza/zaitaku/zaitaku." }, "geometry": { "type": "Point", "coordinates": [ 133.8139473, 34.4671613 ] } },
{ "type": "Feature", "properties": { "内容": "訪問ヘルパーセンターしおかぜ【訪問介護】岡山県倉敷市下津井1482番地18", "url": "https://www.kaigokensaku.mhlw.go.jp/33/index.php?action_kouhyou_detail_004_kani=true&JigyosyoCd=3370200895-00&ServiceCd=110&Type=search", "url2": "https://www.shiokaze-group.co.jp" }, "geometry": { "type": "Point", "coordinates": [ 133.784670870371315, 34.448353183967221 ] } },
{ "type": "Feature", "properties": { "内容": "庄の里ヘルパーステーション【訪問介護】岡山県倉敷市山地1297番地特別養護老人ホーム庄の里", "url": "https://www.kaigokensaku.mhlw.go.jp/33/index.php?action_kouhyou_detail_004_kani=true&JigyosyoCd=3370209094-00&ServiceCd=110&Type=search", "url2": "http://www.syounosato.or.jp/syounosato/" }, "geometry": { "type": "Point", "coordinates": [ 133.8155267, 34.6519998 ] } },
{ "type": "Feature", "properties": { "内容": "ヘルパーステーションクローバー【訪問介護】児島小川9-5-8", "url": "https://www.kaigokensaku.mhlw.go.jp/33/index.php?action_kouhyou_detail_004_kani=true&JigyosyoCd=3370208823-00&ServiceCd=110&Type=search", "url2": null }, "geometry": { "type": "Point", "coordinates": [ 133.802999, 34.492291799999975 ] } },
{ "type": "Feature", "properties": { "内容": "社会福祉法人　倉敷市総合福祉事業団　倉敷ホ－ムヘルプステ－ション【訪問介護】岡山県倉敷市笹沖180番地くらしき健康福祉プラザ３Ｆ", "url": "https://www.kaigokensaku.mhlw.go.jp/33/index.php?action_kouhyou_detail_004_kani=true&JigyosyoCd=3370200879-00&ServiceCd=110&Type=search", "url2": "http://kgwc.or.jp/zaitaku/" }, "geometry": { "type": "Point", "coordinates": [ 133.764266899999939, 34.572456899999985 ] } },
{ "type": "Feature", "properties": { "内容": "倉敷中央ヘルパーステーション【訪問介護】倉敷市鶴形１丁目９番７号", "url": "https://www.kaigokensaku.mhlw.go.jp/33/index.php?action_kouhyou_detail_004_kani=true&JigyosyoCd=3370200515-00&ServiceCd=110&Type=search", "url2": "www.kchnet.or.jp/helper-station" }, "geometry": { "type": "Point", "coordinates": [ 133.7720114, 34.6017647 ] } },
{ "type": "Feature", "properties": { "内容": "ヘルパーステーション　サンライフ倉敷【訪問介護】岡山県倉敷市下庄700番地1", "url": "https://www.kaigokensaku.mhlw.go.jp/33/index.php?action_kouhyou_detail_004_kani=true&JigyosyoCd=3370200754-00&ServiceCd=110&Type=search", "url2": "https://suiseikai-group.jp/heiseikai/" }, "geometry": { "type": "Point", "coordinates": [ 133.823852699999946, 34.63680040000002 ] } },
{ "type": "Feature", "properties": { "内容": "船穂町訪問介護事業所【訪問介護】岡山県倉敷市船穂町船穂1861番地１", "url": "https://www.kaigokensaku.mhlw.go.jp/33/index.php?action_kouhyou_detail_004_kani=true&JigyosyoCd=3372700355-00&ServiceCd=110&Type=search", "url2": "http://www.fukushiokayama.or.jp/Funao/funao.htm" }, "geometry": { "type": "Point", "coordinates": [ 133.697310600000037, 34.5820415 ] } },
{ "type": "Feature", "properties": { "内容": "新倉敷ピーチホームヘルパーステーション【訪問介護】倉敷市玉島八島1555新倉敷良寛の杜", "url": "https://www.kaigokensaku.mhlw.go.jp/33/index.php?action_kouhyou_detail_004_kani=true&JigyosyoCd=3370207726-00&ServiceCd=110&Type=search", "url2": "http://www.ryokan-kaigo.com/index.html" }, "geometry": { "type": "Point", "coordinates": [ 133.673610288360578, 34.564759582479795 ] } },
{ "type": "Feature", "properties": { "内容": "訪問介護ステーションひまわり【訪問介護】岡山県倉敷市真備町川辺2076", "url": "https://www.kaigokensaku.mhlw.go.jp/33/index.php?action_kouhyou_detail_004_kani=true&JigyosyoCd=3370209102-00&ServiceCd=110&Type=search", "url2": "http://www.yoshiken-gr.jp/" }, "geometry": { "type": "Point", "coordinates": [ 133.7098374, 34.6353812 ] } },
{ "type": "Feature", "properties": { "内容": "新倉ヘルパーステーション【訪問介護】倉敷市玉島1719", "url": "https://www.kaigokensaku.mhlw.go.jp/33/index.php?action_kouhyou_detail_004_kani=true&JigyosyoCd=3370201356-00&ServiceCd=110&Type=search", "url2": "http://www.sinkura-hsp.com/" }, "geometry": { "type": "Point", "coordinates": [ 133.681287800000064, 34.5543884 ] } },
{ "type": "Feature", "properties": { "内容": "訪問介護楽園倉敷【訪問介護】岡山県倉敷市西富井1099-3リベルテ西富井103", "url": "https://www.kaigokensaku.mhlw.go.jp/33/index.php?action_kouhyou_detail_004_kani=true&JigyosyoCd=3370209474-00&ServiceCd=110&Type=search", "url2": null }, "geometry": { "type": "Point", "coordinates": [ 133.752521179762283, 34.573603970516352 ] } },
{ "type": "Feature", "properties": { "内容": "ヘルプステーション南町【訪問介護】岡山県倉敷市南町1-12グランドガーデン南町", "url": "https://www.kaigokensaku.mhlw.go.jp/33/index.php?action_kouhyou_detail_004_kani=true&JigyosyoCd=3370207114-00&ServiceCd=110&Type=search", "url2": null }, "geometry": { "type": "Point", "coordinates": [ 133.766392499999938, 34.5935849 ] } },
{ "type": "Feature", "properties": { "内容": "有限会社おはよう介護センター玉島支店【訪問介護】岡山県倉敷市玉島乙島7471-314", "url": "https://www.kaigokensaku.mhlw.go.jp/33/index.php?action_kouhyou_detail_004_kani=true&JigyosyoCd=3370204632-00&ServiceCd=110&Type=search", "url2": null }, "geometry": { "type": "Point", "coordinates": [ 133.690223, 34.5322988 ] } },
{ "type": "Feature", "properties": { "内容": "ヘルパーステーション　ネクストケア【訪問介護】倉敷市亀山668-1", "url": "https://www.kaigokensaku.mhlw.go.jp/33/index.php?action_kouhyou_detail_004_kani=true&JigyosyoCd=3370208732-00&ServiceCd=110&Type=search", "url2": "http://www.nextcare.co.jp" }, "geometry": { "type": "Point", "coordinates": [ 133.803998299999989, 34.5831561 ] } },
{ "type": "Feature", "properties": { "内容": "ニチイケアセンター児島【訪問介護】岡山県倉敷市児島味野1-1-30　シーサイド児島ビル１Ｆ", "url": "https://www.kaigokensaku.mhlw.go.jp/33/index.php?action_kouhyou_detail_004_kani=true&JigyosyoCd=3370201612-00&ServiceCd=110&Type=search", "url2": "http://www.nichiigakkan.co.jp" }, "geometry": { "type": "Point", "coordinates": [ 133.807459, 34.466864 ] } },
{ "type": "Feature", "properties": { "内容": "みどり荘ホームヘルパーステーション【訪問介護】岡山県倉敷市水島北幸町４番5号", "url": "https://www.kaigokensaku.mhlw.go.jp/33/index.php?action_kouhyou_detail_004_kani=true&JigyosyoCd=3370201224-00&ServiceCd=110&Type=search", "url2": "http://kunpoo.ｊｐ/" }, "geometry": { "type": "Point", "coordinates": [ 133.73960169999998, 34.5412761 ] } },
{ "type": "Feature", "properties": { "内容": "訪問介護　リ・ライフ【訪問介護】岡山県倉敷市福田町古新田1002-65", "url": "https://www.kaigokensaku.mhlw.go.jp/33/index.php?action_kouhyou_detail_004_kani=true&JigyosyoCd=3370208948-00&ServiceCd=110&Type=search", "url2": "https://re-life-support.jp" }, "geometry": { "type": "Point", "coordinates": [ 133.771463273016366, 34.539041982503988 ] } },
{ "type": "Feature", "properties": { "内容": "昭和会訪問介護ステーション【訪問介護】岡山県倉敷市青江908-1医療付き高齢者住宅メディカ倉敷北", "url": "https://www.kaigokensaku.mhlw.go.jp/33/index.php?action_kouhyou_detail_004_kani=true&JigyosyoCd=3370208716-00&ServiceCd=110&Type=search", "url2": "http://medica-kurashiki.org" }, "geometry": { "type": "Point", "coordinates": [ 133.757947300000069, 34.6133146 ] } },
{ "type": "Feature", "properties": { "内容": "倉敷スイート訪問介護ステーション【訪問介護】岡山県倉敷市中庄3542番1", "url": "https://www.kaigokensaku.mhlw.go.jp/33/index.php?action_kouhyou_detail_004_kani=true&JigyosyoCd=3370208401-00&ServiceCd=110&Type=search", "url2": "http://sweet-town.jp/station/index.html" }, "geometry": { "type": "Point", "coordinates": [ 133.80400910000003, 34.6244461 ] } },
{ "type": "Feature", "properties": { "内容": "訪問介護きづな倉敷【訪問介護】岡山県倉敷市中島1662-1カーサ愛201号室", "url": "https://www.kaigokensaku.mhlw.go.jp/33/index.php?action_kouhyou_detail_004_kani=true&JigyosyoCd=3370208773-00&ServiceCd=110&Type=search", "url2": null }, "geometry": { "type": "Point", "coordinates": [ 133.7337345, 34.5751293 ] } },
{ "type": "Feature", "properties": { "内容": "和香会ヘルパーステーション【訪問介護】岡山県倉敷市東塚５丁目４番１６号", "url": "https://www.kaigokensaku.mhlw.go.jp/33/index.php?action_kouhyou_detail_004_kani=true&JigyosyoCd=3370201752-00&ServiceCd=110&Type=search", "url2": "http://www.wakokai.com" }, "geometry": { "type": "Point", "coordinates": [ 133.7628573533554, 34.531064041753915 ] } },
{ "type": "Feature", "properties": { "内容": "ニチイケアセンター大高【訪問介護】岡山県倉敷市福井46-5", "url": "https://www.kaigokensaku.mhlw.go.jp/33/index.php?action_kouhyou_detail_004_kani=true&JigyosyoCd=3370200812-00&ServiceCd=110&Type=search", "url2": "http://www.nichiigakkan.co.jp" }, "geometry": { "type": "Point", "coordinates": [ 133.753702400000066, 34.5705508 ] } },
{ "type": "Feature", "properties": { "内容": "ヘルパーステーションたんぽぽ【訪問介護】倉敷市福田町古新田８０２－１６", "url": "https://www.kaigokensaku.mhlw.go.jp/33/index.php?action_kouhyou_detail_004_kani=true&JigyosyoCd=3370203444-00&ServiceCd=110&Type=search", "url2": "http://www.okayama-korei.jp" }, "geometry": { "type": "Point", "coordinates": [ 133.769605, 34.5420129 ] } },
{ "type": "Feature", "properties": { "内容": "ヘルパーステーション光和【訪問介護】岡山県倉敷市連島町鶴新田2008-2サンクレメンテA102", "url": "https://www.kaigokensaku.mhlw.go.jp/33/index.php?action_kouhyou_detail_004_kani=true&JigyosyoCd=3370204244-00&ServiceCd=110&Type=search", "url2": null }, "geometry": { "type": "Point", "coordinates": [ 133.712959486172252, 34.536800832899765 ] } },
{ "type": "Feature", "properties": { "内容": "ヘルパーステーション　きずな【訪問介護】岡山県倉敷市浜ノ茶屋2丁目4-3", "url": "https://www.kaigokensaku.mhlw.go.jp/33/index.php?action_kouhyou_detail_004_kani=true&JigyosyoCd=3372500193-00&ServiceCd=110&Type=search", "url2": null }, "geometry": { "type": "Point", "coordinates": [ 133.773072400000046, 34.6119415 ] } },
{ "type": "Feature", "properties": { "内容": "おうじの訪問介護【訪問介護】岡山県倉敷市児島下の町3丁目8-54フォーレス21　101号室", "url": "https://www.kaigokensaku.mhlw.go.jp/33/index.php?action_kouhyou_detail_004_kani=true&JigyosyoCd=3370209615-00&ServiceCd=110&Type=search", "url2": "https://ohji-clinic.jp/" }, "geometry": { "type": "Point", "coordinates": [ 133.8203785, 34.4783974 ] } },
{ "type": "Feature", "properties": { "内容": "ﾆﾁｲｹｱｾﾝﾀｰ天城【訪問介護】岡山県倉敷市藤戸町天城353-1ノアール天城102", "url": "https://www.kaigokensaku.mhlw.go.jp/33/index.php?action_kouhyou_detail_004_kani=true&JigyosyoCd=3370208690-00&ServiceCd=110&Type=search", "url2": "nichiigakkan.co.jp" }, "geometry": { "type": "Point", "coordinates": [ 133.8103307, 34.5666001 ] } },
{ "type": "Feature", "properties": { "内容": "ニチイケアセンター倉敷【訪問介護】倉敷市東町9-10小池ビル2Ｆ", "url": "https://www.kaigokensaku.mhlw.go.jp/33/index.php?action_kouhyou_detail_004_kani=true&JigyosyoCd=3370203782-00&ServiceCd=110&Type=search", "url2": "http://www.nichiigakkan.co.jp" }, "geometry": { "type": "Point", "coordinates": [ 133.777933399999938, 34.5966124 ] } },
{ "type": "Feature", "properties": { "内容": "ニチイケアセンター　倉敷南【訪問介護】岡山県倉敷市水島東川町8-46", "url": "https://www.kaigokensaku.mhlw.go.jp/33/index.php?action_kouhyou_detail_004_kani=true&JigyosyoCd=3370203659-00&ServiceCd=110&Type=search", "url2": "http://www.nichiigakkan.co.jp" }, "geometry": { "type": "Point", "coordinates": [ 133.746548, 34.5511169 ] } },
{ "type": "Feature", "properties": { "内容": "訪問介護　明日まるケア【訪問介護】岡山県倉敷市児島上の町1丁目16-48", "url": "https://www.kaigokensaku.mhlw.go.jp/33/index.php?action_kouhyou_detail_004_kani=true&JigyosyoCd=3370209219-00&ServiceCd=110&Type=search", "url2": "https://www.heartpage.jp/kurashiki/f" }, "geometry": { "type": "Point", "coordinates": [ 133.8130483, 34.4855185 ] } },
{ "type": "Feature", "properties": { "内容": "コーワ・アイヘルパーステーション【訪問介護】岡山県倉敷市林493番地", "url": "https://www.kaigokensaku.mhlw.go.jp/33/index.php?action_kouhyou_detail_004_kani=true&JigyosyoCd=3370204806-00&ServiceCd=110&Type=search", "url2": null }, "geometry": { "type": "Point", "coordinates": [ 133.816074500000013, 34.539609 ] } },
{ "type": "Feature", "properties": { "内容": "きらめき介護ステーション【訪問介護】倉敷市児島稗田町１７０７", "url": "https://www.kaigokensaku.mhlw.go.jp/33/index.php?action_kouhyou_detail_004_kani=true&JigyosyoCd=3370205662-00&ServiceCd=110&Type=search", "url2": null }, "geometry": { "type": "Point", "coordinates": [ 133.80890009999996, 34.5005095 ] } },
{ "type": "Feature", "properties": { "内容": "ヘルパーステーションかえで【訪問介護】岡山県倉敷市連島町西之浦３５２－１", "url": "https://www.kaigokensaku.mhlw.go.jp/33/index.php?action_kouhyou_detail_004_kani=true&JigyosyoCd=3370201976-00&ServiceCd=110&Type=search", "url2": "http://takeda-h.byoinnavi.jp/" }, "geometry": { "type": "Point", "coordinates": [ 133.7150815, 34.5503138 ] } },
{ "type": "Feature", "properties": { "内容": "みそらけあ【訪問介護】真備町尾崎812-16", "url": "https://www.kaigokensaku.mhlw.go.jp/33/index.php?action_kouhyou_detail_004_kani=true&JigyosyoCd=3370208898-00&ServiceCd=110&Type=search", "url2": "https://soulmabi.com" }, "geometry": { "type": "Point", "coordinates": [ 133.67652, 34.6255975 ] } },
{ "type": "Feature", "properties": { "内容": "ハート訪問介護事業所【訪問介護】岡山県倉敷市東塚5丁目8番35号", "url": "https://www.kaigokensaku.mhlw.go.jp/33/index.php?action_kouhyou_detail_004_kani=true&JigyosyoCd=3370205035-00&ServiceCd=110&Type=search", "url2": "https://www.8-10.co.jp/" }, "geometry": { "type": "Point", "coordinates": [ 133.7641473, 34.5281509 ] } },
{ "type": "Feature", "properties": { "内容": "ホームケア　メルシー【訪問介護】岡山県倉敷市上富井289-4-1号", "url": "https://www.kaigokensaku.mhlw.go.jp/33/index.php?action_kouhyou_detail_004_kani=true&JigyosyoCd=3370209326-00&ServiceCd=110&Type=search", "url2": "https://homecaremerci.jp" }, "geometry": { "type": "Point", "coordinates": [ 133.7495956, 34.5815576 ] } },
{ "type": "Feature", "properties": { "内容": "ラブネットサービス【訪問介護】岡山県倉敷市神田２丁目２－２７", "url": "https://www.kaigokensaku.mhlw.go.jp/33/index.php?action_kouhyou_detail_004_kani=true&JigyosyoCd=3370202453-00&ServiceCd=110&Type=search", "url2": "http://lovenet.co.jp" }, "geometry": { "type": "Point", "coordinates": [ 133.738414291557348, 34.540539269114504 ] } },
{ "type": "Feature", "properties": { "内容": "長尾ヘルパーステーション【訪問介護】岡山県倉敷市玉島上成４４８－１", "url": "https://www.kaigokensaku.mhlw.go.jp/33/index.php?action_kouhyou_detail_004_kani=true&JigyosyoCd=3370205290-00&ServiceCd=110&Type=search", "url2": null }, "geometry": { "type": "Point", "coordinates": [ 133.691878299999985, 34.564968 ] } },
{ "type": "Feature", "properties": { "内容": "訪問介護事業所　えみのわ倉敷【訪問介護】倉敷市片島町360-4SANWA101号室", "url": "https://www.kaigokensaku.mhlw.go.jp/33/index.php?action_kouhyou_detail_004_kani=true&JigyosyoCd=3370208138-00&ServiceCd=110&Type=search", "url2": null }, "geometry": { "type": "Point", "coordinates": [ 133.719110900000032, 34.5769752 ] } },
{ "type": "Feature", "properties": { "内容": "コンシェルジェ茶屋町【訪問介護】岡山県倉敷市帯高４４０番地６", "url": "https://www.kaigokensaku.mhlw.go.jp/33/index.php?action_kouhyou_detail_004_kani=true&JigyosyoCd=3370207148-00&ServiceCd=110&Type=search", "url2": "https://arigatou-kurashiki.com/" }, "geometry": { "type": "Point", "coordinates": [ 133.807137207989399, 34.582388757717403 ] } },
{ "type": "Feature", "properties": { "内容": "平和タクシー訪問介護サービスセンター【訪問介護】倉敷市東町10-52", "url": "https://www.kaigokensaku.mhlw.go.jp/33/index.php?action_kouhyou_detail_004_kani=true&JigyosyoCd=3370208724-00&ServiceCd=110&Type=search", "url2": "http://www.heiwa-taxi.co.jp/" }, "geometry": { "type": "Point", "coordinates": [ 133.777854661982474, 34.596059884515114 ] } },
{ "type": "Feature", "properties": { "内容": "ほうもんかいごいちよう【訪問介護】岡山県倉敷市中庄451-1", "url": "https://www.kaigokensaku.mhlw.go.jp/33/index.php?action_kouhyou_detail_004_kani=true&JigyosyoCd=3370208344-00&ServiceCd=110&Type=search", "url2": "https://rams18.com/" }, "geometry": { "type": "Point", "coordinates": [ 133.788215900000068, 34.61623 ] } },
{ "type": "Feature", "properties": { "内容": "フィロソフィア訪問介護ステーション倉敷【訪問介護】岡山県倉敷市石見町4番6号PDレジデンス倉敷", "url": "https://www.kaigokensaku.mhlw.go.jp/33/index.php?action_kouhyou_detail_004_kani=true&JigyosyoCd=3370209631-00&ServiceCd=110&Type=search", "url2": "https://p-sophia.co.jp/company/" }, "geometry": { "type": "Point", "coordinates": [ 133.7615892, 34.6000673 ] } },
{ "type": "Feature", "properties": { "内容": "ぶどうの家へるぷ花帽子【訪問介護】倉敷市船穂町船穂２９３０", "url": "https://www.kaigokensaku.mhlw.go.jp/33/index.php?action_kouhyou_detail_004_kani=true&JigyosyoCd=3370206603-00&ServiceCd=110&Type=search", "url2": "https://www.budounoie.co.jp/" }, "geometry": { "type": "Point", "coordinates": [ 133.709559536200061, 34.585773167077527 ] } },
{ "type": "Feature", "properties": { "内容": "養護老人ホーム塩手荘【訪問介護】岡山県津山市市場2151", "url": "https://www.kaigokensaku.mhlw.go.jp/33/index.php?action_kouhyou_detail_004_kani=true&JigyosyoCd=3370302428-00&ServiceCd=110&Type=search", "url2": null }, "geometry": { "type": "Point", "coordinates": [ 134.127902400000011, 35.1176442 ] } },
{ "type": "Feature", "properties": { "内容": "ふくろうヘルプなぎ【訪問介護】岡山県津山市新野東559-1キヨハラビル　205号", "url": "https://www.kaigokensaku.mhlw.go.jp/33/index.php?action_kouhyou_detail_004_kani=true&JigyosyoCd=3373600620-00&ServiceCd=110&Type=search", "url2": "http://www.fukurohelp.com" }, "geometry": { "type": "Point", "coordinates": [ 134.113410196972836, 35.104489790757079 ] } },
{ "type": "Feature", "properties": { "内容": "ケアステ-ション津山【訪問介護】岡山県津山市二宮656ｰ1", "url": "https://www.kaigokensaku.mhlw.go.jp/33/index.php?action_kouhyou_detail_004_kani=true&JigyosyoCd=3370302477-00&ServiceCd=110&Type=search", "url2": "https://himarie.jimdosite.com/" }, "geometry": { "type": "Point", "coordinates": [ 133.9632949, 35.061466 ] } },
{ "type": "Feature", "properties": { "内容": "訪問介護ステーション和ごころ　おかやま【訪問介護】川崎142番地11", "url": "https://www.kaigokensaku.mhlw.go.jp/33/index.php?action_kouhyou_detail_004_kani=true&JigyosyoCd=3370302386-00&ServiceCd=110&Type=search", "url2": null }, "geometry": { "type": "Point", "coordinates": [ 139.7029125, 35.5308325 ] } },
{ "type": "Feature", "properties": { "内容": "土居の里介護サービス【訪問介護】岡山県津山市下高倉西２３６６－１", "url": "https://www.kaigokensaku.mhlw.go.jp/33/index.php?action_kouhyou_detail_004_kani=true&JigyosyoCd=3370301347-00&ServiceCd=110&Type=search", "url2": "http://doinosato.co.jp" }, "geometry": { "type": "Point", "coordinates": [ 134.033829318097446, 35.096897163768183 ] } },
{ "type": "Feature", "properties": { "内容": "ヘルパーステーション結の心【訪問介護】岡山県津山市総社3-2", "url": "https://www.kaigokensaku.mhlw.go.jp/33/index.php?action_kouhyou_detail_004_kani=true&JigyosyoCd=3370302543-00&ServiceCd=110&Type=search", "url2": null }, "geometry": { "type": "Point", "coordinates": [ 133.996085599999986, 35.0721644 ] } },
{ "type": "Feature", "properties": { "内容": "津山ヘルパーセンター　両備サン・オークス【訪問介護】岡山県津山市紫保井1463-1", "url": "https://www.kaigokensaku.mhlw.go.jp/33/index.php?action_kouhyou_detail_004_kani=true&JigyosyoCd=3370301636-00&ServiceCd=110&Type=search", "url2": "http://www.ryobi-hc.jp/" }, "geometry": { "type": "Point", "coordinates": [ 134.012488500000018, 35.0847917 ] } },
{ "type": "Feature", "properties": { "内容": "津山市社会福祉協議会　阿波介護サービスセンター【訪問介護】岡山県津山市阿波1198番地阿波保健福祉センター", "url": "https://www.kaigokensaku.mhlw.go.jp/33/index.php?action_kouhyou_detail_004_kani=true&JigyosyoCd=3380300024-00&ServiceCd=110&Type=search", "url2": "http://www.tsuyamasyakyou.or.jp/" }, "geometry": { "type": "Point", "coordinates": [ 134.112294799999972, 35.2362775 ] } },
{ "type": "Feature", "properties": { "内容": "ヘルパーステーション　ピュアライフ城西【訪問介護】岡山県津山市上紺屋町32-1住宅型有料老人ホーム　ピュアライフ城西", "url": "https://www.kaigokensaku.mhlw.go.jp/33/index.php?action_kouhyou_detail_004_kani=true&JigyosyoCd=3370302444-00&ServiceCd=110&Type=search", "url2": null }, "geometry": { "type": "Point", "coordinates": [ 133.9961228, 35.0612233 ] } },
{ "type": "Feature", "properties": { "内容": "＠くるー津山【訪問介護】岡山県津山市小田中2206-14フィッテ小田中201号", "url": "https://www.kaigokensaku.mhlw.go.jp/33/index.php?action_kouhyou_detail_004_kani=true&JigyosyoCd=3370302527-00&ServiceCd=110&Type=search", "url2": "https://sworkcare.com/" }, "geometry": { "type": "Point", "coordinates": [ 133.981506699999983, 35.0620869 ] } },
{ "type": "Feature", "properties": { "内容": "アルネ健康クラブ訪問介護サービスセンター【訪問介護】岡山県津山市元魚町６０－１", "url": "https://www.kaigokensaku.mhlw.go.jp/33/index.php?action_kouhyou_detail_004_kani=true&JigyosyoCd=3370300265-00&ServiceCd=110&Type=search", "url2": null }, "geometry": { "type": "Point", "coordinates": [ 134.000385100000017, 35.0600884 ] } },
{ "type": "Feature", "properties": { "内容": "津山市社会福祉協議会津山介護サービスセンター【訪問介護】岡山県津山市山北520番地津山市総合福祉会館", "url": "https://www.kaigokensaku.mhlw.go.jp/33/index.php?action_kouhyou_detail_004_kani=true&JigyosyoCd=3370300273-00&ServiceCd=110&Type=search", "url2": "http://www.tsuyamasyakyo.or.jp/" }, "geometry": { "type": "Point", "coordinates": [ 134.005314578877574, 35.069339671676779 ] } },
{ "type": "Feature", "properties": { "内容": "津山医療生活協同組合　ヘルパーステーション　まごころ【訪問介護】岡山県津山市平福　５４６番地１", "url": "https://www.kaigokensaku.mhlw.go.jp/33/index.php?action_kouhyou_detail_004_kani=true&JigyosyoCd=3370300307-00&ServiceCd=110&Type=search", "url2": "http://tsuyama-coop.jp/" }, "geometry": { "type": "Point", "coordinates": [ 133.968752532402021, 35.048860657905323 ] } },
{ "type": "Feature", "properties": { "内容": "サンキ・ウエルビィ介護センター津山【訪問介護】岡山県津山市小原７番地-1", "url": "https://www.kaigokensaku.mhlw.go.jp/33/index.php?action_kouhyou_detail_004_kani=true&JigyosyoCd=3370300562-00&ServiceCd=110&Type=search", "url2": null }, "geometry": { "type": "Point", "coordinates": [ 134.000165199999969, 35.0759063 ] } },
{ "type": "Feature", "properties": { "内容": "鶯園ホームヘルパーステーション【訪問介護】岡山県津山市瓜生原３３１鶯園デイサービスセンター", "url": "https://www.kaigokensaku.mhlw.go.jp/33/index.php?action_kouhyou_detail_004_kani=true&JigyosyoCd=3370300331-00&ServiceCd=110&Type=search", "url2": "http://www.uguisuen.jp/" }, "geometry": { "type": "Point", "coordinates": [ 134.041409299999941, 35.0434301 ] } },
{ "type": "Feature", "properties": { "内容": "ヘルパーステーション　コスモス【訪問介護】岡山県津山市上河原513-1", "url": "https://www.kaigokensaku.mhlw.go.jp/33/index.php?action_kouhyou_detail_004_kani=true&JigyosyoCd=3370300810-00&ServiceCd=110&Type=search", "url2": "cosmos-tsuyama.com" }, "geometry": { "type": "Point", "coordinates": [ 134.001683899999989, 35.0893464 ] } },
{ "type": "Feature", "properties": { "内容": "サンキ・ウエルビィ介護センター大崎【訪問介護】岡山県津山市中原37-1", "url": "https://www.kaigokensaku.mhlw.go.jp/33/index.php?action_kouhyou_detail_004_kani=true&JigyosyoCd=3370301362-00&ServiceCd=110&Type=search", "url2": null }, "geometry": { "type": "Point", "coordinates": [ 134.067734471827634, 35.042928096408119 ] } },
{ "type": "Feature", "properties": { "内容": "生き活き館津山ホームヘルパーステーション【訪問介護】岡山県津山市皿628-7", "url": "https://www.kaigokensaku.mhlw.go.jp/33/index.php?action_kouhyou_detail_004_kani=true&JigyosyoCd=3370301974-00&ServiceCd=110&Type=search", "url2": "http://iki2.org/" }, "geometry": { "type": "Point", "coordinates": [ 133.9706493, 35.046628 ] } },
{ "type": "Feature", "properties": { "内容": "ぐりーんらいふつやまもとうおまちほうもんかいご【訪問介護】岡山県津山市元魚町69番地グリーンライフ津山元魚町", "url": "https://www.kaigokensaku.mhlw.go.jp/33/index.php?action_kouhyou_detail_004_kani=true&JigyosyoCd=3370302170-00&ServiceCd=110&Type=search", "url2": "tsuyama.greenlife-facility.com/" }, "geometry": { "type": "Point", "coordinates": [ 134.000637899999987, 35.0608606 ] } },
{ "type": "Feature", "properties": { "内容": "訪問介護事業所なでしこ津山【訪問介護】岡山県津山市津山口222", "url": "https://www.kaigokensaku.mhlw.go.jp/33/index.php?action_kouhyou_detail_004_kani=true&JigyosyoCd=3370302287-00&ServiceCd=110&Type=search", "url2": "https://heart-lc.com/" }, "geometry": { "type": "Point", "coordinates": [ 133.984140196679846, 35.05573702046086 ] } },
{ "type": "Feature", "properties": { "内容": "COCOROケアサービス【訪問介護】岡山県津山市津山口１７３−１", "url": "https://www.kaigokensaku.mhlw.go.jp/33/index.php?action_kouhyou_detail_004_kani=true&JigyosyoCd=3370302394-00&ServiceCd=110&Type=search", "url2": "one-heart-2018.com" }, "geometry": { "type": "Point", "coordinates": [ 133.986215299999969, 35.0551958 ] } },
{ "type": "Feature", "properties": { "内容": "ふくろうヘルプ津山【訪問介護】岡山県津山市平福51-5", "url": "https://www.kaigokensaku.mhlw.go.jp/33/index.php?action_kouhyou_detail_004_kani=true&JigyosyoCd=3370302402-00&ServiceCd=110&Type=search", "url2": "http://fukurohelp.com" }, "geometry": { "type": "Point", "coordinates": [ 133.9712204, 35.056656300000043 ] } },
{ "type": "Feature", "properties": { "内容": "ニチイケアセンター津山【訪問介護】岡山県津山市堺町１２タツヤビル２Ｆ", "url": "https://www.kaigokensaku.mhlw.go.jp/33/index.php?action_kouhyou_detail_004_kani=true&JigyosyoCd=3370300356-00&ServiceCd=110&Type=search", "url2": null }, "geometry": { "type": "Point", "coordinates": [ 134.001351800000066, 35.0586386 ] } },
{ "type": "Feature", "properties": { "内容": "ヘルパーステーション愛さんさん【訪問介護】岡山県津山市高野山西2151-3", "url": "https://www.kaigokensaku.mhlw.go.jp/33/index.php?action_kouhyou_detail_004_kani=true&JigyosyoCd=3370301842-00&ServiceCd=110&Type=search", "url2": "http://www.asa-hi.co.jp/aisansan/" }, "geometry": { "type": "Point", "coordinates": [ 134.047816499999954, 35.0759938 ] } },
{ "type": "Feature", "properties": { "内容": "訪問介護事業所　オリーブ【訪問介護】岡山県津山市一方140", "url": "https://www.kaigokensaku.mhlw.go.jp/33/index.php?action_kouhyou_detail_004_kani=true&JigyosyoCd=3370300745-00&ServiceCd=110&Type=search", "url2": "http://www.sekizen.or.jp" }, "geometry": { "type": "Point", "coordinates": [ 133.980320399999982, 35.0562022 ] } },
{ "type": "Feature", "properties": { "内容": "ヘルパーステーション一会【訪問介護】岡山県津山市日本原　229", "url": "https://www.kaigokensaku.mhlw.go.jp/33/index.php?action_kouhyou_detail_004_kani=true&JigyosyoCd=3370301495-00&ServiceCd=110&Type=search", "url2": null }, "geometry": { "type": "Point", "coordinates": [ 134.131716189826989, 35.112527358909126 ] } },
{ "type": "Feature", "properties": { "内容": "ホームヘルパーステイション日本原荘【訪問介護】岡山県津山市新野東1788-12番地", "url": "https://www.kaigokensaku.mhlw.go.jp/33/index.php?action_kouhyou_detail_004_kani=true&JigyosyoCd=3373600091-00&ServiceCd=110&Type=search", "url2": "http://www.nihonbara.or.jp/" }, "geometry": { "type": "Point", "coordinates": [ 134.127887, 35.104376700000017 ] } },
{ "type": "Feature", "properties": { "内容": "このはなヘルパーステーション【訪問介護】岡山県津山市下高倉西2311番地5", "url": "https://www.kaigokensaku.mhlw.go.jp/33/index.php?action_kouhyou_detail_004_kani=true&JigyosyoCd=3370301875-00&ServiceCd=110&Type=search", "url2": null }, "geometry": { "type": "Point", "coordinates": [ 134.031262825575936, 35.097164278951297 ] } },
{ "type": "Feature", "properties": { "内容": "ルネサンス【訪問介護】岡山県玉野市八浜町八浜1330-20", "url": "https://www.kaigokensaku.mhlw.go.jp/33/index.php?action_kouhyou_detail_004_kani=true&JigyosyoCd=3370401170-00&ServiceCd=110&Type=search", "url2": null }, "geometry": { "type": "Point", "coordinates": [ 133.944291199999952, 34.5525536 ] } },
{ "type": "Feature", "properties": { "内容": "まごころサービス倉敷【訪問介護】岡山県玉野市田井3-12-18", "url": "https://www.kaigokensaku.mhlw.go.jp/33/index.php?action_kouhyou_detail_004_kani=true&JigyosyoCd=3370400461-00&ServiceCd=110&Type=search", "url2": "http://www.jp-care.gr.jp/" }, "geometry": { "type": "Point", "coordinates": [ 133.946875500000033, 34.515894 ] } },
{ "type": "Feature", "properties": { "内容": "ヘルパーステーションはなみずき【訪問介護】岡山県玉野市槌ケ原1060番地7", "url": "https://www.kaigokensaku.mhlw.go.jp/33/index.php?action_kouhyou_detail_004_kani=true&JigyosyoCd=3370401469-00&ServiceCd=110&Type=search", "url2": null }, "geometry": { "type": "Point", "coordinates": [ 133.900901882278532, 34.524026989042589 ] } },
{ "type": "Feature", "properties": { "内容": "アール・ケア　ホームヘルプステーション・アスト中央【訪問介護】岡山県玉野市東高崎24-8", "url": "https://www.kaigokensaku.mhlw.go.jp/33/index.php?action_kouhyou_detail_004_kani=true&JigyosyoCd=3370400131-00&ServiceCd=110&Type=search", "url2": "www.rcare.jp" }, "geometry": { "type": "Point", "coordinates": [ 133.892583680267336, 34.540034841404385 ] } },
{ "type": "Feature", "properties": { "内容": "玉野ホームヘルプステーション社協【訪問介護】岡山県玉野市築港4丁目25番10号", "url": "https://www.kaigokensaku.mhlw.go.jp/33/index.php?action_kouhyou_detail_004_kani=true&JigyosyoCd=3370400305-00&ServiceCd=110&Type=search", "url2": "https://tamano-shakyo.sakura.ne.jp/" }, "geometry": { "type": "Point", "coordinates": [ 133.958801030168559, 34.500088702931883 ] } },
{ "type": "Feature", "properties": { "内容": "ヘルパ－ステ－ションほほえみ【訪問介護】岡山県玉野市田井３丁目８番１１号", "url": "https://www.kaigokensaku.mhlw.go.jp/33/index.php?action_kouhyou_detail_004_kani=true&JigyosyoCd=3370400347-00&ServiceCd=110&Type=search", "url2": null }, "geometry": { "type": "Point", "coordinates": [ 133.9460477, 34.5159079 ] } },
{ "type": "Feature", "properties": { "内容": "ホームヘルプサービス　いこい荘【訪問介護】岡山県玉野市長尾１５７８－２", "url": "https://www.kaigokensaku.mhlw.go.jp/33/index.php?action_kouhyou_detail_004_kani=true&JigyosyoCd=3370400230-00&ServiceCd=110&Type=search", "url2": "http://www.navita.co.jp/s/11060352" }, "geometry": { "type": "Point", "coordinates": [ 133.898387800000023, 34.4868209 ] } },
{ "type": "Feature", "properties": { "内容": "ヘルパーステーション　さくらのさく郷【訪問介護】岡山県玉野市八浜町大崎字天神１６９−１３", "url": "https://www.kaigokensaku.mhlw.go.jp/33/index.php?action_kouhyou_detail_004_kani=true&JigyosyoCd=3370400396-00&ServiceCd=110&Type=search", "url2": "http://www.sakuranosakumura.com" }, "geometry": { "type": "Point", "coordinates": [ 133.917987757533297, 34.5322444 ] } },
{ "type": "Feature", "properties": { "内容": "ハモニカドゥーエ　ヘルパーステーション【訪問介護】岡山県玉野市長尾2116番地", "url": "https://www.kaigokensaku.mhlw.go.jp/33/index.php?action_kouhyou_detail_004_kani=true&JigyosyoCd=3370400875-00&ServiceCd=110&Type=search", "url2": "http://www.hamonika.com" }, "geometry": { "type": "Point", "coordinates": [ 133.888355400000023, 34.4922815 ] } },
{ "type": "Feature", "properties": { "内容": "サンキ・ウエルビィ介護センター荘内【訪問介護】岡山県玉野市迫間2074-1", "url": "https://www.kaigokensaku.mhlw.go.jp/33/index.php?action_kouhyou_detail_004_kani=true&JigyosyoCd=3370400958-00&ServiceCd=110&Type=search", "url2": null }, "geometry": { "type": "Point", "coordinates": [ 133.8933326, 34.5066356 ] } },
{ "type": "Feature", "properties": { "内容": "ヘルパーステーション天々【訪問介護】岡山県玉野市玉原１丁目７番１号", "url": "https://www.kaigokensaku.mhlw.go.jp/33/index.php?action_kouhyou_detail_004_kani=true&JigyosyoCd=3370401055-00&ServiceCd=110&Type=search", "url2": null }, "geometry": { "type": "Point", "coordinates": [ 133.90813784418026, 34.485723517155165 ] } },
{ "type": "Feature", "properties": { "内容": "ホームヘルプサービスほのか【訪問介護】岡山県玉野市長尾557-1", "url": "https://www.kaigokensaku.mhlw.go.jp/33/index.php?action_kouhyou_detail_004_kani=true&JigyosyoCd=3370401329-00&ServiceCd=110&Type=search", "url2": "http://honoka-hc.co.jp" }, "geometry": { "type": "Point", "coordinates": [ 133.8907107, 34.4955646 ] } },
{ "type": "Feature", "properties": { "内容": "訪問介護事業所　アレーズ宇野【訪問介護】岡山県玉野市築港１－１１－３", "url": "https://www.kaigokensaku.mhlw.go.jp/33/index.php?action_kouhyou_detail_004_kani=true&JigyosyoCd=3370401360-00&ServiceCd=110&Type=search", "url2": "http://www.elgeo.co.jp" }, "geometry": { "type": "Point", "coordinates": [ 133.951474927647354, 34.493899119131434 ] } },
{ "type": "Feature", "properties": { "内容": "きらめきホームヘルプステーション【訪問介護】岡山県玉野市東紅陽台１－１９－２４８", "url": "https://www.kaigokensaku.mhlw.go.jp/33/index.php?action_kouhyou_detail_004_kani=true&JigyosyoCd=3370400578-00&ServiceCd=110&Type=search", "url2": null }, "geometry": { "type": "Point", "coordinates": [ 133.892287300000021, 34.541575 ] } },
{ "type": "Feature", "properties": { "内容": "株式会社きやまヘルパーステーション【訪問介護】岡山県笠岡市山口2905株式会社きやまヘルパーステーション", "url": "https://www.kaigokensaku.mhlw.go.jp/33/index.php?action_kouhyou_detail_004_kani=true&JigyosyoCd=3370501045-00&ServiceCd=110&Type=search", "url2": "https://kiyama-helper.co.jp/" }, "geometry": { "type": "Point", "coordinates": [ 133.5326771, 34.573596 ] } },
{ "type": "Feature", "properties": { "内容": "かさおか社協ヘルパーステーション【訪問介護】岡山県笠岡市十一番町１６番地の2サンライフ笠岡", "url": "https://www.kaigokensaku.mhlw.go.jp/33/index.php?action_kouhyou_detail_004_kani=true&JigyosyoCd=3370500757-00&ServiceCd=110&Type=search", "url2": null }, "geometry": { "type": "Point", "coordinates": [ 133.509985499999971, 34.4972891 ] } },
{ "type": "Feature", "properties": { "内容": "サンキ・ウエルビィ介護センター笠岡【訪問介護】岡山県笠岡市十一番町1-20", "url": "https://www.kaigokensaku.mhlw.go.jp/33/index.php?action_kouhyou_detail_004_kani=true&JigyosyoCd=3370500708-00&ServiceCd=110&Type=search", "url2": null }, "geometry": { "type": "Point", "coordinates": [ 133.510857699999974, 34.497903 ] } },
{ "type": "Feature", "properties": { "内容": "飛鳥の里三清荘訪問介護事業所【訪問介護】岡山県笠岡市関戸８３７－１", "url": "https://www.kaigokensaku.mhlw.go.jp/33/index.php?action_kouhyou_detail_004_kani=true&JigyosyoCd=3370500898-00&ServiceCd=110&Type=search", "url2": "http://www.keizankai.or.jp/" }, "geometry": { "type": "Point", "coordinates": [ 133.533421399999952, 34.5546566 ] } },
{ "type": "Feature", "properties": { "内容": "ケアサービス笠岡【訪問介護】岡山県笠岡市吉田字山中３５番３号", "url": "https://www.kaigokensaku.mhlw.go.jp/33/index.php?action_kouhyou_detail_004_kani=true&JigyosyoCd=3370500419-00&ServiceCd=110&Type=search", "url2": "http://www.alice-japan.co.jp" }, "geometry": { "type": "Point", "coordinates": [ 133.519720052870184, 34.545150428894594 ] } },
{ "type": "Feature", "properties": { "内容": "天神荘ホームヘルプサービス【訪問介護】岡山県笠岡市神島5300番地の6", "url": "https://www.kaigokensaku.mhlw.go.jp/33/index.php?action_kouhyou_detail_004_kani=true&JigyosyoCd=3370500179-00&ServiceCd=110&Type=search", "url2": "http://www.tenjinkai.org/" }, "geometry": { "type": "Point", "coordinates": [ 133.526338968908703, 34.471374927394486 ] } },
{ "type": "Feature", "properties": { "内容": "ニチイケアセンター笠岡【訪問介護】岡山県笠岡市中央町22-11", "url": "https://www.kaigokensaku.mhlw.go.jp/33/index.php?action_kouhyou_detail_004_kani=true&JigyosyoCd=3370500252-00&ServiceCd=110&Type=search", "url2": "http://www.nichiigakkan.co.jp" }, "geometry": { "type": "Point", "coordinates": [ 133.505361570222675, 34.505811504072874 ] } },
{ "type": "Feature", "properties": { "内容": "あしたばほうもんかいご【訪問介護】岡山県井原市井原町318-1石井ビル2F", "url": "https://www.kaigokensaku.mhlw.go.jp/33/index.php?action_kouhyou_detail_004_kani=true&JigyosyoCd=3370700845-00&ServiceCd=110&Type=search", "url2": "http://ashitaba.okayama.jp/" }, "geometry": { "type": "Point", "coordinates": [ 133.4633093, 34.5973912 ] } },
{ "type": "Feature", "properties": { "内容": "サンキ・ウエルビィ介護センター井原【訪問介護】岡山県井原市西江原町1549-1", "url": "https://www.kaigokensaku.mhlw.go.jp/33/index.php?action_kouhyou_detail_004_kani=true&JigyosyoCd=3370700589-00&ServiceCd=110&Type=search", "url2": null }, "geometry": { "type": "Point", "coordinates": [ 133.479160500000035, 34.6007075 ] } },
{ "type": "Feature", "properties": { "内容": "小田川荘ホームヘルプサービス【訪問介護】岡山県井原市芳井町川相３５１", "url": "https://www.kaigokensaku.mhlw.go.jp/33/index.php?action_kouhyou_detail_004_kani=true&JigyosyoCd=3372900062-00&ServiceCd=110&Type=search", "url2": "http://www.odagawasou.or.jp" }, "geometry": { "type": "Point", "coordinates": [ 133.410050400000046, 34.6476016 ] } },
{ "type": "Feature", "properties": { "内容": "ケアサービス美星【訪問介護】岡山県井原市美星町三山５５７７－６", "url": "https://www.kaigokensaku.mhlw.go.jp/33/index.php?action_kouhyou_detail_004_kani=true&JigyosyoCd=3372800106-00&ServiceCd=110&Type=search", "url2": "http://www" }, "geometry": { "type": "Point", "coordinates": [ 133.536313899999982, 34.6796547 ] } },
{ "type": "Feature", "properties": { "内容": "西部いこいの里訪問介護事業所【訪問介護】岡山県井原市高屋町４丁目２５番地の２", "url": "https://www.kaigokensaku.mhlw.go.jp/33/index.php?action_kouhyou_detail_004_kani=true&JigyosyoCd=3370700084-00&ServiceCd=110&Type=search", "url2": "http://www.kinoko-group.jp/ikoi_no_sato/" }, "geometry": { "type": "Point", "coordinates": [ 133.436445300000059, 34.5803512 ] } },
{ "type": "Feature", "properties": { "内容": "井原市社会福祉協議会　指定訪問介護事業所【訪問介護】岡山県井原市井原町１１１０番地", "url": "https://www.kaigokensaku.mhlw.go.jp/33/index.php?action_kouhyou_detail_004_kani=true&JigyosyoCd=3370700142-00&ServiceCd=110&Type=search", "url2": "http://www..ibara-syakyo..jp/" }, "geometry": { "type": "Point", "coordinates": [ 133.462328599999978, 34.6035488 ] } },
{ "type": "Feature", "properties": { "内容": "ニチイケアセンター井原【訪問介護】岡山県井原市井原町1261番地1", "url": "https://www.kaigokensaku.mhlw.go.jp/33/index.php?action_kouhyou_detail_004_kani=true&JigyosyoCd=3370700902-00&ServiceCd=110&Type=search", "url2": "http://www.nichiigakkan.co.jp" }, "geometry": { "type": "Point", "coordinates": [ 133.4612541, 34.6050298 ] } },
{ "type": "Feature", "properties": { "内容": "訪問介護サービス一期【訪問介護】岡山県井原市七日市町59番地", "url": "https://www.kaigokensaku.mhlw.go.jp/33/index.php?action_kouhyou_detail_004_kani=true&JigyosyoCd=3370700431-00&ServiceCd=110&Type=search", "url2": null }, "geometry": { "type": "Point", "coordinates": [ 133.470267, 34.5964414 ] } },
{ "type": "Feature", "properties": { "内容": "日の丸ハートケア介護センター【訪問介護】岡山県井原市高屋町四丁目８－１", "url": "https://www.kaigokensaku.mhlw.go.jp/33/index.php?action_kouhyou_detail_004_kani=true&JigyosyoCd=3370700316-00&ServiceCd=110&Type=search", "url2": "http://www.hinomarutaxi.com" }, "geometry": { "type": "Point", "coordinates": [ 133.434381499999972, 34.582164331958985 ] } },
{ "type": "Feature", "properties": { "内容": "訪問介護事業所愛逢傘【訪問介護】岡山県井原市木之子町93番地2", "url": "https://www.kaigokensaku.mhlw.go.jp/33/index.php?action_kouhyou_detail_004_kani=true&JigyosyoCd=3370700803-00&ServiceCd=110&Type=search", "url2": null }, "geometry": { "type": "Point", "coordinates": [ 133.493601099999978, 34.59287230000001 ] } },
{ "type": "Feature", "properties": { "内容": "ケアステーションパートナー【訪問介護】岡山県総社市中央4丁目12番102", "url": "https://www.kaigokensaku.mhlw.go.jp/33/index.php?action_kouhyou_detail_004_kani=true&JigyosyoCd=3370801403-00&ServiceCd=110&Type=search", "url2": null }, "geometry": { "type": "Point", "coordinates": [ 133.752214773016391, 34.672831776456711 ] } },
{ "type": "Feature", "properties": { "内容": "陽よりヘルパーステーション【訪問介護】岡山県総社市美袋844−1", "url": "https://www.kaigokensaku.mhlw.go.jp/33/index.php?action_kouhyou_detail_004_kani=true&JigyosyoCd=3370801387-00&ServiceCd=110&Type=search", "url2": null }, "geometry": { "type": "Point", "coordinates": [ 133.6464205, 34.7278645 ] } },
{ "type": "Feature", "properties": { "内容": "ヘルパーステーションいずみ【訪問介護】岡山県総社市中央2丁目2-17", "url": "https://www.kaigokensaku.mhlw.go.jp/33/index.php?action_kouhyou_detail_004_kani=true&JigyosyoCd=3370800223-00&ServiceCd=110&Type=search", "url2": "hps.izumi@choujukai.or.jp" }, "geometry": { "type": "Point", "coordinates": [ 133.745723018344506, 34.673620293087829 ] } },
{ "type": "Feature", "properties": { "内容": "ヘルパーステーション『ビタミンⅡ』【訪問介護】岡山県総社市下林1287-1", "url": "https://www.kaigokensaku.mhlw.go.jp/33/index.php?action_kouhyou_detail_004_kani=true&JigyosyoCd=3370800801-00&ServiceCd=110&Type=search", "url2": "http://www16.ocn.ne.jp/~momozono/kibi_vitamin.html" }, "geometry": { "type": "Point", "coordinates": [ 133.790170200000034, 34.671865699999984 ] } },
{ "type": "Feature", "properties": { "内容": "リリィケアサービス【訪問介護】門田184番地1", "url": "https://www.kaigokensaku.mhlw.go.jp/33/index.php?action_kouhyou_detail_004_kani=true&JigyosyoCd=3370801221-00&ServiceCd=110&Type=search", "url2": null }, "geometry": { "type": "Point", "coordinates": [ 133.746612, 34.6666357 ] } },
{ "type": "Feature", "properties": { "内容": "ヘルパーステーションあさがお【訪問介護】岡山県総社市中央６丁目１４番地１０１", "url": "https://www.kaigokensaku.mhlw.go.jp/33/index.php?action_kouhyou_detail_004_kani=true&JigyosyoCd=3370801452-00&ServiceCd=110&Type=search", "url2": null }, "geometry": { "type": "Point", "coordinates": [ 133.7483728, 34.6680527 ] } },
{ "type": "Feature", "properties": { "内容": "総社市山手福祉センター訪問介護事業所【訪問介護】岡山県総社市地頭片山150", "url": "https://www.kaigokensaku.mhlw.go.jp/33/index.php?action_kouhyou_detail_004_kani=true&JigyosyoCd=3372600142-00&ServiceCd=110&Type=search", "url2": null }, "geometry": { "type": "Point", "coordinates": [ 133.769894199999953, 34.6582534 ] } },
{ "type": "Feature", "properties": { "内容": "サンキ・ウエルビィ介護センター総社【訪問介護】岡山県総社市駅前2-7-108幸運ビル１階", "url": "https://www.kaigokensaku.mhlw.go.jp/33/index.php?action_kouhyou_detail_004_kani=true&JigyosyoCd=3370800850-00&ServiceCd=110&Type=search", "url2": null }, "geometry": { "type": "Point", "coordinates": [ 133.741517376703769, 34.671106353079075 ] } },
{ "type": "Feature", "properties": { "内容": "ヘルパーステイション総社【訪問介護】岡山県総社市井尻野３３１－１", "url": "https://www.kaigokensaku.mhlw.go.jp/33/index.php?action_kouhyou_detail_004_kani=true&JigyosyoCd=3370801304-00&ServiceCd=110&Type=search", "url2": "http://www.carevillage-soja.com/" }, "geometry": { "type": "Point", "coordinates": [ 133.727498700000069, 34.6819287 ] } },
{ "type": "Feature", "properties": { "内容": "社会福祉法人総社市社会福祉協議会指定訪問介護事業所【訪問介護】岡山県総社市中央２丁目５番１１５", "url": "https://www.kaigokensaku.mhlw.go.jp/33/index.php?action_kouhyou_detail_004_kani=true&JigyosyoCd=3370800157-00&ServiceCd=110&Type=search", "url2": null }, "geometry": { "type": "Point", "coordinates": [ 133.744589251312306, 34.67341787604402 ] } },
{ "type": "Feature", "properties": { "内容": "ニチイケアセンター総社【訪問介護】岡山県総社市駅前2-10-16ベルメゾン101", "url": "https://www.kaigokensaku.mhlw.go.jp/33/index.php?action_kouhyou_detail_004_kani=true&JigyosyoCd=3370800942-00&ServiceCd=110&Type=search", "url2": "http://www.nichiigakkan.co.jp" }, "geometry": { "type": "Point", "coordinates": [ 133.739642799999956, 34.6717907 ] } },
{ "type": "Feature", "properties": { "内容": "ヘルパーステーションこやま【訪問介護】岡山県総社市清音上中島239番地4コーポ清音202号室", "url": "https://www.kaigokensaku.mhlw.go.jp/33/index.php?action_kouhyou_detail_004_kani=true&JigyosyoCd=3370801478-00&ServiceCd=110&Type=search", "url2": "https://www.houkan-kym.fun" }, "geometry": { "type": "Point", "coordinates": [ 133.7314026, 34.6439864 ] } },
{ "type": "Feature", "properties": { "内容": "備北介護センター「うらら」【訪問介護】岡山県高梁市落合町近似1390番地1", "url": "https://www.kaigokensaku.mhlw.go.jp/33/index.php?action_kouhyou_detail_004_kani=true&JigyosyoCd=3380900039-00&ServiceCd=110&Type=search", "url2": "https://itp.ne.jp/info/332860674400000899/menu/" }, "geometry": { "type": "Point", "coordinates": [ 133.611855900000023, 34.7956636 ] } },
{ "type": "Feature", "properties": { "内容": "高梁訪問介護ステーション　あゆみ【訪問介護】岡山県高梁市本町7-2", "url": "https://www.kaigokensaku.mhlw.go.jp/33/index.php?action_kouhyou_detail_004_kani=true&JigyosyoCd=3370900676-00&ServiceCd=110&Type=search", "url2": "http://hp.kaipoke.biz/9v5/" }, "geometry": { "type": "Point", "coordinates": [ 133.615812600000027, 34.7994438 ] } },
{ "type": "Feature", "properties": { "内容": "在宅ケアサービスステーションなりわ【訪問介護】岡山県高梁市成羽町成羽2337-1", "url": "https://www.kaigokensaku.mhlw.go.jp/33/index.php?action_kouhyou_detail_004_kani=true&JigyosyoCd=3370900668-00&ServiceCd=110&Type=search", "url2": "https://asada-ltd.com" }, "geometry": { "type": "Point", "coordinates": [ 133.532808199999977, 34.7887611 ] } },
{ "type": "Feature", "properties": { "内容": "高梁市社会福祉協議会訪問介護事業所【訪問介護】岡山県高梁市向町21番地３高梁市総合福祉センター", "url": "https://www.kaigokensaku.mhlw.go.jp/33/index.php?action_kouhyou_detail_004_kani=true&JigyosyoCd=3370900155-00&ServiceCd=110&Type=search", "url2": "http://www.takahashi-shakyo.org/" }, "geometry": { "type": "Point", "coordinates": [ 133.617573037644974, 34.795082910607583 ] } },
{ "type": "Feature", "properties": { "内容": "訪問介護センター　すずらん【訪問介護】岡山県高梁市東町１８６０－１", "url": "https://www.kaigokensaku.mhlw.go.jp/33/index.php?action_kouhyou_detail_004_kani=true&JigyosyoCd=3370900106-00&ServiceCd=110&Type=search", "url2": null }, "geometry": { "type": "Point", "coordinates": [ 133.61526589999994, 34.7917003 ] } },
{ "type": "Feature", "properties": { "内容": "順正学園訪問介護センター【訪問介護】岡山県高梁市伊賀町8順正学園第一体育館", "url": "https://www.kaigokensaku.mhlw.go.jp/33/index.php?action_kouhyou_detail_004_kani=true&JigyosyoCd=3370900742-00&ServiceCd=110&Type=search", "url2": null }, "geometry": { "type": "Point", "coordinates": [ 133.619917110311917, 34.796777272117069 ] } },
{ "type": "Feature", "properties": { "内容": "備北介護センター「うらら」【訪問介護】岡山県高梁市落合町近似1390番地1", "url": "https://www.kaigokensaku.mhlw.go.jp/33/index.php?action_kouhyou_detail_004_kani=true&JigyosyoCd=3370900726-00&ServiceCd=110&Type=search", "url2": "https://www.bihokukaigo-sakura0255.com/" }, "geometry": { "type": "Point", "coordinates": [ 133.6118559, 34.7956636 ] } },
{ "type": "Feature", "properties": { "内容": "きらめき訪問介護事業所【訪問介護】岡山県新見市哲西町上神代６４６３", "url": "https://www.kaigokensaku.mhlw.go.jp/33/index.php?action_kouhyou_detail_004_kani=true&JigyosyoCd=3371000526-00&ServiceCd=110&Type=search", "url2": null }, "geometry": { "type": "Point", "coordinates": [ 133.337135100000069, 34.9491538 ] } },
{ "type": "Feature", "properties": { "内容": "ヘルパーステーションすずらん【訪問介護】岡山県新見市哲多町本郷５７４－１", "url": "https://www.kaigokensaku.mhlw.go.jp/33/index.php?action_kouhyou_detail_004_kani=true&JigyosyoCd=3371000245-00&ServiceCd=110&Type=search", "url2": "http://www.miic.ac.jp/medical/zaitaku.htm" }, "geometry": { "type": "Point", "coordinates": [ 133.451362300000028, 34.9363375 ] } },
{ "type": "Feature", "properties": { "内容": "新見市社協中央ヘルプセンタ－【訪問介護】岡山県新見市金谷６４０番地の１", "url": "https://www.kaigokensaku.mhlw.go.jp/33/index.php?action_kouhyou_detail_004_kani=true&JigyosyoCd=3371000088-00&ServiceCd=110&Type=search", "url2": "http://www.fukushiokayama.or.jp/niimi/niimi.htm" }, "geometry": { "type": "Point", "coordinates": [ 133.470123199999989, 34.976333 ] } },
{ "type": "Feature", "properties": { "内容": "哲西福祉会訪問介護事業所【訪問介護】岡山県新見市哲西町矢田４３５１", "url": "https://www.kaigokensaku.mhlw.go.jp/33/index.php?action_kouhyou_detail_004_kani=true&JigyosyoCd=3373300262-00&ServiceCd=110&Type=search", "url2": "tesseisou.jp" }, "geometry": { "type": "Point", "coordinates": [ 133.334406711639446, 34.923540927382135 ] } },
{ "type": "Feature", "properties": { "内容": "唐松荘ホームヘルプステーション【訪問介護】岡山県新見市唐松１７４９番地２", "url": "https://www.kaigokensaku.mhlw.go.jp/33/index.php?action_kouhyou_detail_004_kani=true&JigyosyoCd=3371000120-00&ServiceCd=110&Type=search", "url2": "http://www.karamatsu-so.jp" }, "geometry": { "type": "Point", "coordinates": [ 133.508350800000017, 34.9640904 ] } },
{ "type": "Feature", "properties": { "内容": "おおさ苑訪問介護事業所【訪問介護】岡山県新見市大佐田治部3221", "url": "https://www.kaigokensaku.mhlw.go.jp/33/index.php?action_kouhyou_detail_004_kani=true&JigyosyoCd=3381000011-00&ServiceCd=110&Type=search", "url2": "http：//www.osaen.jp" }, "geometry": { "type": "Point", "coordinates": [ 133.55590620000001, 35.0413881 ] } },
{ "type": "Feature", "properties": { "内容": "ヘルパーステーション　ライフ・ケア・アイ【訪問介護】岡山県備前市西片上1068番地4", "url": "https://www.kaigokensaku.mhlw.go.jp/33/index.php?action_kouhyou_detail_004_kani=true&JigyosyoCd=3371100672-00&ServiceCd=110&Type=search", "url2": "ikemotolifecare.com" }, "geometry": { "type": "Point", "coordinates": [ 134.181588599999941, 34.7501587 ] } },
{ "type": "Feature", "properties": { "内容": "備前市社会福祉協議会訪問介護事業所【訪問介護】岡山県備前市東片上１２６番地", "url": "https://www.kaigokensaku.mhlw.go.jp/33/index.php?action_kouhyou_detail_004_kani=true&JigyosyoCd=3371100037-00&ServiceCd=110&Type=search", "url2": "http://bizensw.or.jp/" }, "geometry": { "type": "Point", "coordinates": [ 134.187836799280461, 34.745161031665376 ] } },
{ "type": "Feature", "properties": { "内容": "わかくさ訪問介護ステーション【訪問介護】岡山県備前市西片上１１２２番地", "url": "https://www.kaigokensaku.mhlw.go.jp/33/index.php?action_kouhyou_detail_004_kani=true&JigyosyoCd=3371100227-00&ServiceCd=110&Type=search", "url2": "https:://kusaka-soujinkai.jp/" }, "geometry": { "type": "Point", "coordinates": [ 134.182335800000033, 34.7460981 ] } },
{ "type": "Feature", "properties": { "内容": "ニチイケアセンター備前【訪問介護】岡山県備前市東片上646-1", "url": "https://www.kaigokensaku.mhlw.go.jp/33/index.php?action_kouhyou_detail_004_kani=true&JigyosyoCd=3371100359-00&ServiceCd=110&Type=search", "url2": null }, "geometry": { "type": "Point", "coordinates": [ 134.197336899999982, 34.7452012 ] } },
{ "type": "Feature", "properties": { "内容": "サンキ・ウエルビィ介護センター備前【訪問介護】岡山県備前市東片上514-12", "url": "https://www.kaigokensaku.mhlw.go.jp/33/index.php?action_kouhyou_detail_004_kani=true&JigyosyoCd=3371100532-00&ServiceCd=110&Type=search", "url2": null }, "geometry": { "type": "Point", "coordinates": [ 134.196867500000053, 34.7477231 ] } },
{ "type": "Feature", "properties": { "内容": "訪問介護事業所　えみのわ備前【訪問介護】岡山県備前市東片上1282-44", "url": "https://www.kaigokensaku.mhlw.go.jp/33/index.php?action_kouhyou_detail_004_kani=true&JigyosyoCd=3371100789-00&ServiceCd=110&Type=search", "url2": "www.eminowa.net" }, "geometry": { "type": "Point", "coordinates": [ 134.203052631415204, 34.754511929798085 ] } },
{ "type": "Feature", "properties": { "内容": "備前多聞荘訪問介護【訪問介護】岡山県備前市鶴海2401", "url": "https://www.kaigokensaku.mhlw.go.jp/33/index.php?action_kouhyou_detail_004_kani=true&JigyosyoCd=3371100847-00&ServiceCd=110&Type=search", "url2": "http://www.tensetsukai.or.jp/" }, "geometry": { "type": "Point", "coordinates": [ 134.185245, 34.6976281 ] } },
{ "type": "Feature", "properties": { "内容": "ヘルパーステーション　ほのか【訪問介護】岡山県瀬戸内市邑久町尾張556-1", "url": "https://www.kaigokensaku.mhlw.go.jp/33/index.php?action_kouhyou_detail_004_kani=true&JigyosyoCd=3372400899-00&ServiceCd=110&Type=search", "url2": null }, "geometry": { "type": "Point", "coordinates": [ 134.094927345368859, 34.662775903345832 ] } },
{ "type": "Feature", "properties": { "内容": "ヘルパーステーション　ひだまり【訪問介護】岡山県瀬戸内市邑久町下山田1288-1Happiness　ひだまり", "url": "https://www.kaigokensaku.mhlw.go.jp/33/index.php?action_kouhyou_detail_004_kani=true&JigyosyoCd=3372401079-00&ServiceCd=110&Type=search", "url2": "https://www.happiness-hidamari.com/happiness" }, "geometry": { "type": "Point", "coordinates": [ 134.111910800000032, 34.6467949 ] } },
{ "type": "Feature", "properties": { "内容": "訪問介護なないろ【訪問介護】邑久町上笠加292-1ナナイロカサカ", "url": "https://www.kaigokensaku.mhlw.go.jp/33/index.php?action_kouhyou_detail_004_kani=true&JigyosyoCd=3372401038-00&ServiceCd=110&Type=search", "url2": "http://www.tenohira.crap.jp/" }, "geometry": { "type": "Point", "coordinates": [ 134.098217, 34.6903908 ] } },
{ "type": "Feature", "properties": { "内容": "ニチイケアセンター長船【訪問介護】岡山県瀬戸内市長船町土師１１４－３マキノビル１F", "url": "https://www.kaigokensaku.mhlw.go.jp/33/index.php?action_kouhyou_detail_004_kani=true&JigyosyoCd=3372400097-00&ServiceCd=110&Type=search", "url2": null }, "geometry": { "type": "Point", "coordinates": [ 134.0993916, 34.6996066 ] } },
{ "type": "Feature", "properties": { "内容": "ヘルパーステーションあじさい【訪問介護】岡山県瀬戸内市牛窓町長浜1716-1", "url": "https://www.kaigokensaku.mhlw.go.jp/33/index.php?action_kouhyou_detail_004_kani=true&JigyosyoCd=3372400246-00&ServiceCd=110&Type=search", "url2": "http://www.ajisai-s.or.jp/" }, "geometry": { "type": "Point", "coordinates": [ 134.134968091679411, 34.637599163788956 ] } },
{ "type": "Feature", "properties": { "内容": "ニチイケアセンター邑久【訪問介護】岡山県瀬戸内市邑久町尾張277-10ＹＳハウス1Ｆ", "url": "https://www.kaigokensaku.mhlw.go.jp/33/index.php?action_kouhyou_detail_004_kani=true&JigyosyoCd=3372400659-00&ServiceCd=110&Type=search", "url2": null }, "geometry": { "type": "Point", "coordinates": [ 134.091618199999971, 34.6666482 ] } },
{ "type": "Feature", "properties": { "内容": "ヘルパーステーション　スマイルせとうち【訪問介護】岡山県瀬戸内市長船町土師147-1", "url": "https://www.kaigokensaku.mhlw.go.jp/33/index.php?action_kouhyou_detail_004_kani=true&JigyosyoCd=3372400683-00&ServiceCd=110&Type=search", "url2": "http://www.life8.co.jp" }, "geometry": { "type": "Point", "coordinates": [ 134.10193687789041, 34.703024382633366 ] } },
{ "type": "Feature", "properties": { "内容": "平井ヘルパーステーション【訪問介護】岡山県瀬戸内市長船町福岡２００－１", "url": "https://www.kaigokensaku.mhlw.go.jp/33/index.php?action_kouhyou_detail_004_kani=true&JigyosyoCd=3372400733-00&ServiceCd=110&Type=search", "url2": null }, "geometry": { "type": "Point", "coordinates": [ 134.097213900000042, 34.7038062 ] } },
{ "type": "Feature", "properties": { "内容": "ヘルパーステーションYAMATO【訪問介護】岡山県瀬戸内市邑久町北島761-3", "url": "https://www.kaigokensaku.mhlw.go.jp/33/index.php?action_kouhyou_detail_004_kani=true&JigyosyoCd=3372400998-00&ServiceCd=110&Type=search", "url2": null }, "geometry": { "type": "Point", "coordinates": [ 134.06664539999997, 34.6546623 ] } },
{ "type": "Feature", "properties": { "内容": "ヘルパーステーションすずらん【訪問介護】邑久町本庄4937番地1", "url": "https://www.kaigokensaku.mhlw.go.jp/33/index.php?action_kouhyou_detail_004_kani=true&JigyosyoCd=3372401095-00&ServiceCd=110&Type=search", "url2": null }, "geometry": { "type": "Point", "coordinates": [ 134.1269188, 34.6601806 ] } },
{ "type": "Feature", "properties": { "内容": "山陽名倉堂介護センター【訪問介護】岡山県赤磐市高屋398-1", "url": "https://www.kaigokensaku.mhlw.go.jp/33/index.php?action_kouhyou_detail_004_kani=true&JigyosyoCd=3372200554-00&ServiceCd=110&Type=search", "url2": null }, "geometry": { "type": "Point", "coordinates": [ 134.0229478, 34.7560764 ] } },
{ "type": "Feature", "properties": { "内容": "ケアステーション・ウィズ【訪問介護】岡山県赤磐市穂崎888－4", "url": "https://www.kaigokensaku.mhlw.go.jp/33/index.php?action_kouhyou_detail_004_kani=true&JigyosyoCd=3372200455-00&ServiceCd=110&Type=search", "url2": "https://souwa-group.co.jp/" }, "geometry": { "type": "Point", "coordinates": [ 134.007389099999955, 34.7365978 ] } },
{ "type": "Feature", "properties": { "内容": "訪問介護事業所α【訪問介護】岡山県赤磐市桜が丘東一丁目1-1103", "url": "https://www.kaigokensaku.mhlw.go.jp/33/index.php?action_kouhyou_detail_004_kani=true&JigyosyoCd=3372201552-00&ServiceCd=110&Type=search", "url2": "www.actpls.com" }, "geometry": { "type": "Point", "coordinates": [ 134.04543027497715, 34.769480558401824 ] } },
{ "type": "Feature", "properties": { "内容": "あかいわ社協ホームヘルプステーション【訪問介護】岡山県赤磐市町苅田517-1", "url": "https://www.kaigokensaku.mhlw.go.jp/33/index.php?action_kouhyou_detail_004_kani=true&JigyosyoCd=3372200174-00&ServiceCd=110&Type=search", "url2": null }, "geometry": { "type": "Point", "coordinates": [ 134.008683163228369, 34.798859530220696 ] } },
{ "type": "Feature", "properties": { "内容": "ヘルパーステーション　あかいわ【訪問介護】岡山県赤磐市日古木３３－３", "url": "https://www.kaigokensaku.mhlw.go.jp/33/index.php?action_kouhyou_detail_004_kani=true&JigyosyoCd=3372200810-00&ServiceCd=110&Type=search", "url2": "http://www.iwadou.or.jp/" }, "geometry": { "type": "Point", "coordinates": [ 134.030213799999956, 34.7631814 ] } },
{ "type": "Feature", "properties": { "内容": "サンキ・ウエルビィ介護センター山陽【訪問介護】岡山県赤磐市下市436-3", "url": "https://www.kaigokensaku.mhlw.go.jp/33/index.php?action_kouhyou_detail_004_kani=true&JigyosyoCd=3372201099-00&ServiceCd=110&Type=search", "url2": null }, "geometry": { "type": "Point", "coordinates": [ 134.01869, 34.7526184 ] } },
{ "type": "Feature", "properties": { "内容": "陽だまり訪問介護事業所【訪問介護】岡山県赤磐市桜が丘東5-5-341", "url": "https://www.kaigokensaku.mhlw.go.jp/33/index.php?action_kouhyou_detail_004_kani=true&JigyosyoCd=3372201115-00&ServiceCd=110&Type=search", "url2": "https://akaiwa-kaigo-hidamari.jimdofree.com" }, "geometry": { "type": "Point", "coordinates": [ 134.037534348904416, 34.783218589299203 ] } },
{ "type": "Feature", "properties": { "内容": "ヘルパーステーション花あかり【訪問介護】岡山県赤磐市桜が丘西9丁目30-1", "url": "https://www.kaigokensaku.mhlw.go.jp/33/index.php?action_kouhyou_detail_004_kani=true&JigyosyoCd=3372201511-00&ServiceCd=110&Type=search", "url2": null }, "geometry": { "type": "Point", "coordinates": [ 134.02674, 34.7796056 ] } },
{ "type": "Feature", "properties": { "内容": "真庭市社協　訪問介護北事業所【訪問介護】岡山県真庭市下湯原４７", "url": "https://www.kaigokensaku.mhlw.go.jp/33/index.php?action_kouhyou_detail_004_kani=true&JigyosyoCd=3373400955-00&ServiceCd=110&Type=search", "url2": null }, "geometry": { "type": "Point", "coordinates": [ 133.735036900000068, 35.1876319 ] } },
{ "type": "Feature", "properties": { "内容": "おちあいヘルパーステーション【訪問介護】岡山県真庭市上市瀬351-1番地", "url": "https://www.kaigokensaku.mhlw.go.jp/33/index.php?action_kouhyou_detail_004_kani=true&JigyosyoCd=3373401128-00&ServiceCd=110&Type=search", "url2": "http://ochiaihp.jp" }, "geometry": { "type": "Point", "coordinates": [ 133.747174623503355, 35.027981256583786 ] } },
{ "type": "Feature", "properties": { "内容": "真庭市社協　訪問介護南事業所【訪問介護】岡山県真庭市下市瀬558-1", "url": "https://www.kaigokensaku.mhlw.go.jp/33/index.php?action_kouhyou_detail_004_kani=true&JigyosyoCd=3373400351-00&ServiceCd=110&Type=search", "url2": null }, "geometry": { "type": "Point", "coordinates": [ 133.739014656777954, 35.026063509002675 ] } },
{ "type": "Feature", "properties": { "内容": "ヘルパーステーションわたぼうし【訪問介護】岡山県真庭市本郷1825番地6", "url": "https://www.kaigokensaku.mhlw.go.jp/33/index.php?action_kouhyou_detail_004_kani=true&JigyosyoCd=3373400799-00&ServiceCd=110&Type=search", "url2": "http://www.katsuyama-hp.or.jp/index.html" }, "geometry": { "type": "Point", "coordinates": [ 133.689141, 35.0850753 ] } },
{ "type": "Feature", "properties": { "内容": "まにわヘルプサービスセンター【訪問介護】岡山県真庭市台金屋309-2", "url": "https://www.kaigokensaku.mhlw.go.jp/33/index.php?action_kouhyou_detail_004_kani=true&JigyosyoCd=3373400815-00&ServiceCd=110&Type=search", "url2": null }, "geometry": { "type": "Point", "coordinates": [ 133.759232200000042, 35.0745299 ] } },
{ "type": "Feature", "properties": { "内容": "訪問介護事業所こころ【訪問介護】岡山県真庭市台金屋302番地", "url": "https://www.kaigokensaku.mhlw.go.jp/33/index.php?action_kouhyou_detail_004_kani=true&JigyosyoCd=3373401276-00&ServiceCd=110&Type=search", "url2": null }, "geometry": { "type": "Point", "coordinates": [ 133.759837597704774, 35.074005063343535 ] } },
{ "type": "Feature", "properties": { "内容": "社会福祉法人美作市社会福祉協議会【訪問介護】岡山県美作市江見２８０", "url": "https://www.kaigokensaku.mhlw.go.jp/33/index.php?action_kouhyou_detail_004_kani=true&JigyosyoCd=3373700230-00&ServiceCd=110&Type=search", "url2": "http://www.mimasakasyakyo.jp/" }, "geometry": { "type": "Point", "coordinates": [ 134.22530329999995, 35.0133252 ] } },
{ "type": "Feature", "properties": { "内容": "ヘルパーステーション　はっぴーらいふ【訪問介護】岡山県美作市奥1105", "url": "https://www.kaigokensaku.mhlw.go.jp/33/index.php?action_kouhyou_detail_004_kani=true&JigyosyoCd=3373700685-00&ServiceCd=110&Type=search", "url2": null }, "geometry": { "type": "Point", "coordinates": [ 134.111714500000062, 34.9274747 ] } },
{ "type": "Feature", "properties": { "内容": "大原指定訪問介護事業所【訪問介護】岡山県美作市古町1709", "url": "https://www.kaigokensaku.mhlw.go.jp/33/index.php?action_kouhyou_detail_004_kani=true&JigyosyoCd=3373700214-00&ServiceCd=110&Type=search", "url2": null }, "geometry": { "type": "Point", "coordinates": [ 134.32612193272729, 35.120031489176029 ] } },
{ "type": "Feature", "properties": { "内容": "ヘルパーステーションあいあい【訪問介護】岡山県美作市福本８６５英愛センター内", "url": "https://www.kaigokensaku.mhlw.go.jp/33/index.php?action_kouhyou_detail_004_kani=true&JigyosyoCd=3373700578-00&ServiceCd=110&Type=search", "url2": "https://www.uguisuen.jp/" }, "geometry": { "type": "Point", "coordinates": [ 134.127645799999982, 34.9385456 ] } },
{ "type": "Feature", "properties": { "内容": "ヘルパーステーション　なくら【訪問介護】岡山県美作市栄町６８番地", "url": "https://www.kaigokensaku.mhlw.go.jp/33/index.php?action_kouhyou_detail_004_kani=true&JigyosyoCd=3373700495-00&ServiceCd=110&Type=search", "url2": "https://www.mimasakanagurado.com" }, "geometry": { "type": "Point", "coordinates": [ 134.148977599999967, 35.0104603 ] } },
{ "type": "Feature", "properties": { "内容": "ヘルパーステーション　ふくだ【訪問介護】岡山県美作市真加部1368-2", "url": "https://www.kaigokensaku.mhlw.go.jp/33/index.php?action_kouhyou_detail_004_kani=true&JigyosyoCd=3373700537-00&ServiceCd=110&Type=search", "url2": null }, "geometry": { "type": "Point", "coordinates": [ 134.187398467845156, 35.075316321256615 ] } },
{ "type": "Feature", "properties": { "内容": "ゆうゆうの里ヘルパーセンター【訪問介護】岡山県美作市北山401", "url": "https://www.kaigokensaku.mhlw.go.jp/33/index.php?action_kouhyou_detail_004_kani=true&JigyosyoCd=3373700347-00&ServiceCd=110&Type=search", "url2": "http://www.fukushi-koukikai.jp/" }, "geometry": { "type": "Point", "coordinates": [ 134.156781200000069, 35.031428 ] } },
{ "type": "Feature", "properties": { "内容": "ヘルパーステーションこすもす【訪問介護】岡山県美作市東青野８４４番地１", "url": "https://www.kaigokensaku.mhlw.go.jp/33/index.php?action_kouhyou_detail_004_kani=true&JigyosyoCd=3373700982-00&ServiceCd=110&Type=search", "url2": null }, "geometry": { "type": "Point", "coordinates": [ 134.36439630000001, 35.1537683 ] } },
{ "type": "Feature", "properties": { "内容": "訪問介護ステーションいぶき【訪問介護】川北1089", "url": "https://www.kaigokensaku.mhlw.go.jp/33/index.php?action_kouhyou_detail_004_kani=true&JigyosyoCd=3373700891-00&ServiceCd=110&Type=search", "url2": "http://www.fukushi-koukikai.jp/" }, "geometry": { "type": "Point", "coordinates": [ 131.551355300000068, 32.2499879 ] } },
{ "type": "Feature", "properties": { "内容": "ヘルパーステーション助っ人【訪問介護】岡山県美作市栄町１２番地２０", "url": "https://www.kaigokensaku.mhlw.go.jp/33/index.php?action_kouhyou_detail_004_kani=true&JigyosyoCd=3373700644-00&ServiceCd=110&Type=search", "url2": null }, "geometry": { "type": "Point", "coordinates": [ 134.1490139, 35.0067745 ] } },
{ "type": "Feature", "properties": { "内容": "さくら・介護ステーションみまさか【訪問介護】岡山県美作市藤生３３３－１", "url": "https://www.kaigokensaku.mhlw.go.jp/33/index.php?action_kouhyou_detail_004_kani=true&JigyosyoCd=3373700743-00&ServiceCd=110&Type=search", "url2": null }, "geometry": { "type": "Point", "coordinates": [ 134.223133800000028, 35.0201634 ] } },
{ "type": "Feature", "properties": { "内容": "福祉あさくちヘルパーセンター【訪問介護】岡山県浅口市寄島町16089-17", "url": "https://www.kaigokensaku.mhlw.go.jp/33/index.php?action_kouhyou_detail_004_kani=true&JigyosyoCd=3372700231-00&ServiceCd=110&Type=search", "url2": "http://www.fukushiokayama.or.jp//Asakuchi/" }, "geometry": { "type": "Point", "coordinates": [ 133.585791, 34.4770064 ] } },
{ "type": "Feature", "properties": { "内容": "はぴねすケアサービス【訪問介護】金光町占見新田3185-1", "url": "https://www.kaigokensaku.mhlw.go.jp/33/index.php?action_kouhyou_detail_004_kani=true&JigyosyoCd=3372701171-00&ServiceCd=110&Type=search", "url2": null }, "geometry": { "type": "Point", "coordinates": [ 133.6331476, 34.5509974 ] } },
{ "type": "Feature", "properties": { "内容": "３Ｋサービス【訪問介護】浅口市金光町地頭下462-4", "url": "https://www.kaigokensaku.mhlw.go.jp/33/index.php?action_kouhyou_detail_004_kani=true&JigyosyoCd=3372700579-00&ServiceCd=110&Type=search", "url2": null }, "geometry": { "type": "Point", "coordinates": [ 133.59696740000004, 34.5391461 ] } },
{ "type": "Feature", "properties": { "内容": "ヘルパーステーション佐伯【訪問介護】岡山県和気郡和気町父井原434-1", "url": "https://www.kaigokensaku.mhlw.go.jp/33/index.php?action_kouhyou_detail_004_kani=true&JigyosyoCd=3372300404-00&ServiceCd=110&Type=search", "url2": null }, "geometry": { "type": "Point", "coordinates": [ 134.093459899999971, 34.844841 ] } },
{ "type": "Feature", "properties": { "内容": "ホームヘルプサービスもみじの里【訪問介護】岡山県和気郡和気町尺所31-4", "url": "https://www.kaigokensaku.mhlw.go.jp/33/index.php?action_kouhyou_detail_004_kani=true&JigyosyoCd=3372300495-00&ServiceCd=110&Type=search", "url2": "www.shizutani.fukushi.com" }, "geometry": { "type": "Point", "coordinates": [ 134.155629237159559, 34.800076368880063 ] } },
{ "type": "Feature", "properties": { "内容": "ヘルパーステーション中山の里【訪問介護】岡山県和気郡和気町大中山1551-8", "url": "https://www.kaigokensaku.mhlw.go.jp/33/index.php?action_kouhyou_detail_004_kani=true&JigyosyoCd=3372300818-00&ServiceCd=110&Type=search", "url2": null }, "geometry": { "type": "Point", "coordinates": [ 134.163930700000037, 34.78444 ] } },
{ "type": "Feature", "properties": { "内容": "ヘルパーステーションわけ【訪問介護】岡山県和気郡和気町和気266-1", "url": "https://www.kaigokensaku.mhlw.go.jp/33/index.php?action_kouhyou_detail_004_kani=true&JigyosyoCd=3372300222-00&ServiceCd=110&Type=search", "url2": "http://www.esperance.or.jp/" }, "geometry": { "type": "Point", "coordinates": [ 134.145696104463269, 34.802764787592935 ] } },
{ "type": "Feature", "properties": { "内容": "平病院訪問介護サービス【訪問介護】岡山県和気郡和気町尺所４３８介護棟", "url": "https://www.kaigokensaku.mhlw.go.jp/33/index.php?action_kouhyou_detail_004_kani=true&JigyosyoCd=3372300255-00&ServiceCd=110&Type=search", "url2": "http://www.tairahos.or.jp" }, "geometry": { "type": "Point", "coordinates": [ 134.161657090212969, 34.804976456677331 ] } },
{ "type": "Feature", "properties": { "内容": "幸生ヘルパーステーション【訪問介護】岡山県和気郡和気町佐伯３６８－１", "url": "https://www.kaigokensaku.mhlw.go.jp/33/index.php?action_kouhyou_detail_004_kani=true&JigyosyoCd=3372300487-00&ServiceCd=110&Type=search", "url2": null }, "geometry": { "type": "Point", "coordinates": [ 134.093576399999961, 34.8487906 ] } },
{ "type": "Feature", "properties": { "内容": "訪問介護事業所　彩【訪問介護】岡山県和気郡和気町父井原338番地", "url": "https://www.kaigokensaku.mhlw.go.jp/33/index.php?action_kouhyou_detail_004_kani=true&JigyosyoCd=3372300628-00&ServiceCd=110&Type=search", "url2": null }, "geometry": { "type": "Point", "coordinates": [ 134.095832290629602, 34.842187034629461 ] } },
{ "type": "Feature", "properties": { "内容": "ヘルパーステーションみどり【訪問介護】田原下174-2", "url": "https://www.kaigokensaku.mhlw.go.jp/33/index.php?action_kouhyou_detail_004_kani=true&JigyosyoCd=3372300651-00&ServiceCd=110&Type=search", "url2": "http://ww6.tiki.ne.jp/~masu0610/" }, "geometry": { "type": "Point", "coordinates": [ 134.138273799999979, 34.8044792 ] } },
{ "type": "Feature", "properties": { "内容": "ニチイケアセンター和気【訪問介護】岡山県和気郡和気町衣笠959-1", "url": "https://www.kaigokensaku.mhlw.go.jp/33/index.php?action_kouhyou_detail_004_kani=true&JigyosyoCd=3372300842-00&ServiceCd=110&Type=search", "url2": "www.nichiigaxtukann.co.jp" }, "geometry": { "type": "Point", "coordinates": [ 134.1545869, 34.7990058 ] } },
{ "type": "Feature", "properties": { "内容": "アイディールｻﾎﾟｰﾄ訪問介護事業所【訪問介護】岡山県都窪郡早島町早島４１８８－３０", "url": "https://www.kaigokensaku.mhlw.go.jp/33/index.php?action_kouhyou_detail_004_kani=true&JigyosyoCd=3372600290-00&ServiceCd=110&Type=search", "url2": null }, "geometry": { "type": "Point", "coordinates": [ 133.821482, 34.6128449 ] } },
{ "type": "Feature", "properties": { "内容": "早島町ホームヘルパーステーション【訪問介護】岡山県都窪郡早島町前潟249-1", "url": "https://www.kaigokensaku.mhlw.go.jp/33/index.php?action_kouhyou_detail_004_kani=true&JigyosyoCd=3372600092-00&ServiceCd=110&Type=search", "url2": "www.hayashima-shakyo.jp" }, "geometry": { "type": "Point", "coordinates": [ 133.826234200000044, 34.6001826 ] } },
{ "type": "Feature", "properties": { "内容": "ヘルパーステーションすわん【訪問介護】浅口郡里庄町大字里見３５３０マンション曽根本Ⅰ－３００号", "url": "https://www.kaigokensaku.mhlw.go.jp/33/index.php?action_kouhyou_detail_004_kani=true&JigyosyoCd=3372701015-00&ServiceCd=110&Type=search", "url2": null }, "geometry": { "type": "Point", "coordinates": [ 133.556865799999969, 34.5137903 ] } },
{ "type": "Feature", "properties": { "内容": "ニチイケアセンター里庄【訪問介護】浅口郡里庄町大字浜中93番10", "url": "https://www.kaigokensaku.mhlw.go.jp/33/index.php?action_kouhyou_detail_004_kani=true&JigyosyoCd=3372700991-00&ServiceCd=110&Type=search", "url2": "http://www.nichiigakkan.co.jp" }, "geometry": { "type": "Point", "coordinates": [ 133.535050599999977, 34.4983529 ] } },
{ "type": "Feature", "properties": { "内容": "訪問介護事業所和（なごみ）【訪問介護】岡山県浅口郡里庄町里見5276", "url": "https://www.kaigokensaku.mhlw.go.jp/33/index.php?action_kouhyou_detail_004_kani=true&JigyosyoCd=3372701049-00&ServiceCd=110&Type=search", "url2": null }, "geometry": { "type": "Point", "coordinates": [ 133.583494995700903, 34.530260019724629 ] } },
{ "type": "Feature", "properties": { "内容": "国定病院ヘルパーステーションじゃんけんぽん【訪問介護】岡山県浅口郡里庄町大字浜中93-141", "url": "https://www.kaigokensaku.mhlw.go.jp/33/index.php?action_kouhyou_detail_004_kani=true&JigyosyoCd=3372700280-00&ServiceCd=110&Type=search", "url2": "http://www.kcv.ne.jp/~hoseikai" }, "geometry": { "type": "Point", "coordinates": [ 133.532323, 34.4968281 ] } },
{ "type": "Feature", "properties": { "内容": "ヘルパーステーションコスモス【訪問介護】岡山県浅口郡里庄町大字里見８００４番地２", "url": "https://www.kaigokensaku.mhlw.go.jp/33/index.php?action_kouhyou_detail_004_kani=true&JigyosyoCd=3372701122-00&ServiceCd=110&Type=search", "url2": "https://sakura-satosyo.com/" }, "geometry": { "type": "Point", "coordinates": [ 133.56356074536896, 34.528476616684664 ] } },
{ "type": "Feature", "properties": { "内容": "へるぱーすてーしょんえっぐ【訪問介護】岡山県浅口郡里庄町里見5301-1曽根本第二ビル202", "url": "https://www.kaigokensaku.mhlw.go.jp/33/index.php?action_kouhyou_detail_004_kani=true&JigyosyoCd=3372701189-00&ServiceCd=110&Type=search", "url2": "https://www.care-egg.com/" }, "geometry": { "type": "Point", "coordinates": [ 133.5845735, 34.530464299999984 ] } },
{ "type": "Feature", "properties": { "内容": "和・介護ステーション矢掛【訪問介護】小田郡矢掛町小田5193－6", "url": "https://www.kaigokensaku.mhlw.go.jp/33/index.php?action_kouhyou_detail_004_kani=true&JigyosyoCd=3372800445-00&ServiceCd=110&Type=search", "url2": "http://hp.kaipoke.biz/fem/" }, "geometry": { "type": "Point", "coordinates": [ 133.583624399999962, 34.6262794 ] } },
{ "type": "Feature", "properties": { "内容": "介護ステーションささい【訪問介護】岡山県小田郡矢掛町矢掛2583", "url": "https://www.kaigokensaku.mhlw.go.jp/33/index.php?action_kouhyou_detail_004_kani=true&JigyosyoCd=3372800205-00&ServiceCd=110&Type=search", "url2": null }, "geometry": { "type": "Point", "coordinates": [ 133.59109890000002, 34.6239131 ] } },
{ "type": "Feature", "properties": { "内容": "ニチイケアセンター矢掛【訪問介護】岡山県小田郡矢掛町小林78-1", "url": "https://www.kaigokensaku.mhlw.go.jp/33/index.php?action_kouhyou_detail_004_kani=true&JigyosyoCd=3372800288-00&ServiceCd=110&Type=search", "url2": "http://www.nichiigakkan.co.jp" }, "geometry": { "type": "Point", "coordinates": [ 133.58517710000001, 34.625199 ] } },
{ "type": "Feature", "properties": { "内容": "一般財団法人共愛会　訪問介護ステーション　ヘルパー24【訪問介護】岡山県苫田郡鏡野町吉原306", "url": "https://www.kaigokensaku.mhlw.go.jp/33/index.php?action_kouhyou_detail_004_kani=true&JigyosyoCd=3373500101-00&ServiceCd=110&Type=search", "url2": "http://www.kyouaikai.or.jp/" }, "geometry": { "type": "Point", "coordinates": [ 133.935635100000013, 35.071527100000012 ] } },
{ "type": "Feature", "properties": { "内容": "奥津指定訪問介護事業所【訪問介護】岡山県苫田郡鏡野町井坂495", "url": "https://www.kaigokensaku.mhlw.go.jp/33/index.php?action_kouhyou_detail_004_kani=true&JigyosyoCd=3373500390-00&ServiceCd=110&Type=search", "url2": "http://www.fukushiokayama.or.jp/kagamino/kagamino.htm" }, "geometry": { "type": "Point", "coordinates": [ 133.905515499999979, 35.2398272 ] } },
{ "type": "Feature", "properties": { "内容": "ヘルパーステーション自由が丘【訪問介護】岡山県苫田郡鏡野町奥津川西２４４－２", "url": "https://www.kaigokensaku.mhlw.go.jp/33/index.php?action_kouhyou_detail_004_kani=true&JigyosyoCd=3373500473-00&ServiceCd=110&Type=search", "url2": null }, "geometry": { "type": "Point", "coordinates": [ 133.918744400000037, 35.221764 ] } },
{ "type": "Feature", "properties": { "内容": "指定訪問介護事業所「たんぽぽ」【訪問介護】岡山県勝田郡勝央町平242-1", "url": "https://www.kaigokensaku.mhlw.go.jp/33/index.php?action_kouhyou_detail_004_kani=true&JigyosyoCd=3373600273-00&ServiceCd=110&Type=search", "url2": "http://www.bloominglife.or.jp/index.html" }, "geometry": { "type": "Point", "coordinates": [ 134.116052, 35.0433176 ] } },
{ "type": "Feature", "properties": { "内容": "ふくろうヘルプ【訪問介護】岡山県勝田郡勝央町平８６５番地", "url": "https://www.kaigokensaku.mhlw.go.jp/33/index.php?action_kouhyou_detail_004_kani=true&JigyosyoCd=3373600612-00&ServiceCd=110&Type=search", "url2": "http://www.fukurohelp.com/" }, "geometry": { "type": "Point", "coordinates": [ 134.116132399999969, 35.0483587 ] } },
{ "type": "Feature", "properties": { "内容": "訪問介護ステーションくるみ【訪問介護】平1276-1", "url": "https://www.kaigokensaku.mhlw.go.jp/33/index.php?action_kouhyou_detail_004_kani=true&JigyosyoCd=3370300943-00&ServiceCd=110&Type=search", "url2": null }, "geometry": { "type": "Point", "coordinates": [ 134.003337118556942, 35.080385231314686 ] } },
{ "type": "Feature", "properties": { "内容": "奈義町社会福祉協議会　訪問介護事業所【訪問介護】岡山県勝田郡奈義町豊沢327番地１保険相談センター内", "url": "https://www.kaigokensaku.mhlw.go.jp/33/index.php?action_kouhyou_detail_004_kani=true&JigyosyoCd=3383600024-00&ServiceCd=110&Type=search", "url2": "http://www.nagishakyo.jp/" }, "geometry": { "type": "Point", "coordinates": [ 134.175631, 35.123639 ] } },
{ "type": "Feature", "properties": { "内容": "久米南町社会福祉協議会訪問介護ステーション【訪問介護】岡山県久米郡久米南町下弓削５１５－１", "url": "https://www.kaigokensaku.mhlw.go.jp/33/index.php?action_kouhyou_detail_004_kani=true&JigyosyoCd=3373800261-00&ServiceCd=110&Type=search", "url2": null }, "geometry": { "type": "Point", "coordinates": [ 133.96083048584444, 34.929530805523498 ] } },
{ "type": "Feature", "properties": { "内容": "しえんヘルパーセンター【訪問介護】岡山県久米郡久米南町山ノ城３９９－１４", "url": "https://www.kaigokensaku.mhlw.go.jp/33/index.php?action_kouhyou_detail_004_kani=true&JigyosyoCd=3373800378-00&ServiceCd=110&Type=search", "url2": null }, "geometry": { "type": "Point", "coordinates": [ 133.961897, 34.958993 ] } },
{ "type": "Feature", "properties": { "内容": "ヘルパーステーション美咲【訪問介護】岡山県久米郡美咲町原田3108-10", "url": "https://www.kaigokensaku.mhlw.go.jp/33/index.php?action_kouhyou_detail_004_kani=true&JigyosyoCd=3373800113-00&ServiceCd=110&Type=search", "url2": "ｍ－syakyo-houmon@cyerry.net" }, "geometry": { "type": "Point", "coordinates": [ 133.954643323933851, 34.994763249875334 ] } },
{ "type": "Feature", "properties": { "内容": "ヘルパーステーションスマイル【訪問介護】岡山県久米郡美咲町小原１５１１", "url": "https://www.kaigokensaku.mhlw.go.jp/33/index.php?action_kouhyou_detail_004_kani=true&JigyosyoCd=3373800642-00&ServiceCd=110&Type=search", "url2": "http://hp.kaipoke.biz/anc/" }, "geometry": { "type": "Point", "coordinates": [ 133.962693300000012, 34.9739239 ] } },
{ "type": "Feature", "properties": { "内容": "吉備中央町社会福祉協議会訪問介護事業所【訪問介護】岡山県加賀郡吉備中央町円城５４０番地－４", "url": "https://www.kaigokensaku.mhlw.go.jp/33/index.php?action_kouhyou_detail_004_kani=true&JigyosyoCd=3372100036-00&ServiceCd=110&Type=search", "url2": "http://www.fukushikibichuo.or.jp" }, "geometry": { "type": "Point", "coordinates": [ 133.811918479762198, 34.891675916595155 ] } }
]
}
