{
"type": "FeatureCollection",
"name": "geo_33_通所介護",
"crs": { "type": "name", "properties": { "name": "urn:ogc:def:crs:OGC:1.3:CRS84" } },
"features": [
{ "type": "Feature", "properties": { "内容": "デイリハセンター同仁【通所介護】岡山市北区下伊福上町１５－７同仁病院５階", "url": "https://www.kaigokensaku.mhlw.go.jp/33/index.php?action_kouhyou_detail_004_kani=true&JigyosyoCd=3370110029-00&ServiceCd=150&Type=search", "url2": "http://oozorakai.com/" }, "geometry": { "type": "Point", "coordinates": [ 133.903122899999971, 34.6679185 ] } },
{ "type": "Feature", "properties": { "内容": "入浴特化型デイサービスゆらら【通所介護】岡山県岡山市北区田中626-2", "url": "https://www.kaigokensaku.mhlw.go.jp/33/index.php?action_kouhyou_detail_004_kani=true&JigyosyoCd=3370115721-00&ServiceCd=150&Type=search", "url2": "https://day-yurara.co" }, "geometry": { "type": "Point", "coordinates": [ 133.882216462565623, 34.638187477462417 ] } },
{ "type": "Feature", "properties": { "内容": "いなほデイサービスセンターいこう【通所介護】岡山県岡山市北区建部町川口790-1", "url": "https://www.kaigokensaku.mhlw.go.jp/33/index.php?action_kouhyou_detail_004_kani=true&JigyosyoCd=3370109484-00&ServiceCd=150&Type=search", "url2": "ｈｔｔｐs://www.inahostylecare.com" }, "geometry": { "type": "Point", "coordinates": [ 133.894402318602062, 34.890671698666694 ] } },
{ "type": "Feature", "properties": { "内容": "一福デイサービスセンター【通所介護】岡山県岡山市北区大元上町14-13", "url": "https://www.kaigokensaku.mhlw.go.jp/33/index.php?action_kouhyou_detail_004_kani=true&JigyosyoCd=3370116471-00&ServiceCd=150&Type=search", "url2": "http://hp.kaipoke.biz/y06/" }, "geometry": { "type": "Point", "coordinates": [ 133.898992299999946, 34.648705630577048 ] } },
{ "type": "Feature", "properties": { "内容": "いなほデイサービスセンター　ふらっと【通所介護】岡山県岡山市北区建部町川口790番地3", "url": "https://www.kaigokensaku.mhlw.go.jp/33/index.php?action_kouhyou_detail_004_kani=true&JigyosyoCd=3370116950-00&ServiceCd=150&Type=search", "url2": "https://www.inahostylecare.com/" }, "geometry": { "type": "Point", "coordinates": [ 133.903763199999986, 34.8879493 ] } },
{ "type": "Feature", "properties": { "内容": "ロングライフデイサービスセンター【通所介護】岡山県岡山市北区天瀬5-8", "url": "https://www.kaigokensaku.mhlw.go.jp/33/index.php?action_kouhyou_detail_004_kani=true&JigyosyoCd=3370113700-00&ServiceCd=150&Type=search", "url2": "http://longlife-town.com" }, "geometry": { "type": "Point", "coordinates": [ 133.928856399999972, 34.6555515 ] } },
{ "type": "Feature", "properties": { "内容": "ニチイケアセンター岡山南【通所介護】岡山県岡山市北区下中野324-118", "url": "https://www.kaigokensaku.mhlw.go.jp/33/index.php?action_kouhyou_detail_004_kani=true&JigyosyoCd=3370111233-00&ServiceCd=150&Type=search", "url2": "http://www.nichiigakkan.co.jp/" }, "geometry": { "type": "Point", "coordinates": [ 133.908098099999961, 34.6408553 ] } },
{ "type": "Feature", "properties": { "内容": "フィットネスデイサービスステップス【通所介護】岡山県岡山市北区絵図町1-50OSK健幸プラザ4F", "url": "https://www.kaigokensaku.mhlw.go.jp/33/index.php?action_kouhyou_detail_004_kani=true&JigyosyoCd=3370116356-00&ServiceCd=150&Type=search", "url2": "http://www.hoshi-home.com" }, "geometry": { "type": "Point", "coordinates": [ 133.9203882, 34.6756193 ] } },
{ "type": "Feature", "properties": { "内容": "デイサービスセンター同仁【通所介護】岡山県岡山市北区楢津590-3", "url": "https://www.kaigokensaku.mhlw.go.jp/33/index.php?action_kouhyou_detail_004_kani=true&JigyosyoCd=3370112983-00&ServiceCd=150&Type=search", "url2": "http://oozorakai.com/" }, "geometry": { "type": "Point", "coordinates": [ 133.878872600000022, 34.6769612 ] } },
{ "type": "Feature", "properties": { "内容": "ブルーミングケアあおえ岡山【通所介護】青江4丁目22-5", "url": "https://www.kaigokensaku.mhlw.go.jp/33/index.php?action_kouhyou_detail_004_kani=true&JigyosyoCd=3370116612-00&ServiceCd=150&Type=search", "url2": "https://sawalemon.com/" }, "geometry": { "type": "Point", "coordinates": [ 133.923732700000016, 34.6288959 ] } },
{ "type": "Feature", "properties": { "内容": "岡山シルバーデイサービスセンター【通所介護】岡山県岡山市北区新庄上５４５－１", "url": "https://www.kaigokensaku.mhlw.go.jp/33/index.php?action_kouhyou_detail_004_kani=true&JigyosyoCd=3370101580-00&ServiceCd=150&Type=search", "url2": "http://www.silver21.or.jp/" }, "geometry": { "type": "Point", "coordinates": [ 133.804960599999959, 34.6816235 ] } },
{ "type": "Feature", "properties": { "内容": "デイサービスセンターやわらぎ【通所介護】内山下1-7-17コモンライフやわらぎ　1F", "url": "https://www.kaigokensaku.mhlw.go.jp/33/index.php?action_kouhyou_detail_004_kani=true&JigyosyoCd=3370116166-00&ServiceCd=150&Type=search", "url2": "ttps://yaearagi.okazaki-k.co.jp" }, "geometry": { "type": "Point", "coordinates": [ 133.9309175, 34.6607384 ] } },
{ "type": "Feature", "properties": { "内容": "三戸内科デイサービスセンター【通所介護】岡山県岡山市北区牟佐168-3", "url": "https://www.kaigokensaku.mhlw.go.jp/33/index.php?action_kouhyou_detail_004_kani=true&JigyosyoCd=3370103487-00&ServiceCd=150&Type=search", "url2": "https://yf4mm.crayonsite.com" }, "geometry": { "type": "Point", "coordinates": [ 133.980869900000016, 34.7254952 ] } },
{ "type": "Feature", "properties": { "内容": "デイサービスセンターもも【通所介護】岡山市北区大安寺南町２丁目７番２３号", "url": "https://www.kaigokensaku.mhlw.go.jp/33/index.php?action_kouhyou_detail_004_kani=true&JigyosyoCd=3370113486-00&ServiceCd=150&Type=search", "url2": null }, "geometry": { "type": "Point", "coordinates": [ 133.888399400000026, 34.66109380000001 ] } },
{ "type": "Feature", "properties": { "内容": "渡辺医院通所介護【通所介護】岡山県岡山市北区吉備津1019", "url": "https://www.kaigokensaku.mhlw.go.jp/33/index.php?action_kouhyou_detail_004_kani=true&JigyosyoCd=3310114222-00&ServiceCd=150&Type=search", "url2": "http://www.myclinic.ne.jp/wata_clinic/" }, "geometry": { "type": "Point", "coordinates": [ 133.845104, 34.6729137 ] } },
{ "type": "Feature", "properties": { "内容": "みなみがた荘デイサービスセンター【通所介護】岡山県岡山市北区国体町3-12", "url": "https://www.kaigokensaku.mhlw.go.jp/33/index.php?action_kouhyou_detail_004_kani=true&JigyosyoCd=3370101242-00&ServiceCd=150&Type=search", "url2": "http://www.okasaisei-life.jp" }, "geometry": { "type": "Point", "coordinates": [ 133.920442900000012, 34.6734989 ] } },
{ "type": "Feature", "properties": { "内容": "憩いの丘　デイサービスセンター【通所介護】岡山県岡山市北区日近１８０７", "url": "https://www.kaigokensaku.mhlw.go.jp/33/index.php?action_kouhyou_detail_004_kani=true&JigyosyoCd=3370102059-00&ServiceCd=150&Type=search", "url2": "https://www.okasaisei-life.jp/facility-list/corp-ikoino_oka" }, "geometry": { "type": "Point", "coordinates": [ 133.8179149, 34.7516321 ] } },
{ "type": "Feature", "properties": { "内容": "足守荘デイサービスセンター【通所介護】岡山県岡山市北区下足守１８９８", "url": "https://www.kaigokensaku.mhlw.go.jp/33/index.php?action_kouhyou_detail_004_kani=true&JigyosyoCd=3370102117-00&ServiceCd=150&Type=search", "url2": "http://ikenaga-group.jp/" }, "geometry": { "type": "Point", "coordinates": [ 133.803677900000025, 34.7184117 ] } },
{ "type": "Feature", "properties": { "内容": "津高寮デイサービスセンター【通所介護】岡山県岡山市北区津高４３６－１", "url": "https://www.kaigokensaku.mhlw.go.jp/33/index.php?action_kouhyou_detail_004_kani=true&JigyosyoCd=3370102786-00&ServiceCd=150&Type=search", "url2": "http://www.tsudakaryou.jp/" }, "geometry": { "type": "Point", "coordinates": [ 133.908320900000035, 34.7008592 ] } },
{ "type": "Feature", "properties": { "内容": "佐藤医院デイサービスセンター【通所介護】岡山県岡山市北区旭町１５", "url": "https://www.kaigokensaku.mhlw.go.jp/33/index.php?action_kouhyou_detail_004_kani=true&JigyosyoCd=3370103073-00&ServiceCd=150&Type=search", "url2": "http://www18.ocn.ne.jp/~satoh/index.html" }, "geometry": { "type": "Point", "coordinates": [ 133.927092899999934, 34.6471329 ] } },
{ "type": "Feature", "properties": { "内容": "北ふれあいデイサービスセンター【通所介護】岡山県岡山市北区谷万成2丁目6番33号", "url": "https://www.kaigokensaku.mhlw.go.jp/33/index.php?action_kouhyou_detail_004_kani=true&JigyosyoCd=3370103370-00&ServiceCd=150&Type=search", "url2": "http://www.okayama-fureai.or.jp/" }, "geometry": { "type": "Point", "coordinates": [ 133.8956038, 34.6787448 ] } },
{ "type": "Feature", "properties": { "内容": "デイサービスセンター旭ヶ丘【通所介護】岡山県岡山市北区万成東町２－２８", "url": "https://www.kaigokensaku.mhlw.go.jp/33/index.php?action_kouhyou_detail_004_kani=true&JigyosyoCd=3370103446-00&ServiceCd=150&Type=search", "url2": "http://junfuku.jp/index.php" }, "geometry": { "type": "Point", "coordinates": [ 133.896290099999987, 34.6739287 ] } },
{ "type": "Feature", "properties": { "内容": "デイサービスセンター　おくだ【通所介護】岡山県岡山市北区奥田本町13-8", "url": "https://www.kaigokensaku.mhlw.go.jp/33/index.php?action_kouhyou_detail_004_kani=true&JigyosyoCd=3370103651-00&ServiceCd=150&Type=search", "url2": "http://www.okadacl-deiokuda.or.jp" }, "geometry": { "type": "Point", "coordinates": [ 133.920556499491056, 34.646487797645186 ] } },
{ "type": "Feature", "properties": { "内容": "泉寿の里デイサービスセンター【通所介護】岡山県岡山市北区三門中町１－２", "url": "https://www.kaigokensaku.mhlw.go.jp/33/index.php?action_kouhyou_detail_004_kani=true&JigyosyoCd=3370104717-00&ServiceCd=150&Type=search", "url2": "https://senjunosato.or.jp" }, "geometry": { "type": "Point", "coordinates": [ 133.904558800000018, 34.6684657 ] } },
{ "type": "Feature", "properties": { "内容": "ひかりデイサービスセンター【通所介護】岡山県岡山市北区田中110-108", "url": "https://www.kaigokensaku.mhlw.go.jp/33/index.php?action_kouhyou_detail_004_kani=true&JigyosyoCd=3370106126-00&ServiceCd=150&Type=search", "url2": "http://www.keiyuu-kai.or.jp/" }, "geometry": { "type": "Point", "coordinates": [ 133.884003600000028, 34.6424459 ] } },
{ "type": "Feature", "properties": { "内容": "つしまデイサービスセンター【通所介護】岡山県岡山市北区津島福居１－２－15", "url": "https://www.kaigokensaku.mhlw.go.jp/33/index.php?action_kouhyou_detail_004_kani=true&JigyosyoCd=3370106357-00&ServiceCd=150&Type=search", "url2": "http://www.oozorakai.com/" }, "geometry": { "type": "Point", "coordinates": [ 133.913673564921254, 34.687614762402582 ] } },
{ "type": "Feature", "properties": { "内容": "ぬくもりの里あおえ　デイサービスセンター【通所介護】岡山県岡山市北区青江三丁目１０番２８号", "url": "https://www.kaigokensaku.mhlw.go.jp/33/index.php?action_kouhyou_detail_004_kani=true&JigyosyoCd=3370107496-00&ServiceCd=150&Type=search", "url2": "http://www.nukumorinosato.jp" }, "geometry": { "type": "Point", "coordinates": [ 133.926471099999958, 34.6341705 ] } },
{ "type": "Feature", "properties": { "内容": "アクティブデイサービスセンター【通所介護】岡山県岡山市北区立田587番", "url": "https://www.kaigokensaku.mhlw.go.jp/33/index.php?action_kouhyou_detail_004_kani=true&JigyosyoCd=3370108338-00&ServiceCd=150&Type=search", "url2": "https://www.ikenaga-group.jp/" }, "geometry": { "type": "Point", "coordinates": [ 133.829867799999988, 34.6843457 ] } },
{ "type": "Feature", "properties": { "内容": "ケアパートナー岡山西【通所介護】岡山県岡山市北区平田169-103サンフィールド１階", "url": "https://www.kaigokensaku.mhlw.go.jp/33/index.php?action_kouhyou_detail_004_kani=true&JigyosyoCd=3370108775-00&ServiceCd=150&Type=search", "url2": "http://www.care-partner.com/" }, "geometry": { "type": "Point", "coordinates": [ 133.885234200000014, 34.633847 ] } },
{ "type": "Feature", "properties": { "内容": "アイリーフデイサービスセンター西口【通所介護】岡山県岡山市北区奉還町1-3-18アイグランデュ岡山内", "url": "https://www.kaigokensaku.mhlw.go.jp/33/index.php?action_kouhyou_detail_004_kani=true&JigyosyoCd=3370109344-00&ServiceCd=150&Type=search", "url2": "http://www.ilief.jp" }, "geometry": { "type": "Point", "coordinates": [ 133.917977376902826, 34.668532594677679 ] } },
{ "type": "Feature", "properties": { "内容": "アイル岡山【通所介護】岡山県岡山市北区野田３－１６－１　下電開発ビル１F", "url": "https://www.kaigokensaku.mhlw.go.jp/33/index.php?action_kouhyou_detail_004_kani=true&JigyosyoCd=3370110433-00&ServiceCd=150&Type=search", "url2": "http://morenet.co.jp" }, "geometry": { "type": "Point", "coordinates": [ 133.900895799999944, 34.6541479 ] } },
{ "type": "Feature", "properties": { "内容": "ヒューマンライフケアいま【通所介護】岡山市北区今８丁目１６－２８", "url": "https://www.kaigokensaku.mhlw.go.jp/33/index.php?action_kouhyou_detail_004_kani=true&JigyosyoCd=3370110466-00&ServiceCd=150&Type=search", "url2": null }, "geometry": { "type": "Point", "coordinates": [ 133.8923585, 34.6366831 ] } },
{ "type": "Feature", "properties": { "内容": "ヒューマンライフケアかすが【通所介護】岡山県岡山市北区春日町5-31FKビル１F", "url": "https://www.kaigokensaku.mhlw.go.jp/33/index.php?action_kouhyou_detail_004_kani=true&JigyosyoCd=3370111175-00&ServiceCd=150&Type=search", "url2": "http://hlc.athuman.com/caresearch/okayama/366023/index.php?sisetu=98" }, "geometry": { "type": "Point", "coordinates": [ 133.9215461, 34.6540069 ] } },
{ "type": "Feature", "properties": { "内容": "デイサービスゆりかご【通所介護】岡山県岡山市北区大元上町11-29", "url": "https://www.kaigokensaku.mhlw.go.jp/33/index.php?action_kouhyou_detail_004_kani=true&JigyosyoCd=3370111209-00&ServiceCd=150&Type=search", "url2": "http://www.hada-clinic.com/yurikago/misc/day_service.html" }, "geometry": { "type": "Point", "coordinates": [ 133.900121099999978, 34.647912500000011 ] } },
{ "type": "Feature", "properties": { "内容": "デイリハセンターおひさま【通所介護】下中野２４３－６", "url": "https://www.kaigokensaku.mhlw.go.jp/33/index.php?action_kouhyou_detail_004_kani=true&JigyosyoCd=3370111944-00&ServiceCd=150&Type=search", "url2": null }, "geometry": { "type": "Point", "coordinates": [ 133.906409241961711, 34.638890896518589 ] } },
{ "type": "Feature", "properties": { "内容": "丸の内ヒルズ　デイサービス【通所介護】岡山市北区丸の内二丁目１番１０号", "url": "https://www.kaigokensaku.mhlw.go.jp/33/index.php?action_kouhyou_detail_004_kani=true&JigyosyoCd=3370112264-00&ServiceCd=150&Type=search", "url2": "http://ryobi-hc.jp" }, "geometry": { "type": "Point", "coordinates": [ 133.933658436909468, 34.665480297316314 ] } },
{ "type": "Feature", "properties": { "内容": "リハビリデイサービス和合の郷　金川店【通所介護】岡山市北区御津金川314-1", "url": "https://www.kaigokensaku.mhlw.go.jp/33/index.php?action_kouhyou_detail_004_kani=true&JigyosyoCd=3370112462-00&ServiceCd=150&Type=search", "url2": null }, "geometry": { "type": "Point", "coordinates": [ 133.933496399999967, 34.793748700000016 ] } },
{ "type": "Feature", "properties": { "内容": "ザグスタ北方【通所介護】岡山県岡山市北区北方２丁目１－１３", "url": "https://www.kaigokensaku.mhlw.go.jp/33/index.php?action_kouhyou_detail_004_kani=true&JigyosyoCd=3370112512-00&ServiceCd=150&Type=search", "url2": "http://www.zagzag.co.jp/zagstu/" }, "geometry": { "type": "Point", "coordinates": [ 133.92902165263979, 34.686911286987083 ] } },
{ "type": "Feature", "properties": { "内容": "ザグスタ野田【通所介護】岡山県岡山市北区野田3丁目19-8", "url": "https://www.kaigokensaku.mhlw.go.jp/33/index.php?action_kouhyou_detail_004_kani=true&JigyosyoCd=3370112520-00&ServiceCd=150&Type=search", "url2": "http://www.zagzag.co.jp/zagstu/" }, "geometry": { "type": "Point", "coordinates": [ 133.8979698, 34.6519768 ] } },
{ "type": "Feature", "properties": { "内容": "両備ヘルシーケア大安寺東公園前デイサービス【通所介護】岡山県岡山市北区西崎二丁目7番14", "url": "https://www.kaigokensaku.mhlw.go.jp/33/index.php?action_kouhyou_detail_004_kani=true&JigyosyoCd=3370115028-00&ServiceCd=150&Type=search", "url2": "http://ryobi-hc.jp/" }, "geometry": { "type": "Point", "coordinates": [ 133.8940907, 34.6650186 ] } },
{ "type": "Feature", "properties": { "内容": "グッドライフデイサービスセンター【通所介護】岡山県岡山市北区津高696-2", "url": "https://www.kaigokensaku.mhlw.go.jp/33/index.php?action_kouhyou_detail_004_kani=true&JigyosyoCd=3370115192-00&ServiceCd=150&Type=search", "url2": "https://goodlife-okayama.p-kit.com" }, "geometry": { "type": "Point", "coordinates": [ 133.903486853442359, 34.696533591845359 ] } },
{ "type": "Feature", "properties": { "内容": "デイサービス　笠井の里【通所介護】岡山県岡山市北区畑鮎１１７", "url": "https://www.kaigokensaku.mhlw.go.jp/33/index.php?action_kouhyou_detail_004_kani=true&JigyosyoCd=3370115374-00&ServiceCd=150&Type=search", "url2": "http://www.tougou-iryou-bc.co.jp" }, "geometry": { "type": "Point", "coordinates": [ 133.939404400000058, 34.7177613 ] } },
{ "type": "Feature", "properties": { "内容": "デイサービスセンター　きびてらす【通所介護】平野1005-9", "url": "https://www.kaigokensaku.mhlw.go.jp/33/index.php?action_kouhyou_detail_004_kani=true&JigyosyoCd=3370115580-00&ServiceCd=150&Type=search", "url2": "infoscs@fukujukai-gp.com" }, "geometry": { "type": "Point", "coordinates": [ 133.858506579577835, 34.647416629450923 ] } },
{ "type": "Feature", "properties": { "内容": "ツクイ岡山御南【通所介護】岡山県岡山市北区田中633-4", "url": "https://www.kaigokensaku.mhlw.go.jp/33/index.php?action_kouhyou_detail_004_kani=true&JigyosyoCd=3370116042-00&ServiceCd=150&Type=search", "url2": "https://www.tsukui.net/home-care/2539" }, "geometry": { "type": "Point", "coordinates": [ 133.880577499999987, 34.6407522 ] } },
{ "type": "Feature", "properties": { "内容": "ツクイ岡山大安寺【通所介護】大安寺東町6-10", "url": "https://www.kaigokensaku.mhlw.go.jp/33/index.php?action_kouhyou_detail_004_kani=true&JigyosyoCd=3370116117-00&ServiceCd=150&Type=search", "url2": "https://www.tsukui.net/home-care/2747/" }, "geometry": { "type": "Point", "coordinates": [ 133.8901798, 34.6626171 ] } },
{ "type": "Feature", "properties": { "内容": "ほのぼの荘デイサービスセンター【通所介護】岡山県岡山市北区建部町福渡1008-1", "url": "https://www.kaigokensaku.mhlw.go.jp/33/index.php?action_kouhyou_detail_004_kani=true&JigyosyoCd=3370116349-00&ServiceCd=150&Type=search", "url2": "http:kyokusuisou.jp/" }, "geometry": { "type": "Point", "coordinates": [ 133.9057392, 34.8655973 ] } },
{ "type": "Feature", "properties": { "内容": "デイサービスむすび【通所介護】岡山県岡山市北区加茂988番地8", "url": "https://www.kaigokensaku.mhlw.go.jp/33/index.php?action_kouhyou_detail_004_kani=true&JigyosyoCd=3370116570-00&ServiceCd=150&Type=search", "url2": "https://www.koinonia2020.com/" }, "geometry": { "type": "Point", "coordinates": [ 133.830944883467112, 34.676783383507122 ] } },
{ "type": "Feature", "properties": { "内容": "タイオンデイトレ大元【通所介護】西古松１丁目36-25", "url": "https://www.kaigokensaku.mhlw.go.jp/33/index.php?action_kouhyou_detail_004_kani=true&JigyosyoCd=3370116620-00&ServiceCd=150&Type=search", "url2": "https://www.taion365.co.jp/" }, "geometry": { "type": "Point", "coordinates": [ 133.9050868, 34.6490536 ] } },
{ "type": "Feature", "properties": { "内容": "ザグスタ吉備津【通所介護】岡山県北区西辛川414-1", "url": "https://www.kaigokensaku.mhlw.go.jp/33/index.php?action_kouhyou_detail_004_kani=true&JigyosyoCd=3370116810-00&ServiceCd=150&Type=search", "url2": "https://www.zagzag.co.jp/zagstu/" }, "geometry": { "type": "Point", "coordinates": [ 133.8541782, 34.6786432 ] } },
{ "type": "Feature", "properties": { "内容": "苫田温泉　泉水デイサービス【通所介護】岡山県岡山市北区栢谷1426-1", "url": "https://www.kaigokensaku.mhlw.go.jp/33/index.php?action_kouhyou_detail_004_kani=true&JigyosyoCd=3370117016-00&ServiceCd=150&Type=search", "url2": "https://ryobi-hc.jp/to_sensui-day/to_sensui-day.html" }, "geometry": { "type": "Point", "coordinates": [ 133.9164384, 34.727787761904779 ] } },
{ "type": "Feature", "properties": { "内容": "楓の風リハビリテーション颯岡山中央【通所介護】岡山県岡山市北区今7丁目18番29号今七丁目大森ビル", "url": "https://www.kaigokensaku.mhlw.go.jp/33/index.php?action_kouhyou_detail_004_kani=true&JigyosyoCd=3370117347-00&ServiceCd=150&Type=search", "url2": "http://kaedenokaze.com/" }, "geometry": { "type": "Point", "coordinates": [ 133.8922653, 34.642377 ] } },
{ "type": "Feature", "properties": { "内容": "デイサービスたけべ【通所介護】岡山県岡山市北区建部町建部上557-2", "url": "https://www.kaigokensaku.mhlw.go.jp/33/index.php?action_kouhyou_detail_004_kani=true&JigyosyoCd=3372100382-00&ServiceCd=150&Type=search", "url2": "http://www.hoyukai.co.jp" }, "geometry": { "type": "Point", "coordinates": [ 133.905918299999939, 34.8621766 ] } },
{ "type": "Feature", "properties": { "内容": "実りテラス【通所介護】岡山県岡山市北区宿230-2", "url": "https://www.kaigokensaku.mhlw.go.jp/33/index.php?action_kouhyou_detail_004_kani=true&JigyosyoCd=3370117727-00&ServiceCd=150&Type=search", "url2": null }, "geometry": { "type": "Point", "coordinates": [ 133.939651899999973, 34.696447300000017 ] } },
{ "type": "Feature", "properties": { "内容": "デイサービスセンター桃丘【通所介護】岡山県岡山市北区芳賀２４２１－１", "url": "https://www.kaigokensaku.mhlw.go.jp/33/index.php?action_kouhyou_detail_004_kani=true&JigyosyoCd=3370108940-00&ServiceCd=150&Type=search", "url2": "http://ikenaga-group.jp/" }, "geometry": { "type": "Point", "coordinates": [ 133.873699100000067, 34.7117879 ] } },
{ "type": "Feature", "properties": { "内容": "デイサービスセンター桃丘２号館【通所介護】芳賀2421‐3", "url": "https://www.kaigokensaku.mhlw.go.jp/33/index.php?action_kouhyou_detail_004_kani=true&JigyosyoCd=3370112173-00&ServiceCd=150&Type=search", "url2": "http://ikenaga-group.jp/" }, "geometry": { "type": "Point", "coordinates": [ 133.873949405557227, 34.711663757509719 ] } },
{ "type": "Feature", "properties": { "内容": "デイサービスセンター　こもれびの里【通所介護】岡山県岡山市北区富町2丁目18-28", "url": "https://www.kaigokensaku.mhlw.go.jp/33/index.php?action_kouhyou_detail_004_kani=true&JigyosyoCd=3370114286-00&ServiceCd=150&Type=search", "url2": "kawada.or.jp/komorebi.kawada.or.jp/index.html" }, "geometry": { "type": "Point", "coordinates": [ 133.907460638260318, 34.663420732890934 ] } },
{ "type": "Feature", "properties": { "内容": "デイサービスセンター大安寺【通所介護】岡山県岡山市北区大安寺南町一丁目7番17-2号", "url": "https://www.kaigokensaku.mhlw.go.jp/33/index.php?action_kouhyou_detail_004_kani=true&JigyosyoCd=3370106886-00&ServiceCd=150&Type=search", "url2": "http://www.kenhoukai-sasaki-clinic.com/CCP012.html" }, "geometry": { "type": "Point", "coordinates": [ 133.890974599999936, 34.6597914 ] } },
{ "type": "Feature", "properties": { "内容": "街なかデイサービス　和音【通所介護】岡山県岡山市北区番町一丁目10-4", "url": "https://www.kaigokensaku.mhlw.go.jp/33/index.php?action_kouhyou_detail_004_kani=true&JigyosyoCd=3370115259-00&ServiceCd=150&Type=search", "url2": "http;//www.hikasa.jp/" }, "geometry": { "type": "Point", "coordinates": [ 133.928375499999987, 34.6715718 ] } },
{ "type": "Feature", "properties": { "内容": "デイサービス花音【通所介護】岡山県岡山市北区西辛川323-15", "url": "https://www.kaigokensaku.mhlw.go.jp/33/index.php?action_kouhyou_detail_004_kani=true&JigyosyoCd=3370116869-00&ServiceCd=150&Type=search", "url2": null }, "geometry": { "type": "Point", "coordinates": [ 133.8614885, 34.6806323 ] } },
{ "type": "Feature", "properties": { "内容": "プランタン・デイサービスセンター【通所介護】岡山県岡山市北区下伊福西町2番12号ヴィラ・プランタンおかやま", "url": "https://www.kaigokensaku.mhlw.go.jp/33/index.php?action_kouhyou_detail_004_kani=true&JigyosyoCd=3370114716-00&ServiceCd=150&Type=search", "url2": "http://www.vp-okayama.com" }, "geometry": { "type": "Point", "coordinates": [ 133.900415, 34.6629302 ] } },
{ "type": "Feature", "properties": { "内容": "デイサービスセンターあさひ園【通所介護】岡山県岡山市北区旭本町６－２０", "url": "https://www.kaigokensaku.mhlw.go.jp/33/index.php?action_kouhyou_detail_004_kani=true&JigyosyoCd=3370102034-00&ServiceCd=150&Type=search", "url2": "https://suiseikai-group.jp/seioukai/" }, "geometry": { "type": "Point", "coordinates": [ 133.9277707, 34.6423168 ] } },
{ "type": "Feature", "properties": { "内容": "こうほくデイサービスセンター向日葵【通所介護】岡山県岡山市北区津島東２丁目1-34", "url": "https://www.kaigokensaku.mhlw.go.jp/33/index.php?action_kouhyou_detail_004_kani=true&JigyosyoCd=3370105771-00&ServiceCd=150&Type=search", "url2": "https://sinkyojin.com/himawari/" }, "geometry": { "type": "Point", "coordinates": [ 133.927868923278766, 34.688142726168834 ] } },
{ "type": "Feature", "properties": { "内容": "デイサービスセンター　エルム撫川【通所介護】岡山県岡山市北区撫川８２８番３号", "url": "https://www.kaigokensaku.mhlw.go.jp/33/index.php?action_kouhyou_detail_004_kani=true&JigyosyoCd=3370108106-00&ServiceCd=150&Type=search", "url2": "http://www.life-create.org" }, "geometry": { "type": "Point", "coordinates": [ 133.841681593254066, 34.638112850191121 ] } },
{ "type": "Feature", "properties": { "内容": "創心会リハビリ倶楽部大安寺【通所介護】岡山県岡山市北区日吉町14-3", "url": "https://www.kaigokensaku.mhlw.go.jp/33/index.php?action_kouhyou_detail_004_kani=true&JigyosyoCd=3370108635-00&ServiceCd=150&Type=search", "url2": "http://www.soushinkai.com" }, "geometry": { "type": "Point", "coordinates": [ 133.879283748417976, 34.656038267344258 ] } },
{ "type": "Feature", "properties": { "内容": "デイサービスセンター　アルフィック尾上【通所介護】岡山市北区尾上356番地1", "url": "https://www.kaigokensaku.mhlw.go.jp/33/index.php?action_kouhyou_detail_004_kani=true&JigyosyoCd=3370109419-00&ServiceCd=150&Type=search", "url2": "www.rcare.jp" }, "geometry": { "type": "Point", "coordinates": [ 133.8701241, 34.6658816 ] } },
{ "type": "Feature", "properties": { "内容": "デイサービスセンターアルフィック十日市【通所介護】岡山県岡山市北区十日市西町１１－６", "url": "https://www.kaigokensaku.mhlw.go.jp/33/index.php?action_kouhyou_detail_004_kani=true&JigyosyoCd=3370109781-00&ServiceCd=150&Type=search", "url2": "http://www.rcare.jp/" }, "geometry": { "type": "Point", "coordinates": [ 133.928387499999985, 34.6357037 ] } },
{ "type": "Feature", "properties": { "内容": "デイサービスセンター桜日和【通所介護】岡山市北区楢津373-1", "url": "https://www.kaigokensaku.mhlw.go.jp/33/index.php?action_kouhyou_detail_004_kani=true&JigyosyoCd=3370112447-00&ServiceCd=150&Type=search", "url2": "info@sakura-biyori.jp" }, "geometry": { "type": "Point", "coordinates": [ 133.883997009570294, 34.680549011658194 ] } },
{ "type": "Feature", "properties": { "内容": "デイサービスセンター　エルム撫川　かりん棟【通所介護】岡山市北区撫川827番地", "url": "https://www.kaigokensaku.mhlw.go.jp/33/index.php?action_kouhyou_detail_004_kani=true&JigyosyoCd=3370112694-00&ServiceCd=150&Type=search", "url2": "http:/www.life-create.org" }, "geometry": { "type": "Point", "coordinates": [ 133.8362131, 34.6414722 ] } },
{ "type": "Feature", "properties": { "内容": "創心会リハビリ倶楽部今【通所介護】今３丁目２５－２２", "url": "https://www.kaigokensaku.mhlw.go.jp/33/index.php?action_kouhyou_detail_004_kani=true&JigyosyoCd=3370112702-00&ServiceCd=150&Type=search", "url2": "http://www.soushinkai.com/" }, "geometry": { "type": "Point", "coordinates": [ 133.891424899999947, 34.6486788 ] } },
{ "type": "Feature", "properties": { "内容": "コンパスウォーク円山【通所介護】岡山県岡山市中区円山1027-14", "url": "https://www.kaigokensaku.mhlw.go.jp/33/index.php?action_kouhyou_detail_004_kani=true&JigyosyoCd=3370116406-00&ServiceCd=150&Type=search", "url2": null }, "geometry": { "type": "Point", "coordinates": [ 133.9739502, 34.6561041 ] } },
{ "type": "Feature", "properties": { "内容": "デイサービス　ココファン高屋【通所介護】岡山県岡山市中区高屋126", "url": "https://www.kaigokensaku.mhlw.go.jp/33/index.php?action_kouhyou_detail_004_kani=true&JigyosyoCd=3370113924-00&ServiceCd=150&Type=search", "url2": null }, "geometry": { "type": "Point", "coordinates": [ 133.963247335581968, 34.674399092521234 ] } },
{ "type": "Feature", "properties": { "内容": "ニチイケアセンター倉富【通所介護】岡山県岡山市中区山崎128-5", "url": "https://www.kaigokensaku.mhlw.go.jp/33/index.php?action_kouhyou_detail_004_kani=true&JigyosyoCd=3370103776-00&ServiceCd=150&Type=search", "url2": "http://www.nichiigakkan.co.jp/" }, "geometry": { "type": "Point", "coordinates": [ 133.970564035505902, 34.653165770478125 ] } },
{ "type": "Feature", "properties": { "内容": "デイサービスセンター　ながとし【通所介護】岡山県岡山市中区長利197-1ヴェルズ城東", "url": "https://www.kaigokensaku.mhlw.go.jp/33/index.php?action_kouhyou_detail_004_kani=true&JigyosyoCd=3370114302-00&ServiceCd=150&Type=search", "url2": "http://www.liaz.jp/" }, "geometry": { "type": "Point", "coordinates": [ 133.999434800000017, 34.6772398 ] } },
{ "type": "Feature", "properties": { "内容": "恵風荘デイサービスセンター【通所介護】岡山県岡山市中区今谷770-1", "url": "https://www.kaigokensaku.mhlw.go.jp/33/index.php?action_kouhyou_detail_004_kani=true&JigyosyoCd=3370102422-00&ServiceCd=150&Type=search", "url2": "http://www.keifuukai.or.jp/" }, "geometry": { "type": "Point", "coordinates": [ 133.983037842188992, 34.667473383793222 ] } },
{ "type": "Feature", "properties": { "内容": "幸輝園デイサービスーセンター【通所介護】岡山県岡山市中区乙多見147-1", "url": "https://www.kaigokensaku.mhlw.go.jp/33/index.php?action_kouhyou_detail_004_kani=true&JigyosyoCd=3370102646-00&ServiceCd=150&Type=search", "url2": "http://www.fukushi-koukikai.jp/" }, "geometry": { "type": "Point", "coordinates": [ 133.9761512, 34.6799446 ] } },
{ "type": "Feature", "properties": { "内容": "サルピス　デイサービスセンター【通所介護】岡山県岡山市中区東川原242-1株式会社サルピス松風", "url": "https://www.kaigokensaku.mhlw.go.jp/33/index.php?action_kouhyou_detail_004_kani=true&JigyosyoCd=3370105060-00&ServiceCd=150&Type=search", "url2": "www.sarupis.jp" }, "geometry": { "type": "Point", "coordinates": [ 133.94463978270835, 34.673930105082526 ] } },
{ "type": "Feature", "properties": { "内容": "デイサービスセンターくらた【通所介護】岡山県岡山市中区倉田668-1", "url": "https://www.kaigokensaku.mhlw.go.jp/33/index.php?action_kouhyou_detail_004_kani=true&JigyosyoCd=3370105201-00&ServiceCd=150&Type=search", "url2": null }, "geometry": { "type": "Point", "coordinates": [ 133.953998400000046, 34.6351323 ] } },
{ "type": "Feature", "properties": { "内容": "デイサービス八幡の里【通所介護】岡山県岡山市中区高島新屋敷395-1", "url": "https://www.kaigokensaku.mhlw.go.jp/33/index.php?action_kouhyou_detail_004_kani=true&JigyosyoCd=3370105276-00&ServiceCd=150&Type=search", "url2": "http://ww3.tiki.ne.jp/~kksugahara/" }, "geometry": { "type": "Point", "coordinates": [ 133.951215100000013, 34.6851406 ] } },
{ "type": "Feature", "properties": { "内容": "デイサービスセンター　たんぽぽ【通所介護】岡山県岡山市中区江崎２５４－５", "url": "https://www.kaigokensaku.mhlw.go.jp/33/index.php?action_kouhyou_detail_004_kani=true&JigyosyoCd=3370106779-00&ServiceCd=150&Type=search", "url2": null }, "geometry": { "type": "Point", "coordinates": [ 133.957445900000039, 34.624131 ] } },
{ "type": "Feature", "properties": { "内容": "ＮＴＴグループケアポート岡山【通所介護】岡山県岡山市中区湊２６４－８", "url": "https://www.kaigokensaku.mhlw.go.jp/33/index.php?action_kouhyou_detail_004_kani=true&JigyosyoCd=3370107025-00&ServiceCd=150&Type=search", "url2": "http://www.telwel-west.co.jp" }, "geometry": { "type": "Point", "coordinates": [ 133.959978299999989, 34.64374 ] } },
{ "type": "Feature", "properties": { "内容": "デイサービス福泊【通所介護】岡山県岡山市中区福泊263－1", "url": "https://www.kaigokensaku.mhlw.go.jp/33/index.php?action_kouhyou_detail_004_kani=true&JigyosyoCd=3370109724-00&ServiceCd=150&Type=search", "url2": "http://waraku-f.jp/" }, "geometry": { "type": "Point", "coordinates": [ 133.973928953303584, 34.657716043545243 ] } },
{ "type": "Feature", "properties": { "内容": "岡山ケアセンター　両備サン・オークス【通所介護】岡山県岡山市中区森下町5番5号", "url": "https://www.kaigokensaku.mhlw.go.jp/33/index.php?action_kouhyou_detail_004_kani=true&JigyosyoCd=3370110599-00&ServiceCd=150&Type=search", "url2": "http://www.ryobi-hc.jp" }, "geometry": { "type": "Point", "coordinates": [ 133.942024400000037, 34.6626125 ] } },
{ "type": "Feature", "properties": { "内容": "デイサービスセンター柔【通所介護】岡山県岡山市中区長岡471-1", "url": "https://www.kaigokensaku.mhlw.go.jp/33/index.php?action_kouhyou_detail_004_kani=true&JigyosyoCd=3370110797-00&ServiceCd=150&Type=search", "url2": null }, "geometry": { "type": "Point", "coordinates": [ 133.986446726983672, 34.679561187678402 ] } },
{ "type": "Feature", "properties": { "内容": "ザグスタさい【通所介護】岡山県岡山市中区さい150番地4", "url": "https://www.kaigokensaku.mhlw.go.jp/33/index.php?action_kouhyou_detail_004_kani=true&JigyosyoCd=3370112710-00&ServiceCd=150&Type=search", "url2": "http://www.zagzag.co.jp/zagstu/" }, "geometry": { "type": "Point", "coordinates": [ 133.948969686508235, 34.679837535998765 ] } },
{ "type": "Feature", "properties": { "内容": "両備ヘルシーケア福泊【通所介護】岡山県岡山市中区福泊262-3", "url": "https://www.kaigokensaku.mhlw.go.jp/33/index.php?action_kouhyou_detail_004_kani=true&JigyosyoCd=3370113957-00&ServiceCd=150&Type=search", "url2": "https://ryobi-hc.jp/" }, "geometry": { "type": "Point", "coordinates": [ 133.9742268, 34.6573528 ] } },
{ "type": "Feature", "properties": { "内容": "ザグスタ高島【通所介護】岡山県岡山市中区高島新屋敷207-1", "url": "https://www.kaigokensaku.mhlw.go.jp/33/index.php?action_kouhyou_detail_004_kani=true&JigyosyoCd=3370115804-00&ServiceCd=150&Type=search", "url2": "http://www.zagzag.co.jp/zagstu/" }, "geometry": { "type": "Point", "coordinates": [ 133.957349199999982, 34.686143753769194 ] } },
{ "type": "Feature", "properties": { "内容": "タイオンデイトレ雄町【通所介護】国府市場100-1", "url": "https://www.kaigokensaku.mhlw.go.jp/33/index.php?action_kouhyou_detail_004_kani=true&JigyosyoCd=3370116281-00&ServiceCd=150&Type=search", "url2": "https://www.taion365.co.jp/" }, "geometry": { "type": "Point", "coordinates": [ 133.9605334, 34.6910428 ] } },
{ "type": "Feature", "properties": { "内容": "タイオンデイトレ平井【通所介護】岡山市中区平井4丁目17－17", "url": "https://www.kaigokensaku.mhlw.go.jp/33/index.php?action_kouhyou_detail_004_kani=true&JigyosyoCd=3370117024-00&ServiceCd=150&Type=search", "url2": "https://www.taion365.co.jp/" }, "geometry": { "type": "Point", "coordinates": [ 133.9452435, 34.6388855 ] } },
{ "type": "Feature", "properties": { "内容": "デイサービスセンター・カドタ【通所介護】岡山県岡山市中区門田屋敷4-5-13", "url": "https://www.kaigokensaku.mhlw.go.jp/33/index.php?action_kouhyou_detail_004_kani=true&JigyosyoCd=3370101812-00&ServiceCd=150&Type=search", "url2": "http://syoufuukai.jp" }, "geometry": { "type": "Point", "coordinates": [ 133.939780299999939, 34.6527773 ] } },
{ "type": "Feature", "properties": { "内容": "デイサービスセンターアルフィック城東【通所介護】長利317-1", "url": "https://www.kaigokensaku.mhlw.go.jp/33/index.php?action_kouhyou_detail_004_kani=true&JigyosyoCd=3370116935-00&ServiceCd=150&Type=search", "url2": "http://www.rcare.jp" }, "geometry": { "type": "Point", "coordinates": [ 133.999028, 34.672542 ] } },
{ "type": "Feature", "properties": { "内容": "リハビリデイサービスてく・とこ【通所介護】西川原１３８", "url": "https://www.kaigokensaku.mhlw.go.jp/33/index.php?action_kouhyou_detail_004_kani=true&JigyosyoCd=3370117214-00&ServiceCd=150&Type=search", "url2": null }, "geometry": { "type": "Point", "coordinates": [ 133.94281060000003, 34.6789553 ] } },
{ "type": "Feature", "properties": { "内容": "ゆばの郷デイサービスセンター【通所介護】岡山県岡山市中区湯迫233", "url": "https://www.kaigokensaku.mhlw.go.jp/33/index.php?action_kouhyou_detail_004_kani=true&JigyosyoCd=3370109070-00&ServiceCd=150&Type=search", "url2": "https：//yubanosato.com/" }, "geometry": { "type": "Point", "coordinates": [ 133.974865200000067, 34.6954147 ] } },
{ "type": "Feature", "properties": { "内容": "デイサービスセンター　アルフィック東川原【通所介護】岡山県岡山市中区東川原160‐1", "url": "https://www.kaigokensaku.mhlw.go.jp/33/index.php?action_kouhyou_detail_004_kani=true&JigyosyoCd=3370111217-00&ServiceCd=150&Type=search", "url2": "http://www.rcare.jp/" }, "geometry": { "type": "Point", "coordinates": [ 133.944460099999986, 34.678594 ] } },
{ "type": "Feature", "properties": { "内容": "デイサービスセンタ　ハイライフ【通所介護】岡山市中区山崎312-55デイサービセンタ　ハイライフ", "url": "https://www.kaigokensaku.mhlw.go.jp/33/index.php?action_kouhyou_detail_004_kani=true&JigyosyoCd=3370112082-00&ServiceCd=150&Type=search", "url2": "http://hp.kaipoke.biz/723/" }, "geometry": { "type": "Point", "coordinates": [ 133.969371899999942, 34.6525643 ] } },
{ "type": "Feature", "properties": { "内容": "公益財団法人操風会デイサービスセンター操風【通所介護】岡山市中区奥市２－８", "url": "https://www.kaigokensaku.mhlw.go.jp/33/index.php?action_kouhyou_detail_004_kani=true&JigyosyoCd=3370112355-00&ServiceCd=150&Type=search", "url2": "okayama-happylife.jp" }, "geometry": { "type": "Point", "coordinates": [ 133.947693399999906, 34.6561245 ] } },
{ "type": "Feature", "properties": { "内容": "デイサービスセンター　アルフィック平井【通所介護】岡山県岡山市中区平井5丁目8-46", "url": "https://www.kaigokensaku.mhlw.go.jp/33/index.php?action_kouhyou_detail_004_kani=true&JigyosyoCd=3370114120-00&ServiceCd=150&Type=search", "url2": "www.rcare.jp" }, "geometry": { "type": "Point", "coordinates": [ 133.940552600000046, 34.6394231 ] } },
{ "type": "Feature", "properties": { "内容": "ツクイ岡山原尾島【通所介護】岡山県岡山市中区原尾島4丁目14番8号", "url": "https://www.kaigokensaku.mhlw.go.jp/33/index.php?action_kouhyou_detail_004_kani=true&JigyosyoCd=3370116059-00&ServiceCd=150&Type=search", "url2": "https://www.tsukui.net/" }, "geometry": { "type": "Point", "coordinates": [ 133.95250630000001, 34.6678633 ] } },
{ "type": "Feature", "properties": { "内容": "コンパスウォーク高島【通所介護】岡山県岡山市中区中井２丁目２-５", "url": "https://www.kaigokensaku.mhlw.go.jp/33/index.php?action_kouhyou_detail_004_kani=true&JigyosyoCd=3370117701-00&ServiceCd=150&Type=search", "url2": null }, "geometry": { "type": "Point", "coordinates": [ 133.9589919, 34.6882315 ] } },
{ "type": "Feature", "properties": { "内容": "原尾島クリニックデイサービスセンター【通所介護】岡山県岡山市中区原尾島三丁目8番18号", "url": "https://www.kaigokensaku.mhlw.go.jp/33/index.php?action_kouhyou_detail_004_kani=true&JigyosyoCd=3370106134-00&ServiceCd=150&Type=search", "url2": "http://www.haraosima-clinic.jp" }, "geometry": { "type": "Point", "coordinates": [ 133.946526700000049, 34.6704286 ] } },
{ "type": "Feature", "properties": { "内容": "デイサービスセンター・ハレルヤ【通所介護】岡山県岡山市中区さくら住座10-1", "url": "https://www.kaigokensaku.mhlw.go.jp/33/index.php?action_kouhyou_detail_004_kani=true&JigyosyoCd=3370115440-00&ServiceCd=150&Type=search", "url2": "https://www.okayama-hakuaikai.or.jp/hakuaikai/hallelujah/" }, "geometry": { "type": "Point", "coordinates": [ 133.933583799999951, 34.6515966 ] } },
{ "type": "Feature", "properties": { "内容": "(有)エバ　デイサービスセンターSORA【通所介護】岡山県岡山市東区松新町28-1", "url": "https://www.kaigokensaku.mhlw.go.jp/33/index.php?action_kouhyou_detail_004_kani=true&JigyosyoCd=3370114898-00&ServiceCd=150&Type=search", "url2": "https://www.eba-ds-sora.jp/" }, "geometry": { "type": "Point", "coordinates": [ 134.013484, 34.6573814 ] } },
{ "type": "Feature", "properties": { "内容": "コンパスウォーク益野【通所介護】岡山県岡山市東区益野町877", "url": "https://www.kaigokensaku.mhlw.go.jp/33/index.php?action_kouhyou_detail_004_kani=true&JigyosyoCd=3370115796-00&ServiceCd=150&Type=search", "url2": null }, "geometry": { "type": "Point", "coordinates": [ 133.9953999, 34.6585106 ] } },
{ "type": "Feature", "properties": { "内容": "石井内科デイサービスセンター【通所介護】岡山県岡山市東区神崎町１０５－１", "url": "https://www.kaigokensaku.mhlw.go.jp/33/index.php?action_kouhyou_detail_004_kani=true&JigyosyoCd=3370103958-00&ServiceCd=150&Type=search", "url2": "ishiinaika.e-doctor.info/" }, "geometry": { "type": "Point", "coordinates": [ 134.058482599999934, 34.6271899 ] } },
{ "type": "Feature", "properties": { "内容": "デイサービス　むらびと【通所介護】岡山市東区瀬戸町瀬戸255番地1", "url": "https://www.kaigokensaku.mhlw.go.jp/33/index.php?action_kouhyou_detail_004_kani=true&JigyosyoCd=3370111035-00&ServiceCd=150&Type=search", "url2": "http://www.seieijukai.co.jp" }, "geometry": { "type": "Point", "coordinates": [ 134.036106, 34.7345294 ] } },
{ "type": "Feature", "properties": { "内容": "デイサービス　とんぼの里【通所介護】瀬戸町瀬戸253番地", "url": "https://www.kaigokensaku.mhlw.go.jp/33/index.php?action_kouhyou_detail_004_kani=true&JigyosyoCd=3370112751-00&ServiceCd=150&Type=search", "url2": "http://www.seieijukai.co.jp" }, "geometry": { "type": "Point", "coordinates": [ 134.035687993731131, 34.73477219109909 ] } },
{ "type": "Feature", "properties": { "内容": "デイサービスセンター奏【通所介護】岡山県岡山市東区松新町206－1リリィ・ベル岡山東", "url": "https://www.kaigokensaku.mhlw.go.jp/33/index.php?action_kouhyou_detail_004_kani=true&JigyosyoCd=3370117271-00&ServiceCd=150&Type=search", "url2": "http://lily-bell.jp" }, "geometry": { "type": "Point", "coordinates": [ 134.005971174245133, 34.654746295338619 ] } },
{ "type": "Feature", "properties": { "内容": "デイサービスセンター満天【通所介護】岡山県岡山市東区矢井181-1", "url": "https://www.kaigokensaku.mhlw.go.jp/33/index.php?action_kouhyou_detail_004_kani=true&JigyosyoCd=3370114039-00&ServiceCd=150&Type=search", "url2": "http://mmrkfym.wixsite.com/manten" }, "geometry": { "type": "Point", "coordinates": [ 134.060726873016421, 34.705110229642365 ] } },
{ "type": "Feature", "properties": { "内容": "ニチイケアセンター瀬戸中央【通所介護】瀬戸町瀬戸24番地", "url": "https://www.kaigokensaku.mhlw.go.jp/33/index.php?action_kouhyou_detail_004_kani=true&JigyosyoCd=3370112918-00&ServiceCd=150&Type=search", "url2": "www.nichiigakkan.co.jp" }, "geometry": { "type": "Point", "coordinates": [ 134.037835772599806, 34.734576013944832 ] } },
{ "type": "Feature", "properties": { "内容": "デイサービスセンター阿知の里【通所介護】岡山県岡山市東区下阿知１１８０番地", "url": "https://www.kaigokensaku.mhlw.go.jp/33/index.php?action_kouhyou_detail_004_kani=true&JigyosyoCd=3370101309-00&ServiceCd=150&Type=search", "url2": "http://c-oka.org/" }, "geometry": { "type": "Point", "coordinates": [ 134.093937699999969, 34.6256236 ] } },
{ "type": "Feature", "properties": { "内容": "ハモニカ　デイサービスセンター【通所介護】岡山県岡山市東区浅川５２０番地の９", "url": "https://www.kaigokensaku.mhlw.go.jp/33/index.php?action_kouhyou_detail_004_kani=true&JigyosyoCd=3370101846-00&ServiceCd=150&Type=search", "url2": "http://www.hamonika.com/" }, "geometry": { "type": "Point", "coordinates": [ 134.069689199999971, 34.7091854 ] } },
{ "type": "Feature", "properties": { "内容": "上道荘デイサービスセンター【通所介護】岡山県岡山市東区中尾1036番地", "url": "https://www.kaigokensaku.mhlw.go.jp/33/index.php?action_kouhyou_detail_004_kani=true&JigyosyoCd=3370102869-00&ServiceCd=150&Type=search", "url2": "http://dainimakotokai.com" }, "geometry": { "type": "Point", "coordinates": [ 134.022051292065498, 34.707338075506101 ] } },
{ "type": "Feature", "properties": { "内容": "西大寺ふれあいデイサービスセンター【通所介護】岡山県岡山市東区西大寺中二丁目１６-３３", "url": "https://www.kaigokensaku.mhlw.go.jp/33/index.php?action_kouhyou_detail_004_kani=true&JigyosyoCd=3370103362-00&ServiceCd=150&Type=search", "url2": "http://www.okayama-fureai.or.jp/" }, "geometry": { "type": "Point", "coordinates": [ 134.0349374, 34.6565206 ] } },
{ "type": "Feature", "properties": { "内容": "有限会社宅老所華の苑【通所介護】岡山県岡山市東区金田１８５２－１", "url": "https://www.kaigokensaku.mhlw.go.jp/33/index.php?action_kouhyou_detail_004_kani=true&JigyosyoCd=3370105839-00&ServiceCd=150&Type=search", "url2": "http://t-hananoen.com/" }, "geometry": { "type": "Point", "coordinates": [ 134.025209099999984, 34.6237384 ] } },
{ "type": "Feature", "properties": { "内容": "デイサービス　明日香【通所介護】岡山県岡山市東区西大寺松崎297－7", "url": "https://www.kaigokensaku.mhlw.go.jp/33/index.php?action_kouhyou_detail_004_kani=true&JigyosyoCd=3370106605-00&ServiceCd=150&Type=search", "url2": null }, "geometry": { "type": "Point", "coordinates": [ 134.013582660259431, 34.662574773775582 ] } },
{ "type": "Feature", "properties": { "内容": "特定非営利活動法人　デイサービスセンター　おかやま　ままかり苑【通所介護】岡山県岡山市東区益野町754-1", "url": "https://www.kaigokensaku.mhlw.go.jp/33/index.php?action_kouhyou_detail_004_kani=true&JigyosyoCd=3370108767-00&ServiceCd=150&Type=search", "url2": "https://www.mamakari.or.jp/" }, "geometry": { "type": "Point", "coordinates": [ 133.994786100000027, 34.6549978 ] } },
{ "type": "Feature", "properties": { "内容": "さくら苑デイサービスセンターつくしんぼ【通所介護】岡山県岡山市東区西大寺浜253", "url": "https://www.kaigokensaku.mhlw.go.jp/33/index.php?action_kouhyou_detail_004_kani=true&JigyosyoCd=3370109039-00&ServiceCd=150&Type=search", "url2": "https://www.chuo-fukushikai.jp/facility/sakura/#link21" }, "geometry": { "type": "Point", "coordinates": [ 134.038298400000031, 34.6460216 ] } },
{ "type": "Feature", "properties": { "内容": "夕なぎデイサービスセンターもものはな【通所介護】岡山市東区宿毛748-5", "url": "https://www.kaigokensaku.mhlw.go.jp/33/index.php?action_kouhyou_detail_004_kani=true&JigyosyoCd=3370110342-00&ServiceCd=150&Type=search", "url2": "http://www.yunagi.jp" }, "geometry": { "type": "Point", "coordinates": [ 134.085392158613587, 34.622553149626881 ] } },
{ "type": "Feature", "properties": { "内容": "アイルまるつな【通所介護】岡山市東区益野町428-24", "url": "https://www.kaigokensaku.mhlw.go.jp/33/index.php?action_kouhyou_detail_004_kani=true&JigyosyoCd=3370114419-00&ServiceCd=150&Type=search", "url2": null }, "geometry": { "type": "Point", "coordinates": [ 133.99996215026249, 34.654436693617164 ] } },
{ "type": "Feature", "properties": { "内容": "デイサービスあい愛【通所介護】岡山県岡山市東区西大寺中野543－3", "url": "https://www.kaigokensaku.mhlw.go.jp/33/index.php?action_kouhyou_detail_004_kani=true&JigyosyoCd=3370115044-00&ServiceCd=150&Type=search", "url2": "http://aiai.bona.jp/" }, "geometry": { "type": "Point", "coordinates": [ 134.02470854617161, 34.65171004258 ] } },
{ "type": "Feature", "properties": { "内容": "ザグスタ平島【通所介護】岡山県岡山市東区東平島１０１９－１", "url": "https://www.kaigokensaku.mhlw.go.jp/33/index.php?action_kouhyou_detail_004_kani=true&JigyosyoCd=3370116265-00&ServiceCd=150&Type=search", "url2": "http://www.zagzag.co.jp/zagstu/" }, "geometry": { "type": "Point", "coordinates": [ 134.046046, 34.717863 ] } },
{ "type": "Feature", "properties": { "内容": "多聞荘デイサービスセンター【通所介護】岡山県岡山市東区瀬戸町坂根792-14", "url": "https://www.kaigokensaku.mhlw.go.jp/33/index.php?action_kouhyou_detail_004_kani=true&JigyosyoCd=3372200273-00&ServiceCd=150&Type=search", "url2": "http://www.tensetsukai.or.jp" }, "geometry": { "type": "Point", "coordinates": [ 134.0586293, 34.7400628 ] } },
{ "type": "Feature", "properties": { "内容": "ひかりデイベース西大寺【通所介護】岡山県岡山市東区西大寺松崎293-3", "url": "https://www.kaigokensaku.mhlw.go.jp/33/index.php?action_kouhyou_detail_004_kani=true&JigyosyoCd=3370117693-00&ServiceCd=150&Type=search", "url2": "https://hikariph.co.jp" }, "geometry": { "type": "Point", "coordinates": [ 134.01418247822059, 34.661734038254735 ] } },
{ "type": "Feature", "properties": { "内容": "あおぞらやまびこ倶楽部【通所介護】岡山県岡山市東区君津１４０６番地", "url": "https://www.kaigokensaku.mhlw.go.jp/33/index.php?action_kouhyou_detail_004_kani=true&JigyosyoCd=3370117768-00&ServiceCd=150&Type=search", "url2": "https://aozorakai.org/service/yamabiko/" }, "geometry": { "type": "Point", "coordinates": [ 134.009818200000012, 34.6374132 ] } },
{ "type": "Feature", "properties": { "内容": "健生園デイサービスセンター【通所介護】岡山県岡山市東区吉原２３１", "url": "https://www.kaigokensaku.mhlw.go.jp/33/index.php?action_kouhyou_detail_004_kani=true&JigyosyoCd=3370101994-00&ServiceCd=150&Type=search", "url2": "https://www.chuo-fukushikai.jp/" }, "geometry": { "type": "Point", "coordinates": [ 134.032540199999971, 34.6728105 ] } },
{ "type": "Feature", "properties": { "内容": "創心会リハビリ倶楽部益野【通所介護】岡山県岡山市東区可知3丁目17-53", "url": "https://www.kaigokensaku.mhlw.go.jp/33/index.php?action_kouhyou_detail_004_kani=true&JigyosyoCd=3370110284-00&ServiceCd=150&Type=search", "url2": "http://www.soushinkai.com" }, "geometry": { "type": "Point", "coordinates": [ 137.156721400000038, 35.3175027 ] } },
{ "type": "Feature", "properties": { "内容": "城本クリニックデイサービスセンター【通所介護】岡山県岡山市東区松新町６５番地の４", "url": "https://www.kaigokensaku.mhlw.go.jp/33/index.php?action_kouhyou_detail_004_kani=true&JigyosyoCd=3370106860-00&ServiceCd=150&Type=search", "url2": null }, "geometry": { "type": "Point", "coordinates": [ 134.009567699999934, 34.658409 ] } },
{ "type": "Feature", "properties": { "内容": "デイサービスセンター　アルフィック西大寺【通所介護】岡山県岡山市東区西大寺東3丁目８－２７", "url": "https://www.kaigokensaku.mhlw.go.jp/33/index.php?action_kouhyou_detail_004_kani=true&JigyosyoCd=3370108866-00&ServiceCd=150&Type=search", "url2": "http://www.rcare.jp/" }, "geometry": { "type": "Point", "coordinates": [ 134.049758099999963, 34.660161700000018 ] } },
{ "type": "Feature", "properties": { "内容": "デイサービス　みどり乃杜【通所介護】北浦121番地", "url": "https://www.kaigokensaku.mhlw.go.jp/33/index.php?action_kouhyou_detail_004_kani=true&JigyosyoCd=3370115218-00&ServiceCd=150&Type=search", "url2": "midorinomori@midorikai-net.or.jp" }, "geometry": { "type": "Point", "coordinates": [ 133.963324899999947, 34.5868579 ] } },
{ "type": "Feature", "properties": { "内容": "デイサービス　こもれび泉田【通所介護】岡山県岡山市南区泉田357-3", "url": "https://www.kaigokensaku.mhlw.go.jp/33/index.php?action_kouhyou_detail_004_kani=true&JigyosyoCd=3370109807-00&ServiceCd=150&Type=search", "url2": "http://www.komorebi-izumida.jp" }, "geometry": { "type": "Point", "coordinates": [ 133.911667299999976, 34.627332 ] } },
{ "type": "Feature", "properties": { "内容": "リ・ファインデイサービスセンター岡南【通所介護】岡山県岡山市南区浦安南町４４２－１", "url": "https://www.kaigokensaku.mhlw.go.jp/33/index.php?action_kouhyou_detail_004_kani=true&JigyosyoCd=3370111092-00&ServiceCd=150&Type=search", "url2": "http://www.refine-day.co.jp" }, "geometry": { "type": "Point", "coordinates": [ 133.925343580334498, 34.600433417442119 ] } },
{ "type": "Feature", "properties": { "内容": "デイサービスセンタープルミエ岡山【通所介護】岡山県岡山市南区北浦100", "url": "https://www.kaigokensaku.mhlw.go.jp/33/index.php?action_kouhyou_detail_004_kani=true&JigyosyoCd=3370102349-00&ServiceCd=150&Type=search", "url2": "http://ww3.tiki.ne.jp/~kenjukai/index.htm" }, "geometry": { "type": "Point", "coordinates": [ 133.963036, 34.5871411 ] } },
{ "type": "Feature", "properties": { "内容": "あけぼのクリニックデイサービスセンター【通所介護】岡山県岡山市南区築港新町１－７－２８", "url": "https://www.kaigokensaku.mhlw.go.jp/33/index.php?action_kouhyou_detail_004_kani=true&JigyosyoCd=3370103909-00&ServiceCd=150&Type=search", "url2": "http://www2.oninet.ne.jp/wellife2/" }, "geometry": { "type": "Point", "coordinates": [ 133.937353900000062, 34.6065492 ] } },
{ "type": "Feature", "properties": { "内容": "アミューズ富永　デイサービスえんじゅ【通所介護】岡山市南区福富西3-8-36", "url": "https://www.kaigokensaku.mhlw.go.jp/33/index.php?action_kouhyou_detail_004_kani=true&JigyosyoCd=3370111746-00&ServiceCd=150&Type=search", "url2": "http://amuse.kusuriya.jp/" }, "geometry": { "type": "Point", "coordinates": [ 133.927018299999986, 34.6224692 ] } },
{ "type": "Feature", "properties": { "内容": "コープデイサービス福浜【通所介護】岡山県岡山市南区福富中2丁目8-7", "url": "https://www.kaigokensaku.mhlw.go.jp/33/index.php?action_kouhyou_detail_004_kani=true&JigyosyoCd=3370106589-00&ServiceCd=150&Type=search", "url2": "http://www.okayama-health.coop/fukuhama/index.html" }, "geometry": { "type": "Point", "coordinates": [ 133.936892400000033, 34.6210641 ] } },
{ "type": "Feature", "properties": { "内容": "岡山福成ケアセンターそよ風【通所介護】岡山県岡山市南区福成一丁目161－1０", "url": "https://www.kaigokensaku.mhlw.go.jp/33/index.php?action_kouhyou_detail_004_kani=true&JigyosyoCd=3370116703-00&ServiceCd=150&Type=search", "url2": "https://www.sykz.co.jp/map/search?pref_name=%E5%B2%A1%E5%B1%B1%E7%9C%8C" }, "geometry": { "type": "Point", "coordinates": [ 133.932348334779363, 34.61660278192727 ] } },
{ "type": "Feature", "properties": { "内容": "岡山市西市デイサービスセンター【通所介護】岡山県岡山市南区西市123-1", "url": "https://www.kaigokensaku.mhlw.go.jp/33/index.php?action_kouhyou_detail_004_kani=true&JigyosyoCd=3370101689-00&ServiceCd=150&Type=search", "url2": "http://kounann.pnc.or.jp" }, "geometry": { "type": "Point", "coordinates": [ 133.903887599999962, 34.6287566 ] } },
{ "type": "Feature", "properties": { "内容": "若宮園デイサービスセンター【通所介護】岡山県岡山市南区箕島3491番地7", "url": "https://www.kaigokensaku.mhlw.go.jp/33/index.php?action_kouhyou_detail_004_kani=true&JigyosyoCd=3370102711-00&ServiceCd=150&Type=search", "url2": "http://junfuku.jp" }, "geometry": { "type": "Point", "coordinates": [ 133.836646687835724, 34.615525490625799 ] } },
{ "type": "Feature", "properties": { "内容": "西ふれあいデイサービスセンター【通所介護】岡山県岡山市南区妹尾880番地の1西ふれあいセンター1階", "url": "https://www.kaigokensaku.mhlw.go.jp/33/index.php?action_kouhyou_detail_004_kani=true&JigyosyoCd=3370103388-00&ServiceCd=150&Type=search", "url2": "http://www.okayama-fureai.or.jp/" }, "geometry": { "type": "Point", "coordinates": [ 133.863099499999947, 34.6113128 ] } },
{ "type": "Feature", "properties": { "内容": "デイサービスどるちぇ【通所介護】岡山県岡山市南区浦安南町73-16", "url": "https://www.kaigokensaku.mhlw.go.jp/33/index.php?action_kouhyou_detail_004_kani=true&JigyosyoCd=3370104527-00&ServiceCd=150&Type=search", "url2": null }, "geometry": { "type": "Point", "coordinates": [ 133.9218469, 34.5915283 ] } },
{ "type": "Feature", "properties": { "内容": "山本医院デイサービスセンター【通所介護】岡山県岡山市南区泉田４１８－２５", "url": "https://www.kaigokensaku.mhlw.go.jp/33/index.php?action_kouhyou_detail_004_kani=true&JigyosyoCd=3370105334-00&ServiceCd=150&Type=search", "url2": "http://www.isto.or.jp" }, "geometry": { "type": "Point", "coordinates": [ 133.906440100000026, 34.6261153 ] } },
{ "type": "Feature", "properties": { "内容": "デイサービスあゆむ【通所介護】岡山県岡山市南区福田164-9", "url": "https://www.kaigokensaku.mhlw.go.jp/33/index.php?action_kouhyou_detail_004_kani=true&JigyosyoCd=3370106928-00&ServiceCd=150&Type=search", "url2": "http://www.ayumu-service.com" }, "geometry": { "type": "Point", "coordinates": [ 133.926641424965965, 34.615761242443291 ] } },
{ "type": "Feature", "properties": { "内容": "灘崎荘通所介護事業所【通所介護】岡山県岡山市南区彦崎2300", "url": "https://www.kaigokensaku.mhlw.go.jp/33/index.php?action_kouhyou_detail_004_kani=true&JigyosyoCd=3370107017-00&ServiceCd=150&Type=search", "url2": "http://nadasakiso.syoyokai.com/" }, "geometry": { "type": "Point", "coordinates": [ 133.83388130000003, 34.5447921 ] } },
{ "type": "Feature", "properties": { "内容": "ワンダフル藤田デイサービスセンター【通所介護】岡山県岡山市南区藤田430-2", "url": "https://www.kaigokensaku.mhlw.go.jp/33/index.php?action_kouhyou_detail_004_kani=true&JigyosyoCd=3370110060-00&ServiceCd=150&Type=search", "url2": "http://www.21care.co.jp" }, "geometry": { "type": "Point", "coordinates": [ 133.880668199999946, 34.5908379 ] } },
{ "type": "Feature", "properties": { "内容": "岡山ケアセンターそよ風【通所介護】岡山県岡山市南区米倉43-13", "url": "https://www.kaigokensaku.mhlw.go.jp/33/index.php?action_kouhyou_detail_004_kani=true&JigyosyoCd=3370112975-00&ServiceCd=150&Type=search", "url2": "https://corp.sykz.co.jp/" }, "geometry": { "type": "Point", "coordinates": [ 133.893858300000034, 34.6281508 ] } },
{ "type": "Feature", "properties": { "内容": "デイサービスセンターきずな【通所介護】岡山県岡山市南区平福二丁目1番35号", "url": "https://www.kaigokensaku.mhlw.go.jp/33/index.php?action_kouhyou_detail_004_kani=true&JigyosyoCd=3370114161-00&ServiceCd=150&Type=search", "url2": null }, "geometry": { "type": "Point", "coordinates": [ 133.948083200000042, 34.617762 ] } },
{ "type": "Feature", "properties": { "内容": "宮浦荘通所介護事業所【通所介護】岡山県岡山市南区宮浦２０９番地１", "url": "https://www.kaigokensaku.mhlw.go.jp/33/index.php?action_kouhyou_detail_004_kani=true&JigyosyoCd=3370115556-00&ServiceCd=150&Type=search", "url2": null }, "geometry": { "type": "Point", "coordinates": [ 133.9961042, 34.5874861 ] } },
{ "type": "Feature", "properties": { "内容": "デイサービスセンター万倍の里【通所介護】岡山市南区万倍54-6デイサービスセンター万倍の里", "url": "https://www.kaigokensaku.mhlw.go.jp/33/index.php?action_kouhyou_detail_004_kani=true&JigyosyoCd=3370115911-00&ServiceCd=150&Type=search", "url2": "https://daishingroup.net/" }, "geometry": { "type": "Point", "coordinates": [ 133.9008102, 34.6264596 ] } },
{ "type": "Feature", "properties": { "内容": "コンパスウォーク岡山南【通所介護】平福２丁目４３９-２", "url": "https://www.kaigokensaku.mhlw.go.jp/33/index.php?action_kouhyou_detail_004_kani=true&JigyosyoCd=3370115945-00&ServiceCd=150&Type=search", "url2": null }, "geometry": { "type": "Point", "coordinates": [ 133.949299599999989, 34.6170081 ] } },
{ "type": "Feature", "properties": { "内容": "ツクイ岡山平福【通所介護】岡山県岡山市南区平福１－１２－３１", "url": "https://www.kaigokensaku.mhlw.go.jp/33/index.php?action_kouhyou_detail_004_kani=true&JigyosyoCd=3370116034-00&ServiceCd=150&Type=search", "url2": "https://www.tsukui.net/home-care/2293/" }, "geometry": { "type": "Point", "coordinates": [ 133.947254, 34.6184436 ] } },
{ "type": "Feature", "properties": { "内容": "ザグスタ大福【通所介護】岡山県岡山市南区大福411-1", "url": "https://www.kaigokensaku.mhlw.go.jp/33/index.php?action_kouhyou_detail_004_kani=true&JigyosyoCd=3370116554-00&ServiceCd=150&Type=search", "url2": "http://www.zagzag.co.jp/zagstu/" }, "geometry": { "type": "Point", "coordinates": [ 133.873562, 34.6169036 ] } },
{ "type": "Feature", "properties": { "内容": "コンパスウォーク絆【通所介護】岡山県岡山市南区西紅陽台2－58－462", "url": "https://www.kaigokensaku.mhlw.go.jp/33/index.php?action_kouhyou_detail_004_kani=true&JigyosyoCd=3370116778-00&ServiceCd=150&Type=search", "url2": "https://keigo-group.co.jp/shop/okayamaken/58462/" }, "geometry": { "type": "Point", "coordinates": [ 133.888250199999987, 34.5461542 ] } },
{ "type": "Feature", "properties": { "内容": "タイオンデイトレ古新田【通所介護】岡山県岡山市南区古新田1355-1", "url": "https://www.kaigokensaku.mhlw.go.jp/33/index.php?action_kouhyou_detail_004_kani=true&JigyosyoCd=3370117370-00&ServiceCd=150&Type=search", "url2": "https://www.taion365.co.jp/" }, "geometry": { "type": "Point", "coordinates": [ 133.8757245, 34.6239005 ] } },
{ "type": "Feature", "properties": { "内容": "ＥＮデイサービスセンター福田【通所介護】岡山県岡山市南区福田227-9", "url": "https://www.kaigokensaku.mhlw.go.jp/33/index.php?action_kouhyou_detail_004_kani=true&JigyosyoCd=3370117453-00&ServiceCd=150&Type=search", "url2": null }, "geometry": { "type": "Point", "coordinates": [ 133.9281147, 34.6197964 ] } },
{ "type": "Feature", "properties": { "内容": "Lifecare灘崎デイサービスセンター【通所介護】岡山市南区宗津９３３－２Lifecare灘崎", "url": "https://www.kaigokensaku.mhlw.go.jp/33/index.php?action_kouhyou_detail_004_kani=true&JigyosyoCd=3370117529-00&ServiceCd=150&Type=search", "url2": "https://www.s-and-k-life-care-service.com/" }, "geometry": { "type": "Point", "coordinates": [ 133.8720047, 34.5379526 ] } },
{ "type": "Feature", "properties": { "内容": "愛光苑デイサービスセンター【通所介護】岡山県岡山市南区浦安本町81-2", "url": "https://www.kaigokensaku.mhlw.go.jp/33/index.php?action_kouhyou_detail_004_kani=true&JigyosyoCd=3370102265-00&ServiceCd=150&Type=search", "url2": "https://aiko-en.jp/" }, "geometry": { "type": "Point", "coordinates": [ 133.930146, 34.6069683 ] } },
{ "type": "Feature", "properties": { "内容": "デイサービスセンターほがらか【通所介護】岡山県岡山市南区西市１００－５ケアセンターほがらか", "url": "https://www.kaigokensaku.mhlw.go.jp/33/index.php?action_kouhyou_detail_004_kani=true&JigyosyoCd=3370105227-00&ServiceCd=150&Type=search", "url2": "http://www.hogaraka-npo.com" }, "geometry": { "type": "Point", "coordinates": [ 133.90345990000003, 34.6325617 ] } },
{ "type": "Feature", "properties": { "内容": "創心会百年煌倶楽部岡南【通所介護】岡山県岡山市南区築港新町1-6-7", "url": "https://www.kaigokensaku.mhlw.go.jp/33/index.php?action_kouhyou_detail_004_kani=true&JigyosyoCd=3370107892-00&ServiceCd=150&Type=search", "url2": "http://www.soushinkai.com" }, "geometry": { "type": "Point", "coordinates": [ 133.937194737512186, 34.607383945445235 ] } },
{ "type": "Feature", "properties": { "内容": "ツクイ岡山新保【通所介護】新保1187-2", "url": "https://www.kaigokensaku.mhlw.go.jp/33/index.php?action_kouhyou_detail_004_kani=true&JigyosyoCd=3370116026-00&ServiceCd=150&Type=search", "url2": "https://www.tsukui.net" }, "geometry": { "type": "Point", "coordinates": [ 133.9147587, 34.635429 ] } },
{ "type": "Feature", "properties": { "内容": "デイサービスセンター共生苑【通所介護】岡山県岡山市南区東畦768", "url": "https://www.kaigokensaku.mhlw.go.jp/33/index.php?action_kouhyou_detail_004_kani=true&JigyosyoCd=3370101093-00&ServiceCd=150&Type=search", "url2": "http://www.keiyuu-kai.or.jp/top.html" }, "geometry": { "type": "Point", "coordinates": [ 133.881339900000057, 34.6044116 ] } },
{ "type": "Feature", "properties": { "内容": "デイサービスセンターうららか【通所介護】岡山県岡山市南区福富東1-7-43老人福祉施設うららか　1階", "url": "https://www.kaigokensaku.mhlw.go.jp/33/index.php?action_kouhyou_detail_004_kani=true&JigyosyoCd=3370102471-00&ServiceCd=150&Type=search", "url2": "http://www.sato-hp.com" }, "geometry": { "type": "Point", "coordinates": [ 133.939644633204693, 34.622944928855162 ] } },
{ "type": "Feature", "properties": { "内容": "デイサービスセンターみどりー夢【通所介護】岡山県岡山市南区新福二丁目９番２９号", "url": "https://www.kaigokensaku.mhlw.go.jp/33/index.php?action_kouhyou_detail_004_kani=true&JigyosyoCd=3370106969-00&ServiceCd=150&Type=search", "url2": "https://www.mcjapan.net/yume.html" }, "geometry": { "type": "Point", "coordinates": [ 133.936218258674671, 34.627008935028023 ] } },
{ "type": "Feature", "properties": { "内容": "デイサービスセンター　アルフィック下中野【通所介護】岡山市南区下中野　１４１５－１０", "url": "https://www.kaigokensaku.mhlw.go.jp/33/index.php?action_kouhyou_detail_004_kani=true&JigyosyoCd=3370110813-00&ServiceCd=150&Type=search", "url2": "www.rcare.jp" }, "geometry": { "type": "Point", "coordinates": [ 133.9074316, 34.6379195 ] } },
{ "type": "Feature", "properties": { "内容": "デイサービス　オレンジ【通所介護】妹尾2579", "url": "https://www.kaigokensaku.mhlw.go.jp/33/index.php?action_kouhyou_detail_004_kani=true&JigyosyoCd=3370115929-00&ServiceCd=150&Type=search", "url2": "http://hp.kaipoke.biz/w8k/" }, "geometry": { "type": "Point", "coordinates": [ 133.8646602, 34.6158167 ] } },
{ "type": "Feature", "properties": { "内容": "デイサービスセンター　フローアール泉田【通所介護】岡山県岡山市南区泉田２３番地３", "url": "https://www.kaigokensaku.mhlw.go.jp/33/index.php?action_kouhyou_detail_004_kani=true&JigyosyoCd=3370116414-00&ServiceCd=150&Type=search", "url2": "https://www.rcare.jp/" }, "geometry": { "type": "Point", "coordinates": [ 133.9134708, 34.6281378 ] } },
{ "type": "Feature", "properties": { "内容": "デイサービス　みらい【通所介護】彦崎2993番地2", "url": "https://www.kaigokensaku.mhlw.go.jp/33/index.php?action_kouhyou_detail_004_kani=true&JigyosyoCd=3370111928-00&ServiceCd=150&Type=search", "url2": "http://yumeno-sato.com" }, "geometry": { "type": "Point", "coordinates": [ 133.835396567706312, 34.549913111104843 ] } },
{ "type": "Feature", "properties": { "内容": "Lifecare妹尾デイサービスセンター【通所介護】岡山県岡山市南区東畦４６－５", "url": "https://www.kaigokensaku.mhlw.go.jp/33/index.php?action_kouhyou_detail_004_kani=true&JigyosyoCd=3370116083-00&ServiceCd=150&Type=search", "url2": "https://s-and-k-okayama.wixsite.com/life-care-service" }, "geometry": { "type": "Point", "coordinates": [ 133.865843613491819, 34.603691896569515 ] } },
{ "type": "Feature", "properties": { "内容": "心ふぁみりーデイサービスセンター中島【通所介護】倉敷市中島1833-1心介護センター中島内", "url": "https://www.kaigokensaku.mhlw.go.jp/33/index.php?action_kouhyou_detail_004_kani=true&JigyosyoCd=3370206116-00&ServiceCd=150&Type=search", "url2": "www.coco-rimaru.co.jp" }, "geometry": { "type": "Point", "coordinates": [ 133.727552568139686, 34.574044008491015 ] } },
{ "type": "Feature", "properties": { "内容": "オリーブガーデンデイサービスセンター【通所介護】岡山県倉敷市亀山５６４－７", "url": "https://www.kaigokensaku.mhlw.go.jp/33/index.php?action_kouhyou_detail_004_kani=true&JigyosyoCd=3370204509-00&ServiceCd=150&Type=search", "url2": "http://www.olive-garden.co.jp/" }, "geometry": { "type": "Point", "coordinates": [ 133.799946, 34.5855998 ] } },
{ "type": "Feature", "properties": { "内容": "げんきむらデイサービスセンター【通所介護】倉敷市中庄2960-1", "url": "https://www.kaigokensaku.mhlw.go.jp/33/index.php?action_kouhyou_detail_004_kani=true&JigyosyoCd=3370206066-00&ServiceCd=150&Type=search", "url2": "www.yotsubakai.or.jp" }, "geometry": { "type": "Point", "coordinates": [ 133.8012119, 34.6171496 ] } },
{ "type": "Feature", "properties": { "内容": "あすなろ園柏台デイサービスセンター空の家【通所介護】岡山県倉敷市玉島柏台5丁目1-1", "url": "https://www.kaigokensaku.mhlw.go.jp/33/index.php?action_kouhyou_detail_004_kani=true&JigyosyoCd=3370205258-00&ServiceCd=150&Type=search", "url2": "http://www.asunaro.or.jp" }, "geometry": { "type": "Point", "coordinates": [ 133.650427700000023, 34.5294159 ] } },
{ "type": "Feature", "properties": { "内容": "デイサービスセンターくすの木【通所介護】倉敷市中島278-6", "url": "https://www.kaigokensaku.mhlw.go.jp/33/index.php?action_kouhyou_detail_004_kani=true&JigyosyoCd=3370206629-00&ServiceCd=150&Type=search", "url2": null }, "geometry": { "type": "Point", "coordinates": [ 133.739692099999957, 34.5851967 ] } },
{ "type": "Feature", "properties": { "内容": "後楽デイサービスセンター【通所介護】岡山県倉敷市真備町箭田２１５９番地", "url": "https://www.kaigokensaku.mhlw.go.jp/33/index.php?action_kouhyou_detail_004_kani=true&JigyosyoCd=3373000045-00&ServiceCd=150&Type=search", "url2": "http://www.kouraku.or.jp/" }, "geometry": { "type": "Point", "coordinates": [ 133.686118096958921, 34.640407883986285 ] } },
{ "type": "Feature", "properties": { "内容": "デイサービスセンター　げんき【通所介護】岡山県倉敷市玉島1738", "url": "https://www.kaigokensaku.mhlw.go.jp/33/index.php?action_kouhyou_detail_004_kani=true&JigyosyoCd=3370203527-00&ServiceCd=150&Type=search", "url2": null }, "geometry": { "type": "Point", "coordinates": [ 133.682207100000028, 34.554146699999983 ] } },
{ "type": "Feature", "properties": { "内容": "ツクイ倉敷西阿知【通所介護】岡山県倉敷市西阿知町744-1", "url": "https://www.kaigokensaku.mhlw.go.jp/33/index.php?action_kouhyou_detail_004_kani=true&JigyosyoCd=3370208930-00&ServiceCd=150&Type=search", "url2": "https://www.tsukui.net/home-care/2557/" }, "geometry": { "type": "Point", "coordinates": [ 133.7316524, 34.5925863 ] } },
{ "type": "Feature", "properties": { "内容": "倉敷中央デイサービスセンター【通所介護】岡山県倉敷市鶴形1-9-7", "url": "https://www.kaigokensaku.mhlw.go.jp/33/index.php?action_kouhyou_detail_004_kani=true&JigyosyoCd=3370201091-00&ServiceCd=150&Type=search", "url2": "http://www.kchnet.or.jp/care" }, "geometry": { "type": "Point", "coordinates": [ 133.7720114, 34.6017647 ] } },
{ "type": "Feature", "properties": { "内容": "デイサービスセンター　オパール【通所介護】岡山県倉敷市福田町福田２３４－１", "url": "https://www.kaigokensaku.mhlw.go.jp/33/index.php?action_kouhyou_detail_004_kani=true&JigyosyoCd=3370201448-00&ServiceCd=150&Type=search", "url2": "http://www.jpk.or.jp/" }, "geometry": { "type": "Point", "coordinates": [ 133.775193599999966, 34.5390273 ] } },
{ "type": "Feature", "properties": { "内容": "創心会リハビリ倶楽部中洲【通所介護】倉敷市水江１５１０－１", "url": "https://www.kaigokensaku.mhlw.go.jp/33/index.php?action_kouhyou_detail_004_kani=true&JigyosyoCd=3370204822-00&ServiceCd=150&Type=search", "url2": "http://www.soushinkai.com" }, "geometry": { "type": "Point", "coordinates": [ 133.743727600000057, 34.5928294 ] } },
{ "type": "Feature", "properties": { "内容": "創心会元気デザイン倶楽部【通所介護】岡山県倉敷市笹沖117", "url": "https://www.kaigokensaku.mhlw.go.jp/33/index.php?action_kouhyou_detail_004_kani=true&JigyosyoCd=3370204970-00&ServiceCd=150&Type=search", "url2": "http://www.soushinkai.com" }, "geometry": { "type": "Point", "coordinates": [ 133.761382300000037, 34.5731645 ] } },
{ "type": "Feature", "properties": { "内容": "デイサービスセンター楽一【通所介護】倉敷市水島北緑町８－１２", "url": "https://www.kaigokensaku.mhlw.go.jp/33/index.php?action_kouhyou_detail_004_kani=true&JigyosyoCd=3370206314-00&ServiceCd=150&Type=search", "url2": null }, "geometry": { "type": "Point", "coordinates": [ 133.744256599999972, 34.5494392 ] } },
{ "type": "Feature", "properties": { "内容": "デイサービス　まび【通所介護】岡山県倉敷市真備町箭田4114-6", "url": "https://www.kaigokensaku.mhlw.go.jp/33/index.php?action_kouhyou_detail_004_kani=true&JigyosyoCd=3370207544-00&ServiceCd=150&Type=search", "url2": "http://care-one.moo.jp/" }, "geometry": { "type": "Point", "coordinates": [ 133.685332579935533, 34.627145501325003 ] } },
{ "type": "Feature", "properties": { "内容": "デイサービスセンター　さち【通所介護】亀島１丁目２４－１７", "url": "https://www.kaigokensaku.mhlw.go.jp/33/index.php?action_kouhyou_detail_004_kani=true&JigyosyoCd=3370208476-00&ServiceCd=150&Type=search", "url2": null }, "geometry": { "type": "Point", "coordinates": [ 133.730404799999974, 34.5375838 ] } },
{ "type": "Feature", "properties": { "内容": "ツクイ倉敷連島【通所介護】岡山県倉敷市連島町連島33‐2", "url": "https://www.kaigokensaku.mhlw.go.jp/33/index.php?action_kouhyou_detail_004_kani=true&JigyosyoCd=3370208906-00&ServiceCd=150&Type=search", "url2": "https://www.tsukui.net/home-care/2025/" }, "geometry": { "type": "Point", "coordinates": [ 133.744805, 34.5659707 ] } },
{ "type": "Feature", "properties": { "内容": "ツクイ倉敷中庄【通所介護】平田948-1", "url": "https://www.kaigokensaku.mhlw.go.jp/33/index.php?action_kouhyou_detail_004_kani=true&JigyosyoCd=3370208922-00&ServiceCd=150&Type=search", "url2": "https://www.tsukui.net" }, "geometry": { "type": "Point", "coordinates": [ 133.7844993, 34.6130342 ] } },
{ "type": "Feature", "properties": { "内容": "庄の里デイサービスセンター【通所介護】岡山県倉敷市山地1297番地", "url": "https://www.kaigokensaku.mhlw.go.jp/33/index.php?action_kouhyou_detail_004_kani=true&JigyosyoCd=3370209086-00&ServiceCd=150&Type=search", "url2": "http://www.syounosato.or.jp/" }, "geometry": { "type": "Point", "coordinates": [ 133.8155267, 34.6519998 ] } },
{ "type": "Feature", "properties": { "内容": "はあもにいデイ・フィットネス【通所介護】倉敷市羽島666-1", "url": "https://www.kaigokensaku.mhlw.go.jp/33/index.php?action_kouhyou_detail_004_kani=true&JigyosyoCd=3370209532-00&ServiceCd=150&Type=search", "url2": "https://www.harmony-k.jp/day" }, "geometry": { "type": "Point", "coordinates": [ 133.7792254, 34.5961186 ] } },
{ "type": "Feature", "properties": { "内容": "共生デイ　アルク【通所介護】岡山県倉敷市玉島乙島7183‐1ケアグラン乙島", "url": "https://www.kaigokensaku.mhlw.go.jp/33/index.php?action_kouhyou_detail_004_kani=true&JigyosyoCd=3370209318-00&ServiceCd=150&Type=search", "url2": "https://www.tomicare.com/data/554/facility_detail/" }, "geometry": { "type": "Point", "coordinates": [ 133.6806995, 34.5316693 ] } },
{ "type": "Feature", "properties": { "内容": "デイサービスいろり笑楽【通所介護】吉岡171－17", "url": "https://www.kaigokensaku.mhlw.go.jp/33/index.php?action_kouhyou_detail_004_kani=true&JigyosyoCd=3370209300-00&ServiceCd=150&Type=search", "url2": null }, "geometry": { "type": "Point", "coordinates": [ 133.765586, 34.566117 ] } },
{ "type": "Feature", "properties": { "内容": "リハビリステーション　ピース【通所介護】岡山県倉敷市白楽町４０ピースガーデン倉敷　１階", "url": "https://www.kaigokensaku.mhlw.go.jp/33/index.php?action_kouhyou_detail_004_kani=true&JigyosyoCd=3370206652-00&ServiceCd=150&Type=search", "url2": "http://www.heisei.or.jp/" }, "geometry": { "type": "Point", "coordinates": [ 133.764987099999985, 34.590751800000014 ] } },
{ "type": "Feature", "properties": { "内容": "デイサービスふなお【通所介護】岡山県倉敷市船穂町船穂1953-1", "url": "https://www.kaigokensaku.mhlw.go.jp/33/index.php?action_kouhyou_detail_004_kani=true&JigyosyoCd=3372700611-00&ServiceCd=150&Type=search", "url2": "http://care-one.moo.jp/" }, "geometry": { "type": "Point", "coordinates": [ 133.69858, 34.5802222 ] } },
{ "type": "Feature", "properties": { "内容": "創心会リハビリ倶楽部水島【通所介護】岡山県倉敷市神田2-1-46", "url": "https://www.kaigokensaku.mhlw.go.jp/33/index.php?action_kouhyou_detail_004_kani=true&JigyosyoCd=3370204442-00&ServiceCd=150&Type=search", "url2": "http://www.soushinkai.com" }, "geometry": { "type": "Point", "coordinates": [ 133.737121904893456, 34.538033694698299 ] } },
{ "type": "Feature", "properties": { "内容": "創心会リハビリ倶楽部笹沖【通所介護】岡山県倉敷市笹沖117", "url": "https://www.kaigokensaku.mhlw.go.jp/33/index.php?action_kouhyou_detail_004_kani=true&JigyosyoCd=3370204301-00&ServiceCd=150&Type=search", "url2": "http://www.soushinkai.com" }, "geometry": { "type": "Point", "coordinates": [ 133.761385099999984, 34.5731645 ] } },
{ "type": "Feature", "properties": { "内容": "しおかぜお台場【通所介護】岡山県倉敷市下津井１丁目３８７－１", "url": "https://www.kaigokensaku.mhlw.go.jp/33/index.php?action_kouhyou_detail_004_kani=true&JigyosyoCd=3370209334-00&ServiceCd=150&Type=search", "url2": "https://www.shiokaze-group.co.jp/odaiba" }, "geometry": { "type": "Point", "coordinates": [ 133.7974223, 34.437426 ] } },
{ "type": "Feature", "properties": { "内容": "富田デイサービスセンター【通所介護】岡山県倉敷市玉島道口2754-1", "url": "https://www.kaigokensaku.mhlw.go.jp/33/index.php?action_kouhyou_detail_004_kani=true&JigyosyoCd=3370203485-00&ServiceCd=150&Type=search", "url2": "http://www.tomicare.com" }, "geometry": { "type": "Point", "coordinates": [ 133.651591274868792, 34.56668366420142 ] } },
{ "type": "Feature", "properties": { "内容": "アビリティ共生デイ【通所介護】岡山県倉敷市玉島乙島7190-5富田ケアセンター　令和乙島事業所", "url": "https://www.kaigokensaku.mhlw.go.jp/33/index.php?action_kouhyou_detail_004_kani=true&JigyosyoCd=3370208633-00&ServiceCd=150&Type=search", "url2": "www.tomicare.com" }, "geometry": { "type": "Point", "coordinates": [ 133.6844413, 34.5330778 ] } },
{ "type": "Feature", "properties": { "内容": "デイサービスセンター　太陽【通所介護】岡山県倉敷市茶屋町695-6", "url": "https://www.kaigokensaku.mhlw.go.jp/33/index.php?action_kouhyou_detail_004_kani=true&JigyosyoCd=3370204483-00&ServiceCd=150&Type=search", "url2": "http://okayama-taiyo.jp" }, "geometry": { "type": "Point", "coordinates": [ 133.82995, 34.5759849 ] } },
{ "type": "Feature", "properties": { "内容": "dueいづみ荘デイサービスセンター【通所介護】岡山県倉敷市玉島阿賀崎1丁目6-13", "url": "https://www.kaigokensaku.mhlw.go.jp/33/index.php?action_kouhyou_detail_004_kani=true&JigyosyoCd=3370208286-00&ServiceCd=150&Type=search", "url2": "http://www.adagio-idumisou.jp" }, "geometry": { "type": "Point", "coordinates": [ 133.676238399999988, 34.5496027 ] } },
{ "type": "Feature", "properties": { "内容": "デイサービスセンター東倉敷【通所介護】岡山県倉敷市新田２６０５－４", "url": "https://www.kaigokensaku.mhlw.go.jp/33/index.php?action_kouhyou_detail_004_kani=true&JigyosyoCd=3370202057-00&ServiceCd=150&Type=search", "url2": "https://www.keiyuu-kai.or.jp/" }, "geometry": { "type": "Point", "coordinates": [ 133.772987100000023, 34.5752032 ] } },
{ "type": "Feature", "properties": { "内容": "ザグスタ西坂【通所介護】岡山県倉敷市西坂1712-1", "url": "https://www.kaigokensaku.mhlw.go.jp/33/index.php?action_kouhyou_detail_004_kani=true&JigyosyoCd=3370209672-00&ServiceCd=150&Type=search", "url2": "http://www.zagzag.co.jp/zagstu/" }, "geometry": { "type": "Point", "coordinates": [ 133.7741, 34.6313078 ] } },
{ "type": "Feature", "properties": { "内容": "デイサービスセンターしおかぜ下津井【通所介護】岡山県倉敷市下津井1482番地18総合ケアセンターしおかぜ", "url": "https://www.kaigokensaku.mhlw.go.jp/33/index.php?action_kouhyou_detail_004_kani=true&JigyosyoCd=3370204160-00&ServiceCd=150&Type=search", "url2": "http://www.shiokaze-group.jp/ds_shimotsui/" }, "geometry": { "type": "Point", "coordinates": [ 133.7847392, 34.4484767 ] } },
{ "type": "Feature", "properties": { "内容": "夢みずきデイサービスセンター【通所介護】岡山県倉敷市笹沖1188-6", "url": "https://www.kaigokensaku.mhlw.go.jp/33/index.php?action_kouhyou_detail_004_kani=true&JigyosyoCd=3370204384-00&ServiceCd=150&Type=search", "url2": "http://www.yumemizuki.co.jp" }, "geometry": { "type": "Point", "coordinates": [ 133.766551299999946, 34.5788223 ] } },
{ "type": "Feature", "properties": { "内容": "デイサービスセンターしおかぜ城山【通所介護】岡山県倉敷市下津井１－５－５４", "url": "https://www.kaigokensaku.mhlw.go.jp/33/index.php?action_kouhyou_detail_004_kani=true&JigyosyoCd=3370201083-00&ServiceCd=150&Type=search", "url2": "http://www.shiokaze-group.jp/" }, "geometry": { "type": "Point", "coordinates": [ 133.798774500000036, 34.4395723 ] } },
{ "type": "Feature", "properties": { "内容": "デイサービスセンター　すまいる【通所介護】岡山県倉敷市藤戸町藤戸1416-8", "url": "https://www.kaigokensaku.mhlw.go.jp/33/index.php?action_kouhyou_detail_004_kani=true&JigyosyoCd=3370205043-00&ServiceCd=150&Type=search", "url2": "https://kaigoichiba.com/" }, "geometry": { "type": "Point", "coordinates": [ 133.820534873510155, 34.559044880147745 ] } },
{ "type": "Feature", "properties": { "内容": "あすなろ園デイサービスセンター【通所介護】岡山県倉敷市玉島勇崎１０４４番地", "url": "https://www.kaigokensaku.mhlw.go.jp/33/index.php?action_kouhyou_detail_004_kani=true&JigyosyoCd=3370201695-00&ServiceCd=150&Type=search", "url2": "http://shoenfukushikai.jp" }, "geometry": { "type": "Point", "coordinates": [ 133.649838899999963, 34.5187144 ] } },
{ "type": "Feature", "properties": { "内容": "サンバードデイサービスセンター【通所介護】岡山県倉敷市藤戸町藤戸１５８５－１", "url": "https://www.kaigokensaku.mhlw.go.jp/33/index.php?action_kouhyou_detail_004_kani=true&JigyosyoCd=3370200713-00&ServiceCd=150&Type=search", "url2": "http://www.fukujyu.or.jp" }, "geometry": { "type": "Point", "coordinates": [ 133.823037399999947, 34.5582286 ] } },
{ "type": "Feature", "properties": { "内容": "ザグスタ天城【通所介護】岡山県倉敷市藤戸町天城622", "url": "https://www.kaigokensaku.mhlw.go.jp/33/index.php?action_kouhyou_detail_004_kani=true&JigyosyoCd=3370209540-00&ServiceCd=150&Type=search", "url2": "http://www.zagzag.co.jp/zagstu/" }, "geometry": { "type": "Point", "coordinates": [ 133.8123666, 34.5648291 ] } },
{ "type": "Feature", "properties": { "内容": "デイサービスセンターこはる日和【通所介護】岡山県倉敷市玉島柏島920-14", "url": "https://www.kaigokensaku.mhlw.go.jp/33/index.php?action_kouhyou_detail_004_kani=true&JigyosyoCd=3370207304-00&ServiceCd=150&Type=search", "url2": null }, "geometry": { "type": "Point", "coordinates": [ 133.664265982278465, 34.533644962729447 ] } },
{ "type": "Feature", "properties": { "内容": "しみずデイサービスセンター【通所介護】岡山県倉敷市児島駅前４-９２", "url": "https://www.kaigokensaku.mhlw.go.jp/33/index.php?action_kouhyou_detail_004_kani=true&JigyosyoCd=3370202826-00&ServiceCd=150&Type=search", "url2": "http://ww9.tiki.ne.jp/~simizucl" }, "geometry": { "type": "Point", "coordinates": [ 133.803323399999954, 34.4606256 ] } },
{ "type": "Feature", "properties": { "内容": "浅原桃花園デイサービスセンター【通所介護】岡山県倉敷市浅原３８０番地２", "url": "https://www.kaigokensaku.mhlw.go.jp/33/index.php?action_kouhyou_detail_004_kani=true&JigyosyoCd=3370201422-00&ServiceCd=150&Type=search", "url2": "http://www.asabaratoukaen.com/" }, "geometry": { "type": "Point", "coordinates": [ 133.76860320000003, 34.6272707 ] } },
{ "type": "Feature", "properties": { "内容": "野上内科医院デイサービスセンター【通所介護】岡山県倉敷市児島味野6丁目1番10号", "url": "https://www.kaigokensaku.mhlw.go.jp/33/index.php?action_kouhyou_detail_004_kani=true&JigyosyoCd=3370201992-00&ServiceCd=150&Type=search", "url2": "http://www.warakukai.com/" }, "geometry": { "type": "Point", "coordinates": [ 133.799312399999963, 34.4681997 ] } },
{ "type": "Feature", "properties": { "内容": "創心会リハビリ倶楽部玉島【通所介護】新倉敷駅前5丁目208", "url": "https://www.kaigokensaku.mhlw.go.jp/33/index.php?action_kouhyou_detail_004_kani=true&JigyosyoCd=3370206793-00&ServiceCd=150&Type=search", "url2": null }, "geometry": { "type": "Point", "coordinates": [ 133.677193699999947, 34.5580464 ] } },
{ "type": "Feature", "properties": { "内容": "デイサービスセンター我が家【通所介護】岡山県倉敷市西富井６５４－６", "url": "https://www.kaigokensaku.mhlw.go.jp/33/index.php?action_kouhyou_detail_004_kani=true&JigyosyoCd=3370205357-00&ServiceCd=150&Type=search", "url2": "https://jecs-gr.jp/" }, "geometry": { "type": "Point", "coordinates": [ 133.745845509786903, 34.576378952136821 ] } },
{ "type": "Feature", "properties": { "内容": "渡辺医院デイサービスセンター【通所介護】岡山県倉敷市西中新田16-1", "url": "https://www.kaigokensaku.mhlw.go.jp/33/index.php?action_kouhyou_detail_004_kani=true&JigyosyoCd=3370203170-00&ServiceCd=150&Type=search", "url2": "http://watanabe-clc.net/" }, "geometry": { "type": "Point", "coordinates": [ 133.75847305581965, 34.580010086055609 ] } },
{ "type": "Feature", "properties": { "内容": "ザグスタ新倉敷【通所介護】岡山県倉敷市新倉敷駅前１丁目106-1", "url": "https://www.kaigokensaku.mhlw.go.jp/33/index.php?action_kouhyou_detail_004_kani=true&JigyosyoCd=3370209722-00&ServiceCd=150&Type=search", "url2": "https://www.zagzag.co.jp/zagstu/" }, "geometry": { "type": "Point", "coordinates": [ 133.6784896, 34.5624619 ] } },
{ "type": "Feature", "properties": { "内容": "ザグスタ北畝【通所介護】岡山県倉敷市北畝6丁目610-10", "url": "https://www.kaigokensaku.mhlw.go.jp/33/index.php?action_kouhyou_detail_004_kani=true&JigyosyoCd=3370208963-00&ServiceCd=150&Type=search", "url2": "http://www.zagzag.co.jp/zagstu/" }, "geometry": { "type": "Point", "coordinates": [ 133.751730949984733, 34.541027957077404 ] } },
{ "type": "Feature", "properties": { "内容": "ザグスタ真備【通所介護】岡山県倉敷市真備町有井282-3", "url": "https://www.kaigokensaku.mhlw.go.jp/33/index.php?action_kouhyou_detail_004_kani=true&JigyosyoCd=3370206819-00&ServiceCd=150&Type=search", "url2": "http://www.zagzag.co.jp/zagstu/" }, "geometry": { "type": "Point", "coordinates": [ 133.705669637612118, 34.639408056972442 ] } },
{ "type": "Feature", "properties": { "内容": "デイサービスセンターグリーンピア瀬戸内【通所介護】岡山県倉敷市玉島陶８５６－１", "url": "https://www.kaigokensaku.mhlw.go.jp/33/index.php?action_kouhyou_detail_004_kani=true&JigyosyoCd=3370201323-00&ServiceCd=150&Type=search", "url2": "http://www.setouchifukushi.jp/greenpia/" }, "geometry": { "type": "Point", "coordinates": [ 133.676222822090182, 34.587479599624778 ] } },
{ "type": "Feature", "properties": { "内容": "デイサービス亀ちゃんち【通所介護】岡山県倉敷市玉島勇崎７４２番地６", "url": "https://www.kaigokensaku.mhlw.go.jp/33/index.php?action_kouhyou_detail_004_kani=true&JigyosyoCd=3370205555-00&ServiceCd=150&Type=search", "url2": null }, "geometry": { "type": "Point", "coordinates": [ 133.647975200000019, 34.5218807 ] } },
{ "type": "Feature", "properties": { "内容": "みどり荘デイサービスセンター【通所介護】岡山県倉敷市神田２丁目３番３号", "url": "https://www.kaigokensaku.mhlw.go.jp/33/index.php?action_kouhyou_detail_004_kani=true&JigyosyoCd=3370201232-00&ServiceCd=150&Type=search", "url2": "http://kunpoo.jp/" }, "geometry": { "type": "Point", "coordinates": [ 133.73837130000004, 34.541165 ] } },
{ "type": "Feature", "properties": { "内容": "うらたの里デイサービスセンター【通所介護】岡山県倉敷市浦田1533番地2", "url": "https://www.kaigokensaku.mhlw.go.jp/33/index.php?action_kouhyou_detail_004_kani=true&JigyosyoCd=3370208781-00&ServiceCd=150&Type=search", "url2": "http://www.nijinosato-kurashiki.com/" }, "geometry": { "type": "Point", "coordinates": [ 133.765755360782634, 34.565522890436554 ] } },
{ "type": "Feature", "properties": { "内容": "みどり荘デイサービスセンターわかば【通所介護】岡山県倉敷市連島1丁目1－15", "url": "https://www.kaigokensaku.mhlw.go.jp/33/index.php?action_kouhyou_detail_004_kani=true&JigyosyoCd=3370205241-00&ServiceCd=150&Type=search", "url2": "http://www.kunpoo.jp/" }, "geometry": { "type": "Point", "coordinates": [ 133.738129599999979, 34.5434314 ] } },
{ "type": "Feature", "properties": { "内容": "船穂町デイサービスセンター【通所介護】岡山県倉敷市船穂町船穂１８６１番地１倉敷市船穂町高齢者福祉センター", "url": "https://www.kaigokensaku.mhlw.go.jp/33/index.php?action_kouhyou_detail_004_kani=true&JigyosyoCd=3372700363-00&ServiceCd=150&Type=search", "url2": "http://www.fukushiokayama.or.jp/Funao/funao.htm" }, "geometry": { "type": "Point", "coordinates": [ 133.697310600000037, 34.5820415 ] } },
{ "type": "Feature", "properties": { "内容": "創心会元気デザイン俱楽部茶屋町【通所介護】岡山県倉敷市茶屋町2102-1創心会メディケアセンター", "url": "https://www.kaigokensaku.mhlw.go.jp/33/index.php?action_kouhyou_detail_004_kani=true&JigyosyoCd=3370208534-00&ServiceCd=150&Type=search", "url2": null }, "geometry": { "type": "Point", "coordinates": [ 133.8241194, 34.5836777 ] } },
{ "type": "Feature", "properties": { "内容": "アイル倉敷田ノ上【通所介護】岡山県倉敷市田ノ上1086番地7", "url": "https://www.kaigokensaku.mhlw.go.jp/33/index.php?action_kouhyou_detail_004_kani=true&JigyosyoCd=3370206934-00&ServiceCd=150&Type=search", "url2": "http://www.airu-kurashikitanoue.com" }, "geometry": { "type": "Point", "coordinates": [ 133.759542362734834, 34.585804524851554 ] } },
{ "type": "Feature", "properties": { "内容": "創心会リハビリ倶楽部茶屋町【通所介護】岡山県倉敷市茶屋町２１０４－１", "url": "https://www.kaigokensaku.mhlw.go.jp/33/index.php?action_kouhyou_detail_004_kani=true&JigyosyoCd=3370204293-00&ServiceCd=150&Type=search", "url2": "http://www.soushinkai.com/" }, "geometry": { "type": "Point", "coordinates": [ 133.824535800000035, 34.5834535 ] } },
{ "type": "Feature", "properties": { "内容": "デイサービスセンター浮洲園【通所介護】岡山県倉敷市粒江２５００‐１", "url": "https://www.kaigokensaku.mhlw.go.jp/33/index.php?action_kouhyou_detail_004_kani=true&JigyosyoCd=3370201109-00&ServiceCd=150&Type=search", "url2": "http://www.ukisuen.com" }, "geometry": { "type": "Point", "coordinates": [ 133.803065190803181, 34.561684852225888 ] } },
{ "type": "Feature", "properties": { "内容": "デイサービスセンターさんらいふ【通所介護】岡山県倉敷市下庄７０１-１０", "url": "https://www.kaigokensaku.mhlw.go.jp/33/index.php?action_kouhyou_detail_004_kani=true&JigyosyoCd=3370201265-00&ServiceCd=150&Type=search", "url2": "https://suiseikai-group.jp/heiseikai/" }, "geometry": { "type": "Point", "coordinates": [ 133.824138799999986, 34.6365754 ] } },
{ "type": "Feature", "properties": { "内容": "デイサービスいろり【通所介護】岡山県倉敷市吉岡171-27", "url": "https://www.kaigokensaku.mhlw.go.jp/33/index.php?action_kouhyou_detail_004_kani=true&JigyosyoCd=3370208591-00&ServiceCd=150&Type=search", "url2": null }, "geometry": { "type": "Point", "coordinates": [ 133.766136946669576, 34.566158102453485 ] } },
{ "type": "Feature", "properties": { "内容": "通所介護事業所　さん・じむ　下庄【通所介護】岡山県倉敷市下庄715番地2", "url": "https://www.kaigokensaku.mhlw.go.jp/33/index.php?action_kouhyou_detail_004_kani=true&JigyosyoCd=3370208161-00&ServiceCd=150&Type=search", "url2": "https://suiseikai-group.jp/heiseikai/" }, "geometry": { "type": "Point", "coordinates": [ 133.826474700000063, 34.6368726 ] } },
{ "type": "Feature", "properties": { "内容": "通所介護事業所　さん・じむ　生坂【通所介護】岡山県倉敷市生坂492-6", "url": "https://www.kaigokensaku.mhlw.go.jp/33/index.php?action_kouhyou_detail_004_kani=true&JigyosyoCd=3370208989-00&ServiceCd=150&Type=search", "url2": "https://suiseikai-group.jp/heiseikai/" }, "geometry": { "type": "Point", "coordinates": [ 133.785615825794991, 34.627730333582264 ] } },
{ "type": "Feature", "properties": { "内容": "わきあいあい【通所介護】岡山県倉敷市庄新町9-3-6", "url": "https://www.kaigokensaku.mhlw.go.jp/33/index.php?action_kouhyou_detail_004_kani=true&JigyosyoCd=3370209342-00&ServiceCd=150&Type=search", "url2": "https://cumre.or.jp/" }, "geometry": { "type": "Point", "coordinates": [ 133.8260776, 34.6606241 ] } },
{ "type": "Feature", "properties": { "内容": "デイサービス倉敷【通所介護】岡山県倉敷市羽島1000-2", "url": "https://www.kaigokensaku.mhlw.go.jp/33/index.php?action_kouhyou_detail_004_kani=true&JigyosyoCd=3370202966-00&ServiceCd=150&Type=search", "url2": "http://www13.ocn.ne.jp/~kiryuen/main.html" }, "geometry": { "type": "Point", "coordinates": [ 133.781983099999934, 34.599101 ] } },
{ "type": "Feature", "properties": { "内容": "デイサービスアイボリー玉島【通所介護】岡山県倉敷市玉島1334番地の1", "url": "https://www.kaigokensaku.mhlw.go.jp/33/index.php?action_kouhyou_detail_004_kani=true&JigyosyoCd=3370209193-00&ServiceCd=150&Type=search", "url2": null }, "geometry": { "type": "Point", "coordinates": [ 133.6829842, 34.5490064 ] } },
{ "type": "Feature", "properties": { "内容": "王慈園デイサービスセンター【通所介護】岡山県倉敷市児島下の町５丁目２番１７号", "url": "https://www.kaigokensaku.mhlw.go.jp/33/index.php?action_kouhyou_detail_004_kani=true&JigyosyoCd=3370201307-00&ServiceCd=150&Type=search", "url2": "http://www.ohji.ne.jp" }, "geometry": { "type": "Point", "coordinates": [ 133.82167979999997, 34.4776046 ] } },
{ "type": "Feature", "properties": { "内容": "デイサービス新倉敷良寛の杜【通所介護】岡山県倉敷市玉島八島1555", "url": "https://www.kaigokensaku.mhlw.go.jp/33/index.php?action_kouhyou_detail_004_kani=true&JigyosyoCd=3370208229-00&ServiceCd=150&Type=search", "url2": "http://www.ryokan-kaigo.com/index.html" }, "geometry": { "type": "Point", "coordinates": [ 133.673710464418036, 34.564875948183435 ] } },
{ "type": "Feature", "properties": { "内容": "悠楽デイサービスセンター【通所介護】岡山県倉敷市真備町有井1472番地", "url": "https://www.kaigokensaku.mhlw.go.jp/33/index.php?action_kouhyou_detail_004_kani=true&JigyosyoCd=3370207379-00&ServiceCd=150&Type=search", "url2": "http://www.kouraku.or.jp/" }, "geometry": { "type": "Point", "coordinates": [ 133.702689703396601, 34.636175067548542 ] } },
{ "type": "Feature", "properties": { "内容": "デイサービスセンターひまわり【通所介護】岡山県倉敷市真備町川辺２０７６", "url": "https://www.kaigokensaku.mhlw.go.jp/33/index.php?action_kouhyou_detail_004_kani=true&JigyosyoCd=3370209128-00&ServiceCd=150&Type=search", "url2": "http://himawari-nr.com" }, "geometry": { "type": "Point", "coordinates": [ 133.7098374, 34.635381200000033 ] } },
{ "type": "Feature", "properties": { "内容": "かがやきセカンドpremium【通所介護】児島稗田町1707", "url": "https://www.kaigokensaku.mhlw.go.jp/33/index.php?action_kouhyou_detail_004_kani=true&JigyosyoCd=3370209011-00&ServiceCd=150&Type=search", "url2": "http://www.sun-glow.biz/" }, "geometry": { "type": "Point", "coordinates": [ 133.808993922090139, 34.500314883491541 ] } },
{ "type": "Feature", "properties": { "内容": "デイサービス　かがやき【通所介護】岡山県倉敷市児島稗田町１７０７", "url": "https://www.kaigokensaku.mhlw.go.jp/33/index.php?action_kouhyou_detail_004_kani=true&JigyosyoCd=3370205647-00&ServiceCd=150&Type=search", "url2": "http://www.sun-glow.biz" }, "geometry": { "type": "Point", "coordinates": [ 133.80890009999996, 34.5005095 ] } },
{ "type": "Feature", "properties": { "内容": "ＫＵＮＰＵケアプラスデイサービスセンター【通所介護】岡山県倉敷市真備町尾崎2224－7", "url": "https://www.kaigokensaku.mhlw.go.jp/33/index.php?action_kouhyou_detail_004_kani=true&JigyosyoCd=3370207080-00&ServiceCd=150&Type=search", "url2": "https://suiseikai-group.jp" }, "geometry": { "type": "Point", "coordinates": [ 133.665654099999983, 34.6238676 ] } },
{ "type": "Feature", "properties": { "内容": "Ｐ.Ｐ.Ｐ.ブラヴィッシモ！通生デイサービスセンター【通所介護】岡山県倉敷市児島通生818番地", "url": "https://www.kaigokensaku.mhlw.go.jp/33/index.php?action_kouhyou_detail_004_kani=true&JigyosyoCd=3370208302-00&ServiceCd=150&Type=search", "url2": "http://www.3flower.jp/" }, "geometry": { "type": "Point", "coordinates": [ 133.777605799999947, 34.4643385 ] } },
{ "type": "Feature", "properties": { "内容": "シニアフィットネス　フォルテ道越【通所介護】岡山県倉敷市玉島道越1154-1", "url": "https://www.kaigokensaku.mhlw.go.jp/33/index.php?action_kouhyou_detail_004_kani=true&JigyosyoCd=3370209524-00&ServiceCd=150&Type=search", "url2": null }, "geometry": { "type": "Point", "coordinates": [ 133.64966960000001, 34.5533853 ] } },
{ "type": "Feature", "properties": { "内容": "杉の子デイサービスセンター【通所介護】岡山県倉敷市徳芳504番地", "url": "https://www.kaigokensaku.mhlw.go.jp/33/index.php?action_kouhyou_detail_004_kani=true&JigyosyoCd=3370200994-00&ServiceCd=150&Type=search", "url2": "http://yotsubakai.or.jp" }, "geometry": { "type": "Point", "coordinates": [ 133.81279440000003, 34.6217049 ] } },
{ "type": "Feature", "properties": { "内容": "デイサービス昭和会【通所介護】青江９０８番地１メディカ倉敷北", "url": "https://www.kaigokensaku.mhlw.go.jp/33/index.php?action_kouhyou_detail_004_kani=true&JigyosyoCd=3370206983-00&ServiceCd=150&Type=search", "url2": "http://medica-kurashiki.org" }, "geometry": { "type": "Point", "coordinates": [ 133.756120600000031, 34.6161328 ] } },
{ "type": "Feature", "properties": { "内容": "碧空デイサービスセンター【通所介護】岡山県倉敷市児島下の町5丁目7番10号", "url": "https://www.kaigokensaku.mhlw.go.jp/33/index.php?action_kouhyou_detail_004_kani=true&JigyosyoCd=3370205134-00&ServiceCd=150&Type=search", "url2": "http://178-aozora.com/" }, "geometry": { "type": "Point", "coordinates": [ 133.821035400000028, 34.4808013 ] } },
{ "type": "Feature", "properties": { "内容": "えんさこ医院通所介護パンジー【通所介護】岡山県倉敷市下庄459－1", "url": "https://www.kaigokensaku.mhlw.go.jp/33/index.php?action_kouhyou_detail_004_kani=true&JigyosyoCd=3370201885-00&ServiceCd=150&Type=search", "url2": "http://www.ensako.or.jp" }, "geometry": { "type": "Point", "coordinates": [ 133.823283299999957, 34.640314 ] } },
{ "type": "Feature", "properties": { "内容": "創心会リハビリ倶楽部児島【通所介護】倉敷市児島小川8-1-8", "url": "https://www.kaigokensaku.mhlw.go.jp/33/index.php?action_kouhyou_detail_004_kani=true&JigyosyoCd=3370204350-00&ServiceCd=150&Type=search", "url2": "http://www.soushinkai.com" }, "geometry": { "type": "Point", "coordinates": [ 133.79917039999998, 34.4842782 ] } },
{ "type": "Feature", "properties": { "内容": "あいあいえんデイサービスセンター【通所介護】岡山県倉敷市串田６６０番地", "url": "https://www.kaigokensaku.mhlw.go.jp/33/index.php?action_kouhyou_detail_004_kani=true&JigyosyoCd=3370201984-00&ServiceCd=150&Type=search", "url2": null }, "geometry": { "type": "Point", "coordinates": [ 133.812907900000027, 34.5433056 ] } },
{ "type": "Feature", "properties": { "内容": "デイサービスセンターアミカル【通所介護】岡山県倉敷市玉島１２７５－１", "url": "https://www.kaigokensaku.mhlw.go.jp/33/index.php?action_kouhyou_detail_004_kani=true&JigyosyoCd=3370201018-00&ServiceCd=150&Type=search", "url2": "http://www.uzukikai1980.jp/" }, "geometry": { "type": "Point", "coordinates": [ 133.6836237, 34.548875 ] } },
{ "type": "Feature", "properties": { "内容": "シルバーデイサービスセンター【通所介護】岡山県倉敷市児島柳田町３５５－８５", "url": "https://www.kaigokensaku.mhlw.go.jp/33/index.php?action_kouhyou_detail_004_kani=true&JigyosyoCd=3370201059-00&ServiceCd=150&Type=search", "url2": "http://www.silver21.or.org/" }, "geometry": { "type": "Point", "coordinates": [ 133.78992919999996, 34.4942685 ] } },
{ "type": "Feature", "properties": { "内容": "デイサービスセンターしおかぜアクアジム【通所介護】倉敷市児島田の口1丁目5番30号", "url": "https://www.kaigokensaku.mhlw.go.jp/33/index.php?action_kouhyou_detail_004_kani=true&JigyosyoCd=3370206199-00&ServiceCd=150&Type=search", "url2": "http://www.shiokaze-group.jp/" }, "geometry": { "type": "Point", "coordinates": [ 133.834973399999967, 34.4775353 ] } },
{ "type": "Feature", "properties": { "内容": "デイサービス香り【通所介護】岡山県倉敷市福田町古新田1051番1", "url": "https://www.kaigokensaku.mhlw.go.jp/33/index.php?action_kouhyou_detail_004_kani=true&JigyosyoCd=3370203535-00&ServiceCd=150&Type=search", "url2": "http://www.wakokai.com/" }, "geometry": { "type": "Point", "coordinates": [ 133.7716732, 34.534875800000016 ] } },
{ "type": "Feature", "properties": { "内容": "タイオンデイトレ倉敷【通所介護】岡山県倉敷市中島3012－1", "url": "https://www.kaigokensaku.mhlw.go.jp/33/index.php?action_kouhyou_detail_004_kani=true&JigyosyoCd=3370208864-00&ServiceCd=150&Type=search", "url2": null }, "geometry": { "type": "Point", "coordinates": [ 133.737468299999989, 34.5900722 ] } },
{ "type": "Feature", "properties": { "内容": "倉敷ケアセンター両備サン・オークス【通所介護】岡山県倉敷市中島1551－1", "url": "https://www.kaigokensaku.mhlw.go.jp/33/index.php?action_kouhyou_detail_004_kani=true&JigyosyoCd=3370205571-00&ServiceCd=150&Type=search", "url2": "http://www.ryobi-hc.jp" }, "geometry": { "type": "Point", "coordinates": [ 133.732634599999983, 34.5780751 ] } },
{ "type": "Feature", "properties": { "内容": "百年煌倶楽部平田【通所介護】岡山県倉敷市平田855番地", "url": "https://www.kaigokensaku.mhlw.go.jp/33/index.php?action_kouhyou_detail_004_kani=true&JigyosyoCd=3370208625-00&ServiceCd=150&Type=search", "url2": "https://soushin-fukushikai.org/" }, "geometry": { "type": "Point", "coordinates": [ 133.784479499999946, 34.618597 ] } },
{ "type": "Feature", "properties": { "内容": "コーワ・アイデイサービスセンター【通所介護】岡山県倉敷市林493番地", "url": "https://www.kaigokensaku.mhlw.go.jp/33/index.php?action_kouhyou_detail_004_kani=true&JigyosyoCd=3370207791-00&ServiceCd=150&Type=search", "url2": null }, "geometry": { "type": "Point", "coordinates": [ 133.815960600000039, 34.5391369 ] } },
{ "type": "Feature", "properties": { "内容": "創心会百年煌倶楽部茶屋町【通所介護】岡山県倉敷市茶屋町１７２０－１", "url": "https://www.kaigokensaku.mhlw.go.jp/33/index.php?action_kouhyou_detail_004_kani=true&JigyosyoCd=3370207775-00&ServiceCd=150&Type=search", "url2": "http://www.soushinkai.com/home/" }, "geometry": { "type": "Point", "coordinates": [ 133.825230192095916, 34.583962628309855 ] } },
{ "type": "Feature", "properties": { "内容": "デイサービス　せいわ【通所介護】岡山県倉敷市中島770-1", "url": "https://www.kaigokensaku.mhlw.go.jp/33/index.php?action_kouhyou_detail_004_kani=true&JigyosyoCd=3370205183-00&ServiceCd=150&Type=search", "url2": "http://www.seiwakai-net.or.jp/" }, "geometry": { "type": "Point", "coordinates": [ 133.739756619157447, 34.579891946649674 ] } },
{ "type": "Feature", "properties": { "内容": "倉敷児島ケアセンターそよ風【通所介護】岡山県倉敷市児島味野三丁目２番４号", "url": "https://www.kaigokensaku.mhlw.go.jp/33/index.php?action_kouhyou_detail_004_kani=true&JigyosyoCd=3370209706-00&ServiceCd=150&Type=search", "url2": "https://corp.sykz.co.jp/" }, "geometry": { "type": "Point", "coordinates": [ 133.8021612, 34.4668325 ] } },
{ "type": "Feature", "properties": { "内容": "デイサービスセンターテレサ【通所介護】岡山県倉敷市青江８５１－１", "url": "https://www.kaigokensaku.mhlw.go.jp/33/index.php?action_kouhyou_detail_004_kani=true&JigyosyoCd=3370203691-00&ServiceCd=150&Type=search", "url2": "http://cocoteresa.jp/" }, "geometry": { "type": "Point", "coordinates": [ 133.757356699999946, 34.6122137 ] } },
{ "type": "Feature", "properties": { "内容": "ニチイケアセンター大高【通所介護】岡山県倉敷市福井46-5", "url": "https://www.kaigokensaku.mhlw.go.jp/33/index.php?action_kouhyou_detail_004_kani=true&JigyosyoCd=3370202180-00&ServiceCd=150&Type=search", "url2": "http:/www/nichiigakkan.co.jp" }, "geometry": { "type": "Point", "coordinates": [ 133.753702400000066, 34.5705508 ] } },
{ "type": "Feature", "properties": { "内容": "杓永整形外科デイサービスセンター【通所介護】倉敷市児島柳田町630-1", "url": "https://www.kaigokensaku.mhlw.go.jp/33/index.php?action_kouhyou_detail_004_kani=true&JigyosyoCd=3370205894-00&ServiceCd=150&Type=search", "url2": null }, "geometry": { "type": "Point", "coordinates": [ 133.800569575463072, 34.491048514273771 ] } },
{ "type": "Feature", "properties": { "内容": "第二富田デイサービスセンター【通所介護】岡山県倉敷市玉島道口2752-1富田の里", "url": "https://www.kaigokensaku.mhlw.go.jp/33/index.php?action_kouhyou_detail_004_kani=true&JigyosyoCd=3370204996-00&ServiceCd=150&Type=search", "url2": "http://www.tamatele.ne.jp/~tomitakea/" }, "geometry": { "type": "Point", "coordinates": [ 133.651451800000018, 34.5668957 ] } },
{ "type": "Feature", "properties": { "内容": "リハビリポート連島【通所介護】連島4丁目1-34オアシス連島1階", "url": "https://www.kaigokensaku.mhlw.go.jp/33/index.php?action_kouhyou_detail_004_kani=true&JigyosyoCd=3370209573-00&ServiceCd=150&Type=search", "url2": "https://ps-wellness.jp/" }, "geometry": { "type": "Point", "coordinates": [ 133.741862300000037, 34.5521939 ] } },
{ "type": "Feature", "properties": { "内容": "デイサービス　ネクストケア【通所介護】岡山県倉敷市亀山668-1", "url": "https://www.kaigokensaku.mhlw.go.jp/33/index.php?action_kouhyou_detail_004_kani=true&JigyosyoCd=3370208757-00&ServiceCd=150&Type=search", "url2": "http://www.nextcare.co.jp" }, "geometry": { "type": "Point", "coordinates": [ 133.801777430935687, 34.588040652890648 ] } },
{ "type": "Feature", "properties": { "内容": "ザグスタ中島【通所介護】岡山県倉敷市中島1129-1ザグスタ中島", "url": "https://www.kaigokensaku.mhlw.go.jp/33/index.php?action_kouhyou_detail_004_kani=true&JigyosyoCd=3370206959-00&ServiceCd=150&Type=search", "url2": "http://www.zagzag.co.jp/zagstu/" }, "geometry": { "type": "Point", "coordinates": [ 133.726704096958827, 34.581004383578723 ] } },
{ "type": "Feature", "properties": { "内容": "Cafe＆Reha　Aoi＋【通所介護】岡山県倉敷市上東1080-2", "url": "https://www.kaigokensaku.mhlw.go.jp/33/index.php?action_kouhyou_detail_004_kani=true&JigyosyoCd=3370209789-00&ServiceCd=150&Type=search", "url2": "https://aoi-day-service.jimdosite.com/" }, "geometry": { "type": "Point", "coordinates": [ 133.8254114, 34.6476265 ] } },
{ "type": "Feature", "properties": { "内容": "アクトリハサポ玉島【通所介護】岡山県倉敷市玉島中央町3丁目12-1", "url": "https://www.kaigokensaku.mhlw.go.jp/33/index.php?action_kouhyou_detail_004_kani=true&JigyosyoCd=3370209243-00&ServiceCd=150&Type=search", "url2": "https://hp.kaipoke.biz/3y9/167523/base_0004.html" }, "geometry": { "type": "Point", "coordinates": [ 133.6706333, 34.5439276 ] } },
{ "type": "Feature", "properties": { "内容": "デイサービスセンター　みどりのかぜ【通所介護】岡山県倉敷市福田町古新田813-7", "url": "https://www.kaigokensaku.mhlw.go.jp/33/index.php?action_kouhyou_detail_004_kani=true&JigyosyoCd=3370203717-00&ServiceCd=150&Type=search", "url2": "http://green0wind.web.fc2.com/" }, "geometry": { "type": "Point", "coordinates": [ 133.768902300000036, 34.5401354 ] } },
{ "type": "Feature", "properties": { "内容": "デイサービスセンターつやま健康クラブ【通所介護】岡山県津山市元魚町６０－１", "url": "https://www.kaigokensaku.mhlw.go.jp/33/index.php?action_kouhyou_detail_004_kani=true&JigyosyoCd=3370301313-00&ServiceCd=150&Type=search", "url2": null }, "geometry": { "type": "Point", "coordinates": [ 134.000385100000017, 35.0600884 ] } },
{ "type": "Feature", "properties": { "内容": "デイサービス　ミ・カサ【通所介護】岡山県津山市北町44-1", "url": "https://www.kaigokensaku.mhlw.go.jp/33/index.php?action_kouhyou_detail_004_kani=true&JigyosyoCd=3370302089-00&ServiceCd=150&Type=search", "url2": "www.eharakeimeikai.jp/" }, "geometry": { "type": "Point", "coordinates": [ 134.005738306607071, 35.065457893479319 ] } },
{ "type": "Feature", "properties": { "内容": "愛和荘やすらぎの丘デイサービスセンター【通所介護】岡山県津山市桑下１２２８－６", "url": "https://www.kaigokensaku.mhlw.go.jp/33/index.php?action_kouhyou_detail_004_kani=true&JigyosyoCd=3373800188-00&ServiceCd=150&Type=search", "url2": "http://www.aiwa-kai.or.jp/" }, "geometry": { "type": "Point", "coordinates": [ 133.92106990000002, 35.0291428 ] } },
{ "type": "Feature", "properties": { "内容": "ブルーミングケア大田【通所介護】大田784番1", "url": "https://www.kaigokensaku.mhlw.go.jp/33/index.php?action_kouhyou_detail_004_kani=true&JigyosyoCd=3370302535-00&ServiceCd=150&Type=search", "url2": "https://ooda.main.jp" }, "geometry": { "type": "Point", "coordinates": [ 134.007531, 35.088507 ] } },
{ "type": "Feature", "properties": { "内容": "鶯園デイサービスセンター【通所介護】岡山県津山市瓜生原331", "url": "https://www.kaigokensaku.mhlw.go.jp/33/index.php?action_kouhyou_detail_004_kani=true&JigyosyoCd=3370300406-00&ServiceCd=150&Type=search", "url2": "http://www.uguisuen.jp/" }, "geometry": { "type": "Point", "coordinates": [ 134.041409299999941, 35.0434301 ] } },
{ "type": "Feature", "properties": { "内容": "おおうみクリニックデイサービスセンター【通所介護】岡山県津山市河辺９３５－１", "url": "https://www.kaigokensaku.mhlw.go.jp/33/index.php?action_kouhyou_detail_004_kani=true&JigyosyoCd=3370300844-00&ServiceCd=150&Type=search", "url2": "http://www.ohumi-clinic.or.jp/index.html" }, "geometry": { "type": "Point", "coordinates": [ 134.046344699999963, 35.0622535 ] } },
{ "type": "Feature", "properties": { "内容": "デイサービスセンター　ほのぼの【通所介護】岡山県津山市平福546-1", "url": "https://www.kaigokensaku.mhlw.go.jp/33/index.php?action_kouhyou_detail_004_kani=true&JigyosyoCd=3370300901-00&ServiceCd=150&Type=search", "url2": null }, "geometry": { "type": "Point", "coordinates": [ 133.969466, 35.0487333 ] } },
{ "type": "Feature", "properties": { "内容": "昼の家　リュックサック【通所介護】岡山県津山市沼457-1", "url": "https://www.kaigokensaku.mhlw.go.jp/33/index.php?action_kouhyou_detail_004_kani=true&JigyosyoCd=3370301438-00&ServiceCd=150&Type=search", "url2": "http://www.keiai24.com/" }, "geometry": { "type": "Point", "coordinates": [ 134.01258329999996, 35.0777897 ] } },
{ "type": "Feature", "properties": { "内容": "デイサービス勝福【通所介護】岡山県津山市中村２０１番地7デイサービス勝福", "url": "https://www.kaigokensaku.mhlw.go.jp/33/index.php?action_kouhyou_detail_004_kani=true&JigyosyoCd=3370301487-00&ServiceCd=150&Type=search", "url2": "http://www.syouhuku.com/" }, "geometry": { "type": "Point", "coordinates": [ 134.1000881, 35.0907759 ] } },
{ "type": "Feature", "properties": { "内容": "もも　デイサービスセンター【通所介護】津山市高野本郷1257-9", "url": "https://www.kaigokensaku.mhlw.go.jp/33/index.php?action_kouhyou_detail_004_kani=true&JigyosyoCd=3370301511-00&ServiceCd=150&Type=search", "url2": null }, "geometry": { "type": "Point", "coordinates": [ 134.046925, 35.0731552 ] } },
{ "type": "Feature", "properties": { "内容": "デイサービスセンターつやま西健康クラブ【通所介護】戸島６３４－１３", "url": "https://www.kaigokensaku.mhlw.go.jp/33/index.php?action_kouhyou_detail_004_kani=true&JigyosyoCd=3370301685-00&ServiceCd=150&Type=search", "url2": null }, "geometry": { "type": "Point", "coordinates": [ 133.947767200000044, 35.0755603 ] } },
{ "type": "Feature", "properties": { "内容": "ワンステップ【通所介護】津山市北町８－１", "url": "https://www.kaigokensaku.mhlw.go.jp/33/index.php?action_kouhyou_detail_004_kani=true&JigyosyoCd=3370301776-00&ServiceCd=150&Type=search", "url2": "bloominglife.or.jp" }, "geometry": { "type": "Point", "coordinates": [ 134.0073205, 35.0655604 ] } },
{ "type": "Feature", "properties": { "内容": "デイサービスセンター愛さんさん【通所介護】津山市高野山西２１５１－３", "url": "https://www.kaigokensaku.mhlw.go.jp/33/index.php?action_kouhyou_detail_004_kani=true&JigyosyoCd=3370301859-00&ServiceCd=150&Type=search", "url2": "http://www.asa-hi.co.jp/aisansan/" }, "geometry": { "type": "Point", "coordinates": [ 134.041296113491825, 35.071596401118001 ] } },
{ "type": "Feature", "properties": { "内容": "グリーンライフ津山元魚町デイサービス【通所介護】元魚町69番地グリーンライフ津山元魚町", "url": "https://www.kaigokensaku.mhlw.go.jp/33/index.php?action_kouhyou_detail_004_kani=true&JigyosyoCd=3370302188-00&ServiceCd=150&Type=search", "url2": "https://www.greenlife-inc.co.jp/facility/greenlife_tsuyamamotouomachi/" }, "geometry": { "type": "Point", "coordinates": [ 134.000468635581939, 35.060862170013579 ] } },
{ "type": "Feature", "properties": { "内容": "デイサービス勝福日上【通所介護】岡山県津山市日上1675-5勝福日上", "url": "https://www.kaigokensaku.mhlw.go.jp/33/index.php?action_kouhyou_detail_004_kani=true&JigyosyoCd=3370302196-00&ServiceCd=150&Type=search", "url2": "http://www.syouhuku.com/" }, "geometry": { "type": "Point", "coordinates": [ 134.020903, 35.0505982 ] } },
{ "type": "Feature", "properties": { "内容": "デイサービスセンターピュアライフ城西【通所介護】岡山県津山市上紺屋町31-2デイサービスセンターピュアライフ城西", "url": "https://www.kaigokensaku.mhlw.go.jp/33/index.php?action_kouhyou_detail_004_kani=true&JigyosyoCd=3370302246-00&ServiceCd=150&Type=search", "url2": "https://purelife-jousai.com" }, "geometry": { "type": "Point", "coordinates": [ 133.995934424259218, 35.061106068100386 ] } },
{ "type": "Feature", "properties": { "内容": "津山市障害者福祉センター神南備園【通所介護】岡山県津山市大谷６００", "url": "https://www.kaigokensaku.mhlw.go.jp/33/index.php?action_kouhyou_detail_004_kani=true&JigyosyoCd=3370302378-00&ServiceCd=150&Type=search", "url2": "https://www.uguisuen.jp/facility/kannabi/" }, "geometry": { "type": "Point", "coordinates": [ 133.993386, 35.05255 ] } },
{ "type": "Feature", "properties": { "内容": "デイサービスあんずの花【通所介護】岡山県津山市二宮1902-2", "url": "https://www.kaigokensaku.mhlw.go.jp/33/index.php?action_kouhyou_detail_004_kani=true&JigyosyoCd=3370302584-00&ServiceCd=150&Type=search", "url2": null }, "geometry": { "type": "Point", "coordinates": [ 133.97329510000003, 35.060319399999983 ] } },
{ "type": "Feature", "properties": { "内容": "デイサービスセンター日本原荘【通所介護】岡山県津山市新野東１７９７－３番地", "url": "https://www.kaigokensaku.mhlw.go.jp/33/index.php?action_kouhyou_detail_004_kani=true&JigyosyoCd=3373600109-00&ServiceCd=150&Type=search", "url2": "http://www.nihonbara.or.jp" }, "geometry": { "type": "Point", "coordinates": [ 134.129252384269648, 35.104334277809208 ] } },
{ "type": "Feature", "properties": { "内容": "ひなたぼっこ荘内【通所介護】玉野市迫間字宮面986番地1", "url": "https://www.kaigokensaku.mhlw.go.jp/33/index.php?action_kouhyou_detail_004_kani=true&JigyosyoCd=3370401394-00&ServiceCd=150&Type=search", "url2": "http://mitsuicoop.com/work/kaigo/hinata_shounai.html" }, "geometry": { "type": "Point", "coordinates": [ 133.895356074760457, 34.509819651482566 ] } },
{ "type": "Feature", "properties": { "内容": "デイサービスセンター　わだくり【通所介護】岡山県玉野市　和田5-22-1", "url": "https://www.kaigokensaku.mhlw.go.jp/33/index.php?action_kouhyou_detail_004_kani=true&JigyosyoCd=3370401451-00&ServiceCd=150&Type=search", "url2": null }, "geometry": { "type": "Point", "coordinates": [ 133.918372099999942, 34.4697336 ] } },
{ "type": "Feature", "properties": { "内容": "デイサービスセンター　アルフィック【通所介護】岡山県玉野市東高崎25-34", "url": "https://www.kaigokensaku.mhlw.go.jp/33/index.php?action_kouhyou_detail_004_kani=true&JigyosyoCd=3370400743-00&ServiceCd=150&Type=search", "url2": "http://www.rcare.jp" }, "geometry": { "type": "Point", "coordinates": [ 133.895228800000041, 34.534354 ] } },
{ "type": "Feature", "properties": { "内容": "デイサービスセンター　アルフィックセカンド【通所介護】岡山県玉野市東高崎25－31", "url": "https://www.kaigokensaku.mhlw.go.jp/33/index.php?action_kouhyou_detail_004_kani=true&JigyosyoCd=3370400925-00&ServiceCd=150&Type=search", "url2": "www.rcare.jp" }, "geometry": { "type": "Point", "coordinates": [ 133.895306600000026, 34.5348345 ] } },
{ "type": "Feature", "properties": { "内容": "デイサービスセンターさくらのさく郷【通所介護】岡山県玉野市八浜町大崎字天神169-13", "url": "https://www.kaigokensaku.mhlw.go.jp/33/index.php?action_kouhyou_detail_004_kani=true&JigyosyoCd=3370400511-00&ServiceCd=150&Type=search", "url2": "http://www.sakuranosakumura.com/" }, "geometry": { "type": "Point", "coordinates": [ 133.917833645169026, 34.532221250342474 ] } },
{ "type": "Feature", "properties": { "内容": "医療法人いずみ会三宅内科外科医院デイサービスセンター【通所介護】岡山県玉野市槌ケ原１０１７番地", "url": "https://www.kaigokensaku.mhlw.go.jp/33/index.php?action_kouhyou_detail_004_kani=true&JigyosyoCd=3370400644-00&ServiceCd=150&Type=search", "url2": "http://miyake-clinic.or.jp" }, "geometry": { "type": "Point", "coordinates": [ 133.9015091, 34.523403 ] } },
{ "type": "Feature", "properties": { "内容": "ハモニカドゥーエ　デイサービスセンター【通所介護】岡山県玉野市長尾2116番地", "url": "https://www.kaigokensaku.mhlw.go.jp/33/index.php?action_kouhyou_detail_004_kani=true&JigyosyoCd=3370400867-00&ServiceCd=150&Type=search", "url2": "http://www.hamonika.com" }, "geometry": { "type": "Point", "coordinates": [ 133.888355400000023, 34.4922815 ] } },
{ "type": "Feature", "properties": { "内容": "デイサービスセンターほのか明神【通所介護】玉野市明神町8番28号", "url": "https://www.kaigokensaku.mhlw.go.jp/33/index.php?action_kouhyou_detail_004_kani=true&JigyosyoCd=3370400933-00&ServiceCd=150&Type=search", "url2": null }, "geometry": { "type": "Point", "coordinates": [ 133.925197, 34.4570546 ] } },
{ "type": "Feature", "properties": { "内容": "デイサ─ビスセンタ─　　いろりの里【通所介護】岡山県玉野市八浜町波知555特別養護老人ホームいろりの里1階", "url": "https://www.kaigokensaku.mhlw.go.jp/33/index.php?action_kouhyou_detail_004_kani=true&JigyosyoCd=3370401014-00&ServiceCd=150&Type=search", "url2": "http://www.itsuhakai.jp" }, "geometry": { "type": "Point", "coordinates": [ 133.955273900000066, 34.5523234 ] } },
{ "type": "Feature", "properties": { "内容": "アイル玉野【通所介護】玉野市宇野1-38-1天満屋ハピータウン玉野店メルカ3Ｆ", "url": "https://www.kaigokensaku.mhlw.go.jp/33/index.php?action_kouhyou_detail_004_kani=true&JigyosyoCd=3370401089-00&ServiceCd=150&Type=search", "url2": "http://www.morenet.co.jp/morenet.html" }, "geometry": { "type": "Point", "coordinates": [ 133.944656565406831, 34.491919950649901 ] } },
{ "type": "Feature", "properties": { "内容": "リハビリデイサービスポシブル宇野【通所介護】玉野市築港１－１１－５", "url": "https://www.kaigokensaku.mhlw.go.jp/33/index.php?action_kouhyou_detail_004_kani=true&JigyosyoCd=3370401196-00&ServiceCd=150&Type=search", "url2": "http://www.elgeo.co.jp" }, "geometry": { "type": "Point", "coordinates": [ 133.951314499999967, 34.4939795 ] } },
{ "type": "Feature", "properties": { "内容": "デイサービスセンターほのか和田【通所介護】岡山県玉野市和田３－３４－１５", "url": "https://www.kaigokensaku.mhlw.go.jp/33/index.php?action_kouhyou_detail_004_kani=true&JigyosyoCd=3370401238-00&ServiceCd=150&Type=search", "url2": "https://honoka-hc.co.jp" }, "geometry": { "type": "Point", "coordinates": [ 133.921613699999966, 34.4630677 ] } },
{ "type": "Feature", "properties": { "内容": "デイサービスセンターフローアール【通所介護】岡山県玉野市東高崎25-247", "url": "https://www.kaigokensaku.mhlw.go.jp/33/index.php?action_kouhyou_detail_004_kani=true&JigyosyoCd=3370401535-00&ServiceCd=150&Type=search", "url2": "https://rcare.jp/" }, "geometry": { "type": "Point", "coordinates": [ 133.895518004630816, 34.534872622533499 ] } },
{ "type": "Feature", "properties": { "内容": "近藤医院デイサービスセンター【通所介護】岡山県　玉野市東田井地　１３９５", "url": "https://www.kaigokensaku.mhlw.go.jp/33/index.php?action_kouhyou_detail_004_kani=true&JigyosyoCd=3370400586-00&ServiceCd=150&Type=search", "url2": null }, "geometry": { "type": "Point", "coordinates": [ 133.9971061, 34.5530713 ] } },
{ "type": "Feature", "properties": { "内容": "デイサービスいちじく【通所介護】岡山県笠岡市用之江３５５－１", "url": "https://www.kaigokensaku.mhlw.go.jp/33/index.php?action_kouhyou_detail_004_kani=true&JigyosyoCd=3370500997-00&ServiceCd=150&Type=search", "url2": null }, "geometry": { "type": "Point", "coordinates": [ 133.460699200000022, 34.5060773 ] } },
{ "type": "Feature", "properties": { "内容": "デイサービスセンターよつばよしはま【通所介護】岡山県笠岡市吉浜2455－2デイサービスセンターよつばよしはま", "url": "https://www.kaigokensaku.mhlw.go.jp/33/index.php?action_kouhyou_detail_004_kani=true&JigyosyoCd=3370500872-00&ServiceCd=150&Type=search", "url2": "http://care-net.biz/33/yotuba/" }, "geometry": { "type": "Point", "coordinates": [ 133.490816291401643, 34.519455597532719 ] } },
{ "type": "Feature", "properties": { "内容": "創心会リハビリ倶楽部笠岡【通所介護】岡山県笠岡市生江浜1135", "url": "https://www.kaigokensaku.mhlw.go.jp/33/index.php?action_kouhyou_detail_004_kani=true&JigyosyoCd=3370500716-00&ServiceCd=150&Type=search", "url2": "http://www.soushinkai.com/" }, "geometry": { "type": "Point", "coordinates": [ 133.484377664407816, 34.508471078304801 ] } },
{ "type": "Feature", "properties": { "内容": "デイサービスくりの木【通所介護】篠坂227-1", "url": "https://www.kaigokensaku.mhlw.go.jp/33/index.php?action_kouhyou_detail_004_kani=true&JigyosyoCd=3370500989-00&ServiceCd=150&Type=search", "url2": null }, "geometry": { "type": "Point", "coordinates": [ 133.463938900000016, 34.5342503 ] } },
{ "type": "Feature", "properties": { "内容": "天神荘デイサービスセンター【通所介護】岡山県笠岡市神島３６２６－７", "url": "https://www.kaigokensaku.mhlw.go.jp/33/index.php?action_kouhyou_detail_004_kani=true&JigyosyoCd=3370500187-00&ServiceCd=150&Type=search", "url2": "http://www.tenjinkai.org" }, "geometry": { "type": "Point", "coordinates": [ 133.509644900000012, 34.4731837 ] } },
{ "type": "Feature", "properties": { "内容": "国定病院デイサービスじゃんけんぽん【通所介護】岡山県笠岡市西大島２７０１－１０", "url": "https://www.kaigokensaku.mhlw.go.jp/33/index.php?action_kouhyou_detail_004_kani=true&JigyosyoCd=3372700512-00&ServiceCd=150&Type=search", "url2": "http://www.kcv.ne.jp/~hoseikai" }, "geometry": { "type": "Point", "coordinates": [ 133.53527859999997, 34.4906955 ] } },
{ "type": "Feature", "properties": { "内容": "小北リハビリ型デイサービス絆【通所介護】岡山県笠岡市甲弩1807-4小北リハビリ型デイサービス絆", "url": "https://www.kaigokensaku.mhlw.go.jp/33/index.php?action_kouhyou_detail_004_kani=true&JigyosyoCd=3370500930-00&ServiceCd=150&Type=search", "url2": null }, "geometry": { "type": "Point", "coordinates": [ 133.540088493223607, 34.594582839746906 ] } },
{ "type": "Feature", "properties": { "内容": "瀬戸内荘デイサービスセンター【通所介護】岡山県笠岡市横島1944-1", "url": "https://www.kaigokensaku.mhlw.go.jp/33/index.php?action_kouhyou_detail_004_kani=true&JigyosyoCd=3370500146-00&ServiceCd=150&Type=search", "url2": "http://www.kabutokai.jp/" }, "geometry": { "type": "Point", "coordinates": [ 133.519750540336645, 34.478702234978719 ] } },
{ "type": "Feature", "properties": { "内容": "笠岡北デイサービスセンター【通所介護】岡山県笠岡市吉田字山中35番3号", "url": "https://www.kaigokensaku.mhlw.go.jp/33/index.php?action_kouhyou_detail_004_kani=true&JigyosyoCd=3370500609-00&ServiceCd=150&Type=search", "url2": "http://www.alice-japan.co.jp" }, "geometry": { "type": "Point", "coordinates": [ 133.519801772935892, 34.545322004357352 ] } },
{ "type": "Feature", "properties": { "内容": "デイサービス鶴寿館【通所介護】岡山県笠岡市美の浜27-15", "url": "https://www.kaigokensaku.mhlw.go.jp/33/index.php?action_kouhyou_detail_004_kani=true&JigyosyoCd=3370500955-00&ServiceCd=150&Type=search", "url2": null }, "geometry": { "type": "Point", "coordinates": [ 133.5179104, 34.4855544 ] } },
{ "type": "Feature", "properties": { "内容": "デイサービス千寿館【通所介護】岡山県笠岡市美の浜２７－１４", "url": "https://www.kaigokensaku.mhlw.go.jp/33/index.php?action_kouhyou_detail_004_kani=true&JigyosyoCd=3370500864-00&ServiceCd=150&Type=search", "url2": null }, "geometry": { "type": "Point", "coordinates": [ 133.517595175918586, 34.485514330357006 ] } },
{ "type": "Feature", "properties": { "内容": "デイサービスセンターよつば【通所介護】岡山県井原市上出部町1805-5", "url": "https://www.kaigokensaku.mhlw.go.jp/33/index.php?action_kouhyou_detail_004_kani=true&JigyosyoCd=3370700480-00&ServiceCd=150&Type=search", "url2": "http://care-net.biz/33/yotuba/" }, "geometry": { "type": "Point", "coordinates": [ 133.4573213, 34.5838429 ] } },
{ "type": "Feature", "properties": { "内容": "デイサービスセンター　よつば　いばら【通所介護】岡山県井原市東江原町325番地1", "url": "https://www.kaigokensaku.mhlw.go.jp/33/index.php?action_kouhyou_detail_004_kani=true&JigyosyoCd=3370700688-00&ServiceCd=150&Type=search", "url2": "http://care-net.biz/33/yotuba/" }, "geometry": { "type": "Point", "coordinates": [ 133.509710700000028, 34.5960025 ] } },
{ "type": "Feature", "properties": { "内容": "デイサービスセンター　サンライズ【通所介護】岡山県井原市上出部町四季が丘20-7", "url": "https://www.kaigokensaku.mhlw.go.jp/33/index.php?action_kouhyou_detail_004_kani=true&JigyosyoCd=3370700548-00&ServiceCd=150&Type=search", "url2": "http://kyouwa.or.jp" }, "geometry": { "type": "Point", "coordinates": [ 133.4678537, 34.5848677 ] } },
{ "type": "Feature", "properties": { "内容": "デイサービスセンター・サントピア【通所介護】岡山県井原市上出部町四季が丘16番地10", "url": "https://www.kaigokensaku.mhlw.go.jp/33/index.php?action_kouhyou_detail_004_kani=true&JigyosyoCd=3370700928-00&ServiceCd=150&Type=search", "url2": "http://kyouwa.or.jp" }, "geometry": { "type": "Point", "coordinates": [ 133.466364257394417, 34.585763837719277 ] } },
{ "type": "Feature", "properties": { "内容": "西部いこいの里通所介護事業所【通所介護】岡山県井原市高屋町４丁目２５番地の２", "url": "https://www.kaigokensaku.mhlw.go.jp/33/index.php?action_kouhyou_detail_004_kani=true&JigyosyoCd=3370700100-00&ServiceCd=150&Type=search", "url2": "http://www.kinoko-group.jp/ikoi_no_sato/" }, "geometry": { "type": "Point", "coordinates": [ 133.436445300000059, 34.5803512 ] } },
{ "type": "Feature", "properties": { "内容": "長楽園デイサービスセンター【通所介護】岡山県井原市美星町西水砂２２３６－７", "url": "https://www.kaigokensaku.mhlw.go.jp/33/index.php?action_kouhyou_detail_004_kani=true&JigyosyoCd=3372800098-00&ServiceCd=150&Type=search", "url2": "https://chorakuen.or.jp" }, "geometry": { "type": "Point", "coordinates": [ 133.536445400000048, 34.6600094 ] } },
{ "type": "Feature", "properties": { "内容": "なかよし指定通所介護事業所【通所介護】岡山県井原市高屋町２丁目１４番地の６", "url": "https://www.kaigokensaku.mhlw.go.jp/33/index.php?action_kouhyou_detail_004_kani=true&JigyosyoCd=3370700381-00&ServiceCd=150&Type=search", "url2": "//nakayoshi-koyoshi.jimdo.com" }, "geometry": { "type": "Point", "coordinates": [ 133.431468099999961, 34.5781819 ] } },
{ "type": "Feature", "properties": { "内容": "社会福祉法人井原市社会福祉協議会指定通所介護事業所【通所介護】岡山県井原市西江原町2936番地1", "url": "https://www.kaigokensaku.mhlw.go.jp/33/index.php?action_kouhyou_detail_004_kani=true&JigyosyoCd=3370700134-00&ServiceCd=150&Type=search", "url2": "http://www.ibara-syakyo.jp/" }, "geometry": { "type": "Point", "coordinates": [ 133.482904599999983, 34.6019768 ] } },
{ "type": "Feature", "properties": { "内容": "小田川荘デイサービスセンター【通所介護】岡山県井原市芳井町川相351", "url": "https://www.kaigokensaku.mhlw.go.jp/33/index.php?action_kouhyou_detail_004_kani=true&JigyosyoCd=3372900039-00&ServiceCd=150&Type=search", "url2": "http://www.odagawasou.or.jp" }, "geometry": { "type": "Point", "coordinates": [ 133.410050400000046, 34.6476016 ] } },
{ "type": "Feature", "properties": { "内容": "デイサービス子守唄の里高屋【通所介護】2-7-32", "url": "https://www.kaigokensaku.mhlw.go.jp/33/index.php?action_kouhyou_detail_004_kani=true&JigyosyoCd=3370700837-00&ServiceCd=150&Type=search", "url2": "https://komoriutanosatotakaya.jimdofree.com/" }, "geometry": { "type": "Point", "coordinates": [ 131.7156694, 33.2514156 ] } },
{ "type": "Feature", "properties": { "内容": "特別養護老人ホームみずきデイサービスセンター【通所介護】岡山県井原市東江原町1661-1", "url": "https://www.kaigokensaku.mhlw.go.jp/33/index.php?action_kouhyou_detail_004_kani=true&JigyosyoCd=3370700266-00&ServiceCd=150&Type=search", "url2": "https://mizuki-okayama.jp/" }, "geometry": { "type": "Point", "coordinates": [ 133.5135047, 34.5999271 ] } },
{ "type": "Feature", "properties": { "内容": "JUNOデイサービスセンターほっと【通所介護】岡山県総社市宿１６６－１", "url": "https://www.kaigokensaku.mhlw.go.jp/33/index.php?action_kouhyou_detail_004_kani=true&JigyosyoCd=3370204368-00&ServiceCd=150&Type=search", "url2": null }, "geometry": { "type": "Point", "coordinates": [ 133.789895200000046, 34.6666563 ] } },
{ "type": "Feature", "properties": { "内容": "ツクイ総社【通所介護】岡山県総社市中央5-2-102", "url": "https://www.kaigokensaku.mhlw.go.jp/33/index.php?action_kouhyou_detail_004_kani=true&JigyosyoCd=3370801411-00&ServiceCd=150&Type=search", "url2": "https://www.tsukui.net/home-care/2356/" }, "geometry": { "type": "Point", "coordinates": [ 133.752599300000014, 34.6695573 ] } },
{ "type": "Feature", "properties": { "内容": "宅老所なごみデイサービス【通所介護】岡山県総社市中央３丁目３－１１０", "url": "https://www.kaigokensaku.mhlw.go.jp/33/index.php?action_kouhyou_detail_004_kani=true&JigyosyoCd=3370800934-00&ServiceCd=150&Type=search", "url2": null }, "geometry": { "type": "Point", "coordinates": [ 133.750214300000039, 34.6730489 ] } },
{ "type": "Feature", "properties": { "内容": "総社市山手福祉センター通所介護事業所【通所介護】岡山県総社市地頭片山150", "url": "https://www.kaigokensaku.mhlw.go.jp/33/index.php?action_kouhyou_detail_004_kani=true&JigyosyoCd=3372600134-00&ServiceCd=150&Type=search", "url2": null }, "geometry": { "type": "Point", "coordinates": [ 133.769894199999953, 34.6582534 ] } },
{ "type": "Feature", "properties": { "内容": "グリーンアンドリバーホームデイサービスセンター【通所介護】総社市清音三因１０７４－１", "url": "https://www.kaigokensaku.mhlw.go.jp/33/index.php?action_kouhyou_detail_004_kani=true&JigyosyoCd=3372600043-00&ServiceCd=150&Type=search", "url2": "https://www.green-river.or.jp" }, "geometry": { "type": "Point", "coordinates": [ 133.755753499999969, 34.6544177 ] } },
{ "type": "Feature", "properties": { "内容": "アライヴ総社【通所介護】岡山県総社市真壁1292-2", "url": "https://www.kaigokensaku.mhlw.go.jp/33/index.php?action_kouhyou_detail_004_kani=true&JigyosyoCd=3370801395-00&ServiceCd=150&Type=search", "url2": "alive.gr.jp/" }, "geometry": { "type": "Point", "coordinates": [ 133.733315299999958, 34.670236231025591 ] } },
{ "type": "Feature", "properties": { "内容": "ＪＵＮＯデイサービスセンター国分寺【通所介護】岡山県総社市宿１５９－１", "url": "https://www.kaigokensaku.mhlw.go.jp/33/index.php?action_kouhyou_detail_004_kani=true&JigyosyoCd=3370801247-00&ServiceCd=150&Type=search", "url2": null }, "geometry": { "type": "Point", "coordinates": [ 133.790883500000035, 34.66655080000001 ] } },
{ "type": "Feature", "properties": { "内容": "デイサービスセンター　アルフィック総社【通所介護】岡山県総社市三須1524－4", "url": "https://www.kaigokensaku.mhlw.go.jp/33/index.php?action_kouhyou_detail_004_kani=true&JigyosyoCd=3370800835-00&ServiceCd=150&Type=search", "url2": null }, "geometry": { "type": "Point", "coordinates": [ 133.765332700000044, 34.6738016 ] } },
{ "type": "Feature", "properties": { "内容": "デイサービス清音の里【通所介護】総社市清音上中島１６８番地６", "url": "https://www.kaigokensaku.mhlw.go.jp/33/index.php?action_kouhyou_detail_004_kani=true&JigyosyoCd=3370800926-00&ServiceCd=150&Type=search", "url2": "http://www.oasis-kiyone.com" }, "geometry": { "type": "Point", "coordinates": [ 133.733152300000029, 34.6459405 ] } },
{ "type": "Feature", "properties": { "内容": "リハビリステーションいずみの杜【通所介護】総社市　小寺958", "url": "https://www.kaigokensaku.mhlw.go.jp/33/index.php?action_kouhyou_detail_004_kani=true&JigyosyoCd=3370801023-00&ServiceCd=150&Type=search", "url2": "choujukai.or.jp" }, "geometry": { "type": "Point", "coordinates": [ 133.74526370000001, 34.6900307 ] } },
{ "type": "Feature", "properties": { "内容": "デイサービスセンターセレーノ総社【通所介護】岡山県総社市久代５１２７", "url": "https://www.kaigokensaku.mhlw.go.jp/33/index.php?action_kouhyou_detail_004_kani=true&JigyosyoCd=3370800207-00&ServiceCd=150&Type=search", "url2": "http://www.sesshu-fukushikai.or.jp/sereno/" }, "geometry": { "type": "Point", "coordinates": [ 133.699285300000042, 34.6775123 ] } },
{ "type": "Feature", "properties": { "内容": "デイサービスSoda【通所介護】岡山県総社市総社3丁目1-14", "url": "https://www.kaigokensaku.mhlw.go.jp/33/index.php?action_kouhyou_detail_004_kani=true&JigyosyoCd=3370801460-00&ServiceCd=150&Type=search", "url2": "https://soda-dayservice.studio.site/#info" }, "geometry": { "type": "Point", "coordinates": [ 133.755114400000025, 34.6752691 ] } },
{ "type": "Feature", "properties": { "内容": "デイサービスひまわり【通所介護】岡山県高梁市成羽町成羽２３３７－１", "url": "https://www.kaigokensaku.mhlw.go.jp/33/index.php?action_kouhyou_detail_004_kani=true&JigyosyoCd=3370900528-00&ServiceCd=150&Type=search", "url2": "https://asada-ltd.com/" }, "geometry": { "type": "Point", "coordinates": [ 133.532827600000019, 34.7886722 ] } },
{ "type": "Feature", "properties": { "内容": "白和荘通所介護事業所【通所介護】高梁市高倉町大瀬八長2663-1", "url": "https://www.kaigokensaku.mhlw.go.jp/33/index.php?action_kouhyou_detail_004_kani=true&JigyosyoCd=3370900031-00&ServiceCd=150&Type=search", "url2": "http://www.jyunshinkai.or.jp" }, "geometry": { "type": "Point", "coordinates": [ 133.612040500000035, 34.8214605 ] } },
{ "type": "Feature", "properties": { "内容": "デイサービスすずらん【通所介護】岡山県高梁市松原通２０２３－１", "url": "https://www.kaigokensaku.mhlw.go.jp/33/index.php?action_kouhyou_detail_004_kani=true&JigyosyoCd=3370900338-00&ServiceCd=150&Type=search", "url2": null }, "geometry": { "type": "Point", "coordinates": [ 133.618057300000032, 34.7915949 ] } },
{ "type": "Feature", "properties": { "内容": "高梁市有漢デイサービスセンター【通所介護】岡山県高梁市有漢町有漢7945－18", "url": "https://www.kaigokensaku.mhlw.go.jp/33/index.php?action_kouhyou_detail_004_kani=true&JigyosyoCd=3373100092-00&ServiceCd=150&Type=search", "url2": "http://yoshimikai.com/" }, "geometry": { "type": "Point", "coordinates": [ 133.678877899999947, 34.9017031 ] } },
{ "type": "Feature", "properties": { "内容": "グリーンヒル順正通所介護事業所【通所介護】岡山県高梁市松原町神原２２８１－８", "url": "https://www.kaigokensaku.mhlw.go.jp/33/index.php?action_kouhyou_detail_004_kani=true&JigyosyoCd=3370900189-00&ServiceCd=150&Type=search", "url2": "http://www.greenhill-junsei.com/" }, "geometry": { "type": "Point", "coordinates": [ 133.595367, 34.8143886 ] } },
{ "type": "Feature", "properties": { "内容": "高梁市社会福祉協議会　備中デイサービスセンター【通所介護】岡山県高梁市備中町布賀3513番地2", "url": "https://www.kaigokensaku.mhlw.go.jp/33/index.php?action_kouhyou_detail_004_kani=true&JigyosyoCd=3373200090-00&ServiceCd=150&Type=search", "url2": "http://www.takahashi-shakyo.org/" }, "geometry": { "type": "Point", "coordinates": [ 133.424287199999981, 34.7915392 ] } },
{ "type": "Feature", "properties": { "内容": "高梁市成羽デイサービスセンター通所介護事業所【通所介護】岡山県高梁市成羽町下原２８１番地１", "url": "https://www.kaigokensaku.mhlw.go.jp/33/index.php?action_kouhyou_detail_004_kani=true&JigyosyoCd=3373200215-00&ServiceCd=150&Type=search", "url2": null }, "geometry": { "type": "Point", "coordinates": [ 133.546484630024679, 34.782664516412439 ] } },
{ "type": "Feature", "properties": { "内容": "デイサービスセンターすずらん【通所介護】岡山県新見市哲多町本郷５７４－１", "url": "https://www.kaigokensaku.mhlw.go.jp/33/index.php?action_kouhyou_detail_004_kani=true&JigyosyoCd=3371000237-00&ServiceCd=150&Type=search", "url2": "ｄｓ-suzuran@miic.ac.jp" }, "geometry": { "type": "Point", "coordinates": [ 133.451362300000028, 34.9363375 ] } },
{ "type": "Feature", "properties": { "内容": "新見市社協神郷デイサービスセンター【通所介護】岡山県新見市神郷下神代3946番地", "url": "https://www.kaigokensaku.mhlw.go.jp/33/index.php?action_kouhyou_detail_004_kani=true&JigyosyoCd=3373300239-00&ServiceCd=150&Type=search", "url2": null }, "geometry": { "type": "Point", "coordinates": [ 133.396368100000018, 34.9925771 ] } },
{ "type": "Feature", "properties": { "内容": "おおさ苑通所介護事業所【通所介護】岡山県新見市大佐田治部３２２１番地", "url": "https://www.kaigokensaku.mhlw.go.jp/33/index.php?action_kouhyou_detail_004_kani=true&JigyosyoCd=3373300080-00&ServiceCd=150&Type=search", "url2": "https://keiaikai-osa.jp/ohsaen/" }, "geometry": { "type": "Point", "coordinates": [ 133.5563469, 35.0413254 ] } },
{ "type": "Feature", "properties": { "内容": "株式会社上田建設　デイサービスセンターオレンジ【通所介護】岡山県新見市神郷下神代5038", "url": "https://www.kaigokensaku.mhlw.go.jp/33/index.php?action_kouhyou_detail_004_kani=true&JigyosyoCd=3371000260-00&ServiceCd=150&Type=search", "url2": null }, "geometry": { "type": "Point", "coordinates": [ 133.402941599999963, 35.0122027 ] } },
{ "type": "Feature", "properties": { "内容": "唐松荘デイサービスセンター【通所介護】岡山県新見市唐松１７４９番地２", "url": "https://www.kaigokensaku.mhlw.go.jp/33/index.php?action_kouhyou_detail_004_kani=true&JigyosyoCd=3371000104-00&ServiceCd=150&Type=search", "url2": "http://www.karamatsu-so.jp" }, "geometry": { "type": "Point", "coordinates": [ 133.508350800000017, 34.9640904 ] } },
{ "type": "Feature", "properties": { "内容": "新見市社協中央デイサービスセンター【通所介護】岡山県新見市金谷６４０－１", "url": "https://www.kaigokensaku.mhlw.go.jp/33/index.php?action_kouhyou_detail_004_kani=true&JigyosyoCd=3371000096-00&ServiceCd=150&Type=search", "url2": null }, "geometry": { "type": "Point", "coordinates": [ 133.46857620000003, 34.9730583 ] } },
{ "type": "Feature", "properties": { "内容": "哲西荘デイサービスセンター【通所介護】岡山県新見市哲西町矢田４３５１", "url": "https://www.kaigokensaku.mhlw.go.jp/33/index.php?action_kouhyou_detail_004_kani=true&JigyosyoCd=3373300270-00&ServiceCd=150&Type=search", "url2": "tesseisou.jp" }, "geometry": { "type": "Point", "coordinates": [ 133.334514, 34.923884 ] } },
{ "type": "Feature", "properties": { "内容": "デイサービスアルクゆずり葉【通所介護】岡山県新見市新見８９７－７", "url": "https://www.kaigokensaku.mhlw.go.jp/33/index.php?action_kouhyou_detail_004_kani=true&JigyosyoCd=3371000518-00&ServiceCd=150&Type=search", "url2": "https://west-koseikai.jp" }, "geometry": { "type": "Point", "coordinates": [ 133.467998368647699, 34.984727362724925 ] } },
{ "type": "Feature", "properties": { "内容": "備前市デイサービスセンター大ヶ池荘【通所介護】岡山県備前市伊部９６４-５", "url": "https://www.kaigokensaku.mhlw.go.jp/33/index.php?action_kouhyou_detail_004_kani=true&JigyosyoCd=3371100102-00&ServiceCd=150&Type=search", "url2": null }, "geometry": { "type": "Point", "coordinates": [ 134.146244499999966, 34.7391006 ] } },
{ "type": "Feature", "properties": { "内容": "ニチイケアセンター備前【通所介護】岡山県備前市東片上646-1", "url": "https://www.kaigokensaku.mhlw.go.jp/33/index.php?action_kouhyou_detail_004_kani=true&JigyosyoCd=3371100276-00&ServiceCd=150&Type=search", "url2": null }, "geometry": { "type": "Point", "coordinates": [ 134.197336899999982, 34.7452012 ] } },
{ "type": "Feature", "properties": { "内容": "リハビリ特化型デイサービスカラダラボ備前【通所介護】岡山県備前市穂浪395番地10", "url": "https://www.kaigokensaku.mhlw.go.jp/33/index.php?action_kouhyou_detail_004_kani=true&JigyosyoCd=3371100714-00&ServiceCd=150&Type=search", "url2": "http://www.karadalabo.com/" }, "geometry": { "type": "Point", "coordinates": [ 134.2248332, 34.7319811 ] } },
{ "type": "Feature", "properties": { "内容": "デイサービスセンターこうら荘【通所介護】岡山県備前市日生町日生803-1", "url": "https://www.kaigokensaku.mhlw.go.jp/33/index.php?action_kouhyou_detail_004_kani=true&JigyosyoCd=3372300339-00&ServiceCd=150&Type=search", "url2": "https://www.keiyuu-kai.or.jp/" }, "geometry": { "type": "Point", "coordinates": [ 134.270689779814347, 34.729586511561763 ] } },
{ "type": "Feature", "properties": { "内容": "備前市デイサービスセンターしらうめ荘【通所介護】岡山県備前市吉永町岩崎４３３－１", "url": "https://www.kaigokensaku.mhlw.go.jp/33/index.php?action_kouhyou_detail_004_kani=true&JigyosyoCd=3372300362-00&ServiceCd=150&Type=search", "url2": null }, "geometry": { "type": "Point", "coordinates": [ 134.206692100000026, 34.8203308 ] } },
{ "type": "Feature", "properties": { "内容": "ザグスタ備前【通所介護】岡山県備前市大内329-2", "url": "https://www.kaigokensaku.mhlw.go.jp/33/index.php?action_kouhyou_detail_004_kani=true&JigyosyoCd=3372300743-00&ServiceCd=150&Type=search", "url2": "http://www.zagzag.co.jp/zagstu/" }, "geometry": { "type": "Point", "coordinates": [ 134.131242894151342, 34.731960726041798 ] } },
{ "type": "Feature", "properties": { "内容": "デイサービスセンターほのか【通所介護】岡山県瀬戸内市邑久町尾張556番地1", "url": "https://www.kaigokensaku.mhlw.go.jp/33/index.php?action_kouhyou_detail_004_kani=true&JigyosyoCd=3372400907-00&ServiceCd=150&Type=search", "url2": null }, "geometry": { "type": "Point", "coordinates": [ 134.09511509999993, 34.6625597 ] } },
{ "type": "Feature", "properties": { "内容": "なないろデイサービス【通所介護】邑久町上笠加292-1", "url": "https://www.kaigokensaku.mhlw.go.jp/33/index.php?action_kouhyou_detail_004_kani=true&JigyosyoCd=3372401046-00&ServiceCd=150&Type=search", "url2": "https://www.nanairokasaka.com/" }, "geometry": { "type": "Point", "coordinates": [ 134.098217, 34.6903908 ] } },
{ "type": "Feature", "properties": { "内容": "創心会リハビリ倶楽部邑久【通所介護】岡山県瀬戸内市邑久町尾張105-2", "url": "https://www.kaigokensaku.mhlw.go.jp/33/index.php?action_kouhyou_detail_004_kani=true&JigyosyoCd=3372400543-00&ServiceCd=150&Type=search", "url2": "http://www.soushinkai.com" }, "geometry": { "type": "Point", "coordinates": [ 134.08917120000001, 34.665051 ] } },
{ "type": "Feature", "properties": { "内容": "デイサービス　空楽【通所介護】岡山県瀬戸内市長船町福里92", "url": "https://www.kaigokensaku.mhlw.go.jp/33/index.php?action_kouhyou_detail_004_kani=true&JigyosyoCd=3372400949-00&ServiceCd=150&Type=search", "url2": null }, "geometry": { "type": "Point", "coordinates": [ 134.120267120793187, 34.702044899243127 ] } },
{ "type": "Feature", "properties": { "内容": "デイサービスセンター　すずらん【通所介護】岡山県瀬戸内市邑久町上笠加145番地6", "url": "https://www.kaigokensaku.mhlw.go.jp/33/index.php?action_kouhyou_detail_004_kani=true&JigyosyoCd=3372401004-00&ServiceCd=150&Type=search", "url2": "https://www.suzuran-setouchi.com" }, "geometry": { "type": "Point", "coordinates": [ 134.098033799999939, 34.6850135 ] } },
{ "type": "Feature", "properties": { "内容": "まごのて村デイサービス「さくら庵」【通所介護】岡山県瀬戸内市邑久町箕輪656-1まごのて村株式会社", "url": "https://www.kaigokensaku.mhlw.go.jp/33/index.php?action_kouhyou_detail_004_kani=true&JigyosyoCd=3372401053-00&ServiceCd=150&Type=search", "url2": "magonotemura.com" }, "geometry": { "type": "Point", "coordinates": [ 134.097289199999977, 34.6938682 ] } },
{ "type": "Feature", "properties": { "内容": "デイサービスセンターあんしん【通所介護】岡山県瀬戸内市邑久町上笠加２０８－１０", "url": "https://www.kaigokensaku.mhlw.go.jp/33/index.php?action_kouhyou_detail_004_kani=true&JigyosyoCd=3372400550-00&ServiceCd=150&Type=search", "url2": "https://sites.google.com/view/deianshin" }, "geometry": { "type": "Point", "coordinates": [ 134.096925400000032, 34.6903602 ] } },
{ "type": "Feature", "properties": { "内容": "平井デイサービス【通所介護】瀬戸内市長船町福岡200－1", "url": "https://www.kaigokensaku.mhlw.go.jp/33/index.php?action_kouhyou_detail_004_kani=true&JigyosyoCd=3372400725-00&ServiceCd=150&Type=search", "url2": "http://www.hirai-iin.jp/" }, "geometry": { "type": "Point", "coordinates": [ 134.097213900000042, 34.7038062 ] } },
{ "type": "Feature", "properties": { "内容": "デイサービス　ひだまり【通所介護】邑久町下山田1288-1", "url": "https://www.kaigokensaku.mhlw.go.jp/33/index.php?action_kouhyou_detail_004_kani=true&JigyosyoCd=3372401061-00&ServiceCd=150&Type=search", "url2": "https://www.hapiness-hidamari.com/hapiness" }, "geometry": { "type": "Point", "coordinates": [ 134.111910800000032, 34.6467949 ] } },
{ "type": "Feature", "properties": { "内容": "ボンボヤージュ【通所介護】岡山県瀬戸内市長船町土師147-1", "url": "https://www.kaigokensaku.mhlw.go.jp/33/index.php?action_kouhyou_detail_004_kani=true&JigyosyoCd=3372401111-00&ServiceCd=150&Type=search", "url2": null }, "geometry": { "type": "Point", "coordinates": [ 134.0928408, 34.664903 ] } },
{ "type": "Feature", "properties": { "内容": "デイサービスセンター　あじさい【通所介護】岡山県瀬戸内市牛窓町長浜1745-1", "url": "https://www.kaigokensaku.mhlw.go.jp/33/index.php?action_kouhyou_detail_004_kani=true&JigyosyoCd=3372400212-00&ServiceCd=150&Type=search", "url2": "http://www.ajisai-s.or.jp" }, "geometry": { "type": "Point", "coordinates": [ 134.133278300000029, 34.6375462 ] } },
{ "type": "Feature", "properties": { "内容": "岡山県瀬戸内市邑久町本庄4937-1【通所介護】邑久町本庄4937-1", "url": "https://www.kaigokensaku.mhlw.go.jp/33/index.php?action_kouhyou_detail_004_kani=true&JigyosyoCd=3372401129-00&ServiceCd=150&Type=search", "url2": null }, "geometry": { "type": "Point", "coordinates": [ 134.1269188, 34.6601806 ] } },
{ "type": "Feature", "properties": { "内容": "デイサービスムグランディアあじさい【通所介護】岡山県瀬戸内市長船町服部1141番地", "url": "https://www.kaigokensaku.mhlw.go.jp/33/index.php?action_kouhyou_detail_004_kani=true&JigyosyoCd=3372401160-00&ServiceCd=150&Type=search", "url2": null }, "geometry": { "type": "Point", "coordinates": [ 134.1101396, 34.7092465 ] } },
{ "type": "Feature", "properties": { "内容": "デイサービスセンターともに　あかいわ【通所介護】岡山県赤磐市日古木７６６番地１", "url": "https://www.kaigokensaku.mhlw.go.jp/33/index.php?action_kouhyou_detail_004_kani=true&JigyosyoCd=3372201545-00&ServiceCd=150&Type=search", "url2": "https://fairforest.jp/shisetsu/day_service/" }, "geometry": { "type": "Point", "coordinates": [ 134.03382497751528, 34.763192510089219 ] } },
{ "type": "Feature", "properties": { "内容": "つるの里デイサービスセンター【通所介護】岡山県赤磐市桜ヶ丘西9-17-17", "url": "https://www.kaigokensaku.mhlw.go.jp/33/index.php?action_kouhyou_detail_004_kani=true&JigyosyoCd=3372201388-00&ServiceCd=150&Type=search", "url2": "https://www.turunosato.com/" }, "geometry": { "type": "Point", "coordinates": [ 134.032174199999986, 34.7803186 ] } },
{ "type": "Feature", "properties": { "内容": "春の家デイサービスセンター【通所介護】岡山県赤磐市町苅田５１７－１", "url": "https://www.kaigokensaku.mhlw.go.jp/33/index.php?action_kouhyou_detail_004_kani=true&JigyosyoCd=3372200323-00&ServiceCd=150&Type=search", "url2": null }, "geometry": { "type": "Point", "coordinates": [ 134.008533899999946, 34.7989967 ] } },
{ "type": "Feature", "properties": { "内容": "デイサービス　ルミエール桜が丘【通所介護】赤磐市桜が丘西5丁目11-8ルミエール桜が丘", "url": "https://www.kaigokensaku.mhlw.go.jp/33/index.php?action_kouhyou_detail_004_kani=true&JigyosyoCd=3372201271-00&ServiceCd=150&Type=search", "url2": "https://souwa-group.co.jp/" }, "geometry": { "type": "Point", "coordinates": [ 134.040095899999955, 34.780254899999989 ] } },
{ "type": "Feature", "properties": { "内容": "デイサービス亀池荘【通所介護】穂崎888-1", "url": "https://www.kaigokensaku.mhlw.go.jp/33/index.php?action_kouhyou_detail_004_kani=true&JigyosyoCd=3372201438-00&ServiceCd=150&Type=search", "url2": "https://souwa-group.co.jp/" }, "geometry": { "type": "Point", "coordinates": [ 134.007389099999955, 34.7365978 ] } },
{ "type": "Feature", "properties": { "内容": "たけのこの家【通所介護】岡山県赤磐市桜が丘東4-4-467", "url": "https://www.kaigokensaku.mhlw.go.jp/33/index.php?action_kouhyou_detail_004_kani=true&JigyosyoCd=3372200893-00&ServiceCd=150&Type=search", "url2": "http://www.takenokonoie.com/" }, "geometry": { "type": "Point", "coordinates": [ 134.042073399999907, 34.7830575 ] } },
{ "type": "Feature", "properties": { "内容": "デイサービスセンター　アルフィック山陽【通所介護】岡山県赤磐市岩田57-1", "url": "https://www.kaigokensaku.mhlw.go.jp/33/index.php?action_kouhyou_detail_004_kani=true&JigyosyoCd=3372201149-00&ServiceCd=150&Type=search", "url2": "http://www.rcare.jp/" }, "geometry": { "type": "Point", "coordinates": [ 134.006653, 34.7377754 ] } },
{ "type": "Feature", "properties": { "内容": "山陽デイサービスセンター【通所介護】岡山県赤磐市河本７７８－１", "url": "https://www.kaigokensaku.mhlw.go.jp/33/index.php?action_kouhyou_detail_004_kani=true&JigyosyoCd=3372200182-00&ServiceCd=150&Type=search", "url2": null }, "geometry": { "type": "Point", "coordinates": [ 134.012799, 34.7514711 ] } },
{ "type": "Feature", "properties": { "内容": "デイサービスセンターくすのき【通所介護】岡山県赤磐市河本1143", "url": "https://www.kaigokensaku.mhlw.go.jp/33/index.php?action_kouhyou_detail_004_kani=true&JigyosyoCd=3372200679-00&ServiceCd=150&Type=search", "url2": null }, "geometry": { "type": "Point", "coordinates": [ 134.018576199999984, 34.7488772 ] } },
{ "type": "Feature", "properties": { "内容": "桃香デイサービスセンター【通所介護】岡山県赤磐市熊崎２７６－１", "url": "https://www.kaigokensaku.mhlw.go.jp/33/index.php?action_kouhyou_detail_004_kani=true&JigyosyoCd=3372201123-00&ServiceCd=150&Type=search", "url2": "https://kyokusuikai-momoka.com/" }, "geometry": { "type": "Point", "coordinates": [ 134.01174889999993, 34.7565372 ] } },
{ "type": "Feature", "properties": { "内容": "ねむの木デイサービスホーム【通所介護】岡山県赤磐市周匝９８５番地１０", "url": "https://www.kaigokensaku.mhlw.go.jp/33/index.php?action_kouhyou_detail_004_kani=true&JigyosyoCd=3372201172-00&ServiceCd=150&Type=search", "url2": "http://nemunki-day.com/" }, "geometry": { "type": "Point", "coordinates": [ 134.094522500000039, 34.9147035 ] } },
{ "type": "Feature", "properties": { "内容": "山陽多聞荘デイサービスセンター【通所介護】赤磐市山陽1丁目6番3", "url": "https://www.kaigokensaku.mhlw.go.jp/33/index.php?action_kouhyou_detail_004_kani=true&JigyosyoCd=3372201180-00&ServiceCd=150&Type=search", "url2": "http://www.tensetsukai.or.jp" }, "geometry": { "type": "Point", "coordinates": [ 134.006222200000025, 34.7452356 ] } },
{ "type": "Feature", "properties": { "内容": "赤磐市　あかまつ荘【通所介護】岡山県赤磐市塩木11", "url": "https://www.kaigokensaku.mhlw.go.jp/33/index.php?action_kouhyou_detail_004_kani=true&JigyosyoCd=3372201396-00&ServiceCd=150&Type=search", "url2": "http://www.eharakeimeikai.ｊｐ" }, "geometry": { "type": "Point", "coordinates": [ 134.064637100000027, 34.8917636 ] } },
{ "type": "Feature", "properties": { "内容": "あかいわデイサービスセンターさくら【通所介護】岡山県赤磐市日古木33-1", "url": "https://www.kaigokensaku.mhlw.go.jp/33/index.php?action_kouhyou_detail_004_kani=true&JigyosyoCd=3372201495-00&ServiceCd=150&Type=search", "url2": "http://www.iwadou.or.jp/" }, "geometry": { "type": "Point", "coordinates": [ 134.0302916, 34.7631879 ] } },
{ "type": "Feature", "properties": { "内容": "デイサービスセンターそらいろ【通所介護】西軽部1260そらいろサービス付き高齢者向け住宅", "url": "https://www.kaigokensaku.mhlw.go.jp/33/index.php?action_kouhyou_detail_004_kani=true&JigyosyoCd=3372201578-00&ServiceCd=150&Type=search", "url2": "https://www.turunosato.com/" }, "geometry": { "type": "Point", "coordinates": [ 134.015869900000013, 34.8061148 ] } },
{ "type": "Feature", "properties": { "内容": "蒜山デイサービスセンター【通所介護】岡山県真庭市蒜山上長田２８－１", "url": "https://www.kaigokensaku.mhlw.go.jp/33/index.php?action_kouhyou_detail_004_kani=true&JigyosyoCd=3373400641-00&ServiceCd=150&Type=search", "url2": "http://www.uguisuen.jp/" }, "geometry": { "type": "Point", "coordinates": [ 133.687347199999977, 35.2863203 ] } },
{ "type": "Feature", "properties": { "内容": "十字園デイサービスセンター【通所介護】岡山県真庭市下河内２２７５番地", "url": "https://www.kaigokensaku.mhlw.go.jp/33/index.php?action_kouhyou_detail_004_kani=true&JigyosyoCd=3373400294-00&ServiceCd=150&Type=search", "url2": "http://www.jyujikai.or.jp" }, "geometry": { "type": "Point", "coordinates": [ 133.786581800000022, 35.03251 ] } },
{ "type": "Feature", "properties": { "内容": "デイサービスセンターわたぼうし【通所介護】岡山県真庭市本郷1825-6", "url": "https://www.kaigokensaku.mhlw.go.jp/33/index.php?action_kouhyou_detail_004_kani=true&JigyosyoCd=3373400823-00&ServiceCd=150&Type=search", "url2": "http://www.katsuyama-hp.or.jp/" }, "geometry": { "type": "Point", "coordinates": [ 133.689141, 35.0850753 ] } },
{ "type": "Feature", "properties": { "内容": "あゆみデイサービスセンター【通所介護】岡山県真庭市久世27-7", "url": "https://www.kaigokensaku.mhlw.go.jp/33/index.php?action_kouhyou_detail_004_kani=true&JigyosyoCd=3373401052-00&ServiceCd=150&Type=search", "url2": null }, "geometry": { "type": "Point", "coordinates": [ 133.752363, 35.0857118 ] } },
{ "type": "Feature", "properties": { "内容": "デイサービスセンターこばと【通所介護】岡山県真庭市久世2910-1", "url": "https://www.kaigokensaku.mhlw.go.jp/33/index.php?action_kouhyou_detail_004_kani=true&JigyosyoCd=3373400872-00&ServiceCd=150&Type=search", "url2": null }, "geometry": { "type": "Point", "coordinates": [ 133.751213399999983, 35.076049 ] } },
{ "type": "Feature", "properties": { "内容": "リハビリ型デイサービスほほえみ【通所介護】岡山県真庭市落合垂水６１９－５", "url": "https://www.kaigokensaku.mhlw.go.jp/33/index.php?action_kouhyou_detail_004_kani=true&JigyosyoCd=3373401193-00&ServiceCd=150&Type=search", "url2": null }, "geometry": { "type": "Point", "coordinates": [ 133.748378600000024, 35.0148331 ] } },
{ "type": "Feature", "properties": { "内容": "陽だまりの家かつやまデイサービスセンター【通所介護】岡山県真庭市三田１２４－７", "url": "https://www.kaigokensaku.mhlw.go.jp/33/index.php?action_kouhyou_detail_004_kani=true&JigyosyoCd=3373401201-00&ServiceCd=150&Type=search", "url2": "http://www.solhem.jp/" }, "geometry": { "type": "Point", "coordinates": [ 133.688391200000069, 35.0797369 ] } },
{ "type": "Feature", "properties": { "内容": "リハスタイルひかり【通所介護】岡山県真庭市中313-8", "url": "https://www.kaigokensaku.mhlw.go.jp/33/index.php?action_kouhyou_detail_004_kani=true&JigyosyoCd=3373401227-00&ServiceCd=150&Type=search", "url2": null }, "geometry": { "type": "Point", "coordinates": [ 133.752524499999936, 35.0545168 ] } },
{ "type": "Feature", "properties": { "内容": "花岡デイサービスセンター【通所介護】岡山県真庭市下中津井505番地", "url": "https://www.kaigokensaku.mhlw.go.jp/33/index.php?action_kouhyou_detail_004_kani=true&JigyosyoCd=3373100076-00&ServiceCd=150&Type=search", "url2": "http://yoshimikai.com" }, "geometry": { "type": "Point", "coordinates": [ 133.6332057, 34.9362712 ] } },
{ "type": "Feature", "properties": { "内容": "デイサービスセンターふれあい【通所介護】岡山県美作市福本８６５", "url": "https://www.kaigokensaku.mhlw.go.jp/33/index.php?action_kouhyou_detail_004_kani=true&JigyosyoCd=3373700560-00&ServiceCd=150&Type=search", "url2": "https://www.uguisuen.jp/" }, "geometry": { "type": "Point", "coordinates": [ 134.127645799999982, 34.9385456 ] } },
{ "type": "Feature", "properties": { "内容": "デイサービスセンター蛍流荘【通所介護】湯郷903蛍流荘", "url": "https://www.kaigokensaku.mhlw.go.jp/33/index.php?action_kouhyou_detail_004_kani=true&JigyosyoCd=3373700826-00&ServiceCd=150&Type=search", "url2": "http://www.keiryusou.com/" }, "geometry": { "type": "Point", "coordinates": [ 134.131202199999962, 34.9915589 ] } },
{ "type": "Feature", "properties": { "内容": "美作名倉堂介護センター【通所介護】岡山県美作市栄町70", "url": "https://www.kaigokensaku.mhlw.go.jp/33/index.php?action_kouhyou_detail_004_kani=true&JigyosyoCd=3373700321-00&ServiceCd=150&Type=search", "url2": "https://www.mimasakanagurado.com" }, "geometry": { "type": "Point", "coordinates": [ 134.149269299999986, 35.0100547 ] } },
{ "type": "Feature", "properties": { "内容": "デイサービスセンターふくだ【通所介護】岡山県美作市真加部1368-2", "url": "https://www.kaigokensaku.mhlw.go.jp/33/index.php?action_kouhyou_detail_004_kani=true&JigyosyoCd=3373600448-00&ServiceCd=150&Type=search", "url2": null }, "geometry": { "type": "Point", "coordinates": [ 134.187476270361344, 35.075440969449978 ] } },
{ "type": "Feature", "properties": { "内容": "デイサービスセンター大原【通所介護】岡山県美作市古町1850-1大原保健センター２階", "url": "https://www.kaigokensaku.mhlw.go.jp/33/index.php?action_kouhyou_detail_004_kani=true&JigyosyoCd=3373700933-00&ServiceCd=150&Type=search", "url2": null }, "geometry": { "type": "Point", "coordinates": [ 134.3281145, 35.1194996 ] } },
{ "type": "Feature", "properties": { "内容": "ゆうゆうの里デイサービスセンター【通所介護】岡山県美作市北山401", "url": "https://www.kaigokensaku.mhlw.go.jp/33/index.php?action_kouhyou_detail_004_kani=true&JigyosyoCd=3373700354-00&ServiceCd=150&Type=search", "url2": "http://www.fukushi-koukikai.jp/" }, "geometry": { "type": "Point", "coordinates": [ 134.156781200000069, 35.031428 ] } },
{ "type": "Feature", "properties": { "内容": "デイサービスセンター湯郷【通所介護】中山1483-1", "url": "https://www.kaigokensaku.mhlw.go.jp/33/index.php?action_kouhyou_detail_004_kani=true&JigyosyoCd=3373700792-00&ServiceCd=150&Type=search", "url2": "http://uguisuen.jp" }, "geometry": { "type": "Point", "coordinates": [ 134.129713300000049, 34.9965055 ] } },
{ "type": "Feature", "properties": { "内容": "医療法人　豊医会　通所介護　こまち【通所介護】岡山県美作市豊国原１０５７－２", "url": "https://www.kaigokensaku.mhlw.go.jp/33/index.php?action_kouhyou_detail_004_kani=true&JigyosyoCd=3373700412-00&ServiceCd=150&Type=search", "url2": "https://houikai.jp/" }, "geometry": { "type": "Point", "coordinates": [ 134.159701, 35.0213595 ] } },
{ "type": "Feature", "properties": { "内容": "オペラハウス鴨方　デイサービスセンター通所介護事業所【通所介護】岡山県浅口市鴨方町地頭上５６７番地", "url": "https://www.kaigokensaku.mhlw.go.jp/33/index.php?action_kouhyou_detail_004_kani=true&JigyosyoCd=3372700199-00&ServiceCd=150&Type=search", "url2": "http://www.okayama-chidori.or.jp/opera/" }, "geometry": { "type": "Point", "coordinates": [ 133.5903399, 34.5589695 ] } },
{ "type": "Feature", "properties": { "内容": "機能訓練専門デイサービス　一歩【通所介護】金光町佐方56", "url": "https://www.kaigokensaku.mhlw.go.jp/33/index.php?action_kouhyou_detail_004_kani=true&JigyosyoCd=3372701148-00&ServiceCd=150&Type=search", "url2": null }, "geometry": { "type": "Point", "coordinates": [ 133.612613900000014, 34.5362774 ] } },
{ "type": "Feature", "properties": { "内容": "医療法人みわ記念病院さつきの里デイサービスセンター【通所介護】岡山県浅口市金光町地頭下２８１番地２", "url": "https://www.kaigokensaku.mhlw.go.jp/33/index.php?action_kouhyou_detail_004_kani=true&JigyosyoCd=3372700439-00&ServiceCd=150&Type=search", "url2": "http://www.miwahp.com/" }, "geometry": { "type": "Point", "coordinates": [ 133.60232510000003, 34.5413791 ] } },
{ "type": "Feature", "properties": { "内容": "寄島在宅福祉センターカニ丸の家デイサービスセンター【通所介護】岡山県浅口市寄島町１６０８９－１７", "url": "https://www.kaigokensaku.mhlw.go.jp/33/index.php?action_kouhyou_detail_004_kani=true&JigyosyoCd=3372700223-00&ServiceCd=150&Type=search", "url2": null }, "geometry": { "type": "Point", "coordinates": [ 133.585791, 34.4770064 ] } },
{ "type": "Feature", "properties": { "内容": "寿光園デイサービスセンター通所介護事業所【通所介護】岡山県浅口市金光町下竹１７７５番の1", "url": "https://www.kaigokensaku.mhlw.go.jp/33/index.php?action_kouhyou_detail_004_kani=true&JigyosyoCd=3372700256-00&ServiceCd=150&Type=search", "url2": "http://www.kcv.ne.jp/~jukoukai" }, "geometry": { "type": "Point", "coordinates": [ 133.641425600000048, 34.5595466 ] } },
{ "type": "Feature", "properties": { "内容": "デイサービス陽季【通所介護】岡山県浅口市鴨方町小坂西749", "url": "https://www.kaigokensaku.mhlw.go.jp/33/index.php?action_kouhyou_detail_004_kani=true&JigyosyoCd=3372701155-00&ServiceCd=150&Type=search", "url2": "https://www.youki-egg.com/" }, "geometry": { "type": "Point", "coordinates": [ 133.5596057, 34.5430303 ] } },
{ "type": "Feature", "properties": { "内容": "和気町デイサービスセンター【通所介護】岡山県和気郡和気町益原666番地1", "url": "https://www.kaigokensaku.mhlw.go.jp/33/index.php?action_kouhyou_detail_004_kani=true&JigyosyoCd=3372300396-00&ServiceCd=150&Type=search", "url2": null }, "geometry": { "type": "Point", "coordinates": [ 134.144517400000041, 34.8133392 ] } },
{ "type": "Feature", "properties": { "内容": "ハーモニーケアセンター【通所介護】岡山県和気郡和気町藤野80", "url": "https://www.kaigokensaku.mhlw.go.jp/33/index.php?action_kouhyou_detail_004_kani=true&JigyosyoCd=3372300511-00&ServiceCd=150&Type=search", "url2": null }, "geometry": { "type": "Point", "coordinates": [ 134.175643199999968, 34.808626 ] } },
{ "type": "Feature", "properties": { "内容": "ひまわり園デイサービスセンター【通所介護】岡山県和気郡和気町佐伯158", "url": "https://www.kaigokensaku.mhlw.go.jp/33/index.php?action_kouhyou_detail_004_kani=true&JigyosyoCd=3372300289-00&ServiceCd=150&Type=search", "url2": "http://www.himawarien.org" }, "geometry": { "type": "Point", "coordinates": [ 134.092529399999989, 34.8448716 ] } },
{ "type": "Feature", "properties": { "内容": "デイサービスみどり【通所介護】岡山県和気郡和気町田原下７９５番地1", "url": "https://www.kaigokensaku.mhlw.go.jp/33/index.php?action_kouhyou_detail_004_kani=true&JigyosyoCd=3372300768-00&ServiceCd=150&Type=search", "url2": null }, "geometry": { "type": "Point", "coordinates": [ 134.13004698426974, 34.809802262103915 ] } },
{ "type": "Feature", "properties": { "内容": "ﾌﾞﾙｰﾐﾝｸﾞｹｱ早島ﾃﾞｲｻｰﾋﾞｽ【通所介護】岡山県都窪郡早島町矢尾566-1", "url": "https://www.kaigokensaku.mhlw.go.jp/33/index.php?action_kouhyou_detail_004_kani=true&JigyosyoCd=3372600340-00&ServiceCd=150&Type=search", "url2": "https://bloomingcarehyashima.jimdosite.com/" }, "geometry": { "type": "Point", "coordinates": [ 133.827175105309607, 34.617660394388395 ] } },
{ "type": "Feature", "properties": { "内容": "特別養護老人ホーム白亜館デイサービスセンター「はくあ」【通所介護】岡山県都窪郡早島町早島4962-11", "url": "https://www.kaigokensaku.mhlw.go.jp/33/index.php?action_kouhyou_detail_004_kani=true&JigyosyoCd=3372600241-00&ServiceCd=150&Type=search", "url2": "http://hakuakan.ec-net.jp" }, "geometry": { "type": "Point", "coordinates": [ 133.807008399999972, 34.6094839 ] } },
{ "type": "Feature", "properties": { "内容": "早島町デイサービスセンター【通所介護】岡山県都窪郡早島町前潟２４９番地１地域福祉センター", "url": "https://www.kaigokensaku.mhlw.go.jp/33/index.php?action_kouhyou_detail_004_kani=true&JigyosyoCd=3372600100-00&ServiceCd=150&Type=search", "url2": "http://www.hayashima-shakyo.jp" }, "geometry": { "type": "Point", "coordinates": [ 133.826234200000044, 34.6001826 ] } },
{ "type": "Feature", "properties": { "内容": "デイサービスセンター　ひまわり【通所介護】岡山県浅口郡里庄町大字新庄2855-1", "url": "https://www.kaigokensaku.mhlw.go.jp/33/index.php?action_kouhyou_detail_004_kani=true&JigyosyoCd=3372700801-00&ServiceCd=150&Type=search", "url2": "http://www.une-niitsu.jp/" }, "geometry": { "type": "Point", "coordinates": [ 133.5511328, 34.506602 ] } },
{ "type": "Feature", "properties": { "内容": "デイサービスセンター和（なごみ）の里【通所介護】岡山県浅口郡里庄町里見5279番地", "url": "https://www.kaigokensaku.mhlw.go.jp/33/index.php?action_kouhyou_detail_004_kani=true&JigyosyoCd=3372701205-00&ServiceCd=150&Type=search", "url2": null }, "geometry": { "type": "Point", "coordinates": [ 133.583516, 34.53045 ] } },
{ "type": "Feature", "properties": { "内容": "デイサービス福寿館【通所介護】岡山県浅口郡里庄町里見6304番地1", "url": "https://www.kaigokensaku.mhlw.go.jp/33/index.php?action_kouhyou_detail_004_kani=true&JigyosyoCd=3372700868-00&ServiceCd=150&Type=search", "url2": null }, "geometry": { "type": "Point", "coordinates": [ 133.568181399999958, 34.527253 ] } },
{ "type": "Feature", "properties": { "内容": "デイサービスセンター和【通所介護】岡山県浅口郡里庄町里見5279", "url": "https://www.kaigokensaku.mhlw.go.jp/33/index.php?action_kouhyou_detail_004_kani=true&JigyosyoCd=3372700850-00&ServiceCd=150&Type=search", "url2": null }, "geometry": { "type": "Point", "coordinates": [ 133.583445755287499, 34.530485373246563 ] } },
{ "type": "Feature", "properties": { "内容": "ニチイケアセンター里庄【通所介護】浅口郡里庄町大字浜中93-10", "url": "https://www.kaigokensaku.mhlw.go.jp/33/index.php?action_kouhyou_detail_004_kani=true&JigyosyoCd=3372701007-00&ServiceCd=150&Type=search", "url2": "http://www.nichiigakkan.co.jp" }, "geometry": { "type": "Point", "coordinates": [ 133.534310310311866, 34.497747214671861 ] } },
{ "type": "Feature", "properties": { "内容": "矢掛荘デイサービスセンター【通所介護】岡山県小田郡矢掛町南山田3044-12", "url": "https://www.kaigokensaku.mhlw.go.jp/33/index.php?action_kouhyou_detail_004_kani=true&JigyosyoCd=3372800072-00&ServiceCd=150&Type=search", "url2": "https://www.yakage-so.jp" }, "geometry": { "type": "Point", "coordinates": [ 133.613008900000068, 34.5853672 ] } },
{ "type": "Feature", "properties": { "内容": "富田デイサービスやかげ【通所介護】小田郡矢掛町西川面268-1", "url": "https://www.kaigokensaku.mhlw.go.jp/33/index.php?action_kouhyou_detail_004_kani=true&JigyosyoCd=3372800486-00&ServiceCd=150&Type=search", "url2": "www.toｍicare.com" }, "geometry": { "type": "Point", "coordinates": [ 133.570101894707449, 34.615492344810363 ] } },
{ "type": "Feature", "properties": { "内容": "新庄村社会福祉協議会指定通所介護事業所【通所介護】岡山県真庭郡新庄村１９９８－１", "url": "https://www.kaigokensaku.mhlw.go.jp/33/index.php?action_kouhyou_detail_004_kani=true&JigyosyoCd=3373400583-00&ServiceCd=150&Type=search", "url2": "http://www.shinjoshakyo.or.jp/" }, "geometry": { "type": "Point", "coordinates": [ 133.566736518246415, 35.179597807550145 ] } },
{ "type": "Feature", "properties": { "内容": "一般財団法人　共愛会　デイサービス　みもこころ【通所介護】岡山県苫田郡鏡野町吉原３２５", "url": "https://www.kaigokensaku.mhlw.go.jp/33/index.php?action_kouhyou_detail_004_kani=true&JigyosyoCd=3373500408-00&ServiceCd=150&Type=search", "url2": null }, "geometry": { "type": "Point", "coordinates": [ 133.936937700000044, 35.0713022 ] } },
{ "type": "Feature", "properties": { "内容": "デイサービス出雲乢【通所介護】勝田郡勝央町植月中1540-10", "url": "https://www.kaigokensaku.mhlw.go.jp/33/index.php?action_kouhyou_detail_004_kani=true&JigyosyoCd=3373600570-00&ServiceCd=150&Type=search", "url2": "http://www.syouboku.or.jp/izumo.html" }, "geometry": { "type": "Point", "coordinates": [ 134.1158345, 35.070526 ] } },
{ "type": "Feature", "properties": { "内容": "デイサービスはくせん【通所介護】岡山県勝田郡勝央町岡457-1", "url": "https://www.kaigokensaku.mhlw.go.jp/33/index.php?action_kouhyou_detail_004_kani=true&JigyosyoCd=3373600588-00&ServiceCd=150&Type=search", "url2": "oficial@hakusen-8900.com" }, "geometry": { "type": "Point", "coordinates": [ 134.127789552994017, 35.03816110956852 ] } },
{ "type": "Feature", "properties": { "内容": "南光荘デイサービスセンター【通所介護】岡山県勝田郡勝央町美野１８７７番地", "url": "https://www.kaigokensaku.mhlw.go.jp/33/index.php?action_kouhyou_detail_004_kani=true&JigyosyoCd=3373600141-00&ServiceCd=150&Type=search", "url2": "http://www.shoumei-fukushikai.or.jp/" }, "geometry": { "type": "Point", "coordinates": [ 134.1531314, 35.0670377 ] } },
{ "type": "Feature", "properties": { "内容": "なぎみ苑指定通所介護事業所【通所介護】岡山県勝田郡奈義町広岡30", "url": "https://www.kaigokensaku.mhlw.go.jp/33/index.php?action_kouhyou_detail_004_kani=true&JigyosyoCd=3373600208-00&ServiceCd=150&Type=search", "url2": "http://www.jifu-kai.or.jp" }, "geometry": { "type": "Point", "coordinates": [ 134.166784199999938, 35.1158719 ] } },
{ "type": "Feature", "properties": { "内容": "十字園あさひデイサービスセンター【通所介護】岡山県久米郡美咲町里886-1", "url": "https://www.kaigokensaku.mhlw.go.jp/33/index.php?action_kouhyou_detail_004_kani=true&JigyosyoCd=3373800246-00&ServiceCd=150&Type=search", "url2": "http://www.zyugikai.or.jp" }, "geometry": { "type": "Point", "coordinates": [ 133.826941199999965, 34.971671 ] } },
{ "type": "Feature", "properties": { "内容": "美咲町柵原デイサービスセンターかしのき荘【通所介護】岡山県久米郡美咲町吉ヶ原８６２－１", "url": "https://www.kaigokensaku.mhlw.go.jp/33/index.php?action_kouhyou_detail_004_kani=true&JigyosyoCd=3373800253-00&ServiceCd=150&Type=search", "url2": null }, "geometry": { "type": "Point", "coordinates": [ 134.073990200000026, 34.9432141 ] } },
{ "type": "Feature", "properties": { "内容": "白寿荘デイサービスセンター【通所介護】岡山県久米郡美咲町打穴下４１２－５", "url": "https://www.kaigokensaku.mhlw.go.jp/33/index.php?action_kouhyou_detail_004_kani=true&JigyosyoCd=3373800568-00&ServiceCd=150&Type=search", "url2": "http://www.hakujuso.or.jp" }, "geometry": { "type": "Point", "coordinates": [ 133.938783647046762, 35.027729114426677 ] } },
{ "type": "Feature", "properties": { "内容": "障がい者支援施設さやかなる苑　共生型通所介護【通所介護】岡山県久米郡美咲町書副182-4", "url": "https://www.kaigokensaku.mhlw.go.jp/33/index.php?action_kouhyou_detail_004_kani=true&JigyosyoCd=3373800634-00&ServiceCd=150&Type=search", "url2": "https://www.uguisuen.jp/facility/sayaka/" }, "geometry": { "type": "Point", "coordinates": [ 134.049971699999986, 34.9897718 ] } },
{ "type": "Feature", "properties": { "内容": "美咲町中央ふれあいセンター【通所介護】岡山県久米郡美咲町原田3108-10", "url": "https://www.kaigokensaku.mhlw.go.jp/33/index.php?action_kouhyou_detail_004_kani=true&JigyosyoCd=3373800220-00&ServiceCd=150&Type=search", "url2": "http://www.cyerry.net/~misyamon/misaki.html" }, "geometry": { "type": "Point", "coordinates": [ 133.954594, 34.9947616 ] } },
{ "type": "Feature", "properties": { "内容": "美咲町福祉の里あさひが丘【通所介護】岡山県久米郡美咲町東垪和190", "url": "https://www.kaigokensaku.mhlw.go.jp/33/index.php?action_kouhyou_detail_004_kani=true&JigyosyoCd=3373800071-00&ServiceCd=150&Type=search", "url2": "http://www.fukushiokayama.or.jp/misaki/kaigohokenjiryou.html" }, "geometry": { "type": "Point", "coordinates": [ 133.846339400000033, 34.9677464 ] } },
{ "type": "Feature", "properties": { "内容": "やすらぎ通所介護事業所【通所介護】岡山県加賀郡吉備中央町円城５４０－４", "url": "https://www.kaigokensaku.mhlw.go.jp/33/index.php?action_kouhyou_detail_004_kani=true&JigyosyoCd=3372100069-00&ServiceCd=150&Type=search", "url2": "http://www.fukushikibichuo.or.jp/" }, "geometry": { "type": "Point", "coordinates": [ 133.812090600000033, 34.8917431 ] } },
{ "type": "Feature", "properties": { "内容": "デイサービスセンターきびハイツ【通所介護】岡山県加賀郡吉備中央町上野１８８３－５", "url": "https://www.kaigokensaku.mhlw.go.jp/33/index.php?action_kouhyou_detail_004_kani=true&JigyosyoCd=3372100366-00&ServiceCd=150&Type=search", "url2": "https://www.amical.or.jp/kibi/" }, "geometry": { "type": "Point", "coordinates": [ 133.770994299999984, 34.8357139 ] } }
]
}
