{
"type": "FeatureCollection",
"name": "geo_33_居宅介護支援",
"crs": { "type": "name", "properties": { "name": "urn:ogc:def:crs:OGC:1.3:CRS84" } },
"features": [
{ "type": "Feature", "properties": { "内容": "元気堂居宅介護支援事業所【居宅介護支援】岡山県岡山市北区伊福町2-12-10", "url": "https://www.kaigokensaku.mhlw.go.jp/33/index.php?action_kouhyou_detail_004_kani=true&JigyosyoCd=3370104840-00&ServiceCd=430&Type=search", "url2": null }, "geometry": { "type": "Point", "coordinates": [ 133.914260199999944, 34.6739487 ] } },
{ "type": "Feature", "properties": { "内容": "きらめき居宅介護支援事業所【居宅介護支援】岡山県岡山市北区楢津310-1", "url": "https://www.kaigokensaku.mhlw.go.jp/33/index.php?action_kouhyou_detail_004_kani=true&JigyosyoCd=3370100053-00&ServiceCd=430&Type=search", "url2": "http://www.okayama-junshinkai.co.jp" }, "geometry": { "type": "Point", "coordinates": [ 133.8869436, 34.6797583 ] } },
{ "type": "Feature", "properties": { "内容": "いちのみや在宅介護支援センター【居宅介護支援】岡山県岡山市北区楢津305", "url": "https://www.kaigokensaku.mhlw.go.jp/33/index.php?action_kouhyou_detail_004_kani=true&JigyosyoCd=3370108619-00&ServiceCd=430&Type=search", "url2": "http://www.okayama-junshinkai.co.jp" }, "geometry": { "type": "Point", "coordinates": [ 133.887038100000041, 34.6800277 ] } },
{ "type": "Feature", "properties": { "内容": "居宅介護支援事業所　ゆらら【居宅介護支援】岡山県岡山市北区田中629-15", "url": "https://www.kaigokensaku.mhlw.go.jp/33/index.php?action_kouhyou_detail_004_kani=true&JigyosyoCd=3370116190-00&ServiceCd=430&Type=search", "url2": null }, "geometry": { "type": "Point", "coordinates": [ 133.881853400000011, 34.6377833 ] } },
{ "type": "Feature", "properties": { "内容": "うてんて居宅介護支援事業所【居宅介護支援】岡山県岡山市北区東古松2-2-9うてんて201", "url": "https://www.kaigokensaku.mhlw.go.jp/33/index.php?action_kouhyou_detail_004_kani=true&JigyosyoCd=3370116836-00&ServiceCd=430&Type=search", "url2": null }, "geometry": { "type": "Point", "coordinates": [ 133.9157696, 34.648558 ] } },
{ "type": "Feature", "properties": { "内容": "サンヨー薬局　居宅介護支援事業所【居宅介護支援】岡山県岡山市北区下伊福上町16-13", "url": "https://www.kaigokensaku.mhlw.go.jp/33/index.php?action_kouhyou_detail_004_kani=true&JigyosyoCd=3370104329-00&ServiceCd=430&Type=search", "url2": null }, "geometry": { "type": "Point", "coordinates": [ 133.9036506, 34.667988 ] } },
{ "type": "Feature", "properties": { "内容": "介護支援所和みのとき【居宅介護支援】岡山県岡山市北区辛川市場407番地4", "url": "https://www.kaigokensaku.mhlw.go.jp/33/index.php?action_kouhyou_detail_004_kani=true&JigyosyoCd=3370106035-00&ServiceCd=430&Type=search", "url2": null }, "geometry": { "type": "Point", "coordinates": [ 133.862774, 34.6856819 ] } },
{ "type": "Feature", "properties": { "内容": "創心会居宅介護支援センター大安寺【居宅介護支援】岡山県岡山市北区今3丁目25-22", "url": "https://www.kaigokensaku.mhlw.go.jp/33/index.php?action_kouhyou_detail_004_kani=true&JigyosyoCd=3370107520-00&ServiceCd=430&Type=search", "url2": "http://www.soushinkai.com" }, "geometry": { "type": "Point", "coordinates": [ 133.891332516374206, 34.648665074052289 ] } },
{ "type": "Feature", "properties": { "内容": "ケアプランセンター我が家岡山事業所【居宅介護支援】岡山県岡山市北区富田514-1-203", "url": "https://www.kaigokensaku.mhlw.go.jp/33/index.php?action_kouhyou_detail_004_kani=true&JigyosyoCd=3370108734-00&ServiceCd=430&Type=search", "url2": "https://www.ojecs.com/" }, "geometry": { "type": "Point", "coordinates": [ 133.919740234007236, 34.638100096860057 ] } },
{ "type": "Feature", "properties": { "内容": "ケアプランセンターえんじゅ花尻【居宅介護支援】岡山県岡山市北区花尻ききょう町12番地120", "url": "https://www.kaigokensaku.mhlw.go.jp/33/index.php?action_kouhyou_detail_004_kani=true&JigyosyoCd=3370114013-00&ServiceCd=430&Type=search", "url2": "http://www.t-s-i.jp/" }, "geometry": { "type": "Point", "coordinates": [ 133.915934483467169, 34.644440191063765 ] } },
{ "type": "Feature", "properties": { "内容": "ケアプランセンタートウリ【居宅介護支援】岡山県岡山市北区南方3丁目1-17プリメゾン岡山南方106号", "url": "https://www.kaigokensaku.mhlw.go.jp/33/index.php?action_kouhyou_detail_004_kani=true&JigyosyoCd=3370114294-00&ServiceCd=430&Type=search", "url2": "http://hp.kaipoke.biz/uck/" }, "geometry": { "type": "Point", "coordinates": [ 133.92394306871185, 34.676109538587639 ] } },
{ "type": "Feature", "properties": { "内容": "ハッピー居宅介護支援事業所【居宅介護支援】岡山市北区撫川４４０番地１", "url": "https://www.kaigokensaku.mhlw.go.jp/33/index.php?action_kouhyou_detail_004_kani=true&JigyosyoCd=3370115606-00&ServiceCd=430&Type=search", "url2": null }, "geometry": { "type": "Point", "coordinates": [ 133.847700799999984, 34.6436964 ] } },
{ "type": "Feature", "properties": { "内容": "川崎医科大学総合医療センター居宅介護支援事業所かわさき【居宅介護支援】岡山県岡山市北区中山下2-6-1川崎医科大学総合医療センター", "url": "https://www.kaigokensaku.mhlw.go.jp/33/index.php?action_kouhyou_detail_004_kani=true&JigyosyoCd=3370115697-00&ServiceCd=430&Type=search", "url2": "https://g.kawasaki-m.ac.jp" }, "geometry": { "type": "Point", "coordinates": [ 133.927755, 34.6598867 ] } },
{ "type": "Feature", "properties": { "内容": "ぬくもりの里　居宅介護支援事業所【居宅介護支援】岡山県岡山市北区青江三丁目１０番２８号", "url": "https://www.kaigokensaku.mhlw.go.jp/33/index.php?action_kouhyou_detail_004_kani=true&JigyosyoCd=3370116737-00&ServiceCd=430&Type=search", "url2": "http://www.nukumorinosato.jp/" }, "geometry": { "type": "Point", "coordinates": [ 133.9266819, 34.6341519 ] } },
{ "type": "Feature", "properties": { "内容": "ケアプランセンター我が家岡山事業所【居宅介護支援】岡山市北区富田514-1-203", "url": "https://www.kaigokensaku.mhlw.go.jp/33/index.php?action_kouhyou_detail_004_kani=true&JigyosyoCd=3370117230-00&ServiceCd=430&Type=search", "url2": "https://jecs-gr.jp/locations#cpswagaya-okayama" }, "geometry": { "type": "Point", "coordinates": [ 133.919693783432422, 34.638166512782135 ] } },
{ "type": "Feature", "properties": { "内容": "ケアプランセンター笑い【居宅介護支援】岡山県岡山市北区清輝橋３丁目7-12小野田アパート102", "url": "https://www.kaigokensaku.mhlw.go.jp/33/index.php?action_kouhyou_detail_004_kani=true&JigyosyoCd=3370117362-00&ServiceCd=430&Type=search", "url2": null }, "geometry": { "type": "Point", "coordinates": [ 133.9237996, 34.6476915 ] } },
{ "type": "Feature", "properties": { "内容": "河村ケアプランセンター【居宅介護支援】岡山県岡山市北区田中633－1", "url": "https://www.kaigokensaku.mhlw.go.jp/33/index.php?action_kouhyou_detail_004_kani=true&JigyosyoCd=3370115648-00&ServiceCd=430&Type=search", "url2": "http://kawamura-fs.com/company.html" }, "geometry": { "type": "Point", "coordinates": [ 133.8806765, 34.6410316 ] } },
{ "type": "Feature", "properties": { "内容": "介護プランなりひろ【居宅介護支援】岡山市北区御津金川７６５", "url": "https://www.kaigokensaku.mhlw.go.jp/33/index.php?action_kouhyou_detail_004_kani=true&JigyosyoCd=3372100085-00&ServiceCd=430&Type=search", "url2": "http://www.n-pharma.co.jp" }, "geometry": { "type": "Point", "coordinates": [ 133.9322075, 34.7982538 ] } },
{ "type": "Feature", "properties": { "内容": "居宅介護支援事業所　エルム撫川【居宅介護支援】岡山県岡山市北区撫川828番3", "url": "https://www.kaigokensaku.mhlw.go.jp/33/index.php?action_kouhyou_detail_004_kani=true&JigyosyoCd=3370108882-00&ServiceCd=430&Type=search", "url2": "http://www.life-create.org/" }, "geometry": { "type": "Point", "coordinates": [ 133.842522822090103, 34.639139781323529 ] } },
{ "type": "Feature", "properties": { "内容": "備中荘　居宅介護支援事業所【居宅介護支援】岡山県岡山市北区高松原古才600-5", "url": "https://www.kaigokensaku.mhlw.go.jp/33/index.php?action_kouhyou_detail_004_kani=true&JigyosyoCd=3370113601-00&ServiceCd=430&Type=search", "url2": "https://www.okayamasaiseikai.or.jp/facilities/bicchuuso/" }, "geometry": { "type": "Point", "coordinates": [ 133.825845800000025, 34.6832736 ] } },
{ "type": "Feature", "properties": { "内容": "あしもり居宅サービスセンター【居宅介護支援】岡山県岡山市北区下足守１８９８番地", "url": "https://www.kaigokensaku.mhlw.go.jp/33/index.php?action_kouhyou_detail_004_kani=true&JigyosyoCd=3370100376-00&ServiceCd=430&Type=search", "url2": "http://ikenaga-group.jp/" }, "geometry": { "type": "Point", "coordinates": [ 133.803677900000025, 34.7184117 ] } },
{ "type": "Feature", "properties": { "内容": "ケアプランオフィスなかい【居宅介護支援】岡山県岡山市北区奥田一丁目５番３０－１０１号アバンテ岡山壱番館１０１号", "url": "https://www.kaigokensaku.mhlw.go.jp/33/index.php?action_kouhyou_detail_004_kani=true&JigyosyoCd=3370117578-00&ServiceCd=430&Type=search", "url2": null }, "geometry": { "type": "Point", "coordinates": [ 133.9233202, 34.6459122 ] } },
{ "type": "Feature", "properties": { "内容": "有森医院居宅介護支援事業所【居宅介護支援】岡山県岡山市北区西辛川479番地", "url": "https://www.kaigokensaku.mhlw.go.jp/33/index.php?action_kouhyou_detail_004_kani=true&JigyosyoCd=3370100475-00&ServiceCd=430&Type=search", "url2": "http://arimori-fuwari.com/" }, "geometry": { "type": "Point", "coordinates": [ 133.860410600000051, 34.6818934 ] } },
{ "type": "Feature", "properties": { "内容": "ホット・ライフ指定居宅介護支援事業所【居宅介護支援】岡山県岡山市北区下中野722-120", "url": "https://www.kaigokensaku.mhlw.go.jp/33/index.php?action_kouhyou_detail_004_kani=true&JigyosyoCd=3370107256-00&ServiceCd=430&Type=search", "url2": "https://hotlife-okayama.com/" }, "geometry": { "type": "Point", "coordinates": [ 133.8917252, 34.63429720000002 ] } },
{ "type": "Feature", "properties": { "内容": "スマイルらいふ居宅介護支援事業所　岡山【居宅介護支援】下中野364-108", "url": "https://www.kaigokensaku.mhlw.go.jp/33/index.php?action_kouhyou_detail_004_kani=true&JigyosyoCd=3370116562-00&ServiceCd=430&Type=search", "url2": "https://kk-connect.net/" }, "geometry": { "type": "Point", "coordinates": [ 133.899214199999989, 34.6395765 ] } },
{ "type": "Feature", "properties": { "内容": "居宅介護支援事業所　アスクラス【居宅介護支援】東古松485-4ブックオフ２階", "url": "https://www.kaigokensaku.mhlw.go.jp/33/index.php?action_kouhyou_detail_004_kani=true&JigyosyoCd=3370115119-00&ServiceCd=430&Type=search", "url2": null }, "geometry": { "type": "Point", "coordinates": [ 133.912429904345942, 34.645231565637658 ] } },
{ "type": "Feature", "properties": { "内容": "居宅介護支援事業所牟佐げんき【居宅介護支援】岡山市北区牟佐1479-1", "url": "https://www.kaigokensaku.mhlw.go.jp/33/index.php?action_kouhyou_detail_004_kani=true&JigyosyoCd=3370110649-00&ServiceCd=430&Type=search", "url2": "http://ww9.tiki.ne.jp/~ukai/" }, "geometry": { "type": "Point", "coordinates": [ 133.975962100000061, 34.7244924 ] } },
{ "type": "Feature", "properties": { "内容": "在宅介護支援センターくわだ【居宅介護支援】岡山県岡山市北区厚生町3-8-35", "url": "https://www.kaigokensaku.mhlw.go.jp/33/index.php?action_kouhyou_detail_004_kani=true&JigyosyoCd=3370100061-00&ServiceCd=430&Type=search", "url2": "http://www.kousei-hp.or.jp" }, "geometry": { "type": "Point", "coordinates": [ 133.910936200000037, 34.6558786 ] } },
{ "type": "Feature", "properties": { "内容": "みなみがた荘　在宅介護支援センター【居宅介護支援】岡山県岡山市北区国体町3-12", "url": "https://www.kaigokensaku.mhlw.go.jp/33/index.php?action_kouhyou_detail_004_kani=true&JigyosyoCd=3370100079-00&ServiceCd=430&Type=search", "url2": "https://www.okasaisei-life.jp/" }, "geometry": { "type": "Point", "coordinates": [ 133.920442900000012, 34.6734989 ] } },
{ "type": "Feature", "properties": { "内容": "岡山紀念病院ケアプランセンター【居宅介護支援】岡山県岡山市北区清輝本町７番２２号", "url": "https://www.kaigokensaku.mhlw.go.jp/33/index.php?action_kouhyou_detail_004_kani=true&JigyosyoCd=3370100087-00&ServiceCd=430&Type=search", "url2": "http://www.okayamakinen.or.jp" }, "geometry": { "type": "Point", "coordinates": [ 133.926309599999968, 34.6514463 ] } },
{ "type": "Feature", "properties": { "内容": "北ふれあい介護相談支援センター【居宅介護支援】岡山県岡山市北区谷万成2丁目6番33号", "url": "https://www.kaigokensaku.mhlw.go.jp/33/index.php?action_kouhyou_detail_004_kani=true&JigyosyoCd=3370100137-00&ServiceCd=430&Type=search", "url2": "http://www.okayama-fureai.or.jp" }, "geometry": { "type": "Point", "coordinates": [ 133.8956038, 34.6787448 ] } },
{ "type": "Feature", "properties": { "内容": "在宅介護支援センターあおえ【居宅介護支援】岡山県岡山市北区青江五丁目1-15", "url": "https://www.kaigokensaku.mhlw.go.jp/33/index.php?action_kouhyou_detail_004_kani=true&JigyosyoCd=3370100244-00&ServiceCd=430&Type=search", "url2": "http://www.tenseikai-aoe.net/zai-kai/index.html" }, "geometry": { "type": "Point", "coordinates": [ 133.918166499999984, 34.6314678 ] } },
{ "type": "Feature", "properties": { "内容": "在宅介護支援センター旭川荘【居宅介護支援】岡山県岡山市北区祇園866", "url": "https://www.kaigokensaku.mhlw.go.jp/33/index.php?action_kouhyou_detail_004_kani=true&JigyosyoCd=3370100251-00&ServiceCd=430&Type=search", "url2": "http://www.asahigawasou.or.jp" }, "geometry": { "type": "Point", "coordinates": [ 133.958389300000022, 34.7080378 ] } },
{ "type": "Feature", "properties": { "内容": "憩いの丘　在宅介護支援センター【居宅介護支援】岡山県岡山市北区日近１８０７特別養護老人ホーム憩いの丘内", "url": "https://www.kaigokensaku.mhlw.go.jp/33/index.php?action_kouhyou_detail_004_kani=true&JigyosyoCd=3370100343-00&ServiceCd=430&Type=search", "url2": "https://www.okasaisei-life.jp/facility-list/corp-ikoino_oka" }, "geometry": { "type": "Point", "coordinates": [ 133.8179149, 34.7516321 ] } },
{ "type": "Feature", "properties": { "内容": "岡山水清会病院ケアプランセンター【居宅介護支援】岡山県岡山市北区平野１０００－３", "url": "https://www.kaigokensaku.mhlw.go.jp/33/index.php?action_kouhyou_detail_004_kani=true&JigyosyoCd=3370100426-00&ServiceCd=430&Type=search", "url2": "https://suiseikai-group.jp/okayama-suiseikai/" }, "geometry": { "type": "Point", "coordinates": [ 133.857247799999982, 34.6472718 ] } },
{ "type": "Feature", "properties": { "内容": "マスカット居宅介護支援センター【居宅介護支援】岡山県岡山市北区菅野4281-1", "url": "https://www.kaigokensaku.mhlw.go.jp/33/index.php?action_kouhyou_detail_004_kani=true&JigyosyoCd=3370100467-00&ServiceCd=430&Type=search", "url2": "https://www.isto.or.jp/muscat-en" }, "geometry": { "type": "Point", "coordinates": [ 133.886408500000016, 34.7420001 ] } },
{ "type": "Feature", "properties": { "内容": "ケアプランナー同仁【居宅介護支援】岡山市北区下伊福上町１６－７", "url": "https://www.kaigokensaku.mhlw.go.jp/33/index.php?action_kouhyou_detail_004_kani=true&JigyosyoCd=3370100665-00&ServiceCd=430&Type=search", "url2": "htpp://www.oozorakai.com/" }, "geometry": { "type": "Point", "coordinates": [ 133.9044477, 34.6678825 ] } },
{ "type": "Feature", "properties": { "内容": "医療法人　坂田整形外科医院居宅介護支援事業所【居宅介護支援】岡山県岡山市北区高柳西町16番13号TMCビル", "url": "https://www.kaigokensaku.mhlw.go.jp/33/index.php?action_kouhyou_detail_004_kani=true&JigyosyoCd=3370100897-00&ServiceCd=430&Type=search", "url2": null }, "geometry": { "type": "Point", "coordinates": [ 133.898010236770688, 34.661540074243625 ] } },
{ "type": "Feature", "properties": { "内容": "佐藤医院指定居宅介護支援事業所【居宅介護支援】岡山県岡山市北区旭町15", "url": "https://www.kaigokensaku.mhlw.go.jp/33/index.php?action_kouhyou_detail_004_kani=true&JigyosyoCd=3370101275-00&ServiceCd=430&Type=search", "url2": "http://www18.ocn.ne.jp/~satoh/" }, "geometry": { "type": "Point", "coordinates": [ 133.927092899999934, 34.6471329 ] } },
{ "type": "Feature", "properties": { "内容": "ももたろうケアセンター【居宅介護支援】岡山県岡山市北区下足守1852－1", "url": "https://www.kaigokensaku.mhlw.go.jp/33/index.php?action_kouhyou_detail_004_kani=true&JigyosyoCd=3370101911-00&ServiceCd=430&Type=search", "url2": "https://momotarogroup.com" }, "geometry": { "type": "Point", "coordinates": [ 133.802216899999962, 34.7171701 ] } },
{ "type": "Feature", "properties": { "内容": "桃太郎ハンズ岡山居宅介護支援センター【居宅介護支援】岡山県岡山市北区春日町9-3", "url": "https://www.kaigokensaku.mhlw.go.jp/33/index.php?action_kouhyou_detail_004_kani=true&JigyosyoCd=3370102075-00&ServiceCd=430&Type=search", "url2": "http://kokoro-net.org" }, "geometry": { "type": "Point", "coordinates": [ 133.920460100000014, 34.6537485 ] } },
{ "type": "Feature", "properties": { "内容": "渡辺医院居宅介護支援事業所【居宅介護支援】岡山県岡山市北区吉備津1019", "url": "https://www.kaigokensaku.mhlw.go.jp/33/index.php?action_kouhyou_detail_004_kani=true&JigyosyoCd=3370102893-00&ServiceCd=430&Type=search", "url2": "http://www.myclinic.ne.jp/wata_clinic/" }, "geometry": { "type": "Point", "coordinates": [ 133.845104, 34.6729137 ] } },
{ "type": "Feature", "properties": { "内容": "岡山済生会外来センター病院居宅介護相談室【居宅介護支援】岡山県岡山市北区伊福町1丁目17番18号", "url": "https://www.kaigokensaku.mhlw.go.jp/33/index.php?action_kouhyou_detail_004_kani=true&JigyosyoCd=3370102935-00&ServiceCd=430&Type=search", "url2": "https://www.okayamasaiseikai.or.jp/sector/in_home_consultation/" }, "geometry": { "type": "Point", "coordinates": [ 133.917096099999981, 34.6708019 ] } },
{ "type": "Feature", "properties": { "内容": "ベネッセ介護センター岡山　居宅介護支援事業所【居宅介護支援】岡山県岡山市北区野田三丁目２０－２５ＭＴビルＶ１Ｆ", "url": "https://www.kaigokensaku.mhlw.go.jp/33/index.php?action_kouhyou_detail_004_kani=true&JigyosyoCd=3370103677-00&ServiceCd=430&Type=search", "url2": "http://www.benesse-style-care.co.jp" }, "geometry": { "type": "Point", "coordinates": [ 133.897890700000062, 34.6510871 ] } },
{ "type": "Feature", "properties": { "内容": "居宅介護支援事業所　おくだ【居宅介護支援】岡山県岡山市北区奥田本町13-8", "url": "https://www.kaigokensaku.mhlw.go.jp/33/index.php?action_kouhyou_detail_004_kani=true&JigyosyoCd=3370103727-00&ServiceCd=430&Type=search", "url2": "http://www.okadacl-deiokuda.or.jp/" }, "geometry": { "type": "Point", "coordinates": [ 133.920557599999938, 34.6464216 ] } },
{ "type": "Feature", "properties": { "内容": "高齢者生活介護支援センター　よもやま【居宅介護支援】岡山県岡山市北区鹿田町1-7-10", "url": "https://www.kaigokensaku.mhlw.go.jp/33/index.php?action_kouhyou_detail_004_kani=true&JigyosyoCd=3370103933-00&ServiceCd=430&Type=search", "url2": "http://www.okayama-korei.jp/" }, "geometry": { "type": "Point", "coordinates": [ 133.918996399999969, 34.6531625 ] } },
{ "type": "Feature", "properties": { "内容": "岡山ふれあい中央介護相談支援センター【居宅介護支援】岡山県岡山市北区鹿田町１－１－１保健福祉会館8階", "url": "https://www.kaigokensaku.mhlw.go.jp/33/index.php?action_kouhyou_detail_004_kani=true&JigyosyoCd=3370104303-00&ServiceCd=430&Type=search", "url2": "https://www.okayama-fureai.or.jp" }, "geometry": { "type": "Point", "coordinates": [ 133.918613100000016, 34.6545039 ] } },
{ "type": "Feature", "properties": { "内容": "AIAIケアプラン【居宅介護支援】岡山県岡山市北区富町２－２－２１", "url": "https://www.kaigokensaku.mhlw.go.jp/33/index.php?action_kouhyou_detail_004_kani=true&JigyosyoCd=3370104758-00&ServiceCd=430&Type=search", "url2": null }, "geometry": { "type": "Point", "coordinates": [ 133.910812127755747, 34.66510042537427 ] } },
{ "type": "Feature", "properties": { "内容": "モアネット居宅介護支援事業所【居宅介護支援】岡山県岡山市北区野田３－１６－１", "url": "https://www.kaigokensaku.mhlw.go.jp/33/index.php?action_kouhyou_detail_004_kani=true&JigyosyoCd=3370105094-00&ServiceCd=430&Type=search", "url2": "http://www.morenet.co.jp/illlink.html" }, "geometry": { "type": "Point", "coordinates": [ 133.900895799999944, 34.6541479 ] } },
{ "type": "Feature", "properties": { "内容": "高木薬局指定居宅介護支援事業所【居宅介護支援】岡山県岡山市北区芳賀５１１２－１０３", "url": "https://www.kaigokensaku.mhlw.go.jp/33/index.php?action_kouhyou_detail_004_kani=true&JigyosyoCd=3370106209-00&ServiceCd=430&Type=search", "url2": null }, "geometry": { "type": "Point", "coordinates": [ 133.877673800000025, 34.706105 ] } },
{ "type": "Feature", "properties": { "内容": "喜福園居宅介護支援事業所【居宅介護支援】岡山県岡山市北区今保870-1", "url": "https://www.kaigokensaku.mhlw.go.jp/33/index.php?action_kouhyou_detail_004_kani=true&JigyosyoCd=3370106225-00&ServiceCd=430&Type=search", "url2": "http://www.fuku-sankeikai.jp/" }, "geometry": { "type": "Point", "coordinates": [ 133.87929859999997, 34.6351187 ] } },
{ "type": "Feature", "properties": { "内容": "アクティブ介護保険サービスセンター【居宅介護支援】岡山県岡山市北区高松原古才　４９６番地の１", "url": "https://www.kaigokensaku.mhlw.go.jp/33/index.php?action_kouhyou_detail_004_kani=true&JigyosyoCd=3370106696-00&ServiceCd=430&Type=search", "url2": "http://ikenaga-group.jp/" }, "geometry": { "type": "Point", "coordinates": [ 133.823576300000013, 34.6849901 ] } },
{ "type": "Feature", "properties": { "内容": "居宅介護支援事業所　大安寺【居宅介護支援】岡山県岡山市北区大安寺南町一丁目7番19号", "url": "https://www.kaigokensaku.mhlw.go.jp/33/index.php?action_kouhyou_detail_004_kani=true&JigyosyoCd=3370106795-00&ServiceCd=430&Type=search", "url2": "https://www.kenhoukai-sasaki-clinic.com/support/" }, "geometry": { "type": "Point", "coordinates": [ 133.890913500000011, 34.6596358 ] } },
{ "type": "Feature", "properties": { "内容": "れもん居宅介護支援事業所【居宅介護支援】岡山県岡山市北区津島東一丁目3番3号", "url": "https://www.kaigokensaku.mhlw.go.jp/33/index.php?action_kouhyou_detail_004_kani=true&JigyosyoCd=3370109195-00&ServiceCd=430&Type=search", "url2": "https://sinkyojin.com/lemon/" }, "geometry": { "type": "Point", "coordinates": [ 133.928127899999936, 34.6873226 ] } },
{ "type": "Feature", "properties": { "内容": "星の家中央居宅介護支援事業所【居宅介護支援】岡山県岡山市北区奥田二丁目5-20", "url": "https://www.kaigokensaku.mhlw.go.jp/33/index.php?action_kouhyou_detail_004_kani=true&JigyosyoCd=3370109617-00&ServiceCd=430&Type=search", "url2": "http://www.hoshi-home.com" }, "geometry": { "type": "Point", "coordinates": [ 133.921960300000023, 34.6432221 ] } },
{ "type": "Feature", "properties": { "内容": "丸の内ヒルズ　ケアプランセンター【居宅介護支援】岡山県岡山市北区丸の内二丁目1番10号", "url": "https://www.kaigokensaku.mhlw.go.jp/33/index.php?action_kouhyou_detail_004_kani=true&JigyosyoCd=3370110086-00&ServiceCd=430&Type=search", "url2": "https://www.ryobi-hc.jp/" }, "geometry": { "type": "Point", "coordinates": [ 133.933034008612026, 34.665386120335761 ] } },
{ "type": "Feature", "properties": { "内容": "アイリスケアプラン【居宅介護支援】岡山県岡山市北区鹿田町１－８－１０第5三信ビル203", "url": "https://www.kaigokensaku.mhlw.go.jp/33/index.php?action_kouhyou_detail_004_kani=true&JigyosyoCd=3370110607-00&ServiceCd=430&Type=search", "url2": null }, "geometry": { "type": "Point", "coordinates": [ 133.918146500000034, 34.6533319 ] } },
{ "type": "Feature", "properties": { "内容": "あさがおケアプランニング【居宅介護支援】岡山県岡山市北区奥田二丁目２番６－１０２号", "url": "https://www.kaigokensaku.mhlw.go.jp/33/index.php?action_kouhyou_detail_004_kani=true&JigyosyoCd=3370110631-00&ServiceCd=430&Type=search", "url2": null }, "geometry": { "type": "Point", "coordinates": [ 133.921138499447949, 34.644307204024528 ] } },
{ "type": "Feature", "properties": { "内容": "居宅介護支援事業所はだ医院【居宅介護支援】岡山県岡山市北区大元上町11-29", "url": "https://www.kaigokensaku.mhlw.go.jp/33/index.php?action_kouhyou_detail_004_kani=true&JigyosyoCd=3370110979-00&ServiceCd=430&Type=search", "url2": "http://www.hada-clinic.com/yurikago/misc/care_planner.html" }, "geometry": { "type": "Point", "coordinates": [ 133.900121099999978, 34.647912500000011 ] } },
{ "type": "Feature", "properties": { "内容": "シテイヴィラ大供ケアプランセンター【居宅介護支援】岡山市北区大供本町715-1", "url": "https://www.kaigokensaku.mhlw.go.jp/33/index.php?action_kouhyou_detail_004_kani=true&JigyosyoCd=3370110987-00&ServiceCd=430&Type=search", "url2": "https://www.ohkita.co.jp/" }, "geometry": { "type": "Point", "coordinates": [ 133.911590858335899, 34.652637498631385 ] } },
{ "type": "Feature", "properties": { "内容": "ニチイケアセンター岡山南居宅介護支援事業所【居宅介護支援】下中野324-118", "url": "https://www.kaigokensaku.mhlw.go.jp/33/index.php?action_kouhyou_detail_004_kani=true&JigyosyoCd=3370111118-00&ServiceCd=430&Type=search", "url2": "http://www.nichiigakkan.co.jp/" }, "geometry": { "type": "Point", "coordinates": [ 133.908098099999961, 34.6408553 ] } },
{ "type": "Feature", "properties": { "内容": "ガイア介護相談事務所【居宅介護支援】岡山県岡山市北区中山下1-2-40佐藤ビル2階", "url": "https://www.kaigokensaku.mhlw.go.jp/33/index.php?action_kouhyou_detail_004_kani=true&JigyosyoCd=3370111191-00&ServiceCd=430&Type=search", "url2": null }, "geometry": { "type": "Point", "coordinates": [ 133.927485803000138, 34.665186602721477 ] } },
{ "type": "Feature", "properties": { "内容": "アイリーフ居宅介護支援事業所西口【居宅介護支援】奉還町1-3-18アイグランデュ岡山1F", "url": "https://www.kaigokensaku.mhlw.go.jp/33/index.php?action_kouhyou_detail_004_kani=true&JigyosyoCd=3370111365-00&ServiceCd=430&Type=search", "url2": "http://www.ilief.jp" }, "geometry": { "type": "Point", "coordinates": [ 133.918342646102161, 34.668548258602343 ] } },
{ "type": "Feature", "properties": { "内容": "ザグザグ　ケアプラン【居宅介護支援】岡山市北区西古松326-101（ザグザグ西古松店内）", "url": "https://www.kaigokensaku.mhlw.go.jp/33/index.php?action_kouhyou_detail_004_kani=true&JigyosyoCd=3370112603-00&ServiceCd=430&Type=search", "url2": "http://www.zagzag.co.jp/zagstu/" }, "geometry": { "type": "Point", "coordinates": [ 133.905334832694081, 34.644746671993126 ] } },
{ "type": "Feature", "properties": { "内容": "両備ケアプランセンター南方【居宅介護支援】岡山県岡山市北区南方四丁目8番7－4", "url": "https://www.kaigokensaku.mhlw.go.jp/33/index.php?action_kouhyou_detail_004_kani=true&JigyosyoCd=3370112611-00&ServiceCd=430&Type=search", "url2": "https://ryobi-hc.jp/" }, "geometry": { "type": "Point", "coordinates": [ 133.925045100000034, 34.67847350000001 ] } },
{ "type": "Feature", "properties": { "内容": "ケアプラン　春の風【居宅介護支援】岡山県岡山市北区吉備津１３９７－１", "url": "https://www.kaigokensaku.mhlw.go.jp/33/index.php?action_kouhyou_detail_004_kani=true&JigyosyoCd=3370113338-00&ServiceCd=430&Type=search", "url2": null }, "geometry": { "type": "Point", "coordinates": [ 133.843656900000042, 34.6723277 ] } },
{ "type": "Feature", "properties": { "内容": "岡山福渡・あおいホームケアサービス【居宅介護支援】岡山県岡山市北区建部町福渡字山寺ノ下408番1", "url": "https://www.kaigokensaku.mhlw.go.jp/33/index.php?action_kouhyou_detail_004_kani=true&JigyosyoCd=3370113742-00&ServiceCd=430&Type=search", "url2": "http://www.aoikai.jp/" }, "geometry": { "type": "Point", "coordinates": [ 133.905051243794219, 34.869399554639557 ] } },
{ "type": "Feature", "properties": { "内容": "居宅介護支援事業所おひさま【居宅介護支援】岡山県岡山市北区津島新野1丁目3番7号ファイネスト津島　101号", "url": "https://www.kaigokensaku.mhlw.go.jp/33/index.php?action_kouhyou_detail_004_kani=true&JigyosyoCd=3370113916-00&ServiceCd=430&Type=search", "url2": null }, "geometry": { "type": "Point", "coordinates": [ 133.916962399999989, 34.6820062 ] } },
{ "type": "Feature", "properties": { "内容": "学研ココファン岡山ケアプランセンター【居宅介護支援】岡山県岡山市北区西長瀬1207-3ココファン北長瀬", "url": "https://www.kaigokensaku.mhlw.go.jp/33/index.php?action_kouhyou_detail_004_kani=true&JigyosyoCd=3370113940-00&ServiceCd=430&Type=search", "url2": "https://www.cocofump.co.jp" }, "geometry": { "type": "Point", "coordinates": [ 133.878637660994684, 34.649647246832529 ] } },
{ "type": "Feature", "properties": { "内容": "のぞみ介護支援センター【居宅介護支援】岡山県岡山市北区奥田1丁目6番16号", "url": "https://www.kaigokensaku.mhlw.go.jp/33/index.php?action_kouhyou_detail_004_kani=true&JigyosyoCd=3370114609-00&ServiceCd=430&Type=search", "url2": "http//nozomi-cl/or.jp" }, "geometry": { "type": "Point", "coordinates": [ 133.924275948871298, 34.645360865160498 ] } },
{ "type": "Feature", "properties": { "内容": "両備ヘルシーケア柳川ケアプランセンター【居宅介護支援】岡山県岡山市北区中山下一丁目1番1号", "url": "https://www.kaigokensaku.mhlw.go.jp/33/index.php?action_kouhyou_detail_004_kani=true&JigyosyoCd=3370115523-00&ServiceCd=430&Type=search", "url2": "https://ryobi-hc.jp/rhc_yanagawa-cpc/rhc_yanagawa-cpc.html" }, "geometry": { "type": "Point", "coordinates": [ 133.926878200000033, 34.6653788 ] } },
{ "type": "Feature", "properties": { "内容": "ケアプランもも【居宅介護支援】岡山県岡山市北区上中野2丁目4-5", "url": "https://www.kaigokensaku.mhlw.go.jp/33/index.php?action_kouhyou_detail_004_kani=true&JigyosyoCd=3370115549-00&ServiceCd=430&Type=search", "url2": null }, "geometry": { "type": "Point", "coordinates": [ 133.902496, 34.642650700000011 ] } },
{ "type": "Feature", "properties": { "内容": "川口内科居宅介護支援事業所【居宅介護支援】岡山県岡山市北区大供二丁目２－１６", "url": "https://www.kaigokensaku.mhlw.go.jp/33/index.php?action_kouhyou_detail_004_kani=true&JigyosyoCd=3370115705-00&ServiceCd=430&Type=search", "url2": "http://www.kawaguchi-hp.or.jp" }, "geometry": { "type": "Point", "coordinates": [ 133.918228699999986, 34.6554732 ] } },
{ "type": "Feature", "properties": { "内容": "つむぐ【居宅介護支援】岡山市北区平田125-105", "url": "https://www.kaigokensaku.mhlw.go.jp/33/index.php?action_kouhyou_detail_004_kani=true&JigyosyoCd=3370115762-00&ServiceCd=430&Type=search", "url2": null }, "geometry": { "type": "Point", "coordinates": [ 133.890844, 34.6321153 ] } },
{ "type": "Feature", "properties": { "内容": "ケアマネジメントセンター　ゆうき【居宅介護支援】岡山県岡山市北区建部町品田1328番地4", "url": "https://www.kaigokensaku.mhlw.go.jp/33/index.php?action_kouhyou_detail_004_kani=true&JigyosyoCd=3370115812-00&ServiceCd=430&Type=search", "url2": "https://www.inahostylecare.com/" }, "geometry": { "type": "Point", "coordinates": [ 133.901077849737561, 34.866559078052056 ] } },
{ "type": "Feature", "properties": { "内容": "グッドライフケアプランセンター【居宅介護支援】岡山市北区津高696番地2", "url": "https://www.kaigokensaku.mhlw.go.jp/33/index.php?action_kouhyou_detail_004_kani=true&JigyosyoCd=3370115838-00&ServiceCd=430&Type=search", "url2": "https://goodlife-okayama.p-kit.com/" }, "geometry": { "type": "Point", "coordinates": [ 133.9079016, 34.696618 ] } },
{ "type": "Feature", "properties": { "内容": "ケアプランセンターしおん【居宅介護支援】岡山市北区横井上116-2タウンハウス津高C", "url": "https://www.kaigokensaku.mhlw.go.jp/33/index.php?action_kouhyou_detail_004_kani=true&JigyosyoCd=3370115861-00&ServiceCd=430&Type=search", "url2": "kireishion.amebaownd.com/" }, "geometry": { "type": "Point", "coordinates": [ 133.902775100000014, 34.702056099999986 ] } },
{ "type": "Feature", "properties": { "内容": "ケアプランこだま【居宅介護支援】岡山県岡山市北区建部町品田1112", "url": "https://www.kaigokensaku.mhlw.go.jp/33/index.php?action_kouhyou_detail_004_kani=true&JigyosyoCd=3370116109-00&ServiceCd=430&Type=search", "url2": null }, "geometry": { "type": "Point", "coordinates": [ 133.90128107056961, 34.878044739309424 ] } },
{ "type": "Feature", "properties": { "内容": "ゆめ居宅介護支援事業所【居宅介護支援】岡山県岡山市北区白石５４７－１", "url": "https://www.kaigokensaku.mhlw.go.jp/33/index.php?action_kouhyou_detail_004_kani=true&JigyosyoCd=3370116257-00&ServiceCd=430&Type=search", "url2": null }, "geometry": { "type": "Point", "coordinates": [ 133.869417698668514, 34.650546222483008 ] } },
{ "type": "Feature", "properties": { "内容": "ザグザグ　ケアプラン吉備津【居宅介護支援】岡山県岡山市北区西辛川414-1", "url": "https://www.kaigokensaku.mhlw.go.jp/33/index.php?action_kouhyou_detail_004_kani=true&JigyosyoCd=3370117065-00&ServiceCd=430&Type=search", "url2": "https://www.zagzag.co.jp/zagstu/shops/careplan_kibits/" }, "geometry": { "type": "Point", "coordinates": [ 133.85408510000002, 34.678737400000017 ] } },
{ "type": "Feature", "properties": { "内容": "タイオンケアプラン【居宅介護支援】岡山県岡山市北区西古松西町8-17スタックⅡビル", "url": "https://www.kaigokensaku.mhlw.go.jp/33/index.php?action_kouhyou_detail_004_kani=true&JigyosyoCd=3370117073-00&ServiceCd=430&Type=search", "url2": "https://www.taion365.co.jp" }, "geometry": { "type": "Point", "coordinates": [ 133.902684099999988, 34.648158 ] } },
{ "type": "Feature", "properties": { "内容": "居宅介護支援事業所　光生げんき【居宅介護支援】岡山県北区厚生町3-8-35サービス付き高齢向け住宅桑田げんき９階", "url": "https://www.kaigokensaku.mhlw.go.jp/33/index.php?action_kouhyou_detail_004_kani=true&JigyosyoCd=3370117339-00&ServiceCd=430&Type=search", "url2": "https://okayama-kotobuki.sakura.ne.jp/" }, "geometry": { "type": "Point", "coordinates": [ 133.910672, 34.6558506 ] } },
{ "type": "Feature", "properties": { "内容": "みどりケアプラン【居宅介護支援】岡山県岡山市北区一宮145-2", "url": "https://www.kaigokensaku.mhlw.go.jp/33/index.php?action_kouhyou_detail_004_kani=true&JigyosyoCd=3370117388-00&ServiceCd=430&Type=search", "url2": null }, "geometry": { "type": "Point", "coordinates": [ 133.874506, 34.6766256 ] } },
{ "type": "Feature", "properties": { "内容": "まいにちケアプラン【居宅介護支援】岡山県岡山市北区富町2－15－21", "url": "https://www.kaigokensaku.mhlw.go.jp/33/index.php?action_kouhyou_detail_004_kani=true&JigyosyoCd=3370117446-00&ServiceCd=430&Type=search", "url2": "https://www.kawada.or.jp/" }, "geometry": { "type": "Point", "coordinates": [ 133.907666059246822, 34.664329073352519 ] } },
{ "type": "Feature", "properties": { "内容": "ケアプランねこの手みつ【居宅介護支援】岡山県岡山市北区御津金川346-1", "url": "https://www.kaigokensaku.mhlw.go.jp/33/index.php?action_kouhyou_detail_004_kani=true&JigyosyoCd=3372100176-00&ServiceCd=430&Type=search", "url2": "http://neconotemitsu.sakura.ne.jp" }, "geometry": { "type": "Point", "coordinates": [ 133.934688, 34.7919823 ] } },
{ "type": "Feature", "properties": { "内容": "ケアプランそぷらの【居宅介護支援】岡山県岡山市北区御津下田２－３", "url": "https://www.kaigokensaku.mhlw.go.jp/33/index.php?action_kouhyou_detail_004_kani=true&JigyosyoCd=3372100283-00&ServiceCd=430&Type=search", "url2": null }, "geometry": { "type": "Point", "coordinates": [ 133.92728, 34.8026144 ] } },
{ "type": "Feature", "properties": { "内容": "介護支援センター　わかば【居宅介護支援】岡山県岡山市北区建部町福渡493-2", "url": "https://www.kaigokensaku.mhlw.go.jp/33/index.php?action_kouhyou_detail_004_kani=true&JigyosyoCd=3372100424-00&ServiceCd=430&Type=search", "url2": null }, "geometry": { "type": "Point", "coordinates": [ 133.903498600000034, 34.8687063 ] } },
{ "type": "Feature", "properties": { "内容": "ほのぼの荘居宅介護支援事業所【居宅介護支援】岡山県岡山市北区建部町福渡1008-1", "url": "https://www.kaigokensaku.mhlw.go.jp/33/index.php?action_kouhyou_detail_004_kani=true&JigyosyoCd=3372100432-00&ServiceCd=430&Type=search", "url2": "http://http://kyokusuisou.jp/" }, "geometry": { "type": "Point", "coordinates": [ 133.906065300000023, 34.8653568 ] } },
{ "type": "Feature", "properties": { "内容": "両備ヘルシーケア大安寺東公園前ケアプランセンター【居宅介護支援】岡山県岡山市北区西崎二丁目7番14", "url": "https://www.kaigokensaku.mhlw.go.jp/33/index.php?action_kouhyou_detail_004_kani=true&JigyosyoCd=3370116992-00&ServiceCd=430&Type=search", "url2": "https://ryobi-hc.jp" }, "geometry": { "type": "Point", "coordinates": [ 133.894146199999966, 34.6650158 ] } },
{ "type": "Feature", "properties": { "内容": "介護相談所むすび【居宅介護支援】岡山市北区辛川市場407番地4", "url": "https://www.kaigokensaku.mhlw.go.jp/33/index.php?action_kouhyou_detail_004_kani=true&JigyosyoCd=3370117636-00&ServiceCd=430&Type=search", "url2": null }, "geometry": { "type": "Point", "coordinates": [ 133.862790600000011, 34.685714500000024 ] } },
{ "type": "Feature", "properties": { "内容": "ケアプランたけべ【居宅介護支援】岡山県岡山市北区建部町建部上557-2", "url": "https://www.kaigokensaku.mhlw.go.jp/33/index.php?action_kouhyou_detail_004_kani=true&JigyosyoCd=3370117651-00&ServiceCd=430&Type=search", "url2": "hoyukai.co.jp" }, "geometry": { "type": "Point", "coordinates": [ 133.9060375, 34.8621124 ] } },
{ "type": "Feature", "properties": { "内容": "ケアプランあかり【居宅介護支援】岡山市北区北方1-1-9", "url": "https://www.kaigokensaku.mhlw.go.jp/33/index.php?action_kouhyou_detail_004_kani=true&JigyosyoCd=3370112801-00&ServiceCd=430&Type=search", "url2": "https://www.reline-families.com/" }, "geometry": { "type": "Point", "coordinates": [ 133.9286635, 34.6846779 ] } },
{ "type": "Feature", "properties": { "内容": "ケアメイト　エール【居宅介護支援】今6丁目5-23", "url": "https://www.kaigokensaku.mhlw.go.jp/33/index.php?action_kouhyou_detail_004_kani=true&JigyosyoCd=3370115473-00&ServiceCd=430&Type=search", "url2": "yell-oka.com" }, "geometry": { "type": "Point", "coordinates": [ 133.898345989470016, 34.641967537326366 ] } },
{ "type": "Feature", "properties": { "内容": "居宅介護支援事業所プラチナ【居宅介護支援】岡山県岡山市北区今1-1-1グランデュール今2号館605号室", "url": "https://www.kaigokensaku.mhlw.go.jp/33/index.php?action_kouhyou_detail_004_kani=true&JigyosyoCd=3370117149-00&ServiceCd=430&Type=search", "url2": null }, "geometry": { "type": "Point", "coordinates": [ 133.896074300000038, 34.6525421 ] } },
{ "type": "Feature", "properties": { "内容": "居宅介護支援岡山シルバー在宅介護支援センター【居宅介護支援】岡山県岡山市北区新庄上５４５－１", "url": "https://www.kaigokensaku.mhlw.go.jp/33/index.php?action_kouhyou_detail_004_kani=true&JigyosyoCd=3370100319-00&ServiceCd=430&Type=search", "url2": "http:/www.silver21.org" }, "geometry": { "type": "Point", "coordinates": [ 133.804960599999959, 34.6816235 ] } },
{ "type": "Feature", "properties": { "内容": "おかやまコープ居宅介護支援事業所【居宅介護支援】岡山県岡山市北区奉還町1丁目7-7オルガビル４階", "url": "https://www.kaigokensaku.mhlw.go.jp/33/index.php?action_kouhyou_detail_004_kani=true&JigyosyoCd=3370100525-00&ServiceCd=430&Type=search", "url2": null }, "geometry": { "type": "Point", "coordinates": [ 133.918001600000025, 34.6699826 ] } },
{ "type": "Feature", "properties": { "内容": "さわらび苑居宅介護支援センター【居宅介護支援】岡山県岡山市北区平野1005-1", "url": "https://www.kaigokensaku.mhlw.go.jp/33/index.php?action_kouhyou_detail_004_kani=true&JigyosyoCd=3370100970-00&ServiceCd=430&Type=search", "url2": "http://fukujukai-gp.com/" }, "geometry": { "type": "Point", "coordinates": [ 133.857718309123243, 34.647228966668926 ] } },
{ "type": "Feature", "properties": { "内容": "在宅介護支援センター旭ヶ丘【居宅介護支援】岡山県岡山市北区万成東町2-28", "url": "https://www.kaigokensaku.mhlw.go.jp/33/index.php?action_kouhyou_detail_004_kani=true&JigyosyoCd=3370103420-00&ServiceCd=430&Type=search", "url2": "http;//wwwl.ocn.ne.jp/^junfuku/" }, "geometry": { "type": "Point", "coordinates": [ 133.896290099999987, 34.6739287 ] } },
{ "type": "Feature", "properties": { "内容": "泉寿の里居宅介護支援センター【居宅介護支援】岡山県岡山市北区三門中町　1-2", "url": "https://www.kaigokensaku.mhlw.go.jp/33/index.php?action_kouhyou_detail_004_kani=true&JigyosyoCd=3370104766-00&ServiceCd=430&Type=search", "url2": "senju-care.m@senjunosato.or.jp" }, "geometry": { "type": "Point", "coordinates": [ 133.90474608161469, 34.66831379568201 ] } },
{ "type": "Feature", "properties": { "内容": "SOMPOケア東古松居宅介護支援【居宅介護支援】岡山市北区東古松1-13-5", "url": "https://www.kaigokensaku.mhlw.go.jp/33/index.php?action_kouhyou_detail_004_kani=true&JigyosyoCd=3370111258-00&ServiceCd=430&Type=search", "url2": "http://www.sompocare.com/" }, "geometry": { "type": "Point", "coordinates": [ 133.918407800000068, 34.6485519 ] } },
{ "type": "Feature", "properties": { "内容": "宇甘川荘指定居宅介護支援事業所【居宅介護支援】岡山県岡山市北区御津紙工1410番地", "url": "https://www.kaigokensaku.mhlw.go.jp/33/index.php?action_kouhyou_detail_004_kani=true&JigyosyoCd=3372100010-00&ServiceCd=430&Type=search", "url2": "ukai-kyotaku@okayama-kotobuki.sakura.ne.jp" }, "geometry": { "type": "Point", "coordinates": [ 133.858040399999936, 34.8192363 ] } },
{ "type": "Feature", "properties": { "内容": "ケアフルこうなん【居宅介護支援】岡山県岡山市北区西古松２丁目２４－５", "url": "https://www.kaigokensaku.mhlw.go.jp/33/index.php?action_kouhyou_detail_004_kani=true&JigyosyoCd=3370100699-00&ServiceCd=430&Type=search", "url2": "http:/keiyuu-kai.pnc.or.jp" }, "geometry": { "type": "Point", "coordinates": [ 133.9054066, 34.6471461 ] } },
{ "type": "Feature", "properties": { "内容": "あさひ園ケアプランセンター【居宅介護支援】岡山県岡山市北区旭本町６－２０", "url": "https://www.kaigokensaku.mhlw.go.jp/33/index.php?action_kouhyou_detail_004_kani=true&JigyosyoCd=3370101424-00&ServiceCd=430&Type=search", "url2": "http://suiseikai-group.jp" }, "geometry": { "type": "Point", "coordinates": [ 133.9277707, 34.6423168 ] } },
{ "type": "Feature", "properties": { "内容": "居宅介護支援事業所　ｹｱﾋﾞﾚｯｼﾞたけべ【居宅介護支援】岡山市北区建部町建部上３２６－１", "url": "https://www.kaigokensaku.mhlw.go.jp/33/index.php?action_kouhyou_detail_004_kani=true&JigyosyoCd=3370111696-00&ServiceCd=430&Type=search", "url2": null }, "geometry": { "type": "Point", "coordinates": [ 133.902488400000038, 34.8562078 ] } },
{ "type": "Feature", "properties": { "内容": "居宅介護支援事業所　笠井の里【居宅介護支援】岡山県岡山市北区北方3-5-15グリーンパレス北方Ａ102号", "url": "https://www.kaigokensaku.mhlw.go.jp/33/index.php?action_kouhyou_detail_004_kani=true&JigyosyoCd=3370115200-00&ServiceCd=430&Type=search", "url2": "http://www.tougou-iryou-bc.co.jp" }, "geometry": { "type": "Point", "coordinates": [ 133.93249131023336, 34.688911459083634 ] } },
{ "type": "Feature", "properties": { "内容": "ともに居宅介護支援事業所【居宅介護支援】岡山県岡山市北区今5丁目5番16号", "url": "https://www.kaigokensaku.mhlw.go.jp/33/index.php?action_kouhyou_detail_004_kani=true&JigyosyoCd=3370115507-00&ServiceCd=430&Type=search", "url2": "https://tomoni-care.jp/" }, "geometry": { "type": "Point", "coordinates": [ 133.8981119, 34.6441289 ] } },
{ "type": "Feature", "properties": { "内容": "ケアプランみつ【居宅介護支援】岡山県岡山市北区御津高津1734高津コーポⅠ205", "url": "https://www.kaigokensaku.mhlw.go.jp/33/index.php?action_kouhyou_detail_004_kani=true&JigyosyoCd=3370116380-00&ServiceCd=430&Type=search", "url2": null }, "geometry": { "type": "Point", "coordinates": [ 133.9055174, 34.8122674 ] } },
{ "type": "Feature", "properties": { "内容": "居宅介護支援事業所やわらぎ【居宅介護支援】岡山市北区内山下1-7-17コモンライフやわらぎ1階", "url": "https://www.kaigokensaku.mhlw.go.jp/33/index.php?action_kouhyou_detail_004_kani=true&JigyosyoCd=3370111506-00&ServiceCd=430&Type=search", "url2": "http://okazaki-k.co.jp/" }, "geometry": { "type": "Point", "coordinates": [ 133.930932922090165, 34.660699156883446 ] } },
{ "type": "Feature", "properties": { "内容": "えくぼのケアマネ【居宅介護支援】岡山県岡山市北区岡町14-9岡町ビル201", "url": "https://www.kaigokensaku.mhlw.go.jp/33/index.php?action_kouhyou_detail_004_kani=true&JigyosyoCd=3370114765-00&ServiceCd=430&Type=search", "url2": null }, "geometry": { "type": "Point", "coordinates": [ 133.921018600000025, 34.647827 ] } },
{ "type": "Feature", "properties": { "内容": "くさの居宅介護支援事業所【居宅介護支援】岡山県岡山市北区西辛川756番地", "url": "https://www.kaigokensaku.mhlw.go.jp/33/index.php?action_kouhyou_detail_004_kani=true&JigyosyoCd=3370117842-00&ServiceCd=430&Type=search", "url2": null }, "geometry": { "type": "Point", "coordinates": [ 133.8558783, 34.6828505 ] } },
{ "type": "Feature", "properties": { "内容": "オースミケアプランニング居宅介護支援事業所【居宅介護支援】岡山県岡山市中区高屋２９０－１", "url": "https://www.kaigokensaku.mhlw.go.jp/33/index.php?action_kouhyou_detail_004_kani=true&JigyosyoCd=3370109377-00&ServiceCd=430&Type=search", "url2": null }, "geometry": { "type": "Point", "coordinates": [ 133.96625789999996, 34.6732037 ] } },
{ "type": "Feature", "properties": { "内容": "富山荘居宅介護支援事業所【居宅介護支援】岡山県岡山市中区海吉2306-1", "url": "https://www.kaigokensaku.mhlw.go.jp/33/index.php?action_kouhyou_detail_004_kani=true&JigyosyoCd=3370116398-00&ServiceCd=430&Type=search", "url2": null }, "geometry": { "type": "Point", "coordinates": [ 133.9828456, 34.64756 ] } },
{ "type": "Feature", "properties": { "内容": "ケアプランつくも【居宅介護支援】長岡585-1", "url": "https://www.kaigokensaku.mhlw.go.jp/33/index.php?action_kouhyou_detail_004_kani=true&JigyosyoCd=3370115309-00&ServiceCd=430&Type=search", "url2": "https://tsukumo.wixsite.com/tsukumo99" }, "geometry": { "type": "Point", "coordinates": [ 138.838727799999987, 37.4188473 ] } },
{ "type": "Feature", "properties": { "内容": "指定居宅介護支援事業所はぐはぐの家【居宅介護支援】岡山県岡山市中区藤原光町1-9-8", "url": "https://www.kaigokensaku.mhlw.go.jp/33/index.php?action_kouhyou_detail_004_kani=true&JigyosyoCd=3370113874-00&ServiceCd=430&Type=search", "url2": null }, "geometry": { "type": "Point", "coordinates": [ 133.9546871, 34.676422600000016 ] } },
{ "type": "Feature", "properties": { "内容": "ケアプランゆう悠【居宅介護支援】岡山県岡山市中区山崎288-10", "url": "https://www.kaigokensaku.mhlw.go.jp/33/index.php?action_kouhyou_detail_004_kani=true&JigyosyoCd=3370114443-00&ServiceCd=430&Type=search", "url2": null }, "geometry": { "type": "Point", "coordinates": [ 133.971146, 34.649560100000016 ] } },
{ "type": "Feature", "properties": { "内容": "在宅介護支援センター・カドタ【居宅介護支援】岡山県岡山市中区門田屋敷四丁目５番１３号", "url": "https://www.kaigokensaku.mhlw.go.jp/33/index.php?action_kouhyou_detail_004_kani=true&JigyosyoCd=3370100327-00&ServiceCd=430&Type=search", "url2": "http://syoufuukai.jp/" }, "geometry": { "type": "Point", "coordinates": [ 133.939780299999939, 34.6527773 ] } },
{ "type": "Feature", "properties": { "内容": "介護支援センター　りゅうそう【居宅介護支援】岡山県岡山市中区藤原23番地26", "url": "https://www.kaigokensaku.mhlw.go.jp/33/index.php?action_kouhyou_detail_004_kani=true&JigyosyoCd=3370100566-00&ServiceCd=430&Type=search", "url2": "http://www.ryusoh.or.jp" }, "geometry": { "type": "Point", "coordinates": [ 133.959500400000024, 34.6752618 ] } },
{ "type": "Feature", "properties": { "内容": "ＮＰＯ法人居宅支援まごころサービス岡山センター【居宅介護支援】岡山県岡山市中区関１９－１", "url": "https://www.kaigokensaku.mhlw.go.jp/33/index.php?action_kouhyou_detail_004_kani=true&JigyosyoCd=3370101036-00&ServiceCd=430&Type=search", "url2": "http:/www9.tiki.ne.jp/~magokoro/" }, "geometry": { "type": "Point", "coordinates": [ 133.971451800000068, 34.6752729 ] } },
{ "type": "Feature", "properties": { "内容": "原尾島クリニック指定居宅介護支援事業所【居宅介護支援】岡山県岡山市中区原尾島三丁目8番17号", "url": "https://www.kaigokensaku.mhlw.go.jp/33/index.php?action_kouhyou_detail_004_kani=true&JigyosyoCd=3370101325-00&ServiceCd=430&Type=search", "url2": null }, "geometry": { "type": "Point", "coordinates": [ 133.946473361377002, 34.670461761815361 ] } },
{ "type": "Feature", "properties": { "内容": "おまち介護支援【居宅介護支援】岡山県岡山市中区雄町281-4", "url": "https://www.kaigokensaku.mhlw.go.jp/33/index.php?action_kouhyou_detail_004_kani=true&JigyosyoCd=3370104352-00&ServiceCd=430&Type=search", "url2": "URL://omachiseikei.com" }, "geometry": { "type": "Point", "coordinates": [ 133.973720899999989, 34.6860159 ] } },
{ "type": "Feature", "properties": { "内容": "居宅介護支援事業所　おもいやり【居宅介護支援】岡山県岡山市中区西川原192-1ｺｰﾎﾟｱｸﾃｨＢ103", "url": "https://www.kaigokensaku.mhlw.go.jp/33/index.php?action_kouhyou_detail_004_kani=true&JigyosyoCd=3370109443-00&ServiceCd=430&Type=search", "url2": null }, "geometry": { "type": "Point", "coordinates": [ 133.939413, 34.6785533 ] } },
{ "type": "Feature", "properties": { "内容": "けあぷらん　そる【居宅介護支援】岡山県岡山市中区海吉1794-3", "url": "https://www.kaigokensaku.mhlw.go.jp/33/index.php?action_kouhyou_detail_004_kani=true&JigyosyoCd=3370114807-00&ServiceCd=430&Type=search", "url2": null }, "geometry": { "type": "Point", "coordinates": [ 133.985640202042447, 34.65836235974276 ] } },
{ "type": "Feature", "properties": { "内容": "岡山居宅介護支援センター看護協会【居宅介護支援】岡山県岡山市中区竹田１５５－７", "url": "https://www.kaigokensaku.mhlw.go.jp/33/index.php?action_kouhyou_detail_004_kani=true&JigyosyoCd=3370101457-00&ServiceCd=430&Type=search", "url2": "station@festa.ocn.ne.jp" }, "geometry": { "type": "Point", "coordinates": [ 133.9411076, 34.6814823 ] } },
{ "type": "Feature", "properties": { "内容": "居宅介護支援事業所りんりん【居宅介護支援】岡山県岡山市中区藤原西町２－２－４８コーポ枝松１－D", "url": "https://www.kaigokensaku.mhlw.go.jp/33/index.php?action_kouhyou_detail_004_kani=true&JigyosyoCd=3370104667-00&ServiceCd=430&Type=search", "url2": null }, "geometry": { "type": "Point", "coordinates": [ 133.955907687846349, 34.675560595437886 ] } },
{ "type": "Feature", "properties": { "内容": "岡山ふれあい介護相談支援センター【居宅介護支援】岡山県岡山市中区桑野７１５番地の２", "url": "https://www.kaigokensaku.mhlw.go.jp/33/index.php?action_kouhyou_detail_004_kani=true&JigyosyoCd=3370100111-00&ServiceCd=430&Type=search", "url2": "http://www.okayama-fureai.or.jp" }, "geometry": { "type": "Point", "coordinates": [ 133.979436299999946, 34.6184601 ] } },
{ "type": "Feature", "properties": { "内容": "公益財団法人操風会　ケアプラン操風【居宅介護支援】岡山県岡山市中区奥市２番８号", "url": "https://www.kaigokensaku.mhlw.go.jp/33/index.php?action_kouhyou_detail_004_kani=true&JigyosyoCd=3370100269-00&ServiceCd=430&Type=search", "url2": null }, "geometry": { "type": "Point", "coordinates": [ 133.947693399999906, 34.6561245 ] } },
{ "type": "Feature", "properties": { "内容": "恵風荘在宅介護支援センター【居宅介護支援】国富769-1", "url": "https://www.kaigokensaku.mhlw.go.jp/33/index.php?action_kouhyou_detail_004_kani=true&JigyosyoCd=3370100418-00&ServiceCd=430&Type=search", "url2": "http://www.keifuukai.or.jp/" }, "geometry": { "type": "Point", "coordinates": [ 133.944140934735401, 34.666493423222327 ] } },
{ "type": "Feature", "properties": { "内容": "幸輝園ケアプランセンター【居宅介護支援】岡山県岡山市中区乙多見147-1", "url": "https://www.kaigokensaku.mhlw.go.jp/33/index.php?action_kouhyou_detail_004_kani=true&JigyosyoCd=3370100749-00&ServiceCd=430&Type=search", "url2": "http://www.fukushi-koukikai.jp/" }, "geometry": { "type": "Point", "coordinates": [ 133.9761512, 34.6799446 ] } },
{ "type": "Feature", "properties": { "内容": "藤崎苑在宅介護支援センター【居宅介護支援】岡山県岡山市中区藤崎４６３", "url": "https://www.kaigokensaku.mhlw.go.jp/33/index.php?action_kouhyou_detail_004_kani=true&JigyosyoCd=3370100756-00&ServiceCd=430&Type=search", "url2": "http://www.ryoyukai.or.jp/" }, "geometry": { "type": "Point", "coordinates": [ 133.971539600000028, 34.6186709 ] } },
{ "type": "Feature", "properties": { "内容": "さとう内科指定居宅介護支援事業所【居宅介護支援】岡山県岡山市中区中井2丁目11－23", "url": "https://www.kaigokensaku.mhlw.go.jp/33/index.php?action_kouhyou_detail_004_kani=true&JigyosyoCd=3370100855-00&ServiceCd=430&Type=search", "url2": "http://satounaika.net" }, "geometry": { "type": "Point", "coordinates": [ 133.96241120000002, 34.686765700000024 ] } },
{ "type": "Feature", "properties": { "内容": "(有)赤松薬局介護サービス部【居宅介護支援】岡山県岡山市中区東中島町３－１", "url": "https://www.kaigokensaku.mhlw.go.jp/33/index.php?action_kouhyou_detail_004_kani=true&JigyosyoCd=3370101226-00&ServiceCd=430&Type=search", "url2": "http://akaph.co.jp/" }, "geometry": { "type": "Point", "coordinates": [ 133.934961299999941, 34.6577154 ] } },
{ "type": "Feature", "properties": { "内容": "岡山博愛会居宅介護支援事業所【居宅介護支援】岡山県岡山市中区さくら住座１０番１号在宅総合支援センターアリス２階", "url": "https://www.kaigokensaku.mhlw.go.jp/33/index.php?action_kouhyou_detail_004_kani=true&JigyosyoCd=3370101283-00&ServiceCd=430&Type=search", "url2": "http://www.okayama-hakuaikai.or.jp/" }, "geometry": { "type": "Point", "coordinates": [ 133.933522312424628, 34.651668381099206 ] } },
{ "type": "Feature", "properties": { "内容": "恵風会居宅介護支援ステ－ション【居宅介護支援】岡山県岡山市中区国富739-1サービス付き高齢者向け住宅レジデンスめぐみ内", "url": "https://www.kaigokensaku.mhlw.go.jp/33/index.php?action_kouhyou_detail_004_kani=true&JigyosyoCd=3370101473-00&ServiceCd=430&Type=search", "url2": null }, "geometry": { "type": "Point", "coordinates": [ 133.945275582139629, 34.666459295748737 ] } },
{ "type": "Feature", "properties": { "内容": "コープケアプラン倉田【居宅介護支援】岡山県岡山市中区倉田668-1", "url": "https://www.kaigokensaku.mhlw.go.jp/33/index.php?action_kouhyou_detail_004_kani=true&JigyosyoCd=3370103164-00&ServiceCd=430&Type=search", "url2": null }, "geometry": { "type": "Point", "coordinates": [ 133.953998400000046, 34.6351323 ] } },
{ "type": "Feature", "properties": { "内容": "ケアマネジメントサービスあい愛【居宅介護支援】岡山県岡山市中区米田２３－１", "url": "https://www.kaigokensaku.mhlw.go.jp/33/index.php?action_kouhyou_detail_004_kani=true&JigyosyoCd=3370103917-00&ServiceCd=430&Type=search", "url2": "http://aiai.bona.jp/" }, "geometry": { "type": "Point", "coordinates": [ 133.993735300000054, 34.6761481 ] } },
{ "type": "Feature", "properties": { "内容": "ＮＴＴグループケアポート岡山【居宅介護支援】岡山県岡山市中区湊２６４－８", "url": "https://www.kaigokensaku.mhlw.go.jp/33/index.php?action_kouhyou_detail_004_kani=true&JigyosyoCd=3370106217-00&ServiceCd=430&Type=search", "url2": "http://www.telwel-west.co.jp" }, "geometry": { "type": "Point", "coordinates": [ 133.959978299999989, 34.64374 ] } },
{ "type": "Feature", "properties": { "内容": "ケアプラン協立・介護の窓口【居宅介護支援】岡山県岡山市中区赤坂本町8-10　6階", "url": "https://www.kaigokensaku.mhlw.go.jp/33/index.php?action_kouhyou_detail_004_kani=true&JigyosyoCd=3370106514-00&ServiceCd=430&Type=search", "url2": null }, "geometry": { "type": "Point", "coordinates": [ 133.93759245655292, 34.651258386372433 ] } },
{ "type": "Feature", "properties": { "内容": "ケアプランサービスほのぼの【居宅介護支援】岡山県岡山市中区湊４９１―２", "url": "https://www.kaigokensaku.mhlw.go.jp/33/index.php?action_kouhyou_detail_004_kani=true&JigyosyoCd=3370107116-00&ServiceCd=430&Type=search", "url2": "https://www.takahashi-clinic-okayama.info/" }, "geometry": { "type": "Point", "coordinates": [ 133.957895099999973, 34.650756 ] } },
{ "type": "Feature", "properties": { "内容": "ケアプラン福泊【居宅介護支援】岡山県岡山市中区福泊２６３－１", "url": "https://www.kaigokensaku.mhlw.go.jp/33/index.php?action_kouhyou_detail_004_kani=true&JigyosyoCd=3370109765-00&ServiceCd=430&Type=search", "url2": "https://waraku-f.jp/" }, "geometry": { "type": "Point", "coordinates": [ 133.974084521426448, 34.657632204543511 ] } },
{ "type": "Feature", "properties": { "内容": "居宅介護支援センター　皇【居宅介護支援】岡山市中区長岡83-14", "url": "https://www.kaigokensaku.mhlw.go.jp/33/index.php?action_kouhyou_detail_004_kani=true&JigyosyoCd=3370111621-00&ServiceCd=430&Type=search", "url2": "http://www.time-care.com" }, "geometry": { "type": "Point", "coordinates": [ 133.988999916320694, 34.684162986254691 ] } },
{ "type": "Feature", "properties": { "内容": "居宅介護支援事業所てんとう虫【居宅介護支援】倉益８４番地", "url": "https://www.kaigokensaku.mhlw.go.jp/33/index.php?action_kouhyou_detail_004_kani=true&JigyosyoCd=3370111951-00&ServiceCd=430&Type=search", "url2": null }, "geometry": { "type": "Point", "coordinates": [ 133.973127200000022, 34.6488176 ] } },
{ "type": "Feature", "properties": { "内容": "朝日居宅介護支援事業所【居宅介護支援】岡山県岡山市中区東川原１４１－１０", "url": "https://www.kaigokensaku.mhlw.go.jp/33/index.php?action_kouhyou_detail_004_kani=true&JigyosyoCd=3370113650-00&ServiceCd=430&Type=search", "url2": "https://ash-ic.jp/" }, "geometry": { "type": "Point", "coordinates": [ 133.943751688325847, 34.677913058164044 ] } },
{ "type": "Feature", "properties": { "内容": "ケアプラン　みち【居宅介護支援】岡山県岡山市中区浜三丁目５番１号", "url": "https://www.kaigokensaku.mhlw.go.jp/33/index.php?action_kouhyou_detail_004_kani=true&JigyosyoCd=3370114096-00&ServiceCd=430&Type=search", "url2": "https://shion-care.jp" }, "geometry": { "type": "Point", "coordinates": [ 133.940585599999963, 34.6692645 ] } },
{ "type": "Feature", "properties": { "内容": "昭友会ケアプランセンター【居宅介護支援】岡山県岡山市中区中島69-3", "url": "https://www.kaigokensaku.mhlw.go.jp/33/index.php?action_kouhyou_detail_004_kani=true&JigyosyoCd=3370114138-00&ServiceCd=430&Type=search", "url2": "http://www.takufukai-group.or.jp/" }, "geometry": { "type": "Point", "coordinates": [ 133.945648039425691, 34.686303138174864 ] } },
{ "type": "Feature", "properties": { "内容": "ケアプランセンター　クローバー【居宅介護支援】岡山県岡山市中区原尾島三丁目6-8住宅型有料老人ホーム　スローリビング原尾島内", "url": "https://www.kaigokensaku.mhlw.go.jp/33/index.php?action_kouhyou_detail_004_kani=true&JigyosyoCd=3370115176-00&ServiceCd=430&Type=search", "url2": "http://www.hikasa.jp/" }, "geometry": { "type": "Point", "coordinates": [ 133.945501849566426, 34.670065051289534 ] } },
{ "type": "Feature", "properties": { "内容": "マカンヌ【居宅介護支援】高島新屋敷94-206", "url": "https://www.kaigokensaku.mhlw.go.jp/33/index.php?action_kouhyou_detail_004_kani=true&JigyosyoCd=3370115267-00&ServiceCd=430&Type=search", "url2": "https://merciservice.jp/requirement/" }, "geometry": { "type": "Point", "coordinates": [ 133.955609200000026, 34.6893763 ] } },
{ "type": "Feature", "properties": { "内容": "さくらの里居宅介護支援事業所【居宅介護支援】岡山県岡山市中区長岡595番地", "url": "https://www.kaigokensaku.mhlw.go.jp/33/index.php?action_kouhyou_detail_004_kani=true&JigyosyoCd=3370115846-00&ServiceCd=430&Type=search", "url2": null }, "geometry": { "type": "Point", "coordinates": [ 133.9880468, 34.6806474 ] } },
{ "type": "Feature", "properties": { "内容": "やさしい手倉田居宅介護支援事業所【居宅介護支援】岡山県岡山市中区倉田453-1", "url": "https://www.kaigokensaku.mhlw.go.jp/33/index.php?action_kouhyou_detail_004_kani=true&JigyosyoCd=3370117321-00&ServiceCd=430&Type=search", "url2": "https://search.yasashiite.com/detail/kyotakukaigo_kurata/" }, "geometry": { "type": "Point", "coordinates": [ 133.9575169, 34.628861 ] } },
{ "type": "Feature", "properties": { "内容": "あなぶきケアサービス岡山【居宅介護支援】岡山県岡山市中区浜1丁目11番3号", "url": "https://www.kaigokensaku.mhlw.go.jp/33/index.php?action_kouhyou_detail_004_kani=true&JigyosyoCd=3370113585-00&ServiceCd=430&Type=search", "url2": "http://www.a-living.jp" }, "geometry": { "type": "Point", "coordinates": [ 133.934494407223497, 34.671448448219834 ] } },
{ "type": "Feature", "properties": { "内容": "光ケアプラン【居宅介護支援】海吉２１４６番地１１", "url": "https://www.kaigokensaku.mhlw.go.jp/33/index.php?action_kouhyou_detail_004_kani=true&JigyosyoCd=3370115770-00&ServiceCd=430&Type=search", "url2": null }, "geometry": { "type": "Point", "coordinates": [ 133.983586300000013, 34.6526523 ] } },
{ "type": "Feature", "properties": { "内容": "居宅介護支援事業所　アール・ケア城東【居宅介護支援】岡山県岡山市中区長利317-1居宅介護支援事業所　アール・ケア城東", "url": "https://www.kaigokensaku.mhlw.go.jp/33/index.php?action_kouhyou_detail_004_kani=true&JigyosyoCd=3370116943-00&ServiceCd=430&Type=search", "url2": "https://www.rcare.jp" }, "geometry": { "type": "Point", "coordinates": [ 133.9990427, 34.6725225 ] } },
{ "type": "Feature", "properties": { "内容": "居宅介護支援事業所　はぐはぐの家【居宅介護支援】岡山市中区藤原光町1-9-8", "url": "https://www.kaigokensaku.mhlw.go.jp/33/index.php?action_kouhyou_detail_004_kani=true&JigyosyoCd=3370117198-00&ServiceCd=430&Type=search", "url2": null }, "geometry": { "type": "Point", "coordinates": [ 133.9546819, 34.6764743 ] } },
{ "type": "Feature", "properties": { "内容": "サルピス居宅介護支援事業所【居宅介護支援】岡山県岡山市中区東川原242-1", "url": "https://www.kaigokensaku.mhlw.go.jp/33/index.php?action_kouhyou_detail_004_kani=true&JigyosyoCd=3370100913-00&ServiceCd=430&Type=search", "url2": "sapupis@iaa.itkeeper.ne.jp" }, "geometry": { "type": "Point", "coordinates": [ 133.94453970461575, 34.673974970532768 ] } },
{ "type": "Feature", "properties": { "内容": "在宅介護支援センタ　ハイライフ【居宅介護支援】岡山県岡山市中区湊335-3", "url": "https://www.kaigokensaku.mhlw.go.jp/33/index.php?action_kouhyou_detail_004_kani=true&JigyosyoCd=3370116760-00&ServiceCd=430&Type=search", "url2": "http://hp.kaipoke.biz/723/165866/index_0001.html" }, "geometry": { "type": "Point", "coordinates": [ 133.960068895859877, 34.647119098958115 ] } },
{ "type": "Feature", "properties": { "内容": "ケアプランらしさ【居宅介護支援】岡山県岡山市中区湊２６０番地３号の４", "url": "https://www.kaigokensaku.mhlw.go.jp/33/index.php?action_kouhyou_detail_004_kani=true&JigyosyoCd=3370117172-00&ServiceCd=430&Type=search", "url2": null }, "geometry": { "type": "Point", "coordinates": [ 133.958937525454445, 34.642718108875194 ] } },
{ "type": "Feature", "properties": { "内容": "介護相談事務所ハピネス【居宅介護支援】岡山県岡山市中区赤田46-6", "url": "https://www.kaigokensaku.mhlw.go.jp/33/index.php?action_kouhyou_detail_004_kani=true&JigyosyoCd=3370115390-00&ServiceCd=430&Type=search", "url2": null }, "geometry": { "type": "Point", "coordinates": [ 133.959511041616679, 34.678887823911118 ] } },
{ "type": "Feature", "properties": { "内容": "福祉のかどくら【居宅介護支援】南古都１３４－１４５", "url": "https://www.kaigokensaku.mhlw.go.jp/33/index.php?action_kouhyou_detail_004_kani=true&JigyosyoCd=3370114005-00&ServiceCd=430&Type=search", "url2": null }, "geometry": { "type": "Point", "coordinates": [ 134.05116350000003, 34.7021579 ] } },
{ "type": "Feature", "properties": { "内容": "アイ・ケア居宅介護支援事業所【居宅介護支援】岡山市東区金岡東町1-15-39", "url": "https://www.kaigokensaku.mhlw.go.jp/33/index.php?action_kouhyou_detail_004_kani=true&JigyosyoCd=3370110730-00&ServiceCd=430&Type=search", "url2": null }, "geometry": { "type": "Point", "coordinates": [ 134.0286367, 34.6438258 ] } },
{ "type": "Feature", "properties": { "内容": "ハートフル多聞指定居宅介護支援事業所【居宅介護支援】瀬戸町瀬戸町瀬戸３６－１", "url": "https://www.kaigokensaku.mhlw.go.jp/33/index.php?action_kouhyou_detail_004_kani=true&JigyosyoCd=3370115358-00&ServiceCd=430&Type=search", "url2": "http://www.tensetsukai.or.jp/" }, "geometry": { "type": "Point", "coordinates": [ 134.038042, 34.7338129 ] } },
{ "type": "Feature", "properties": { "内容": "ことりのもり介護サービス相談所【居宅介護支援】南古都632-18", "url": "https://www.kaigokensaku.mhlw.go.jp/33/index.php?action_kouhyou_detail_004_kani=true&JigyosyoCd=3370110292-00&ServiceCd=430&Type=search", "url2": null }, "geometry": { "type": "Point", "coordinates": [ 134.0525189, 34.7006608 ] } },
{ "type": "Feature", "properties": { "内容": "アップルウッド居宅介護支援事業所【居宅介護支援】金岡東町1丁目1番38号", "url": "https://www.kaigokensaku.mhlw.go.jp/33/index.php?action_kouhyou_detail_004_kani=true&JigyosyoCd=3370112926-00&ServiceCd=430&Type=search", "url2": "https://applewood.jp/" }, "geometry": { "type": "Point", "coordinates": [ 134.028806084130792, 34.648663929942728 ] } },
{ "type": "Feature", "properties": { "内容": "でらいとケアプランセンター【居宅介護支援】岡山市東区西大寺上１丁目4-3セジュールPART1-101", "url": "https://www.kaigokensaku.mhlw.go.jp/33/index.php?action_kouhyou_detail_004_kani=true&JigyosyoCd=3370116133-00&ServiceCd=430&Type=search", "url2": null }, "geometry": { "type": "Point", "coordinates": [ 134.0301614, 34.6605312 ] } },
{ "type": "Feature", "properties": { "内容": "ボア・ソルテ　居宅介護支援事業所【居宅介護支援】岡山県岡山市東区東平島1170-1コーポ平島201号", "url": "https://www.kaigokensaku.mhlw.go.jp/33/index.php?action_kouhyou_detail_004_kani=true&JigyosyoCd=3370116208-00&ServiceCd=430&Type=search", "url2": null }, "geometry": { "type": "Point", "coordinates": [ 134.0469181, 34.7145812 ] } },
{ "type": "Feature", "properties": { "内容": "あたらしい手　居宅介護支援事業所【居宅介護支援】岡山県岡山市東区南古都４５３－４", "url": "https://www.kaigokensaku.mhlw.go.jp/33/index.php?action_kouhyou_detail_004_kani=true&JigyosyoCd=3370105102-00&ServiceCd=430&Type=search", "url2": null }, "geometry": { "type": "Point", "coordinates": [ 134.050371899999959, 34.7027273 ] } },
{ "type": "Feature", "properties": { "内容": "ケアプランいしはら【居宅介護支援】岡山県岡山市東区竹原１０１５", "url": "https://www.kaigokensaku.mhlw.go.jp/33/index.php?action_kouhyou_detail_004_kani=true&JigyosyoCd=3370104386-00&ServiceCd=430&Type=search", "url2": "http://hp.kaipoke.biz/srw/" }, "geometry": { "type": "Point", "coordinates": [ 134.05414380000002, 34.6871342 ] } },
{ "type": "Feature", "properties": { "内容": "岡山東部脳神経外科在宅支援センター【居宅介護支援】岡山県岡山市東区瀬戸町光明谷217番地の1", "url": "https://www.kaigokensaku.mhlw.go.jp/33/index.php?action_kouhyou_detail_004_kani=true&JigyosyoCd=3370113973-00&ServiceCd=430&Type=search", "url2": null }, "geometry": { "type": "Point", "coordinates": [ 134.042388800000026, 34.7385652 ] } },
{ "type": "Feature", "properties": { "内容": "夕なぎ在宅介護支援センター【居宅介護支援】岡山県岡山市東区宿毛745-1", "url": "https://www.kaigokensaku.mhlw.go.jp/33/index.php?action_kouhyou_detail_004_kani=true&JigyosyoCd=3370100038-00&ServiceCd=430&Type=search", "url2": "http://www.yunagi.jp" }, "geometry": { "type": "Point", "coordinates": [ 134.08533030000001, 34.6230071 ] } },
{ "type": "Feature", "properties": { "内容": "古都の森在宅介護支援センター【居宅介護支援】岡山県岡山市東区古都南方2815-1", "url": "https://www.kaigokensaku.mhlw.go.jp/33/index.php?action_kouhyou_detail_004_kani=true&JigyosyoCd=3370100103-00&ServiceCd=430&Type=search", "url2": "http://www.mc-mirai.or.jp" }, "geometry": { "type": "Point", "coordinates": [ 134.018649800000048, 34.6871341 ] } },
{ "type": "Feature", "properties": { "内容": "西大寺ふれあい介護相談支援センター【居宅介護支援】岡山県岡山市東区西大寺中二丁目16番33号", "url": "https://www.kaigokensaku.mhlw.go.jp/33/index.php?action_kouhyou_detail_004_kani=true&JigyosyoCd=3370100129-00&ServiceCd=430&Type=search", "url2": "http://www.okayama-fureai.or.jp/" }, "geometry": { "type": "Point", "coordinates": [ 134.0349374, 34.6565206 ] } },
{ "type": "Feature", "properties": { "内容": "健生園指定居宅介護支援事業所【居宅介護支援】岡山県岡山市東区吉原231番地", "url": "https://www.kaigokensaku.mhlw.go.jp/33/index.php?action_kouhyou_detail_004_kani=true&JigyosyoCd=3370100384-00&ServiceCd=430&Type=search", "url2": "https://www.chuo-fukushikai.jp/" }, "geometry": { "type": "Point", "coordinates": [ 134.032749412303133, 34.672731088047669 ] } },
{ "type": "Feature", "properties": { "内容": "さくら苑指定居宅介護支援事業所【居宅介護支援】岡山県岡山市東区西大寺浜261", "url": "https://www.kaigokensaku.mhlw.go.jp/33/index.php?action_kouhyou_detail_004_kani=true&JigyosyoCd=3370100392-00&ServiceCd=430&Type=search", "url2": "http://www.h2.dion.ne.jp/~sakuraen/" }, "geometry": { "type": "Point", "coordinates": [ 134.03877609999995, 34.646541 ] } },
{ "type": "Feature", "properties": { "内容": "居宅介護支援事業所阿知の里【居宅介護支援】岡山県岡山市東区下阿知１１８０番地", "url": "https://www.kaigokensaku.mhlw.go.jp/33/index.php?action_kouhyou_detail_004_kani=true&JigyosyoCd=3370100483-00&ServiceCd=430&Type=search", "url2": "http://c-oka.org/" }, "geometry": { "type": "Point", "coordinates": [ 134.093937699999969, 34.6256236 ] } },
{ "type": "Feature", "properties": { "内容": "岡村一心堂居宅介護支援センター【居宅介護支援】岡山県岡山市東区西大寺南2-1-7", "url": "https://www.kaigokensaku.mhlw.go.jp/33/index.php?action_kouhyou_detail_004_kani=true&JigyosyoCd=3370100681-00&ServiceCd=430&Type=search", "url2": "http://www.isshin.or.jp/" }, "geometry": { "type": "Point", "coordinates": [ 134.032351699999907, 34.6523072 ] } },
{ "type": "Feature", "properties": { "内容": "ハモニカ　居宅介護支援センター【居宅介護支援】岡山県岡山市東区浅川５２０番地の９", "url": "https://www.kaigokensaku.mhlw.go.jp/33/index.php?action_kouhyou_detail_004_kani=true&JigyosyoCd=3370100962-00&ServiceCd=430&Type=search", "url2": "http://www.hamonika.com" }, "geometry": { "type": "Point", "coordinates": [ 134.069689199999971, 34.7091854 ] } },
{ "type": "Feature", "properties": { "内容": "ひかり薬局介護相談事務所【居宅介護支援】岡山県岡山市東区西大寺中2丁目３－５", "url": "https://www.kaigokensaku.mhlw.go.jp/33/index.php?action_kouhyou_detail_004_kani=true&JigyosyoCd=3370103511-00&ServiceCd=430&Type=search", "url2": "http://hikariph.co.jp" }, "geometry": { "type": "Point", "coordinates": [ 134.031851700000061, 34.6549763 ] } },
{ "type": "Feature", "properties": { "内容": "ゆりかご居宅介護支援事業所【居宅介護支援】岡山県岡山市東区升田606-1", "url": "https://www.kaigokensaku.mhlw.go.jp/33/index.php?action_kouhyou_detail_004_kani=true&JigyosyoCd=3370104501-00&ServiceCd=430&Type=search", "url2": null }, "geometry": { "type": "Point", "coordinates": [ 134.005881300000055, 34.6126394 ] } },
{ "type": "Feature", "properties": { "内容": "創心会居宅介護支援センター岡山【居宅介護支援】岡山県岡山市東区可知３丁目17-53", "url": "https://www.kaigokensaku.mhlw.go.jp/33/index.php?action_kouhyou_detail_004_kani=true&JigyosyoCd=3370104519-00&ServiceCd=430&Type=search", "url2": "http://www.soushinkai.com" }, "geometry": { "type": "Point", "coordinates": [ 134.004732842327968, 34.659437500029114 ] } },
{ "type": "Feature", "properties": { "内容": "華の苑　居宅介護支援事業所【居宅介護支援】岡山県岡山市東区金岡東町2丁目5番11号", "url": "https://www.kaigokensaku.mhlw.go.jp/33/index.php?action_kouhyou_detail_004_kani=true&JigyosyoCd=3370109294-00&ServiceCd=430&Type=search", "url2": "http://t-hananoen.com/" }, "geometry": { "type": "Point", "coordinates": [ 134.028666199999947, 34.6402253 ] } },
{ "type": "Feature", "properties": { "内容": "居宅介護支援センター　ままかり【居宅介護支援】岡山県岡山市東区可知4-10-1", "url": "https://www.kaigokensaku.mhlw.go.jp/33/index.php?action_kouhyou_detail_004_kani=true&JigyosyoCd=3370109666-00&ServiceCd=430&Type=search", "url2": "https://www.mamakari.or.jp/" }, "geometry": { "type": "Point", "coordinates": [ 134.003045772630344, 34.655989257324563 ] } },
{ "type": "Feature", "properties": { "内容": "ひまわりの家居宅介護支援事業所【居宅介護支援】岡山県岡山市東区西大寺中1-15-13", "url": "https://www.kaigokensaku.mhlw.go.jp/33/index.php?action_kouhyou_detail_004_kani=true&JigyosyoCd=3370109948-00&ServiceCd=430&Type=search", "url2": "https://himawari-okayama.amebawnd.com" }, "geometry": { "type": "Point", "coordinates": [ 134.034657, 34.654141387232926 ] } },
{ "type": "Feature", "properties": { "内容": "城本クリニック指定居宅介護支援事業所【居宅介護支援】松新町65-4", "url": "https://www.kaigokensaku.mhlw.go.jp/33/index.php?action_kouhyou_detail_004_kani=true&JigyosyoCd=3370112769-00&ServiceCd=430&Type=search", "url2": null }, "geometry": { "type": "Point", "coordinates": [ 134.009567699999934, 34.658409 ] } },
{ "type": "Feature", "properties": { "内容": "ニチイケアセンター瀬戸中央居宅介護支援事業所【居宅介護支援】瀬戸町瀬戸24", "url": "https://www.kaigokensaku.mhlw.go.jp/33/index.php?action_kouhyou_detail_004_kani=true&JigyosyoCd=3370112934-00&ServiceCd=430&Type=search", "url2": "https://www.nichiigakkan.co.jp" }, "geometry": { "type": "Point", "coordinates": [ 134.037873323525986, 34.734606873303953 ] } },
{ "type": "Feature", "properties": { "内容": "ザグザグ　ケアプラン平島【居宅介護支援】岡山県岡山市東区東平島１０１９－１", "url": "https://www.kaigokensaku.mhlw.go.jp/33/index.php?action_kouhyou_detail_004_kani=true&JigyosyoCd=3370116240-00&ServiceCd=430&Type=search", "url2": "http://www.zagzag.co.jp/zagstu/" }, "geometry": { "type": "Point", "coordinates": [ 134.046046, 34.717863 ] } },
{ "type": "Feature", "properties": { "内容": "穂香の里指定居宅介護支援事業所【居宅介護支援】岡山市東区豊田300番地-1", "url": "https://www.kaigokensaku.mhlw.go.jp/33/index.php?action_kouhyou_detail_004_kani=true&JigyosyoCd=3370116364-00&ServiceCd=430&Type=search", "url2": "https://www.chuo-fukusikai.jp" }, "geometry": { "type": "Point", "coordinates": [ 134.0161583, 34.6151711 ] } },
{ "type": "Feature", "properties": { "内容": "合同会社アイ・ナースケアプランセンター【居宅介護支援】岡山県岡山市東区金岡西町639番地10", "url": "https://www.kaigokensaku.mhlw.go.jp/33/index.php?action_kouhyou_detail_004_kani=true&JigyosyoCd=3370116752-00&ServiceCd=430&Type=search", "url2": null }, "geometry": { "type": "Point", "coordinates": [ 134.0261078, 34.6423839 ] } },
{ "type": "Feature", "properties": { "内容": "ケアプランりんく【居宅介護支援】岡山県岡山市東区東平島1170番地1号コーポ平島201", "url": "https://www.kaigokensaku.mhlw.go.jp/33/index.php?action_kouhyou_detail_004_kani=true&JigyosyoCd=3370117297-00&ServiceCd=430&Type=search", "url2": null }, "geometry": { "type": "Point", "coordinates": [ 134.046895299999989, 34.714571 ] } },
{ "type": "Feature", "properties": { "内容": "アルテピア指定居宅介護支援事業所【居宅介護支援】岡山県岡山市東区瀬戸町江尻711", "url": "https://www.kaigokensaku.mhlw.go.jp/33/index.php?action_kouhyou_detail_004_kani=true&JigyosyoCd=3372200042-00&ServiceCd=430&Type=search", "url2": "http:/www.iwadou.or.jp/" }, "geometry": { "type": "Point", "coordinates": [ 134.0550187, 34.7260029 ] } },
{ "type": "Feature", "properties": { "内容": "多聞荘指定居宅介護支援事業所【居宅介護支援】岡山県岡山市東区瀬戸町坂根792-14", "url": "https://www.kaigokensaku.mhlw.go.jp/33/index.php?action_kouhyou_detail_004_kani=true&JigyosyoCd=3372200067-00&ServiceCd=430&Type=search", "url2": "http://www.tensetsukai.or.jp" }, "geometry": { "type": "Point", "coordinates": [ 134.058347668053443, 34.739699123697882 ] } },
{ "type": "Feature", "properties": { "内容": "上道荘在宅介護支援センター【居宅介護支援】岡山県岡山市東区中尾１０３６番地", "url": "https://www.kaigokensaku.mhlw.go.jp/33/index.php?action_kouhyou_detail_004_kani=true&JigyosyoCd=3370100293-00&ServiceCd=430&Type=search", "url2": "http://dainimakotokai.com/" }, "geometry": { "type": "Point", "coordinates": [ 134.021793800000069, 34.70766 ] } },
{ "type": "Feature", "properties": { "内容": "石井内科居宅介護支援事業所【居宅介護支援】岡山県岡山市東区神崎町105-1", "url": "https://www.kaigokensaku.mhlw.go.jp/33/index.php?action_kouhyou_detail_004_kani=true&JigyosyoCd=3370108296-00&ServiceCd=430&Type=search", "url2": "http://www.ishiinaika.e-doctor.info/" }, "geometry": { "type": "Point", "coordinates": [ 134.058536244180232, 34.627132515360614 ] } },
{ "type": "Feature", "properties": { "内容": "サンズケアプランセンター【居宅介護支援】岡山県岡山市東区西大寺中野本町7－31", "url": "https://www.kaigokensaku.mhlw.go.jp/33/index.php?action_kouhyou_detail_004_kani=true&JigyosyoCd=3370117115-00&ServiceCd=430&Type=search", "url2": "https://carefree-okayama.studio.site/" }, "geometry": { "type": "Point", "coordinates": [ 134.027646888885528, 34.654165141240021 ] } },
{ "type": "Feature", "properties": { "内容": "Calm　Dayケアプランセンター【居宅介護支援】岡山県岡山市東区瀬戸町沖２４０－１", "url": "https://www.kaigokensaku.mhlw.go.jp/33/index.php?action_kouhyou_detail_004_kani=true&JigyosyoCd=3370117594-00&ServiceCd=430&Type=search", "url2": null }, "geometry": { "type": "Point", "coordinates": [ 134.0463724, 34.7214486 ] } },
{ "type": "Feature", "properties": { "内容": "居宅介護支援事業所　むらびと【居宅介護支援】岡山市東区瀬戸町瀬戸２５５番地１", "url": "https://www.kaigokensaku.mhlw.go.jp/33/index.php?action_kouhyou_detail_004_kani=true&JigyosyoCd=3370110904-00&ServiceCd=430&Type=search", "url2": "http://seieijukai.co.jp" }, "geometry": { "type": "Point", "coordinates": [ 134.036106, 34.7345294 ] } },
{ "type": "Feature", "properties": { "内容": "居宅介護支援事業所平井【居宅介護支援】岡山県岡山市南区豊成3丁目13番23号", "url": "https://www.kaigokensaku.mhlw.go.jp/33/index.php?action_kouhyou_detail_004_kani=true&JigyosyoCd=3370114849-00&ServiceCd=430&Type=search", "url2": null }, "geometry": { "type": "Point", "coordinates": [ 133.9273766, 34.6263465 ] } },
{ "type": "Feature", "properties": { "内容": "富士居宅介護支援事業所【居宅介護支援】岡山県岡山市南区藤田656-87", "url": "https://www.kaigokensaku.mhlw.go.jp/33/index.php?action_kouhyou_detail_004_kani=true&JigyosyoCd=3370114864-00&ServiceCd=430&Type=search", "url2": null }, "geometry": { "type": "Point", "coordinates": [ 133.907622, 34.6149593 ] } },
{ "type": "Feature", "properties": { "内容": "居宅介護支援事業所　暖家【居宅介護支援】岡山市南区西紅陽台2丁目58-587", "url": "https://www.kaigokensaku.mhlw.go.jp/33/index.php?action_kouhyou_detail_004_kani=true&JigyosyoCd=3370115630-00&ServiceCd=430&Type=search", "url2": null }, "geometry": { "type": "Point", "coordinates": [ 133.8866557, 34.5479649 ] } },
{ "type": "Feature", "properties": { "内容": "白楽介護支援事業所【居宅介護支援】岡山県岡山市南区芳泉2丁目５－７４", "url": "https://www.kaigokensaku.mhlw.go.jp/33/index.php?action_kouhyou_detail_004_kani=true&JigyosyoCd=3370113361-00&ServiceCd=430&Type=search", "url2": null }, "geometry": { "type": "Point", "coordinates": [ 133.912281099999973, 34.6218049 ] } },
{ "type": "Feature", "properties": { "内容": "光南台居宅介護支援事業所【居宅介護支援】岡山県岡山市南区北浦７１４", "url": "https://www.kaigokensaku.mhlw.go.jp/33/index.php?action_kouhyou_detail_004_kani=true&JigyosyoCd=3370100491-00&ServiceCd=430&Type=search", "url2": null }, "geometry": { "type": "Point", "coordinates": [ 133.968666100000064, 34.5872996 ] } },
{ "type": "Feature", "properties": { "内容": "春居宅介護支援事業所【居宅介護支援】福富中2-18-7", "url": "https://www.kaigokensaku.mhlw.go.jp/33/index.php?action_kouhyou_detail_004_kani=true&JigyosyoCd=3370115994-00&ServiceCd=430&Type=search", "url2": null }, "geometry": { "type": "Point", "coordinates": [ 133.9372148, 34.6191607 ] } },
{ "type": "Feature", "properties": { "内容": "なる居宅介護【居宅介護支援】岡山県岡山市南区妹尾1089番地1", "url": "https://www.kaigokensaku.mhlw.go.jp/33/index.php?action_kouhyou_detail_004_kani=true&JigyosyoCd=3370116448-00&ServiceCd=430&Type=search", "url2": null }, "geometry": { "type": "Point", "coordinates": [ 133.8637213, 34.613457 ] } },
{ "type": "Feature", "properties": { "内容": "あいの里居宅介護支援センター【居宅介護支援】岡山県岡山市南区大福950-6", "url": "https://www.kaigokensaku.mhlw.go.jp/33/index.php?action_kouhyou_detail_004_kani=true&JigyosyoCd=3370100228-00&ServiceCd=430&Type=search", "url2": "http//www.aoki-ainosato.or.jp/" }, "geometry": { "type": "Point", "coordinates": [ 133.891130800000042, 34.6193379 ] } },
{ "type": "Feature", "properties": { "内容": "居宅介護支援事業所こもれび泉田【居宅介護支援】泉田３５７番地３こもれび泉田", "url": "https://www.kaigokensaku.mhlw.go.jp/33/index.php?action_kouhyou_detail_004_kani=true&JigyosyoCd=3370109831-00&ServiceCd=430&Type=search", "url2": "kyotaku@komorebi-izumida.jp" }, "geometry": { "type": "Point", "coordinates": [ 133.911667299999976, 34.627332 ] } },
{ "type": "Feature", "properties": { "内容": "うぃーら居宅介護支援事業所【居宅介護支援】岡山市南区郡728-5", "url": "https://www.kaigokensaku.mhlw.go.jp/33/index.php?action_kouhyou_detail_004_kani=true&JigyosyoCd=3370110805-00&ServiceCd=430&Type=search", "url2": null }, "geometry": { "type": "Point", "coordinates": [ 133.96476434678803, 34.580279439941087 ] } },
{ "type": "Feature", "properties": { "内容": "創心会居宅介護支援センター岡南【居宅介護支援】岡山県岡山市南区築港新町1-6-7", "url": "https://www.kaigokensaku.mhlw.go.jp/33/index.php?action_kouhyou_detail_004_kani=true&JigyosyoCd=3370111100-00&ServiceCd=430&Type=search", "url2": "http://www.soushinkai.com" }, "geometry": { "type": "Point", "coordinates": [ 133.937173279840067, 34.607410436971726 ] } },
{ "type": "Feature", "properties": { "内容": "愛光ケアプランセンター【居宅介護支援】岡山県岡山市南区新保677番地10　Be・NEXTビル1階", "url": "https://www.kaigokensaku.mhlw.go.jp/33/index.php?action_kouhyou_detail_004_kani=true&JigyosyoCd=3370113494-00&ServiceCd=430&Type=search", "url2": null }, "geometry": { "type": "Point", "coordinates": [ 133.908740399999942, 34.6301991 ] } },
{ "type": "Feature", "properties": { "内容": "株式会社S＆Kライフケアサービス【居宅介護支援】東畦46－5", "url": "https://www.kaigokensaku.mhlw.go.jp/33/index.php?action_kouhyou_detail_004_kani=true&JigyosyoCd=3370116091-00&ServiceCd=430&Type=search", "url2": "https://s-and-k-okayama.wixsite.com/life-care-service" }, "geometry": { "type": "Point", "coordinates": [ 133.8658758, 34.6034358 ] } },
{ "type": "Feature", "properties": { "内容": "灘崎荘在宅介護支援センター【居宅介護支援】岡山県岡山市南区彦崎２３００", "url": "https://www.kaigokensaku.mhlw.go.jp/33/index.php?action_kouhyou_detail_004_kani=true&JigyosyoCd=3372500029-00&ServiceCd=430&Type=search", "url2": "nada-so1@proof.ocn.ne.jp" }, "geometry": { "type": "Point", "coordinates": [ 133.83388130000003, 34.5447921 ] } },
{ "type": "Feature", "properties": { "内容": "福文舎　居宅介護支援事業所【居宅介護支援】岡山県岡山市南区浦安本町１８２―１", "url": "https://www.kaigokensaku.mhlw.go.jp/33/index.php?action_kouhyou_detail_004_kani=true&JigyosyoCd=3370101069-00&ServiceCd=430&Type=search", "url2": "http://www.fukubunsya.or.jp/" }, "geometry": { "type": "Point", "coordinates": [ 133.92605750000007, 34.6021021 ] } },
{ "type": "Feature", "properties": { "内容": "山本医院居宅介護支援センター【居宅介護支援】岡山県岡山市南区泉田４１８－２５", "url": "https://www.kaigokensaku.mhlw.go.jp/33/index.php?action_kouhyou_detail_004_kani=true&JigyosyoCd=3370100459-00&ServiceCd=430&Type=search", "url2": "https://www.isto.or.jp" }, "geometry": { "type": "Point", "coordinates": [ 133.906467900000052, 34.6260709 ] } },
{ "type": "Feature", "properties": { "内容": "ケアプラン優【居宅介護支援】西市273-4", "url": "https://www.kaigokensaku.mhlw.go.jp/33/index.php?action_kouhyou_detail_004_kani=true&JigyosyoCd=3370117305-00&ServiceCd=430&Type=search", "url2": null }, "geometry": { "type": "Point", "coordinates": [ 133.9028497, 34.6347745 ] } },
{ "type": "Feature", "properties": { "内容": "在宅介護支援センター　プルミエ岡山【居宅介護支援】岡山県岡山市南区北浦100番地", "url": "https://www.kaigokensaku.mhlw.go.jp/33/index.php?action_kouhyou_detail_004_kani=true&JigyosyoCd=3370100020-00&ServiceCd=430&Type=search", "url2": "http://ww3.tiki.ne.jp/~kenjukai" }, "geometry": { "type": "Point", "coordinates": [ 133.963036, 34.5871411 ] } },
{ "type": "Feature", "properties": { "内容": "花だより【居宅介護支援】岡山県岡山市南区彦崎2976-10", "url": "https://www.kaigokensaku.mhlw.go.jp/33/index.php?action_kouhyou_detail_004_kani=true&JigyosyoCd=3370117552-00&ServiceCd=430&Type=search", "url2": "https://hanadayori.jimosite.com" }, "geometry": { "type": "Point", "coordinates": [ 133.835427900000013, 34.5507578 ] } },
{ "type": "Feature", "properties": { "内容": "ケアプラン策定事業所ほがらか【居宅介護支援】岡山県岡山市南区西市１００－５ケアセンターほがらか", "url": "https://www.kaigokensaku.mhlw.go.jp/33/index.php?action_kouhyou_detail_004_kani=true&JigyosyoCd=3370103750-00&ServiceCd=430&Type=search", "url2": "http://www.hogaraka-npo.com" }, "geometry": { "type": "Point", "coordinates": [ 133.90345990000003, 34.6325617 ] } },
{ "type": "Feature", "properties": { "内容": "在宅介護支援センターなみき【居宅介護支援】岡山県岡山市南区並木町2丁目27-5", "url": "https://www.kaigokensaku.mhlw.go.jp/33/index.php?action_kouhyou_detail_004_kani=true&JigyosyoCd=3370100194-00&ServiceCd=430&Type=search", "url2": "http://www.kato-namiki.or.jp/" }, "geometry": { "type": "Point", "coordinates": [ 133.938939800000071, 34.6101432 ] } },
{ "type": "Feature", "properties": { "内容": "あいの里在宅介護支援センター【居宅介護支援】岡山市南区大福950-6", "url": "https://www.kaigokensaku.mhlw.go.jp/33/index.php?action_kouhyou_detail_004_kani=true&JigyosyoCd=3370100210-00&ServiceCd=430&Type=search", "url2": "http//www.aoki-ainosato.or.jp/" }, "geometry": { "type": "Point", "coordinates": [ 133.891476755672272, 34.619196295186377 ] } },
{ "type": "Feature", "properties": { "内容": "愛光苑在宅介護支援センター【居宅介護支援】岡山県岡山市南区浦安本町８１－２", "url": "https://www.kaigokensaku.mhlw.go.jp/33/index.php?action_kouhyou_detail_004_kani=true&JigyosyoCd=3370100285-00&ServiceCd=430&Type=search", "url2": "http://www.aikouen.info" }, "geometry": { "type": "Point", "coordinates": [ 133.930146, 34.6069683 ] } },
{ "type": "Feature", "properties": { "内容": "佐藤病院居宅介護支援事業所【居宅介護支援】岡山県岡山市南区築港栄町７－３０", "url": "https://www.kaigokensaku.mhlw.go.jp/33/index.php?action_kouhyou_detail_004_kani=true&JigyosyoCd=3370100350-00&ServiceCd=430&Type=search", "url2": "http//www.sato-hp.com" }, "geometry": { "type": "Point", "coordinates": [ 133.945161699999971, 34.6071438 ] } },
{ "type": "Feature", "properties": { "内容": "医療法人ふたば会　指定居宅介護支援事業所【居宅介護支援】岡山県岡山市南区内尾４６３", "url": "https://www.kaigokensaku.mhlw.go.jp/33/index.php?action_kouhyou_detail_004_kani=true&JigyosyoCd=3370101051-00&ServiceCd=430&Type=search", "url2": "http://hc.futaba-ac.jp/" }, "geometry": { "type": "Point", "coordinates": [ 133.857530399999973, 34.5992142 ] } },
{ "type": "Feature", "properties": { "内容": "岡山しげい居宅介護支援事業所【居宅介護支援】岡山県岡山市南区山田2117番地18", "url": "https://www.kaigokensaku.mhlw.go.jp/33/index.php?action_kouhyou_detail_004_kani=true&JigyosyoCd=3370101481-00&ServiceCd=430&Type=search", "url2": "http://www.shigei.or.jp/snss_oka/" }, "geometry": { "type": "Point", "coordinates": [ 133.848741457672105, 34.619668414601783 ] } },
{ "type": "Feature", "properties": { "内容": "在宅介護支援センターちゃいむ【居宅介護支援】岡山県岡山市南区福富東1-7-43老人福祉施設うららか", "url": "https://www.kaigokensaku.mhlw.go.jp/33/index.php?action_kouhyou_detail_004_kani=true&JigyosyoCd=3370102455-00&ServiceCd=430&Type=search", "url2": "http:www.sato-hp.com" }, "geometry": { "type": "Point", "coordinates": [ 133.939167200000043, 34.6229361 ] } },
{ "type": "Feature", "properties": { "内容": "サンキ・ウエルビィ居宅介護センター岡山【居宅介護支援】岡山県岡山市南区藤田566-93", "url": "https://www.kaigokensaku.mhlw.go.jp/33/index.php?action_kouhyou_detail_004_kani=true&JigyosyoCd=3370103537-00&ServiceCd=430&Type=search", "url2": null }, "geometry": { "type": "Point", "coordinates": [ 133.903366, 34.6089045 ] } },
{ "type": "Feature", "properties": { "内容": "南岡山ナーシングホーム在宅介護支援センター【居宅介護支援】岡山県岡山市南区東畦７７２－１０", "url": "https://www.kaigokensaku.mhlw.go.jp/33/index.php?action_kouhyou_detail_004_kani=true&JigyosyoCd=3370108981-00&ServiceCd=430&Type=search", "url2": "http://www.keiyuu-kai.or.jp/top.html" }, "geometry": { "type": "Point", "coordinates": [ 133.881751, 34.6049227 ] } },
{ "type": "Feature", "properties": { "内容": "あゆむ介護相談事業所【居宅介護支援】岡山県岡山市南福田95-2", "url": "https://www.kaigokensaku.mhlw.go.jp/33/index.php?action_kouhyou_detail_004_kani=true&JigyosyoCd=3370109450-00&ServiceCd=430&Type=search", "url2": "http://www.ayumu-service.com/" }, "geometry": { "type": "Point", "coordinates": [ 133.929162600000041, 34.6172782 ] } },
{ "type": "Feature", "properties": { "内容": "アミューズ富永　ケアプランセンター【居宅介護支援】岡山市南区築港ひかり町1-1", "url": "https://www.kaigokensaku.mhlw.go.jp/33/index.php?action_kouhyou_detail_004_kani=true&JigyosyoCd=3370110417-00&ServiceCd=430&Type=search", "url2": "http://www.kusuriya.jp" }, "geometry": { "type": "Point", "coordinates": [ 133.939101100000016, 34.6030635 ] } },
{ "type": "Feature", "properties": { "内容": "特定医療法人自由会　こうなんクリニック在宅介護支援センター【居宅介護支援】東畦６５１－１９", "url": "https://www.kaigokensaku.mhlw.go.jp/33/index.php?action_kouhyou_detail_004_kani=true&JigyosyoCd=3370112876-00&ServiceCd=430&Type=search", "url2": "http://www.kounan-cl.com/" }, "geometry": { "type": "Point", "coordinates": [ 133.880792700000029, 34.6056142 ] } },
{ "type": "Feature", "properties": { "内容": "ケアマネジメント　アクア【居宅介護支援】岡山県岡山市南区新保1105-1", "url": "https://www.kaigokensaku.mhlw.go.jp/33/index.php?action_kouhyou_detail_004_kani=true&JigyosyoCd=3370113403-00&ServiceCd=430&Type=search", "url2": null }, "geometry": { "type": "Point", "coordinates": [ 133.916129436158684, 34.636772396891509 ] } },
{ "type": "Feature", "properties": { "内容": "よつば会居宅介護支援事業所【居宅介護支援】岡山県岡山市南区泉田５丁目１０番３２号", "url": "https://www.kaigokensaku.mhlw.go.jp/33/index.php?action_kouhyou_detail_004_kani=true&JigyosyoCd=3370113452-00&ServiceCd=430&Type=search", "url2": "http://yotuba.or.jp/" }, "geometry": { "type": "Point", "coordinates": [ 133.910936799999945, 34.6235852 ] } },
{ "type": "Feature", "properties": { "内容": "ケアプラン福浜【居宅介護支援】福富中2-8-7", "url": "https://www.kaigokensaku.mhlw.go.jp/33/index.php?action_kouhyou_detail_004_kani=true&JigyosyoCd=3370113999-00&ServiceCd=430&Type=search", "url2": "https://okayama-health.coop/kai" }, "geometry": { "type": "Point", "coordinates": [ 133.936896609374287, 34.621193638807661 ] } },
{ "type": "Feature", "properties": { "内容": "アミューズ富永居宅介護支援事業所福富【居宅介護支援】岡山県岡山市南区豊成三丁目23-25ビューティフルプラザ101", "url": "https://www.kaigokensaku.mhlw.go.jp/33/index.php?action_kouhyou_detail_004_kani=true&JigyosyoCd=3370114245-00&ServiceCd=430&Type=search", "url2": "https://kusuriya.jp/amuse/" }, "geometry": { "type": "Point", "coordinates": [ 133.929584699999964, 34.6240996 ] } },
{ "type": "Feature", "properties": { "内容": "アークケアプランセンター【居宅介護支援】岡山県岡山市南区泉田1-13-7河合ビル102", "url": "https://www.kaigokensaku.mhlw.go.jp/33/index.php?action_kouhyou_detail_004_kani=true&JigyosyoCd=3370114922-00&ServiceCd=430&Type=search", "url2": null }, "geometry": { "type": "Point", "coordinates": [ 133.919121643577768, 34.627411573608384 ] } },
{ "type": "Feature", "properties": { "内容": "かわい居宅介護支援事業所【居宅介護支援】岡山県岡山市南区豊浜町１－２０", "url": "https://www.kaigokensaku.mhlw.go.jp/33/index.php?action_kouhyou_detail_004_kani=true&JigyosyoCd=3370114989-00&ServiceCd=430&Type=search", "url2": "http://www.isshinkai.jp" }, "geometry": { "type": "Point", "coordinates": [ 133.931627958335866, 34.634368372394846 ] } },
{ "type": "Feature", "properties": { "内容": "ツクイ岡山新保【居宅介護支援】新保１１８７－２", "url": "https://www.kaigokensaku.mhlw.go.jp/33/index.php?action_kouhyou_detail_004_kani=true&JigyosyoCd=3370116067-00&ServiceCd=430&Type=search", "url2": "https://www.tsukui.net/home-care/2265/" }, "geometry": { "type": "Point", "coordinates": [ 133.9147587, 34.635429 ] } },
{ "type": "Feature", "properties": { "内容": "ザグザグ　ケアプラン大福【居宅介護支援】岡山県岡山市南区大福411-1", "url": "https://www.kaigokensaku.mhlw.go.jp/33/index.php?action_kouhyou_detail_004_kani=true&JigyosyoCd=3370116513-00&ServiceCd=430&Type=search", "url2": "https://www.zagzag.co.jp/zagstu/shops/careplan_oofuku.html" }, "geometry": { "type": "Point", "coordinates": [ 133.873562, 34.6169036 ] } },
{ "type": "Feature", "properties": { "内容": "ケアプランセンター　ウェルメ岡山【居宅介護支援】岡山県岡山市南区あけぼの町10-17", "url": "https://www.kaigokensaku.mhlw.go.jp/33/index.php?action_kouhyou_detail_004_kani=true&JigyosyoCd=3370117206-00&ServiceCd=430&Type=search", "url2": null }, "geometry": { "type": "Point", "coordinates": [ 133.9406332, 34.6077486 ] } },
{ "type": "Feature", "properties": { "内容": "ケアプランセンターさんご【居宅介護支援】岡山県岡山市南区浜野4丁目12-5アットホームA101", "url": "https://www.kaigokensaku.mhlw.go.jp/33/index.php?action_kouhyou_detail_004_kani=true&JigyosyoCd=3370117412-00&ServiceCd=430&Type=search", "url2": null }, "geometry": { "type": "Point", "coordinates": [ 133.943390277909856, 34.6282448235403 ] } },
{ "type": "Feature", "properties": { "内容": "指定居宅介護支援事業所　池田医院【居宅介護支援】岡山県岡山市南区彦崎2801-4", "url": "https://www.kaigokensaku.mhlw.go.jp/33/index.php?action_kouhyou_detail_004_kani=true&JigyosyoCd=3372500011-00&ServiceCd=430&Type=search", "url2": "https://ikedaiin.or.jp" }, "geometry": { "type": "Point", "coordinates": [ 133.836569594442722, 34.552005885951495 ] } },
{ "type": "Feature", "properties": { "内容": "ゆめの里在宅介護支援センター【居宅介護支援】岡山県岡山市南区川張1266", "url": "https://www.kaigokensaku.mhlw.go.jp/33/index.php?action_kouhyou_detail_004_kani=true&JigyosyoCd=3372500037-00&ServiceCd=430&Type=search", "url2": "http://yumeno-sato.com" }, "geometry": { "type": "Point", "coordinates": [ 133.860059699999937, 34.5451567 ] } },
{ "type": "Feature", "properties": { "内容": "まんぷくケアプラン【居宅介護支援】内尾394-35102号室", "url": "https://www.kaigokensaku.mhlw.go.jp/33/index.php?action_kouhyou_detail_004_kani=true&JigyosyoCd=3370117602-00&ServiceCd=430&Type=search", "url2": "https://manpuku-careplan.my.canva.site/" }, "geometry": { "type": "Point", "coordinates": [ 133.8634605, 34.6044882 ] } },
{ "type": "Feature", "properties": { "内容": "西ふれあい介護相談支援センター【居宅介護支援】岡山県岡山市南区妹尾880番地の1", "url": "https://www.kaigokensaku.mhlw.go.jp/33/index.php?action_kouhyou_detail_004_kani=true&JigyosyoCd=3370100145-00&ServiceCd=430&Type=search", "url2": "http://www.okayama-fureai.or.jp/" }, "geometry": { "type": "Point", "coordinates": [ 133.863099499999947, 34.6113128 ] } },
{ "type": "Feature", "properties": { "内容": "南ふれあい介護相談支援センター【居宅介護支援】岡山県岡山市南区福田６９０番地の１", "url": "https://www.kaigokensaku.mhlw.go.jp/33/index.php?action_kouhyou_detail_004_kani=true&JigyosyoCd=3370100152-00&ServiceCd=430&Type=search", "url2": "http://www.okayama-fureai.or.jp" }, "geometry": { "type": "Point", "coordinates": [ 133.933887199999958, 34.6188087 ] } },
{ "type": "Feature", "properties": { "内容": "居宅介護支援事業所COCO【居宅介護支援】豊成3丁目19-15203", "url": "https://www.kaigokensaku.mhlw.go.jp/33/index.php?action_kouhyou_detail_004_kani=true&JigyosyoCd=3370116174-00&ServiceCd=430&Type=search", "url2": "https://ribbon-okayama.com" }, "geometry": { "type": "Point", "coordinates": [ 139.8388912, 35.7043736 ] } },
{ "type": "Feature", "properties": { "内容": "若宮園在宅介護支援センター【居宅介護支援】岡山県岡山市南区箕島３４９１－７", "url": "https://www.kaigokensaku.mhlw.go.jp/33/index.php?action_kouhyou_detail_004_kani=true&JigyosyoCd=3370100368-00&ServiceCd=430&Type=search", "url2": "http://junfuku.jp/" }, "geometry": { "type": "Point", "coordinates": [ 133.835981500000031, 34.6162142 ] } },
{ "type": "Feature", "properties": { "内容": "サンキ・ウエルビィ居宅介護センター新保【居宅介護支援】岡山県岡山市南区新保681-3", "url": "https://www.kaigokensaku.mhlw.go.jp/33/index.php?action_kouhyou_detail_004_kani=true&JigyosyoCd=3370106639-00&ServiceCd=430&Type=search", "url2": null }, "geometry": { "type": "Point", "coordinates": [ 133.909613872157138, 34.62959358318124 ] } },
{ "type": "Feature", "properties": { "内容": "アネシスライフ居宅介護支援事業所【居宅介護支援】岡山市南区妹尾１８７８番地５中島病院　厨房棟　２階", "url": "https://www.kaigokensaku.mhlw.go.jp/33/index.php?action_kouhyou_detail_004_kani=true&JigyosyoCd=3370110680-00&ServiceCd=430&Type=search", "url2": null }, "geometry": { "type": "Point", "coordinates": [ 133.87304610000001, 34.6156959 ] } },
{ "type": "Feature", "properties": { "内容": "ケアマネジメントサービスほのかｆ【居宅介護支援】岡山県岡山市南区新保679番地15", "url": "https://www.kaigokensaku.mhlw.go.jp/33/index.php?action_kouhyou_detail_004_kani=true&JigyosyoCd=3370117107-00&ServiceCd=430&Type=search", "url2": "https://honoka-hc.co.jp" }, "geometry": { "type": "Point", "coordinates": [ 133.898784599999971, 34.6194821 ] } },
{ "type": "Feature", "properties": { "内容": "居宅介護支援事業所　アール・ケア岡山【居宅介護支援】岡山市南区新保944-7", "url": "https://www.kaigokensaku.mhlw.go.jp/33/index.php?action_kouhyou_detail_004_kani=true&JigyosyoCd=3370109963-00&ServiceCd=430&Type=search", "url2": "http://www.rcare.jp" }, "geometry": { "type": "Point", "coordinates": [ 133.907581604671464, 34.636804922945537 ] } },
{ "type": "Feature", "properties": { "内容": "リファインケアプランセンター【居宅介護支援】岡山県岡山市南区築港新町2丁目18-262階", "url": "https://www.kaigokensaku.mhlw.go.jp/33/index.php?action_kouhyou_detail_004_kani=true&JigyosyoCd=3370112777-00&ServiceCd=430&Type=search", "url2": "http://www.refine-day.co.jp/" }, "geometry": { "type": "Point", "coordinates": [ 133.935837600000013, 34.60289010000001 ] } },
{ "type": "Feature", "properties": { "内容": "ケアプラン鈴【居宅介護支援】岡山県岡山市南区藤田669-51", "url": "https://www.kaigokensaku.mhlw.go.jp/33/index.php?action_kouhyou_detail_004_kani=true&JigyosyoCd=3370115481-00&ServiceCd=430&Type=search", "url2": null }, "geometry": { "type": "Point", "coordinates": [ 133.905885607453314, 34.617076907365202 ] } },
{ "type": "Feature", "properties": { "内容": "ケアプランサービスいこいの家【居宅介護支援】岡山県倉敷市児島柳田町862-2", "url": "https://www.kaigokensaku.mhlw.go.jp/33/index.php?action_kouhyou_detail_004_kani=true&JigyosyoCd=3370200259-00&ServiceCd=430&Type=search", "url2": "tajimanaika.com" }, "geometry": { "type": "Point", "coordinates": [ 133.800137473016292, 34.488943923180713 ] } },
{ "type": "Feature", "properties": { "内容": "はぁ～と居宅介護相談所【居宅介護支援】岡山県倉敷市中庄2355-4コーポ中村　B号", "url": "https://www.kaigokensaku.mhlw.go.jp/33/index.php?action_kouhyou_detail_004_kani=true&JigyosyoCd=3370208070-00&ServiceCd=430&Type=search", "url2": null }, "geometry": { "type": "Point", "coordinates": [ 133.796442393254097, 34.621708886962807 ] } },
{ "type": "Feature", "properties": { "内容": "後楽居宅介護支援事業所【居宅介護支援】岡山県倉敷市真備町箭田２１５９番地", "url": "https://www.kaigokensaku.mhlw.go.jp/33/index.php?action_kouhyou_detail_004_kani=true&JigyosyoCd=3373000029-00&ServiceCd=430&Type=search", "url2": "http://www.kouraku.or.jp/" }, "geometry": { "type": "Point", "coordinates": [ 133.6859518, 34.6408713 ] } },
{ "type": "Feature", "properties": { "内容": "オリーブガーデン居宅介護支援事業所【居宅介護支援】岡山県倉敷市亀山５６４－３", "url": "https://www.kaigokensaku.mhlw.go.jp/33/index.php?action_kouhyou_detail_004_kani=true&JigyosyoCd=3370204400-00&ServiceCd=430&Type=search", "url2": "http://www.olive-garden.co.jp/" }, "geometry": { "type": "Point", "coordinates": [ 133.799946, 34.5855998 ] } },
{ "type": "Feature", "properties": { "内容": "渡辺病院介護支援相談室【居宅介護支援】岡山県倉敷市玉島上成５０５－１カサデフェリスA１０１", "url": "https://www.kaigokensaku.mhlw.go.jp/33/index.php?action_kouhyou_detail_004_kani=true&JigyosyoCd=3370201604-00&ServiceCd=430&Type=search", "url2": "http://watanabe.or.jp/" }, "geometry": { "type": "Point", "coordinates": [ 133.686748299999977, 34.5626876 ] } },
{ "type": "Feature", "properties": { "内容": "居宅介護支援事業所　グリーンピース【居宅介護支援】岡山県倉敷市新田２７９１－４", "url": "https://www.kaigokensaku.mhlw.go.jp/33/index.php?action_kouhyou_detail_004_kani=true&JigyosyoCd=3370205233-00&ServiceCd=430&Type=search", "url2": "http://mutu.jp" }, "geometry": { "type": "Point", "coordinates": [ 133.777017399999977, 34.5758337 ] } },
{ "type": "Feature", "properties": { "内容": "ケアプラン　猫のしっぽ【居宅介護支援】岡山県倉敷市浜町1-10-3", "url": "https://www.kaigokensaku.mhlw.go.jp/33/index.php?action_kouhyou_detail_004_kani=true&JigyosyoCd=3370208666-00&ServiceCd=430&Type=search", "url2": null }, "geometry": { "type": "Point", "coordinates": [ 133.7689805, 34.6074203 ] } },
{ "type": "Feature", "properties": { "内容": "居宅介護支援事業所　ももたろう【居宅介護支援】岡山県倉敷市船穂町船穂880-1", "url": "https://www.kaigokensaku.mhlw.go.jp/33/index.php?action_kouhyou_detail_004_kani=true&JigyosyoCd=3372700637-00&ServiceCd=430&Type=search", "url2": "https://momotaro-kaigo.com/" }, "geometry": { "type": "Point", "coordinates": [ 133.695022399999971, 34.5691676 ] } },
{ "type": "Feature", "properties": { "内容": "おうじ介護相談室【居宅介護支援】岡山県倉敷市児島下の町３丁目８番54号フォーレス21　101号", "url": "https://www.kaigokensaku.mhlw.go.jp/33/index.php?action_kouhyou_detail_004_kani=true&JigyosyoCd=3370207593-00&ServiceCd=430&Type=search", "url2": "http://www.ohji-nouge.or.jp" }, "geometry": { "type": "Point", "coordinates": [ 133.821498750891493, 34.477643293757083 ] } },
{ "type": "Feature", "properties": { "内容": "ケアプランきづな倉敷【居宅介護支援】岡山県倉敷市中島1833-11", "url": "https://www.kaigokensaku.mhlw.go.jp/33/index.php?action_kouhyou_detail_004_kani=true&JigyosyoCd=3370208765-00&ServiceCd=430&Type=search", "url2": null }, "geometry": { "type": "Point", "coordinates": [ 133.7358034, 34.5811572 ] } },
{ "type": "Feature", "properties": { "内容": "有限会社　ほほえみ【居宅介護支援】岡山県倉敷市下庄458-1", "url": "https://www.kaigokensaku.mhlw.go.jp/33/index.php?action_kouhyou_detail_004_kani=true&JigyosyoCd=3370200051-00&ServiceCd=430&Type=search", "url2": "http://www.ensako.or.jp" }, "geometry": { "type": "Point", "coordinates": [ 133.823087868650276, 34.640360143627206 ] } },
{ "type": "Feature", "properties": { "内容": "野上内科医院介護相談室【居宅介護支援】岡山県倉敷市児島駅前4丁目31-10", "url": "https://www.kaigokensaku.mhlw.go.jp/33/index.php?action_kouhyou_detail_004_kani=true&JigyosyoCd=3370200788-00&ServiceCd=430&Type=search", "url2": "http://www.warakukai.com/" }, "geometry": { "type": "Point", "coordinates": [ 133.806403700000033, 34.4592675 ] } },
{ "type": "Feature", "properties": { "内容": "介護保険長尾相談室【居宅介護支援】岡山県倉敷市玉島上成448-1", "url": "https://www.kaigokensaku.mhlw.go.jp/33/index.php?action_kouhyou_detail_004_kani=true&JigyosyoCd=3370204129-00&ServiceCd=430&Type=search", "url2": null }, "geometry": { "type": "Point", "coordinates": [ 133.68978130000005, 34.5679344 ] } },
{ "type": "Feature", "properties": { "内容": "にじの里介護保険センター【居宅介護支援】倉敷市浦田1533番地2", "url": "https://www.kaigokensaku.mhlw.go.jp/33/index.php?action_kouhyou_detail_004_kani=true&JigyosyoCd=3370206645-00&ServiceCd=430&Type=search", "url2": "nijinosato-kurashiki.com" }, "geometry": { "type": "Point", "coordinates": [ 133.765478776667322, 34.565613542489963 ] } },
{ "type": "Feature", "properties": { "内容": "介護相談所いろは【居宅介護支援】岡山県倉敷市茶屋町106-4", "url": "https://www.kaigokensaku.mhlw.go.jp/33/index.php?action_kouhyou_detail_004_kani=true&JigyosyoCd=3370209565-00&ServiceCd=430&Type=search", "url2": null }, "geometry": { "type": "Point", "coordinates": [ 133.8210867, 34.5770786 ] } },
{ "type": "Feature", "properties": { "内容": "ケアプランセンターわらてぃ【居宅介護支援】岡山県倉敷市中庄644-4", "url": "https://www.kaigokensaku.mhlw.go.jp/33/index.php?action_kouhyou_detail_004_kani=true&JigyosyoCd=3370209185-00&ServiceCd=430&Type=search", "url2": null }, "geometry": { "type": "Point", "coordinates": [ 133.7894746, 34.6184132 ] } },
{ "type": "Feature", "properties": { "内容": "以心会居宅介護支援事業所【居宅介護支援】岡山県倉敷市福田町古新田１４６番地の4", "url": "https://www.kaigokensaku.mhlw.go.jp/33/index.php?action_kouhyou_detail_004_kani=true&JigyosyoCd=3370200382-00&ServiceCd=430&Type=search", "url2": "http://ishinkai-clinic.or.jp/" }, "geometry": { "type": "Point", "coordinates": [ 133.756330700000035, 34.5442679 ] } },
{ "type": "Feature", "properties": { "内容": "居宅介護支援事業所　グリーンビレッジ瀬戸内【居宅介護支援】岡山県倉敷市船穂町柳井原２３００－１", "url": "https://www.kaigokensaku.mhlw.go.jp/33/index.php?action_kouhyou_detail_004_kani=true&JigyosyoCd=3370207171-00&ServiceCd=430&Type=search", "url2": null }, "geometry": { "type": "Point", "coordinates": [ 133.715409238175994, 34.610324500150639 ] } },
{ "type": "Feature", "properties": { "内容": "小原整骨院介護相談室居宅介護支援事業所【居宅介護支援】連島中央二丁目3番22号", "url": "https://www.kaigokensaku.mhlw.go.jp/33/index.php?action_kouhyou_detail_004_kani=true&JigyosyoCd=3370208872-00&ServiceCd=430&Type=search", "url2": "http://kohara-s.com/care-support" }, "geometry": { "type": "Point", "coordinates": [ 133.7355976, 34.5500904 ] } },
{ "type": "Feature", "properties": { "内容": "居宅介護支援事業所しんわ【居宅介護支援】岡山県倉敷市笹沖７９９－１５", "url": "https://www.kaigokensaku.mhlw.go.jp/33/index.php?action_kouhyou_detail_004_kani=true&JigyosyoCd=3370209516-00&ServiceCd=430&Type=search", "url2": null }, "geometry": { "type": "Point", "coordinates": [ 133.763374839754363, 34.575327355949554 ] } },
{ "type": "Feature", "properties": { "内容": "オアシス指定支援事業所【居宅介護支援】岡山県倉敷市児島阿津2-7-53", "url": "https://www.kaigokensaku.mhlw.go.jp/33/index.php?action_kouhyou_detail_004_kani=true&JigyosyoCd=3370200416-00&ServiceCd=430&Type=search", "url2": "https://kyouaikai.jp/page/designated-care" }, "geometry": { "type": "Point", "coordinates": [ 133.8056887, 34.451587100000033 ] } },
{ "type": "Feature", "properties": { "内容": "創心会居宅介護支援センター倉敷【居宅介護支援】岡山県倉敷市茶屋町2104-1", "url": "https://www.kaigokensaku.mhlw.go.jp/33/index.php?action_kouhyou_detail_004_kani=true&JigyosyoCd=3370200168-00&ServiceCd=430&Type=search", "url2": "http://www.soushinkai.com" }, "geometry": { "type": "Point", "coordinates": [ 133.824535800000035, 34.5834535 ] } },
{ "type": "Feature", "properties": { "内容": "シルバー在宅介護支援センター【居宅介護支援】岡山県倉敷市児島柳田町３５５－１", "url": "https://www.kaigokensaku.mhlw.go.jp/33/index.php?action_kouhyou_detail_004_kani=true&JigyosyoCd=3370200283-00&ServiceCd=430&Type=search", "url2": "http://www.silver21.or.jp/" }, "geometry": { "type": "Point", "coordinates": [ 133.789404200000035, 34.4948907 ] } },
{ "type": "Feature", "properties": { "内容": "浅原桃花園居宅介護支援事業所【居宅介護支援】岡山県倉敷市浅原３８０番地２", "url": "https://www.kaigokensaku.mhlw.go.jp/33/index.php?action_kouhyou_detail_004_kani=true&JigyosyoCd=3370200325-00&ServiceCd=430&Type=search", "url2": "http://www.asabaratoukaen.com/" }, "geometry": { "type": "Point", "coordinates": [ 133.76860320000003, 34.6272707 ] } },
{ "type": "Feature", "properties": { "内容": "倉敷中央在宅介護支援センター【居宅介護支援】岡山県倉敷市鶴形１丁目９－７", "url": "https://www.kaigokensaku.mhlw.go.jp/33/index.php?action_kouhyou_detail_004_kani=true&JigyosyoCd=3370200903-00&ServiceCd=430&Type=search", "url2": "https://www.kchnet.or.jp/tenjukai/shisetsu03.aspx" }, "geometry": { "type": "Point", "coordinates": [ 133.7720114, 34.6017647 ] } },
{ "type": "Feature", "properties": { "内容": "いづみ荘　ケアプランセンター【居宅介護支援】岡山県倉敷市玉島阿賀崎一丁目6-25いづみ荘", "url": "https://www.kaigokensaku.mhlw.go.jp/33/index.php?action_kouhyou_detail_004_kani=true&JigyosyoCd=3370207635-00&ServiceCd=430&Type=search", "url2": "http://adagio-idumisou.jp/" }, "geometry": { "type": "Point", "coordinates": [ 133.675566200000048, 34.5492638 ] } },
{ "type": "Feature", "properties": { "内容": "倉敷在宅総合ケアセンター居宅介護支援事業所【居宅介護支援】岡山県倉敷市老松町4丁目4-7倉敷在宅総合ケアセンター内", "url": "https://www.kaigokensaku.mhlw.go.jp/33/index.php?action_kouhyou_detail_004_kani=true&JigyosyoCd=3370200317-00&ServiceCd=430&Type=search", "url2": "http://www.heisei.or.jp/" }, "geometry": { "type": "Point", "coordinates": [ 133.760956699999952, 34.594082 ] } },
{ "type": "Feature", "properties": { "内容": "真備福祉介護相談所ぶどうのつる【居宅介護支援】岡山県倉敷市真備町箭田1860", "url": "https://www.kaigokensaku.mhlw.go.jp/33/index.php?action_kouhyou_detail_004_kani=true&JigyosyoCd=3370208583-00&ServiceCd=430&Type=search", "url2": null }, "geometry": { "type": "Point", "coordinates": [ 133.688562491401683, 34.630282165041301 ] } },
{ "type": "Feature", "properties": { "内容": "秀明荘居宅介護支援事業所【居宅介護支援】岡山県倉敷市玉島中央町１－４－８", "url": "https://www.kaigokensaku.mhlw.go.jp/33/index.php?action_kouhyou_detail_004_kani=true&JigyosyoCd=3370200192-00&ServiceCd=430&Type=search", "url2": "http://www.tamashima-ch.or.jp" }, "geometry": { "type": "Point", "coordinates": [ 133.672972100000038, 34.5466113 ] } },
{ "type": "Feature", "properties": { "内容": "KUNPUケアプラスケアプランセンター【居宅介護支援】真備町尾崎2224-7", "url": "https://www.kaigokensaku.mhlw.go.jp/33/index.php?action_kouhyou_detail_004_kani=true&JigyosyoCd=3370209797-00&ServiceCd=430&Type=search", "url2": null }, "geometry": { "type": "Point", "coordinates": [ 133.6656031, 34.6238373 ] } },
{ "type": "Feature", "properties": { "内容": "ケアプランセンター　すまいる【居宅介護支援】岡山県倉敷市藤戸町藤戸1416-8", "url": "https://www.kaigokensaku.mhlw.go.jp/33/index.php?action_kouhyou_detail_004_kani=true&JigyosyoCd=3372400428-00&ServiceCd=430&Type=search", "url2": "kaigoichiba.com" }, "geometry": { "type": "Point", "coordinates": [ 133.821265399999987, 34.5554012 ] } },
{ "type": "Feature", "properties": { "内容": "介護相談室かがやき【居宅介護支援】岡山県倉敷市児島駅前1-88", "url": "https://www.kaigokensaku.mhlw.go.jp/33/index.php?action_kouhyou_detail_004_kani=true&JigyosyoCd=3370207502-00&ServiceCd=430&Type=search", "url2": null }, "geometry": { "type": "Point", "coordinates": [ 133.8026956, 34.4646641 ] } },
{ "type": "Feature", "properties": { "内容": "社会福祉法人　倉敷市総合福祉事業団倉敷居宅介護支援センタ－【居宅介護支援】岡山県倉敷市笹沖180番地くらしき健康福祉プラザ３Fくらしき健康福祉プラザ　　3Ｆ", "url": "https://www.kaigokensaku.mhlw.go.jp/33/index.php?action_kouhyou_detail_004_kani=true&JigyosyoCd=3370200218-00&ServiceCd=430&Type=search", "url2": "http://kgwc.or.jp/zaitaku/" }, "geometry": { "type": "Point", "coordinates": [ 133.764266899999939, 34.5724569 ] } },
{ "type": "Feature", "properties": { "内容": "居宅介護支援事業所ながわりの華【居宅介護支援】岡山県倉敷市玉島3075", "url": "https://www.kaigokensaku.mhlw.go.jp/33/index.php?action_kouhyou_detail_004_kani=true&JigyosyoCd=3370200432-00&ServiceCd=430&Type=search", "url2": "http://www.amical.or.jp/" }, "geometry": { "type": "Point", "coordinates": [ 133.685882119990538, 34.550593725810359 ] } },
{ "type": "Feature", "properties": { "内容": "おかやまコープ居宅介護支援事業所・倉敷【居宅介護支援】岡山県倉敷市宮前31-2ハイムティファニーB205", "url": "https://www.kaigokensaku.mhlw.go.jp/33/index.php?action_kouhyou_detail_004_kani=true&JigyosyoCd=3370204061-00&ServiceCd=430&Type=search", "url2": null }, "geometry": { "type": "Point", "coordinates": [ 133.762439699999959, 34.6094057 ] } },
{ "type": "Feature", "properties": { "内容": "しみず居宅介護支援事業所【居宅介護支援】岡山県倉敷市児島駅前4-92", "url": "https://www.kaigokensaku.mhlw.go.jp/33/index.php?action_kouhyou_detail_004_kani=true&JigyosyoCd=3370200853-00&ServiceCd=430&Type=search", "url2": ":http//ww9.tiki.ne/~simizucl" }, "geometry": { "type": "Point", "coordinates": [ 133.803323399999954, 34.4606256 ] } },
{ "type": "Feature", "properties": { "内容": "王慈総合ケアセンター【居宅介護支援】岡山県倉敷市児島下の町5丁目2番17号", "url": "https://www.kaigokensaku.mhlw.go.jp/33/index.php?action_kouhyou_detail_004_kani=true&JigyosyoCd=3370200036-00&ServiceCd=430&Type=search", "url2": "http://www.ohji.ne.jp" }, "geometry": { "type": "Point", "coordinates": [ 133.82167979999997, 34.4776046 ] } },
{ "type": "Feature", "properties": { "内容": "あすなろ園居宅介護支援事業所【居宅介護支援】岡山県倉敷市玉島勇崎１０４４", "url": "https://www.kaigokensaku.mhlw.go.jp/33/index.php?action_kouhyou_detail_004_kani=true&JigyosyoCd=3370200267-00&ServiceCd=430&Type=search", "url2": "http://www.asunaro.or.jp" }, "geometry": { "type": "Point", "coordinates": [ 133.649838899999963, 34.5187144 ] } },
{ "type": "Feature", "properties": { "内容": "医療法人天和会天和会指定居宅介護支援事業者【居宅介護支援】倉敷市鶴形1丁目3番28号", "url": "https://www.kaigokensaku.mhlw.go.jp/33/index.php?action_kouhyou_detail_004_kani=true&JigyosyoCd=3370200606-00&ServiceCd=430&Type=search", "url2": "http://matsuda-hospital.or.jp/" }, "geometry": { "type": "Point", "coordinates": [ 133.77105030000007, 34.6018063 ] } },
{ "type": "Feature", "properties": { "内容": "倉敷あいあいえん在宅介護支援センター【居宅介護支援】岡山県倉敷市串田660番地", "url": "https://www.kaigokensaku.mhlw.go.jp/33/index.php?action_kouhyou_detail_004_kani=true&JigyosyoCd=3370200929-00&ServiceCd=430&Type=search", "url2": "http://www.warakukai.com" }, "geometry": { "type": "Point", "coordinates": [ 133.811711634779385, 34.542280464662113 ] } },
{ "type": "Feature", "properties": { "内容": "ケアプランセンターふじいろ【居宅介護支援】岡山県倉敷市茶屋町２０９１番地５", "url": "https://www.kaigokensaku.mhlw.go.jp/33/index.php?action_kouhyou_detail_004_kani=true&JigyosyoCd=3370209227-00&ServiceCd=430&Type=search", "url2": "http://www.fukujyu.or.jp/facility-list" }, "geometry": { "type": "Point", "coordinates": [ 133.822866800000014, 34.5820913 ] } },
{ "type": "Feature", "properties": { "内容": "ケアプランセンター我が家【居宅介護支援】岡山県倉敷市西富井654-6", "url": "https://www.kaigokensaku.mhlw.go.jp/33/index.php?action_kouhyou_detail_004_kani=true&JigyosyoCd=3370205365-00&ServiceCd=430&Type=search", "url2": "https://jecs-gr.jp/" }, "geometry": { "type": "Point", "coordinates": [ 133.746027899999945, 34.5763392 ] } },
{ "type": "Feature", "properties": { "内容": "創心会居宅介護支援センター笹沖【居宅介護支援】倉敷市笹沖117", "url": "https://www.kaigokensaku.mhlw.go.jp/33/index.php?action_kouhyou_detail_004_kani=true&JigyosyoCd=3370206074-00&ServiceCd=430&Type=search", "url2": "http://www.soushinkai.com" }, "geometry": { "type": "Point", "coordinates": [ 133.761476295106519, 34.573129163402008 ] } },
{ "type": "Feature", "properties": { "内容": "倉敷第一病院居宅介護支援事業所【居宅介護支援】岡山県倉敷市老松町5-3-10", "url": "https://www.kaigokensaku.mhlw.go.jp/33/index.php?action_kouhyou_detail_004_kani=true&JigyosyoCd=3370208245-00&ServiceCd=430&Type=search", "url2": "http://www.seiwakai-net.or.jp/daiichi/" }, "geometry": { "type": "Point", "coordinates": [ 133.757109799999967, 34.5932349 ] } },
{ "type": "Feature", "properties": { "内容": "玉島中央病院居宅介護支援事業所【居宅介護支援】岡山県倉敷市玉島阿賀崎二丁目566番5", "url": "https://www.kaigokensaku.mhlw.go.jp/33/index.php?action_kouhyou_detail_004_kani=true&JigyosyoCd=3370209268-00&ServiceCd=430&Type=search", "url2": "https://www.tamashima-ch.or.jp/" }, "geometry": { "type": "Point", "coordinates": [ 133.671879969836453, 34.548650143230574 ] } },
{ "type": "Feature", "properties": { "内容": "倉敷市保健医療センター　介護保険事業所こじま【居宅介護支援】岡山県倉敷市児島駅前4丁目83番2号", "url": "https://www.kaigokensaku.mhlw.go.jp/33/index.php?action_kouhyou_detail_004_kani=true&JigyosyoCd=3370200226-00&ServiceCd=430&Type=search", "url2": "http://www.fkhmc-net.or.jp/" }, "geometry": { "type": "Point", "coordinates": [ 133.8034123, 34.4617755 ] } },
{ "type": "Feature", "properties": { "内容": "医療・福祉ショップあゆむ居宅介護支援事業所【居宅介護支援】岡山県倉敷市松島５７７", "url": "https://www.kaigokensaku.mhlw.go.jp/33/index.php?action_kouhyou_detail_004_kani=true&JigyosyoCd=3370206017-00&ServiceCd=430&Type=search", "url2": null }, "geometry": { "type": "Point", "coordinates": [ 133.811406, 34.6320287 ] } },
{ "type": "Feature", "properties": { "内容": "倉敷しげい居宅介護支援事業所【居宅介護支援】倉敷市幸町2-30", "url": "https://www.kaigokensaku.mhlw.go.jp/33/index.php?action_kouhyou_detail_004_kani=true&JigyosyoCd=3370200465-00&ServiceCd=430&Type=search", "url2": "http://www.shigei.or.jp/shigei/index.htm" }, "geometry": { "type": "Point", "coordinates": [ 133.773125199999981, 34.603659 ] } },
{ "type": "Feature", "properties": { "内容": "オパール居宅介護支援事業所【居宅介護支援】岡山県倉敷市福田町福田234－1", "url": "https://www.kaigokensaku.mhlw.go.jp/33/index.php?action_kouhyou_detail_004_kani=true&JigyosyoCd=3370200291-00&ServiceCd=430&Type=search", "url2": "http://www.jpk.or.jp/" }, "geometry": { "type": "Point", "coordinates": [ 133.775193599999966, 34.5390273 ] } },
{ "type": "Feature", "properties": { "内容": "ニューエルダー指定居宅介護支援事業所【居宅介護支援】岡山県倉敷市玉島1333-1", "url": "https://www.kaigokensaku.mhlw.go.jp/33/index.php?action_kouhyou_detail_004_kani=true&JigyosyoCd=3370200150-00&ServiceCd=430&Type=search", "url2": "http://www.newelder.jp/" }, "geometry": { "type": "Point", "coordinates": [ 133.673524899999961, 34.5424034 ] } },
{ "type": "Feature", "properties": { "内容": "ニチイケアセンター大高　居宅介護支援事業所【居宅介護支援】岡山県倉敷市福井46-5", "url": "https://www.kaigokensaku.mhlw.go.jp/33/index.php?action_kouhyou_detail_004_kani=true&JigyosyoCd=3370200028-00&ServiceCd=430&Type=search", "url2": "http://www.nichiigakkan.co.jp" }, "geometry": { "type": "Point", "coordinates": [ 133.753702400000094, 34.5705508 ] } },
{ "type": "Feature", "properties": { "内容": "サンキ・ウエルビィケアプランセンター倉敷【居宅介護支援】岡山県倉敷市白楽町717-1", "url": "https://www.kaigokensaku.mhlw.go.jp/33/index.php?action_kouhyou_detail_004_kani=true&JigyosyoCd=3370201893-00&ServiceCd=430&Type=search", "url2": null }, "geometry": { "type": "Point", "coordinates": [ 133.768817885237468, 34.590671282568941 ] } },
{ "type": "Feature", "properties": { "内容": "せいわ介護サービスセンター【居宅介護支援】倉敷市中島770-1", "url": "https://www.kaigokensaku.mhlw.go.jp/33/index.php?action_kouhyou_detail_004_kani=true&JigyosyoCd=3370200184-00&ServiceCd=430&Type=search", "url2": "http://www.seiwakai-net.or.jp/fukuju/index.html" }, "geometry": { "type": "Point", "coordinates": [ 133.739622508706702, 34.579702027629686 ] } },
{ "type": "Feature", "properties": { "内容": "下津井病院ケアプランセンター【居宅介護支援】岡山県倉敷市下津井吹上２丁目６番４号", "url": "https://www.kaigokensaku.mhlw.go.jp/33/index.php?action_kouhyou_detail_004_kani=true&JigyosyoCd=3370200309-00&ServiceCd=430&Type=search", "url2": "http://www.shimotsui-hp.jp" }, "geometry": { "type": "Point", "coordinates": [ 133.8000743, 34.4411666 ] } },
{ "type": "Feature", "properties": { "内容": "創心福祉会居宅介護支援センター平田【居宅介護支援】岡山県倉敷市平田855", "url": "https://www.kaigokensaku.mhlw.go.jp/33/index.php?action_kouhyou_detail_004_kani=true&JigyosyoCd=3370208641-00&ServiceCd=430&Type=search", "url2": "https://soushin-fukushikai.org/" }, "geometry": { "type": "Point", "coordinates": [ 133.784479499999946, 34.618597 ] } },
{ "type": "Feature", "properties": { "内容": "かしわじま居宅介護支援センター【居宅介護支援】岡山県倉敷市玉島柏島９２０－１０６", "url": "https://www.kaigokensaku.mhlw.go.jp/33/index.php?action_kouhyou_detail_004_kani=true&JigyosyoCd=3370202115-00&ServiceCd=430&Type=search", "url2": null }, "geometry": { "type": "Point", "coordinates": [ 133.662248500000032, 34.5326543 ] } },
{ "type": "Feature", "properties": { "内容": "和光園在宅介護支援センター【居宅介護支援】岡山県倉敷市東塚５丁目４番５０号", "url": "https://www.kaigokensaku.mhlw.go.jp/33/index.php?action_kouhyou_detail_004_kani=true&JigyosyoCd=3370200499-00&ServiceCd=430&Type=search", "url2": "http://www.wakokai.com" }, "geometry": { "type": "Point", "coordinates": [ 133.763327900000036, 34.5311476 ] } },
{ "type": "Feature", "properties": { "内容": "もりや胃腸科外科　介護支援サービス【居宅介護支援】岡山県倉敷市玉島乙島４４７９-３", "url": "https://www.kaigokensaku.mhlw.go.jp/33/index.php?action_kouhyou_detail_004_kani=true&JigyosyoCd=3370200457-00&ServiceCd=430&Type=search", "url2": null }, "geometry": { "type": "Point", "coordinates": [ 133.682270626983609, 34.539053237155343 ] } },
{ "type": "Feature", "properties": { "内容": "倉敷市保健医療センター介護保険事業所くらしき【居宅介護支援】岡山県倉敷市粒浦80番1", "url": "https://www.kaigokensaku.mhlw.go.jp/33/index.php?action_kouhyou_detail_004_kani=true&JigyosyoCd=3370200242-00&ServiceCd=430&Type=search", "url2": "http://www.fkhmc-net.or.jp/" }, "geometry": { "type": "Point", "coordinates": [ 133.773714606728618, 34.57036539080125 ] } },
{ "type": "Feature", "properties": { "内容": "サンライフ倉敷　ケアプランセンター【居宅介護支援】岡山県倉敷市下庄700番地１", "url": "https://www.kaigokensaku.mhlw.go.jp/33/index.php?action_kouhyou_detail_004_kani=true&JigyosyoCd=3370200135-00&ServiceCd=430&Type=search", "url2": "https://suiseikai-group.jp/heiseikai/" }, "geometry": { "type": "Point", "coordinates": [ 133.823852699999946, 34.6368004 ] } },
{ "type": "Feature", "properties": { "内容": "船穂町居宅介護支援事業所【居宅介護支援】岡山県倉敷市船穂町船穂１８６１番地１", "url": "https://www.kaigokensaku.mhlw.go.jp/33/index.php?action_kouhyou_detail_004_kani=true&JigyosyoCd=3372700074-00&ServiceCd=430&Type=search", "url2": "http://www.fukushiokayama.or.jp./Funao/funao.htm" }, "geometry": { "type": "Point", "coordinates": [ 133.697310600000037, 34.5820415 ] } },
{ "type": "Feature", "properties": { "内容": "浮洲園居宅介護支援センター【居宅介護支援】岡山県倉敷市粒江2500-1", "url": "https://www.kaigokensaku.mhlw.go.jp/33/index.php?action_kouhyou_detail_004_kani=true&JigyosyoCd=3370200275-00&ServiceCd=430&Type=search", "url2": "http://www.ukisuen.com" }, "geometry": { "type": "Point", "coordinates": [ 133.802917277909842, 34.561457320494469 ] } },
{ "type": "Feature", "properties": { "内容": "みゆき園居宅介護支援事業所【居宅介護支援】岡山県倉敷市幸町８番２７号", "url": "https://www.kaigokensaku.mhlw.go.jp/33/index.php?action_kouhyou_detail_004_kani=true&JigyosyoCd=3370201000-00&ServiceCd=430&Type=search", "url2": "http://miyuki-kai.jp" }, "geometry": { "type": "Point", "coordinates": [ 133.774875100000031, 34.6074197 ] } },
{ "type": "Feature", "properties": { "内容": "みどり荘ケアプランセンター【居宅介護支援】岡山県倉敷市水島北幸町4番5号みずしま総合福祉センター", "url": "https://www.kaigokensaku.mhlw.go.jp/33/index.php?action_kouhyou_detail_004_kani=true&JigyosyoCd=3370200127-00&ServiceCd=430&Type=search", "url2": "http://Kunpoo.jp" }, "geometry": { "type": "Point", "coordinates": [ 133.73960169999998, 34.5412761 ] } },
{ "type": "Feature", "properties": { "内容": "居宅介護支援事業所フォルテ道越【居宅介護支援】岡山県倉敷市玉島道越1154-1", "url": "https://www.kaigokensaku.mhlw.go.jp/33/index.php?action_kouhyou_detail_004_kani=true&JigyosyoCd=3370209508-00&ServiceCd=430&Type=search", "url2": "http：//www.newelder.jp/" }, "geometry": { "type": "Point", "coordinates": [ 133.64966960000001, 34.5533853 ] } },
{ "type": "Feature", "properties": { "内容": "居宅介護支援事業所アイボリー【居宅介護支援】岡山県倉敷市玉島750-6", "url": "https://www.kaigokensaku.mhlw.go.jp/33/index.php?action_kouhyou_detail_004_kani=true&JigyosyoCd=3370208831-00&ServiceCd=430&Type=search", "url2": "https://www.ivory8.jp/index.html" }, "geometry": { "type": "Point", "coordinates": [ 133.685926099999989, 34.5496448 ] } },
{ "type": "Feature", "properties": { "内容": "新倉敷ピーチ居宅介護支援事業所【居宅介護支援】岡山県倉敷市玉島八島1555", "url": "https://www.kaigokensaku.mhlw.go.jp/33/index.php?action_kouhyou_detail_004_kani=true&JigyosyoCd=3370207718-00&ServiceCd=430&Type=search", "url2": "http://www.ryokan-kaigo.com/" }, "geometry": { "type": "Point", "coordinates": [ 133.673503, 34.564764 ] } },
{ "type": "Feature", "properties": { "内容": "介護プラン相談所　碧空【居宅介護支援】岡山県倉敷市児島下の町5丁目7番10号", "url": "https://www.kaigokensaku.mhlw.go.jp/33/index.php?action_kouhyou_detail_004_kani=true&JigyosyoCd=3370205167-00&ServiceCd=430&Type=search", "url2": "178－ａｏｚｏｒａ．ｃｏｍ／" }, "geometry": { "type": "Point", "coordinates": [ 133.821035400000028, 34.4808013 ] } },
{ "type": "Feature", "properties": { "内容": "社会福祉法人倉敷市総合福祉事業団児島居宅介護支援センター【居宅介護支援】岡山県倉敷市児島小川町3681-3倉敷市役所　児島支所6階", "url": "https://www.kaigokensaku.mhlw.go.jp/33/index.php?action_kouhyou_detail_004_kani=true&JigyosyoCd=3370202347-00&ServiceCd=430&Type=search", "url2": "http://www.kct.ne.jp/~plaza/zaitaku/zaitaku.htm" }, "geometry": { "type": "Point", "coordinates": [ 133.8139473, 34.4671613 ] } },
{ "type": "Feature", "properties": { "内容": "居宅介護支援センターひまわり【居宅介護支援】岡山県倉敷市真備町川辺2076", "url": "https://www.kaigokensaku.mhlw.go.jp/33/index.php?action_kouhyou_detail_004_kani=true&JigyosyoCd=3370209110-00&ServiceCd=430&Type=search", "url2": null }, "geometry": { "type": "Point", "coordinates": [ 133.7098374, 34.6353812 ] } },
{ "type": "Feature", "properties": { "内容": "玉島病院居宅介護支援事業所【居宅介護支援】岡山県倉敷市玉島乙島４０３０", "url": "https://www.kaigokensaku.mhlw.go.jp/33/index.php?action_kouhyou_detail_004_kani=true&JigyosyoCd=3370200390-00&ServiceCd=430&Type=search", "url2": "http://www.tamashimahosp.or.jp" }, "geometry": { "type": "Point", "coordinates": [ 133.680468499999961, 34.5416506 ] } },
{ "type": "Feature", "properties": { "内容": "亀龍園居宅介護支援センター【居宅介護支援】岡山県倉敷市亀山679-1", "url": "https://www.kaigokensaku.mhlw.go.jp/33/index.php?action_kouhyou_detail_004_kani=true&JigyosyoCd=3370200572-00&ServiceCd=430&Type=search", "url2": "http:www.touzankai.or.jp" }, "geometry": { "type": "Point", "coordinates": [ 133.8022373, 34.5884163 ] } },
{ "type": "Feature", "properties": { "内容": "居宅介護支援事業所　輪【居宅介護支援】岡山県倉敷市寿町7－6", "url": "https://www.kaigokensaku.mhlw.go.jp/33/index.php?action_kouhyou_detail_004_kani=true&JigyosyoCd=3370209607-00&ServiceCd=430&Type=search", "url2": null }, "geometry": { "type": "Point", "coordinates": [ 133.7673049, 34.6053317 ] } },
{ "type": "Feature", "properties": { "内容": "ケアプランあいわ【居宅介護支援】岡山県倉敷市児島稗田町５１７－１", "url": "https://www.kaigokensaku.mhlw.go.jp/33/index.php?action_kouhyou_detail_004_kani=true&JigyosyoCd=3370206348-00&ServiceCd=430&Type=search", "url2": "http://www.npo-aiwa.org" }, "geometry": { "type": "Point", "coordinates": [ 133.803176266900664, 34.492976811250294 ] } },
{ "type": "Feature", "properties": { "内容": "介護相談センターしおかぜ【居宅介護支援】岡山県倉敷市下津井1丁目387-1しおかぜ　お台場", "url": "https://www.kaigokensaku.mhlw.go.jp/33/index.php?action_kouhyou_detail_004_kani=true&JigyosyoCd=3370200473-00&ServiceCd=430&Type=search", "url2": "https://www.shiokaze-group.co.jp/" }, "geometry": { "type": "Point", "coordinates": [ 133.794826980634951, 34.436878849623241 ] } },
{ "type": "Feature", "properties": { "内容": "富田居宅介護支援センター【居宅介護支援】岡山県倉敷市玉島道口97-1", "url": "https://www.kaigokensaku.mhlw.go.jp/33/index.php?action_kouhyou_detail_004_kani=true&JigyosyoCd=3370203246-00&ServiceCd=430&Type=search", "url2": "http://www.tomicare.com" }, "geometry": { "type": "Point", "coordinates": [ 133.653722642219549, 34.563389592037559 ] } },
{ "type": "Feature", "properties": { "内容": "新倉お年寄相談室【居宅介護支援】岡山県倉敷市玉島１７１９", "url": "https://www.kaigokensaku.mhlw.go.jp/33/index.php?action_kouhyou_detail_004_kani=true&JigyosyoCd=3370200689-00&ServiceCd=430&Type=search", "url2": "http://www.sinkura-hsp.com/kaigo/facility/consultation" }, "geometry": { "type": "Point", "coordinates": [ 133.681287800000064, 34.5543884 ] } },
{ "type": "Feature", "properties": { "内容": "ケアサポートセンター　みどりのかぜ【居宅介護支援】岡山県倉敷市福田町古新田813-9", "url": "https://www.kaigokensaku.mhlw.go.jp/33/index.php?action_kouhyou_detail_004_kani=true&JigyosyoCd=3370203626-00&ServiceCd=430&Type=search", "url2": "http://greenwind-web.com/" }, "geometry": { "type": "Point", "coordinates": [ 133.768763400000012, 34.5404631 ] } },
{ "type": "Feature", "properties": { "内容": "ケアプランセンターふなお【居宅介護支援】倉敷市船穂町船穂2846-1", "url": "https://www.kaigokensaku.mhlw.go.jp/33/index.php?action_kouhyou_detail_004_kani=true&JigyosyoCd=3370209771-00&ServiceCd=430&Type=search", "url2": "https://care-one.moo.jp/" }, "geometry": { "type": "Point", "coordinates": [ 133.70917, 34.587652 ] } },
{ "type": "Feature", "properties": { "内容": "みどり荘ケアプランセンター片島【居宅介護支援】岡山県倉敷市片島町１０５７番地1かたしま総合福祉センター", "url": "https://www.kaigokensaku.mhlw.go.jp/33/index.php?action_kouhyou_detail_004_kani=true&JigyosyoCd=3370209367-00&ServiceCd=430&Type=search", "url2": "kunpoo.jp" }, "geometry": { "type": "Point", "coordinates": [ 133.7157899, 34.5686704 ] } },
{ "type": "Feature", "properties": { "内容": "新見脳神経外科居宅介護支援センター【居宅介護支援】岡山県倉敷市児島稗田町1822", "url": "https://www.kaigokensaku.mhlw.go.jp/33/index.php?action_kouhyou_detail_004_kani=true&JigyosyoCd=3370200671-00&ServiceCd=430&Type=search", "url2": "http://www.niimi-nougeka.jp" }, "geometry": { "type": "Point", "coordinates": [ 133.803731, 34.4962934 ] } },
{ "type": "Feature", "properties": { "内容": "シーサイドリビングケアプランセンター【居宅介護支援】岡山県倉敷市玉島勇崎681-2", "url": "https://www.kaigokensaku.mhlw.go.jp/33/index.php?action_kouhyou_detail_004_kani=true&JigyosyoCd=3370207411-00&ServiceCd=430&Type=search", "url2": null }, "geometry": { "type": "Point", "coordinates": [ 133.647404416086459, 34.52250975748013 ] } },
{ "type": "Feature", "properties": { "内容": "医療生協水島居宅介護支援事業所【居宅介護支援】岡山県倉敷市水島南春日町１3-1", "url": "https://www.kaigokensaku.mhlw.go.jp/33/index.php?action_kouhyou_detail_004_kani=true&JigyosyoCd=3370205019-00&ServiceCd=430&Type=search", "url2": "http://www.kura-hcu.jp" }, "geometry": { "type": "Point", "coordinates": [ 133.740937700000018, 34.5438092 ] } },
{ "type": "Feature", "properties": { "内容": "水島第一病院ケアプランセンター【居宅介護支援】岡山県倉敷市神田２丁目３番３３号", "url": "https://www.kaigokensaku.mhlw.go.jp/33/index.php?action_kouhyou_detail_004_kani=true&JigyosyoCd=3370200531-00&ServiceCd=430&Type=search", "url2": "https://suiseikai-group.jp/suiseikai/care/careplan/" }, "geometry": { "type": "Point", "coordinates": [ 133.738923427647336, 34.541859768378536 ] } },
{ "type": "Feature", "properties": { "内容": "フィロソフィアケアプランセンター倉敷【居宅介護支援】岡山県倉敷市石見町4番6号PDレジデンス倉敷", "url": "https://www.kaigokensaku.mhlw.go.jp/33/index.php?action_kouhyou_detail_004_kani=true&JigyosyoCd=3370209649-00&ServiceCd=430&Type=search", "url2": "https://pd-residence.com/" }, "geometry": { "type": "Point", "coordinates": [ 133.7615892, 34.6000673 ] } },
{ "type": "Feature", "properties": { "内容": "昭和会　居宅介護支援事業所【居宅介護支援】青江９０８番地１メディカ倉敷北", "url": "https://www.kaigokensaku.mhlw.go.jp/33/index.php?action_kouhyou_detail_004_kani=true&JigyosyoCd=3370206991-00&ServiceCd=430&Type=search", "url2": "http://medica-kurashiki.org/" }, "geometry": { "type": "Point", "coordinates": [ 133.756120600000031, 34.6161328 ] } },
{ "type": "Feature", "properties": { "内容": "中野居宅介護事業所【居宅介護支援】玉島上成１１７１", "url": "https://www.kaigokensaku.mhlw.go.jp/33/index.php?action_kouhyou_detail_004_kani=true&JigyosyoCd=3370206918-00&ServiceCd=430&Type=search", "url2": null }, "geometry": { "type": "Point", "coordinates": [ 133.691822600000023, 34.5558008 ] } },
{ "type": "Feature", "properties": { "内容": "杉の子介護保険事務所【居宅介護支援】岡山県倉敷市徳芳504　1F", "url": "https://www.kaigokensaku.mhlw.go.jp/33/index.php?action_kouhyou_detail_004_kani=true&JigyosyoCd=3370200333-00&ServiceCd=430&Type=search", "url2": "http://www.yotsubakai.or.jp" }, "geometry": { "type": "Point", "coordinates": [ 133.81279440000003, 34.6217049 ] } },
{ "type": "Feature", "properties": { "内容": "グリーンピア瀬戸内　居宅介護支援事業所【居宅介護支援】岡山県倉敷市玉島陶８５６－１", "url": "https://www.kaigokensaku.mhlw.go.jp/33/index.php?action_kouhyou_detail_004_kani=true&JigyosyoCd=3370200143-00&ServiceCd=430&Type=search", "url2": "http://www.setouchifukushi.jp/greenpia/" }, "geometry": { "type": "Point", "coordinates": [ 133.676196, 34.5872632 ] } },
{ "type": "Feature", "properties": { "内容": "ますみ荘介護サポートセンター【居宅介護支援】岡山県倉敷市中島８３７－５", "url": "https://www.kaigokensaku.mhlw.go.jp/33/index.php?action_kouhyou_detail_004_kani=true&JigyosyoCd=3370200085-00&ServiceCd=430&Type=search", "url2": "https://masumikai.or.jp/" }, "geometry": { "type": "Point", "coordinates": [ 133.739892300000065, 34.5784279 ] } },
{ "type": "Feature", "properties": { "内容": "中塚医院介護支援相談室【居宅介護支援】岡山県倉敷市玉島黒崎3911-1", "url": "https://www.kaigokensaku.mhlw.go.jp/33/index.php?action_kouhyou_detail_004_kani=true&JigyosyoCd=3370200861-00&ServiceCd=430&Type=search", "url2": "http://www.nakatsuka-iin.jp/" }, "geometry": { "type": "Point", "coordinates": [ 133.645250600000054, 34.5155649 ] } },
{ "type": "Feature", "properties": { "内容": "小野内科医院居宅介護支援事業所【居宅介護支援】岡山県倉敷市玉島八島1755", "url": "https://www.kaigokensaku.mhlw.go.jp/33/index.php?action_kouhyou_detail_004_kani=true&JigyosyoCd=3370200481-00&ServiceCd=430&Type=search", "url2": null }, "geometry": { "type": "Point", "coordinates": [ 133.6590344, 34.5607489 ] } },
{ "type": "Feature", "properties": { "内容": "みどり荘ケアプランセンター水島【居宅介護支援】岡山県倉敷市水島北幸町4番5号みずしま総合福祉センター", "url": "https://www.kaigokensaku.mhlw.go.jp/33/index.php?action_kouhyou_detail_004_kani=true&JigyosyoCd=3370209169-00&ServiceCd=430&Type=search", "url2": "Kunpoo.jp" }, "geometry": { "type": "Point", "coordinates": [ 133.7396349, 34.5412271 ] } },
{ "type": "Feature", "properties": { "内容": "だいいち居宅支援事業所【居宅介護支援】岡山県倉敷市児島味野1-14-20", "url": "https://www.kaigokensaku.mhlw.go.jp/33/index.php?action_kouhyou_detail_004_kani=true&JigyosyoCd=3370209656-00&ServiceCd=430&Type=search", "url2": null }, "geometry": { "type": "Point", "coordinates": [ 133.8023562, 34.4735484 ] } },
{ "type": "Feature", "properties": { "内容": "南町ケアプラン室居宅介護支援事業所【居宅介護支援】岡山県倉敷市南町1-12", "url": "https://www.kaigokensaku.mhlw.go.jp/33/index.php?action_kouhyou_detail_004_kani=true&JigyosyoCd=3370207031-00&ServiceCd=430&Type=search", "url2": "http://www.heisei.or.jp/" }, "geometry": { "type": "Point", "coordinates": [ 133.766392499999938, 34.5935849 ] } },
{ "type": "Feature", "properties": { "内容": "はるいろケアプラン【居宅介護支援】岡山県倉敷市老松町４−９−１０ジュネス老松２０３号", "url": "https://www.kaigokensaku.mhlw.go.jp/33/index.php?action_kouhyou_detail_004_kani=true&JigyosyoCd=3370209409-00&ServiceCd=430&Type=search", "url2": "https://www.haruiro-kurashiki.com" }, "geometry": { "type": "Point", "coordinates": [ 133.758583, 34.5939995 ] } },
{ "type": "Feature", "properties": { "内容": "ケアプラン　リ・ライフ【居宅介護支援】岡山県倉敷市福田町古新田1002-65", "url": "https://www.kaigokensaku.mhlw.go.jp/33/index.php?action_kouhyou_detail_004_kani=true&JigyosyoCd=3370208518-00&ServiceCd=430&Type=search", "url2": "https://re-life-support.jp/" }, "geometry": { "type": "Point", "coordinates": [ 133.77146060014195, 34.539025982539087 ] } },
{ "type": "Feature", "properties": { "内容": "居宅介護支援事業所ふじと【居宅介護支援】岡山県倉敷市藤戸町藤戸1573-1", "url": "https://www.kaigokensaku.mhlw.go.jp/33/index.php?action_kouhyou_detail_004_kani=true&JigyosyoCd=3370200341-00&ServiceCd=430&Type=search", "url2": "http://www.fukujyu.or.jp" }, "geometry": { "type": "Point", "coordinates": [ 133.8223736, 34.5581814 ] } },
{ "type": "Feature", "properties": { "内容": "ラブネット介護相談所【居宅介護支援】岡山県倉敷市神田２－２－２７", "url": "https://www.kaigokensaku.mhlw.go.jp/33/index.php?action_kouhyou_detail_004_kani=true&JigyosyoCd=3370202446-00&ServiceCd=430&Type=search", "url2": "ｈｔｔｐ://www.lovenet.co.jp/index.html" }, "geometry": { "type": "Point", "coordinates": [ 133.738388, 34.5405317 ] } },
{ "type": "Feature", "properties": { "内容": "柴田病院居宅介護支援事業所【居宅介護支援】岡山県倉敷市玉島乙島6034-1", "url": "https://www.kaigokensaku.mhlw.go.jp/33/index.php?action_kouhyou_detail_004_kani=true&JigyosyoCd=3370204228-00&ServiceCd=430&Type=search", "url2": "http://www.shibata-h.jp" }, "geometry": { "type": "Point", "coordinates": [ 133.692098, 34.552375 ] } },
{ "type": "Feature", "properties": { "内容": "両備ケアプランセンター浜町【居宅介護支援】岡山県倉敷市浜町1丁目1番23号", "url": "https://www.kaigokensaku.mhlw.go.jp/33/index.php?action_kouhyou_detail_004_kani=true&JigyosyoCd=3370207189-00&ServiceCd=430&Type=search", "url2": "http://www.ryobi-hc.jp/" }, "geometry": { "type": "Point", "coordinates": [ 133.769924152778714, 34.60583087865875 ] } },
{ "type": "Feature", "properties": { "内容": "倉敷ケアセンター両備サン・オークス【居宅介護支援】岡山県倉敷市中島1551‐1", "url": "https://www.kaigokensaku.mhlw.go.jp/33/index.php?action_kouhyou_detail_004_kani=true&JigyosyoCd=3370205514-00&ServiceCd=430&Type=search", "url2": "http://www.ryobi-hc.jp/" }, "geometry": { "type": "Point", "coordinates": [ 133.7326215, 34.578057200000011 ] } },
{ "type": "Feature", "properties": { "内容": "庄の里居宅介護支援センター【居宅介護支援】岡山県倉敷市山地1297番地特別養護老人ホーム庄の里(新館)", "url": "https://www.kaigokensaku.mhlw.go.jp/33/index.php?action_kouhyou_detail_004_kani=true&JigyosyoCd=3370209052-00&ServiceCd=430&Type=search", "url2": "http://www.syounosato.or.jp/" }, "geometry": { "type": "Point", "coordinates": [ 133.8155267, 34.6519998 ] } },
{ "type": "Feature", "properties": { "内容": "ケアプランセンター向日葵【居宅介護支援】岡山県倉敷市児島下の町１０丁目３７４番地５", "url": "https://www.kaigokensaku.mhlw.go.jp/33/index.php?action_kouhyou_detail_004_kani=true&JigyosyoCd=3370200440-00&ServiceCd=430&Type=search", "url2": "http://www.seikoh-hp.or.jp/" }, "geometry": { "type": "Point", "coordinates": [ 133.828166477909917, 34.47442035704524 ] } },
{ "type": "Feature", "properties": { "内容": "武田病院居宅介護支援事業所【居宅介護支援】岡山県倉敷市連島町西之浦３５２－１", "url": "https://www.kaigokensaku.mhlw.go.jp/33/index.php?action_kouhyou_detail_004_kani=true&JigyosyoCd=3370200176-00&ServiceCd=430&Type=search", "url2": "http://takeda‐h.byoinnnavi.jp/" }, "geometry": { "type": "Point", "coordinates": [ 133.7150815, 34.5503138 ] } },
{ "type": "Feature", "properties": { "内容": "居宅介護支援センターくらしき【居宅介護支援】倉敷市亀山712-3ケアハウス倉敷６階", "url": "https://www.kaigokensaku.mhlw.go.jp/33/index.php?action_kouhyou_detail_004_kani=true&JigyosyoCd=3370206975-00&ServiceCd=430&Type=search", "url2": "www.kiryukai.com/" }, "geometry": { "type": "Point", "coordinates": [ 133.802759599999945, 34.586772 ] } },
{ "type": "Feature", "properties": { "内容": "ケアプランかいごさぽーと【居宅介護支援】倉敷市児島稗田町2657番地", "url": "https://www.kaigokensaku.mhlw.go.jp/33/index.php?action_kouhyou_detail_004_kani=true&JigyosyoCd=3370204855-00&ServiceCd=430&Type=search", "url2": null }, "geometry": { "type": "Point", "coordinates": [ 133.807737512828027, 34.50968668612505 ] } },
{ "type": "Feature", "properties": { "内容": "玉島協同病院居宅介護支援事業所【居宅介護支援】岡山県倉敷市玉島柏島5209-1", "url": "https://www.kaigokensaku.mhlw.go.jp/33/index.php?action_kouhyou_detail_004_kani=true&JigyosyoCd=3370200093-00&ServiceCd=430&Type=search", "url2": "URL:http://www.tamakyo.com/" }, "geometry": { "type": "Point", "coordinates": [ 133.659691397869921, 34.530873002102403 ] } },
{ "type": "Feature", "properties": { "内容": "ツクイ倉敷中島【居宅介護支援】岡山県倉敷市中島1463-196ビルディング　A-1", "url": "https://www.kaigokensaku.mhlw.go.jp/33/index.php?action_kouhyou_detail_004_kani=true&JigyosyoCd=3370209433-00&ServiceCd=430&Type=search", "url2": null }, "geometry": { "type": "Point", "coordinates": [ 133.7277719, 34.5763702 ] } },
{ "type": "Feature", "properties": { "内容": "ケアプランセンタークローバー【居宅介護支援】児島小川9-5-8", "url": "https://www.kaigokensaku.mhlw.go.jp/33/index.php?action_kouhyou_detail_004_kani=true&JigyosyoCd=3370208815-00&ServiceCd=430&Type=search", "url2": null }, "geometry": { "type": "Point", "coordinates": [ 133.802999, 34.492291799999975 ] } },
{ "type": "Feature", "properties": { "内容": "星の家居宅介護支援事業所【居宅介護支援】岡山県倉敷市林471-1", "url": "https://www.kaigokensaku.mhlw.go.jp/33/index.php?action_kouhyou_detail_004_kani=true&JigyosyoCd=3370209177-00&ServiceCd=430&Type=search", "url2": "https://www.hoshi-home.com/" }, "geometry": { "type": "Point", "coordinates": [ 133.814786245368964, 34.541308456066801 ] } },
{ "type": "Feature", "properties": { "内容": "あなぶきケアサービス倉敷居宅介護支援事業所【居宅介護支援】日ノ出町１丁目５番７号アルファリビング倉敷駅前通り", "url": "https://www.kaigokensaku.mhlw.go.jp/33/index.php?action_kouhyou_detail_004_kani=true&JigyosyoCd=3370209698-00&ServiceCd=430&Type=search", "url2": null }, "geometry": { "type": "Point", "coordinates": [ 139.6268469, 35.4460204 ] } },
{ "type": "Feature", "properties": { "内容": "アクト　ケアプラン玉島【居宅介護支援】岡山県倉敷市玉島中央町3丁目12‐1", "url": "https://www.kaigokensaku.mhlw.go.jp/33/index.php?action_kouhyou_detail_004_kani=true&JigyosyoCd=3370209763-00&ServiceCd=430&Type=search", "url2": null }, "geometry": { "type": "Point", "coordinates": [ 133.6706333, 34.5439276 ] } },
{ "type": "Feature", "properties": { "内容": "大智居宅介護支援事業所【居宅介護支援】岡山県津山市大篠613-1", "url": "https://www.kaigokensaku.mhlw.go.jp/33/index.php?action_kouhyou_detail_004_kani=true&JigyosyoCd=3370301545-00&ServiceCd=430&Type=search", "url2": null }, "geometry": { "type": "Point", "coordinates": [ 134.035363400000051, 35.1033957 ] } },
{ "type": "Feature", "properties": { "内容": "居宅介護支援事業所のどか【居宅介護支援】岡山県津山市神戸262-1", "url": "https://www.kaigokensaku.mhlw.go.jp/33/index.php?action_kouhyou_detail_004_kani=true&JigyosyoCd=3370302121-00&ServiceCd=430&Type=search", "url2": null }, "geometry": { "type": "Point", "coordinates": [ 133.9451262, 35.0571874 ] } },
{ "type": "Feature", "properties": { "内容": "津山中央居宅介護支援事業所【居宅介護支援】岡山県津山市元魚町12", "url": "https://www.kaigokensaku.mhlw.go.jp/33/index.php?action_kouhyou_detail_004_kani=true&JigyosyoCd=3370300075-00&ServiceCd=430&Type=search", "url2": "http://jifu.tch.or.jp/kyotaku.html" }, "geometry": { "type": "Point", "coordinates": [ 134.000786100000028, 35.0606884 ] } },
{ "type": "Feature", "properties": { "内容": "居宅介護支援事業所　蘭花【居宅介護支援】岡山県津山市河辺１１５５－６", "url": "https://www.kaigokensaku.mhlw.go.jp/33/index.php?action_kouhyou_detail_004_kani=true&JigyosyoCd=3370300224-00&ServiceCd=430&Type=search", "url2": "http://www.ranwakai.or.jp" }, "geometry": { "type": "Point", "coordinates": [ 134.041833898147587, 35.059370355574835 ] } },
{ "type": "Feature", "properties": { "内容": "ケアプランセンターえすわーく【居宅介護支援】岡山県津山市小田中2206-14フィッテ小田中", "url": "https://www.kaigokensaku.mhlw.go.jp/33/index.php?action_kouhyou_detail_004_kani=true&JigyosyoCd=3370302485-00&ServiceCd=430&Type=search", "url2": "https://sworkcare.com/" }, "geometry": { "type": "Point", "coordinates": [ 133.99509486137697, 35.065654181491176 ] } },
{ "type": "Feature", "properties": { "内容": "ケアプランセンター敬愛【居宅介護支援】岡山県津山市東一宮22-10", "url": "https://www.kaigokensaku.mhlw.go.jp/33/index.php?action_kouhyou_detail_004_kani=true&JigyosyoCd=3370300836-00&ServiceCd=430&Type=search", "url2": "http://www.keiai24.com/" }, "geometry": { "type": "Point", "coordinates": [ 134.001542, 35.0959483 ] } },
{ "type": "Feature", "properties": { "内容": "ケアプランセンターほっとスマイル【居宅介護支援】岡山県津山市日本原３６９", "url": "https://www.kaigokensaku.mhlw.go.jp/33/index.php?action_kouhyou_detail_004_kani=true&JigyosyoCd=3373600026-00&ServiceCd=430&Type=search", "url2": "http://www.nihonbara.com" }, "geometry": { "type": "Point", "coordinates": [ 134.131594041050647, 35.110024849114716 ] } },
{ "type": "Feature", "properties": { "内容": "居宅介護支援事業所　すみれ【居宅介護支援】岡山県津山市一方140", "url": "https://www.kaigokensaku.mhlw.go.jp/33/index.php?action_kouhyou_detail_004_kani=true&JigyosyoCd=3370300034-00&ServiceCd=430&Type=search", "url2": "積善病院ホームページ内" }, "geometry": { "type": "Point", "coordinates": [ 133.9794296, 35.048251300000011 ] } },
{ "type": "Feature", "properties": { "内容": "津山市社会福祉協議会津山介護プラン作成センター【居宅介護支援】岡山県津山市山北520番地津山市総合福祉会館", "url": "https://www.kaigokensaku.mhlw.go.jp/33/index.php?action_kouhyou_detail_004_kani=true&JigyosyoCd=3370300059-00&ServiceCd=430&Type=search", "url2": "http://www.tsuyamasyakyo.or.jp/" }, "geometry": { "type": "Point", "coordinates": [ 134.005374284794584, 35.069377342570355 ] } },
{ "type": "Feature", "properties": { "内容": "居宅介護支援事業所やよい【居宅介護支援】岡山県津山市田町115", "url": "https://www.kaigokensaku.mhlw.go.jp/33/index.php?action_kouhyou_detail_004_kani=true&JigyosyoCd=3370300125-00&ServiceCd=430&Type=search", "url2": "http://tokufuu.or.jp/group/kyotaku-kaigo" }, "geometry": { "type": "Point", "coordinates": [ 133.995891, 35.0639296 ] } },
{ "type": "Feature", "properties": { "内容": "指定居宅介護支援事業所すばる【居宅介護支援】岡山県津山市川崎554-5", "url": "https://www.kaigokensaku.mhlw.go.jp/33/index.php?action_kouhyou_detail_004_kani=true&JigyosyoCd=3370300141-00&ServiceCd=430&Type=search", "url2": "https://www.toukou.or.jp/" }, "geometry": { "type": "Point", "coordinates": [ 134.025848605635048, 35.062548700240797 ] } },
{ "type": "Feature", "properties": { "内容": "鶯園居宅介護支援事業所【居宅介護支援】岡山県津山市瓜生原３３１", "url": "https://www.kaigokensaku.mhlw.go.jp/33/index.php?action_kouhyou_detail_004_kani=true&JigyosyoCd=3370300042-00&ServiceCd=430&Type=search", "url2": "http://www.uguisuen.jp/" }, "geometry": { "type": "Point", "coordinates": [ 134.041886733204564, 35.043394964468902 ] } },
{ "type": "Feature", "properties": { "内容": "多胡クリニック居宅介護支援事業部【居宅介護支援】岡山県津山市草加部955-1", "url": "https://www.kaigokensaku.mhlw.go.jp/33/index.php?action_kouhyou_detail_004_kani=true&JigyosyoCd=3370300448-00&ServiceCd=430&Type=search", "url2": "https://tagoclinic.or.jp/" }, "geometry": { "type": "Point", "coordinates": [ 134.070282125794932, 35.095605798006723 ] } },
{ "type": "Feature", "properties": { "内容": "サンキ・ウエルビィ居宅介護センター津山【居宅介護支援】岡山県津山市小原７番地-1", "url": "https://www.kaigokensaku.mhlw.go.jp/33/index.php?action_kouhyou_detail_004_kani=true&JigyosyoCd=3370300711-00&ServiceCd=430&Type=search", "url2": null }, "geometry": { "type": "Point", "coordinates": [ 134.000165199999969, 35.0759063 ] } },
{ "type": "Feature", "properties": { "内容": "ケアプランセンター紫竹川荘【居宅介護支援】岡山県津山市上田邑7番12", "url": "https://www.kaigokensaku.mhlw.go.jp/33/index.php?action_kouhyou_detail_004_kani=true&JigyosyoCd=3370301073-00&ServiceCd=430&Type=search", "url2": null }, "geometry": { "type": "Point", "coordinates": [ 133.966659700000037, 35.082387800000014 ] } },
{ "type": "Feature", "properties": { "内容": "ケアプランセンター平福【居宅介護支援】岡山県津山市平福546番地1", "url": "https://www.kaigokensaku.mhlw.go.jp/33/index.php?action_kouhyou_detail_004_kani=true&JigyosyoCd=3370300091-00&ServiceCd=430&Type=search", "url2": "http://www.tsuyama-coop.jp" }, "geometry": { "type": "Point", "coordinates": [ 133.968718087033068, 35.049221192593663 ] } },
{ "type": "Feature", "properties": { "内容": "有美居宅介護支援事業所【居宅介護支援】岡山県津山市高野本郷１５７１－７", "url": "https://www.kaigokensaku.mhlw.go.jp/33/index.php?action_kouhyou_detail_004_kani=true&JigyosyoCd=3370301719-00&ServiceCd=430&Type=search", "url2": null }, "geometry": { "type": "Point", "coordinates": [ 134.057846, 35.077585499999984 ] } },
{ "type": "Feature", "properties": { "内容": "ケアプランセンターさくら【居宅介護支援】岡山県津山市中村160", "url": "https://www.kaigokensaku.mhlw.go.jp/33/index.php?action_kouhyou_detail_004_kani=true&JigyosyoCd=3370301990-00&ServiceCd=430&Type=search", "url2": null }, "geometry": { "type": "Point", "coordinates": [ 134.103624, 35.0888735 ] } },
{ "type": "Feature", "properties": { "内容": "津山第一病院　居宅介護支援事業所【居宅介護支援】岡山県津山市中島438番地", "url": "https://www.kaigokensaku.mhlw.go.jp/33/index.php?action_kouhyou_detail_004_kani=true&JigyosyoCd=3370302022-00&ServiceCd=430&Type=search", "url2": null }, "geometry": { "type": "Point", "coordinates": [ 133.966718899999933, 35.0535439 ] } },
{ "type": "Feature", "properties": { "内容": "居宅介護支援事業所ぐれーぷ【居宅介護支援】岡山県津山市中原28番地2", "url": "https://www.kaigokensaku.mhlw.go.jp/33/index.php?action_kouhyou_detail_004_kani=true&JigyosyoCd=3370302071-00&ServiceCd=430&Type=search", "url2": null }, "geometry": { "type": "Point", "coordinates": [ 134.066195500000049, 35.0421753 ] } },
{ "type": "Feature", "properties": { "内容": "梅ノ里居宅介護支援事業所【居宅介護支援】岡山県津山市綾部１８５０番地", "url": "https://www.kaigokensaku.mhlw.go.jp/33/index.php?action_kouhyou_detail_004_kani=true&JigyosyoCd=3370302147-00&ServiceCd=430&Type=search", "url2": null }, "geometry": { "type": "Point", "coordinates": [ 134.0673385, 35.1053905 ] } },
{ "type": "Feature", "properties": { "内容": "指定居宅介護支援事業所　燕子花【居宅介護支援】岡山県津山市坪井下21-1", "url": "https://www.kaigokensaku.mhlw.go.jp/33/index.php?action_kouhyou_detail_004_kani=true&JigyosyoCd=3370302311-00&ServiceCd=430&Type=search", "url2": null }, "geometry": { "type": "Point", "coordinates": [ 133.8780365, 35.06136630000001 ] } },
{ "type": "Feature", "properties": { "内容": "かも居宅介護支援事業所【居宅介護支援】岡山県津山市加茂町中原61", "url": "https://www.kaigokensaku.mhlw.go.jp/33/index.php?action_kouhyou_detail_004_kani=true&JigyosyoCd=3373500044-00&ServiceCd=430&Type=search", "url2": "http://www.jikeikai-net.or.jp/" }, "geometry": { "type": "Point", "coordinates": [ 134.052167899999972, 35.1761765 ] } },
{ "type": "Feature", "properties": { "内容": "日本原荘居宅介護支援事業所【居宅介護支援】岡山県津山市新野東1788-12", "url": "https://www.kaigokensaku.mhlw.go.jp/33/index.php?action_kouhyou_detail_004_kani=true&JigyosyoCd=3373600034-00&ServiceCd=430&Type=search", "url2": "http://www.nihonbara.or.jp/" }, "geometry": { "type": "Point", "coordinates": [ 134.127871300000038, 35.1044223 ] } },
{ "type": "Feature", "properties": { "内容": "ケアプランそよかぜ【居宅介護支援】岡山県津山市中原385-1", "url": "https://www.kaigokensaku.mhlw.go.jp/33/index.php?action_kouhyou_detail_004_kani=true&JigyosyoCd=3370302279-00&ServiceCd=430&Type=search", "url2": null }, "geometry": { "type": "Point", "coordinates": [ 134.067242699999952, 35.0413337 ] } },
{ "type": "Feature", "properties": { "内容": "サンライフみのり居宅介護支援事業所【居宅介護支援】岡山県津山市二宮９９９番地", "url": "https://www.kaigokensaku.mhlw.go.jp/33/index.php?action_kouhyou_detail_004_kani=true&JigyosyoCd=3370300026-00&ServiceCd=430&Type=search", "url2": "http://www.minori21.or.jp/" }, "geometry": { "type": "Point", "coordinates": [ 133.966449803660339, 35.068364435639815 ] } },
{ "type": "Feature", "properties": { "内容": "らいふケアプランセンター津山【居宅介護支援】岡山県津山市押入503-1", "url": "https://www.kaigokensaku.mhlw.go.jp/33/index.php?action_kouhyou_detail_004_kani=true&JigyosyoCd=3370301768-00&ServiceCd=430&Type=search", "url2": "https://lifecare-ok.co.jp" }, "geometry": { "type": "Point", "coordinates": [ 134.051213599999983, 35.069278 ] } },
{ "type": "Feature", "properties": { "内容": "居宅介護支援事業所つむぎ【居宅介護支援】津山市総社3-2", "url": "https://www.kaigokensaku.mhlw.go.jp/33/index.php?action_kouhyou_detail_004_kani=true&JigyosyoCd=3370302592-00&ServiceCd=430&Type=search", "url2": null }, "geometry": { "type": "Point", "coordinates": [ 133.996085599999986, 35.0721644 ] } },
{ "type": "Feature", "properties": { "内容": "居宅介護支援事業所　なかしま【居宅介護支援】岡山県津山市田町122番地", "url": "https://www.kaigokensaku.mhlw.go.jp/33/index.php?action_kouhyou_detail_004_kani=true&JigyosyoCd=3370301784-00&ServiceCd=430&Type=search", "url2": "nakashima-tsuyama.or.jp" }, "geometry": { "type": "Point", "coordinates": [ 133.994495889549313, 35.062036179926054 ] } },
{ "type": "Feature", "properties": { "内容": "居宅介護支援事業所　わだ【居宅介護支援】岡山県　玉野市　和田5-22-1", "url": "https://www.kaigokensaku.mhlw.go.jp/33/index.php?action_kouhyou_detail_004_kani=true&JigyosyoCd=3370401444-00&ServiceCd=430&Type=search", "url2": null }, "geometry": { "type": "Point", "coordinates": [ 133.918468659524478, 34.469817628632264 ] } },
{ "type": "Feature", "properties": { "内容": "ベリーズ介護相談センター【居宅介護支援】岡山県玉野市玉2-5-5", "url": "https://www.kaigokensaku.mhlw.go.jp/33/index.php?action_kouhyou_detail_004_kani=true&JigyosyoCd=3370400826-00&ServiceCd=430&Type=search", "url2": "http://mitsuicoop.jp/soudan.htm" }, "geometry": { "type": "Point", "coordinates": [ 133.933315599999986, 34.4799163 ] } },
{ "type": "Feature", "properties": { "内容": "居宅介護支援事業所ゆたか【居宅介護支援】岡山県玉野市八浜町八浜1115番地", "url": "https://www.kaigokensaku.mhlw.go.jp/33/index.php?action_kouhyou_detail_004_kani=true&JigyosyoCd=3370401519-00&ServiceCd=430&Type=search", "url2": null }, "geometry": { "type": "Point", "coordinates": [ 133.941201400000011, 34.5532354 ] } },
{ "type": "Feature", "properties": { "内容": "居宅介護支援事業所エール！【居宅介護支援】岡山県玉野市玉5丁目6-14", "url": "https://www.kaigokensaku.mhlw.go.jp/33/index.php?action_kouhyou_detail_004_kani=true&JigyosyoCd=3370401576-00&ServiceCd=430&Type=search", "url2": null }, "geometry": { "type": "Point", "coordinates": [ 133.927219, 34.4842401 ] } },
{ "type": "Feature", "properties": { "内容": "ハモニカドゥーエ居宅介護支援センター【居宅介護支援】岡山県玉野市長尾2116番地", "url": "https://www.kaigokensaku.mhlw.go.jp/33/index.php?action_kouhyou_detail_004_kani=true&JigyosyoCd=3370400883-00&ServiceCd=430&Type=search", "url2": "http://www.hamonika.com" }, "geometry": { "type": "Point", "coordinates": [ 133.888355400000023, 34.4922815 ] } },
{ "type": "Feature", "properties": { "内容": "居宅介護支援事業所アール・ケアwill【居宅介護支援】岡山県玉野市東高崎24-8", "url": "https://www.kaigokensaku.mhlw.go.jp/33/index.php?action_kouhyou_detail_004_kani=true&JigyosyoCd=3370401527-00&ServiceCd=430&Type=search", "url2": "https://www.rcare.jp/" }, "geometry": { "type": "Point", "coordinates": [ 133.9459812, 34.4919653 ] } },
{ "type": "Feature", "properties": { "内容": "居宅介護支援事業所　アール・ケア【居宅介護支援】岡山県玉野市東高崎24-8", "url": "https://www.kaigokensaku.mhlw.go.jp/33/index.php?action_kouhyou_detail_004_kani=true&JigyosyoCd=3372500045-00&ServiceCd=430&Type=search", "url2": "http://www.rcare.jp/" }, "geometry": { "type": "Point", "coordinates": [ 133.892521928419427, 34.540198338071264 ] } },
{ "type": "Feature", "properties": { "内容": "介護支援計画プランニングこまくさ【居宅介護支援】岡山県玉野市宇野2丁目19番18号", "url": "https://www.kaigokensaku.mhlw.go.jp/33/index.php?action_kouhyou_detail_004_kani=true&JigyosyoCd=3370400040-00&ServiceCd=430&Type=search", "url2": "http://www.myclinic.ne.jp/komakusakai/" }, "geometry": { "type": "Point", "coordinates": [ 133.940340099999958, 34.4913322 ] } },
{ "type": "Feature", "properties": { "内容": "玉野市社会福祉協議会　居宅介護支援事業所【居宅介護支援】岡山県玉野市築港4－２５－１０", "url": "https://www.kaigokensaku.mhlw.go.jp/33/index.php?action_kouhyou_detail_004_kani=true&JigyosyoCd=3370400057-00&ServiceCd=430&Type=search", "url2": null }, "geometry": { "type": "Point", "coordinates": [ 133.95878250766927, 34.500036514521192 ] } },
{ "type": "Feature", "properties": { "内容": "大西病院居宅介護支援事業所【居宅介護支援】岡山県玉野市田井３丁目８番11号", "url": "https://www.kaigokensaku.mhlw.go.jp/33/index.php?action_kouhyou_detail_004_kani=true&JigyosyoCd=3370400099-00&ServiceCd=430&Type=search", "url2": null }, "geometry": { "type": "Point", "coordinates": [ 133.9460477, 34.5159079 ] } },
{ "type": "Feature", "properties": { "内容": "医療法人　いずみ会　指定居宅介護支援事業所【居宅介護支援】岡山県玉野市槌ケ原１０１７番地", "url": "https://www.kaigokensaku.mhlw.go.jp/33/index.php?action_kouhyou_detail_004_kani=true&JigyosyoCd=3370400156-00&ServiceCd=430&Type=search", "url2": "www.miyake-clinic.or.jp" }, "geometry": { "type": "Point", "coordinates": [ 133.9015091, 34.523403 ] } },
{ "type": "Feature", "properties": { "内容": "いこい荘指定居宅介護支援事業所【居宅介護支援】岡山県玉野市長尾1578-2", "url": "https://www.kaigokensaku.mhlw.go.jp/33/index.php?action_kouhyou_detail_004_kani=true&JigyosyoCd=3370400172-00&ServiceCd=430&Type=search", "url2": "http://www.navita.co.jp/s/11060352" }, "geometry": { "type": "Point", "coordinates": [ 133.898387800000023, 34.4868209 ] } },
{ "type": "Feature", "properties": { "内容": "居宅介護支援事業所玉野マリンホーム【居宅介護支援】岡山県玉野市築港5丁目16番25号", "url": "https://www.kaigokensaku.mhlw.go.jp/33/index.php?action_kouhyou_detail_004_kani=true&JigyosyoCd=3370400339-00&ServiceCd=430&Type=search", "url2": "https://www.okaseki-tamano.jrc.or.jp/" }, "geometry": { "type": "Point", "coordinates": [ 133.958755600000018, 34.4985459 ] } },
{ "type": "Feature", "properties": { "内容": "まごころサービス倉敷居宅介護支援事業所【居宅介護支援】岡山県玉野市田井3-12-18", "url": "https://www.kaigokensaku.mhlw.go.jp/33/index.php?action_kouhyou_detail_004_kani=true&JigyosyoCd=3370400453-00&ServiceCd=430&Type=search", "url2": "http://www.jp-care.gr.jp/" }, "geometry": { "type": "Point", "coordinates": [ 133.946875500000033, 34.515894 ] } },
{ "type": "Feature", "properties": { "内容": "ケアプランサービス　さくらのさく郷【居宅介護支援】岡山県玉野市八浜町大崎字天神169番地13", "url": "https://www.kaigokensaku.mhlw.go.jp/33/index.php?action_kouhyou_detail_004_kani=true&JigyosyoCd=3370400537-00&ServiceCd=430&Type=search", "url2": "http://www.sakuranosakumura.com" }, "geometry": { "type": "Point", "coordinates": [ 133.918089681475863, 34.532239980753765 ] } },
{ "type": "Feature", "properties": { "内容": "グランデパール居宅介護支援事業所【居宅介護支援】岡山県玉野市用吉1676－7", "url": "https://www.kaigokensaku.mhlw.go.jp/33/index.php?action_kouhyou_detail_004_kani=true&JigyosyoCd=3370400859-00&ServiceCd=430&Type=search", "url2": "http://www.grand-depart.jp/" }, "geometry": { "type": "Point", "coordinates": [ 133.897370499999965, 34.526183 ] } },
{ "type": "Feature", "properties": { "内容": "ケアマネジメントサービスほのか【居宅介護支援】岡山県玉野市明神町８番２８号", "url": "https://www.kaigokensaku.mhlw.go.jp/33/index.php?action_kouhyou_detail_004_kani=true&JigyosyoCd=3370400941-00&ServiceCd=430&Type=search", "url2": null }, "geometry": { "type": "Point", "coordinates": [ 133.926494050467682, 34.459243228386242 ] } },
{ "type": "Feature", "properties": { "内容": "ケアプランサービスいろりの里【居宅介護支援】岡山県玉野市八浜町波知５５５番地", "url": "https://www.kaigokensaku.mhlw.go.jp/33/index.php?action_kouhyou_detail_004_kani=true&JigyosyoCd=3370401022-00&ServiceCd=430&Type=search", "url2": "http://www.itsuhakai.jp" }, "geometry": { "type": "Point", "coordinates": [ 133.955273900000066, 34.5523234 ] } },
{ "type": "Feature", "properties": { "内容": "ケアプランサービス　けやき【居宅介護支援】玉野市田井四丁目１０番４５号", "url": "https://www.kaigokensaku.mhlw.go.jp/33/index.php?action_kouhyou_detail_004_kani=true&JigyosyoCd=3370401220-00&ServiceCd=430&Type=search", "url2": "http://www.fenix-tai.co.jp" }, "geometry": { "type": "Point", "coordinates": [ 133.9465338, 34.5181216 ] } },
{ "type": "Feature", "properties": { "内容": "ケアプラン　玉野【居宅介護支援】岡山県玉野市羽根崎町　５－１０せいきょう玉野診療所　2階", "url": "https://www.kaigokensaku.mhlw.go.jp/33/index.php?action_kouhyou_detail_004_kani=true&JigyosyoCd=3370401295-00&ServiceCd=430&Type=search", "url2": "https://okayama-health.coop" }, "geometry": { "type": "Point", "coordinates": [ 133.924810799999932, 34.4606958 ] } },
{ "type": "Feature", "properties": { "内容": "エルジオ　ケアプランセンター【居宅介護支援】岡山県玉野市日比五丁目9番7号", "url": "https://www.kaigokensaku.mhlw.go.jp/33/index.php?action_kouhyou_detail_004_kani=true&JigyosyoCd=3370401477-00&ServiceCd=430&Type=search", "url2": "http://www.elgeo.co.jp" }, "geometry": { "type": "Point", "coordinates": [ 133.926902599999949, 34.4524023 ] } },
{ "type": "Feature", "properties": { "内容": "介護支援センター　アガペ【居宅介護支援】岡山県玉野市長尾４２０－３", "url": "https://www.kaigokensaku.mhlw.go.jp/33/index.php?action_kouhyou_detail_004_kani=true&JigyosyoCd=3370401501-00&ServiceCd=430&Type=search", "url2": "http://agape-wanoka.com/" }, "geometry": { "type": "Point", "coordinates": [ 133.891989, 34.4939554 ] } },
{ "type": "Feature", "properties": { "内容": "大迫ケアプランニング事務所【居宅介護支援】岡山県笠岡市神島４３８８番地", "url": "https://www.kaigokensaku.mhlw.go.jp/33/index.php?action_kouhyou_detail_004_kani=true&JigyosyoCd=3370500781-00&ServiceCd=430&Type=search", "url2": null }, "geometry": { "type": "Point", "coordinates": [ 133.518169199999988, 34.471134 ] } },
{ "type": "Feature", "properties": { "内容": "支援ステーションにいやま【居宅介護支援】岡山県笠岡市山口３２５３－１", "url": "https://www.kaigokensaku.mhlw.go.jp/33/index.php?action_kouhyou_detail_004_kani=true&JigyosyoCd=3370500963-00&ServiceCd=430&Type=search", "url2": null }, "geometry": { "type": "Point", "coordinates": [ 133.530906230163509, 34.569147939023779 ] } },
{ "type": "Feature", "properties": { "内容": "創心会居宅介護支援センター笠岡【居宅介護支援】岡山県笠岡市生江浜1135", "url": "https://www.kaigokensaku.mhlw.go.jp/33/index.php?action_kouhyou_detail_004_kani=true&JigyosyoCd=3370500724-00&ServiceCd=430&Type=search", "url2": "http://www.soushinkai.com" }, "geometry": { "type": "Point", "coordinates": [ 133.484396299999986, 34.5084169 ] } },
{ "type": "Feature", "properties": { "内容": "笠岡市社協指定居宅介護支援事業所【居宅介護支援】岡山県笠岡市十一番町16-2サンライフ笠岡", "url": "https://www.kaigokensaku.mhlw.go.jp/33/index.php?action_kouhyou_detail_004_kani=true&JigyosyoCd=3370500211-00&ServiceCd=430&Type=search", "url2": "http://kasaoka.or.jp/" }, "geometry": { "type": "Point", "coordinates": [ 133.509985499999971, 34.4972891 ] } },
{ "type": "Feature", "properties": { "内容": "きのこ老健居宅介護支援事業所【居宅介護支援】岡山県笠岡市東大戸2912-3", "url": "https://www.kaigokensaku.mhlw.go.jp/33/index.php?action_kouhyou_detail_004_kani=true&JigyosyoCd=3370500971-00&ServiceCd=430&Type=search", "url2": "www.kinoko-group.jp" }, "geometry": { "type": "Point", "coordinates": [ 133.503076400000026, 34.5532206 ] } },
{ "type": "Feature", "properties": { "内容": "天神荘指定居宅介護支援事業所【居宅介護支援】岡山県笠岡市神島３６２６－７", "url": "https://www.kaigokensaku.mhlw.go.jp/33/index.php?action_kouhyou_detail_004_kani=true&JigyosyoCd=3370500047-00&ServiceCd=430&Type=search", "url2": "http://www.tenjinkai.org/" }, "geometry": { "type": "Point", "coordinates": [ 133.509644900000012, 34.4731837 ] } },
{ "type": "Feature", "properties": { "内容": "笠岡第一病院いこい指定居宅介護支援事業所【居宅介護支援】岡山県笠岡市横島１９４４－１", "url": "https://www.kaigokensaku.mhlw.go.jp/33/index.php?action_kouhyou_detail_004_kani=true&JigyosyoCd=3370500112-00&ServiceCd=430&Type=search", "url2": "http://www.kasaoka-d-hp.or.jp" }, "geometry": { "type": "Point", "coordinates": [ 133.519846599999937, 34.4785581 ] } },
{ "type": "Feature", "properties": { "内容": "指定居宅介護支援事業所　角田医療器株式会社【居宅介護支援】岡山県笠岡市笠岡5891-11", "url": "https://www.kaigokensaku.mhlw.go.jp/33/index.php?action_kouhyou_detail_004_kani=true&JigyosyoCd=3370500153-00&ServiceCd=430&Type=search", "url2": "http://kakuda-i.co.jp" }, "geometry": { "type": "Point", "coordinates": [ 133.495319157241852, 34.506095585841365 ] } },
{ "type": "Feature", "properties": { "内容": "アリスジャパン居宅介護支援事業所【居宅介護支援】岡山県笠岡市吉田字山中３５番３号", "url": "https://www.kaigokensaku.mhlw.go.jp/33/index.php?action_kouhyou_detail_004_kani=true&JigyosyoCd=3370500401-00&ServiceCd=430&Type=search", "url2": null }, "geometry": { "type": "Point", "coordinates": [ 133.51970127740708, 34.545092987573241 ] } },
{ "type": "Feature", "properties": { "内容": "居宅介護支援事業所ももの木【居宅介護支援】岡山県笠岡市篠坂227-1", "url": "https://www.kaigokensaku.mhlw.go.jp/33/index.php?action_kouhyou_detail_004_kani=true&JigyosyoCd=3370500849-00&ServiceCd=430&Type=search", "url2": null }, "geometry": { "type": "Point", "coordinates": [ 133.463938900000016, 34.5342503 ] } },
{ "type": "Feature", "properties": { "内容": "こころみの家【居宅介護支援】笠岡市小平井2074番地１", "url": "https://www.kaigokensaku.mhlw.go.jp/33/index.php?action_kouhyou_detail_004_kani=true&JigyosyoCd=3370500807-00&ServiceCd=430&Type=search", "url2": null }, "geometry": { "type": "Point", "coordinates": [ 133.505286862496177, 34.538377803128128 ] } },
{ "type": "Feature", "properties": { "内容": "瀬戸内荘居宅介護支援事業所【居宅介護支援】岡山県笠岡市横島1944-1", "url": "https://www.kaigokensaku.mhlw.go.jp/33/index.php?action_kouhyou_detail_004_kani=true&JigyosyoCd=3370500120-00&ServiceCd=430&Type=search", "url2": "http://www.kabutokai.jp/" }, "geometry": { "type": "Point", "coordinates": [ 133.519739811500614, 34.478671280367479 ] } },
{ "type": "Feature", "properties": { "内容": "医療法人緑十字会　ケアプランセンターくじば【居宅介護支援】岡山県笠岡市笠岡5102番地15", "url": "https://www.kaigokensaku.mhlw.go.jp/33/index.php?action_kouhyou_detail_004_kani=true&JigyosyoCd=3370500039-00&ServiceCd=430&Type=search", "url2": "http://www.midorijujikai.or.jp/index.html" }, "geometry": { "type": "Point", "coordinates": [ 133.507414244210821, 34.51176443478996 ] } },
{ "type": "Feature", "properties": { "内容": "居宅介護支援事業所笠岡すみれ園【居宅介護支援】岡山県笠岡市笠岡1080－1", "url": "https://www.kaigokensaku.mhlw.go.jp/33/index.php?action_kouhyou_detail_004_kani=true&JigyosyoCd=3370500013-00&ServiceCd=430&Type=search", "url2": "http://www.hanamk.jp/group.html" }, "geometry": { "type": "Point", "coordinates": [ 133.519034735581982, 34.509248804680283 ] } },
{ "type": "Feature", "properties": { "内容": "居宅介護支援事業所赤い屋根の家【居宅介護支援】岡山県笠岡市大井南25-11", "url": "https://www.kaigokensaku.mhlw.go.jp/33/index.php?action_kouhyou_detail_004_kani=true&JigyosyoCd=3370501037-00&ServiceCd=430&Type=search", "url2": "http://www.akaiyanenoie.jp/" }, "geometry": { "type": "Point", "coordinates": [ 133.5072643, 34.5303794 ] } },
{ "type": "Feature", "properties": { "内容": "美星居宅介護支援事業所【居宅介護支援】井原市美星町大倉２４６７番地４", "url": "https://www.kaigokensaku.mhlw.go.jp/33/index.php?action_kouhyou_detail_004_kani=true&JigyosyoCd=3370700779-00&ServiceCd=430&Type=search", "url2": null }, "geometry": { "type": "Point", "coordinates": [ 133.532231741139213, 34.674063321430815 ] } },
{ "type": "Feature", "properties": { "内容": "長楽園居宅介護支援事業所【居宅介護支援】岡山県井原市美星町西水砂２２３６番地７", "url": "https://www.kaigokensaku.mhlw.go.jp/33/index.php?action_kouhyou_detail_004_kani=true&JigyosyoCd=3372800163-00&ServiceCd=430&Type=search", "url2": "http://www.chorakuen.or.jp" }, "geometry": { "type": "Point", "coordinates": [ 133.536445400000048, 34.6600094 ] } },
{ "type": "Feature", "properties": { "内容": "森本整形外科　居宅介護支援事業所【居宅介護支援】岡山県井原市上出部町４７３番地", "url": "https://www.kaigokensaku.mhlw.go.jp/33/index.php?action_kouhyou_detail_004_kani=true&JigyosyoCd=3370700852-00&ServiceCd=430&Type=search", "url2": "http://homecare.morimotoseikei-hifu.net" }, "geometry": { "type": "Point", "coordinates": [ 133.467364500000031, 34.5944472 ] } },
{ "type": "Feature", "properties": { "内容": "居宅介護支援事業所よつば【居宅介護支援】岡山県井原市上出部町1805-5", "url": "https://www.kaigokensaku.mhlw.go.jp/33/index.php?action_kouhyou_detail_004_kani=true&JigyosyoCd=3370700498-00&ServiceCd=430&Type=search", "url2": "http://ナビタ.jp/s/11061551/" }, "geometry": { "type": "Point", "coordinates": [ 133.4573213, 34.5838429 ] } },
{ "type": "Feature", "properties": { "内容": "ケアプランセンター四季が丘【居宅介護支援】岡山県井原市上出部町四季が丘20番地7", "url": "https://www.kaigokensaku.mhlw.go.jp/33/index.php?action_kouhyou_detail_004_kani=true&JigyosyoCd=3370700522-00&ServiceCd=430&Type=search", "url2": "https//kyouwa.or.jp" }, "geometry": { "type": "Point", "coordinates": [ 133.467853699999978, 34.5848677 ] } },
{ "type": "Feature", "properties": { "内容": "きのこセイモン居宅介護支援事業所【居宅介護支援】井原市西方町１４２４－１", "url": "https://www.kaigokensaku.mhlw.go.jp/33/index.php?action_kouhyou_detail_004_kani=true&JigyosyoCd=3370700662-00&ServiceCd=430&Type=search", "url2": null }, "geometry": { "type": "Point", "coordinates": [ 133.48119429999997, 34.5779714 ] } },
{ "type": "Feature", "properties": { "内容": "西部いこいの里居宅介護支援事業所【居宅介護支援】岡山県井原市高屋町４丁目２５番地の２", "url": "https://www.kaigokensaku.mhlw.go.jp/33/index.php?action_kouhyou_detail_004_kani=true&JigyosyoCd=3370700118-00&ServiceCd=430&Type=search", "url2": "http://www.kinoko-group.jp/ikoi_no_sato/" }, "geometry": { "type": "Point", "coordinates": [ 133.436445300000059, 34.5803512 ] } },
{ "type": "Feature", "properties": { "内容": "井原市社会福祉協議会指定居宅介護支援事業所【居宅介護支援】岡山県井原市井原町1110番地", "url": "https://www.kaigokensaku.mhlw.go.jp/33/index.php?action_kouhyou_detail_004_kani=true&JigyosyoCd=3370700027-00&ServiceCd=430&Type=search", "url2": "http://www.fukushiokayama.or.jp/Ibara/index.html" }, "geometry": { "type": "Point", "coordinates": [ 133.462328599999978, 34.6035488 ] } },
{ "type": "Feature", "properties": { "内容": "指定居宅介護支援事業所まごころ【居宅介護支援】岡山県井原市高屋町1511-1", "url": "https://www.kaigokensaku.mhlw.go.jp/33/index.php?action_kouhyou_detail_004_kani=true&JigyosyoCd=3370700647-00&ServiceCd=430&Type=search", "url2": null }, "geometry": { "type": "Point", "coordinates": [ 133.43222286071321, 34.583891214262295 ] } },
{ "type": "Feature", "properties": { "内容": "医療法人社団菅病院在宅ケアセンター【居宅介護支援】岡山県井原市井原町124", "url": "https://www.kaigokensaku.mhlw.go.jp/33/index.php?action_kouhyou_detail_004_kani=true&JigyosyoCd=3370700050-00&ServiceCd=430&Type=search", "url2": "https://sugahospital.jp" }, "geometry": { "type": "Point", "coordinates": [ 133.464184199999977, 34.5960359 ] } },
{ "type": "Feature", "properties": { "内容": "井原医師会居宅介護支援事業所【居宅介護支援】岡山県井原市井原町181-5", "url": "https://www.kaigokensaku.mhlw.go.jp/33/index.php?action_kouhyou_detail_004_kani=true&JigyosyoCd=3370700043-00&ServiceCd=430&Type=search", "url2": "http://www.ibaraisikai.or.jp/" }, "geometry": { "type": "Point", "coordinates": [ 133.463939799999906, 34.5971107 ] } },
{ "type": "Feature", "properties": { "内容": "小田川荘居宅介護支援事業所【居宅介護支援】岡山県井原市芳井町川相351", "url": "https://www.kaigokensaku.mhlw.go.jp/33/index.php?action_kouhyou_detail_004_kani=true&JigyosyoCd=3372900013-00&ServiceCd=430&Type=search", "url2": "http://odagawasou.or.jp/" }, "geometry": { "type": "Point", "coordinates": [ 133.410050400000046, 34.6476016 ] } },
{ "type": "Feature", "properties": { "内容": "せせらぎ【居宅介護支援】岡山県井原市西江原町867-1", "url": "https://www.kaigokensaku.mhlw.go.jp/33/index.php?action_kouhyou_detail_004_kani=true&JigyosyoCd=3370700076-00&ServiceCd=430&Type=search", "url2": "https://nagao-clinic.or.jp/service/" }, "geometry": { "type": "Point", "coordinates": [ 133.484960099999967, 34.5974079 ] } },
{ "type": "Feature", "properties": { "内容": "指定居宅介護支援事業所みずき【居宅介護支援】岡山県井原市東江原町1661-1", "url": "https://www.kaigokensaku.mhlw.go.jp/33/index.php?action_kouhyou_detail_004_kani=true&JigyosyoCd=3370700241-00&ServiceCd=430&Type=search", "url2": "https://mizuki-okayama.jp/" }, "geometry": { "type": "Point", "coordinates": [ 133.5135047, 34.5999271 ] } },
{ "type": "Feature", "properties": { "内容": "なかよし指定居宅介護支援事業所【居宅介護支援】岡山県井原市高屋町２丁目１４－６", "url": "https://www.kaigokensaku.mhlw.go.jp/33/index.php?action_kouhyou_detail_004_kani=true&JigyosyoCd=3370700340-00&ServiceCd=430&Type=search", "url2": null }, "geometry": { "type": "Point", "coordinates": [ 133.431468099999989, 34.5781819 ] } },
{ "type": "Feature", "properties": { "内容": "井原第一クリニック居宅介護支援事業所【居宅介護支援】岡山県井原市高屋町127番地の1", "url": "https://www.kaigokensaku.mhlw.go.jp/33/index.php?action_kouhyou_detail_004_kani=true&JigyosyoCd=3370700795-00&ServiceCd=430&Type=search", "url2": "http://www.ibara-1stclinic.jp/" }, "geometry": { "type": "Point", "coordinates": [ 133.426504499999965, 34.5796622 ] } },
{ "type": "Feature", "properties": { "内容": "もりした介護支援事業所【居宅介護支援】岡山県総社市駅前1丁目6-1", "url": "https://www.kaigokensaku.mhlw.go.jp/33/index.php?action_kouhyou_detail_004_kani=true&JigyosyoCd=3370800025-00&ServiceCd=430&Type=search", "url2": "morishitakaigo@mild.ocn.ne.jp" }, "geometry": { "type": "Point", "coordinates": [ 133.7399871, 34.6745127 ] } },
{ "type": "Feature", "properties": { "内容": "居宅介護支援事業所　清音【居宅介護支援】岡山県総社市清音上中島168-6", "url": "https://www.kaigokensaku.mhlw.go.jp/33/index.php?action_kouhyou_detail_004_kani=true&JigyosyoCd=3370800918-00&ServiceCd=430&Type=search", "url2": "http://www.oasis-kiyone.com/" }, "geometry": { "type": "Point", "coordinates": [ 133.733152300000029, 34.6459405 ] } },
{ "type": "Feature", "properties": { "内容": "ケアプランセンターyou【居宅介護支援】岡山県総社市中原580-6", "url": "https://www.kaigokensaku.mhlw.go.jp/33/index.php?action_kouhyou_detail_004_kani=true&JigyosyoCd=3370801502-00&ServiceCd=430&Type=search", "url2": "you.alive.gr.jp" }, "geometry": { "type": "Point", "coordinates": [ 133.72960796931153, 34.664855560986325 ] } },
{ "type": "Feature", "properties": { "内容": "グリーンアンドリバー介護支援センター【居宅介護支援】総社市清音三因1074-1", "url": "https://www.kaigokensaku.mhlw.go.jp/33/index.php?action_kouhyou_detail_004_kani=true&JigyosyoCd=3372600019-00&ServiceCd=430&Type=search", "url2": "https://www.green-river.or.jp" }, "geometry": { "type": "Point", "coordinates": [ 133.755753499999969, 34.6544177 ] } },
{ "type": "Feature", "properties": { "内容": "介護ステーションやまびこの会お年寄り相談室【居宅介護支援】岡山県総社市三須1321", "url": "https://www.kaigokensaku.mhlw.go.jp/33/index.php?action_kouhyou_detail_004_kani=true&JigyosyoCd=3370800272-00&ServiceCd=430&Type=search", "url2": "作成中" }, "geometry": { "type": "Point", "coordinates": [ 133.768246399999953, 34.6732128 ] } },
{ "type": "Feature", "properties": { "内容": "ケアプランセンターセレーノ総社【居宅介護支援】岡山県総社市久代５１２７番地", "url": "https://www.kaigokensaku.mhlw.go.jp/33/index.php?action_kouhyou_detail_004_kani=true&JigyosyoCd=3370800066-00&ServiceCd=430&Type=search", "url2": "http://www.sesshu-fukushikai.or.jp/sereno/" }, "geometry": { "type": "Point", "coordinates": [ 133.699285300000042, 34.6775123 ] } },
{ "type": "Feature", "properties": { "内容": "ケアプランセンター超寿【居宅介護支援】岡山県総社市中央2丁目2-17", "url": "https://www.kaigokensaku.mhlw.go.jp/33/index.php?action_kouhyou_detail_004_kani=true&JigyosyoCd=3370801346-00&ServiceCd=430&Type=search", "url2": "http://choujukai.or.jp/" }, "geometry": { "type": "Point", "coordinates": [ 133.745697800000016, 34.673579400000023 ] } },
{ "type": "Feature", "properties": { "内容": "さつき居宅介護支援センター【居宅介護支援】岡山県総社市井手１２１２－６", "url": "https://www.kaigokensaku.mhlw.go.jp/33/index.php?action_kouhyou_detail_004_kani=true&JigyosyoCd=3370800694-00&ServiceCd=430&Type=search", "url2": null }, "geometry": { "type": "Point", "coordinates": [ 133.7679932, 34.67978440000001 ] } },
{ "type": "Feature", "properties": { "内容": "三清荘ほほえみ支援センター【居宅介護支援】岡山県総社市久米４８番地の１", "url": "https://www.kaigokensaku.mhlw.go.jp/33/index.php?action_kouhyou_detail_004_kani=true&JigyosyoCd=3370800058-00&ServiceCd=430&Type=search", "url2": "http://www.keizankai.or.jp/kaigo/sanseiso/service/" }, "geometry": { "type": "Point", "coordinates": [ 133.777213299999971, 34.6985327 ] } },
{ "type": "Feature", "properties": { "内容": "総社市山手福祉センター　居宅介護支援事業所【居宅介護支援】岡山県総社市地頭片山150", "url": "https://www.kaigokensaku.mhlw.go.jp/33/index.php?action_kouhyou_detail_004_kani=true&JigyosyoCd=3372600118-00&ServiceCd=430&Type=search", "url2": null }, "geometry": { "type": "Point", "coordinates": [ 133.769894199999953, 34.6582534 ] } },
{ "type": "Feature", "properties": { "内容": "すぎう居宅介護支援事業所【居宅介護支援】総社市三須１３４２", "url": "https://www.kaigokensaku.mhlw.go.jp/33/index.php?action_kouhyou_detail_004_kani=true&JigyosyoCd=3370800165-00&ServiceCd=430&Type=search", "url2": null }, "geometry": { "type": "Point", "coordinates": [ 133.766952100000026, 34.6732961 ] } },
{ "type": "Feature", "properties": { "内容": "居宅介護支援　光憂舘【居宅介護支援】岡山県総社市日羽456-1", "url": "https://www.kaigokensaku.mhlw.go.jp/33/index.php?action_kouhyou_detail_004_kani=true&JigyosyoCd=3370801445-00&ServiceCd=430&Type=search", "url2": "https://www.k5963.com" }, "geometry": { "type": "Point", "coordinates": [ 133.675430616532907, 34.724589087061986 ] } },
{ "type": "Feature", "properties": { "内容": "オルソ居宅介護支援センター【居宅介護支援】岡山県総社市井手１２０８－２医療法人原田整形外科病棟３階", "url": "https://www.kaigokensaku.mhlw.go.jp/33/index.php?action_kouhyou_detail_004_kani=true&JigyosyoCd=3370800421-00&ServiceCd=430&Type=search", "url2": null }, "geometry": { "type": "Point", "coordinates": [ 133.7676405, 34.6798511 ] } },
{ "type": "Feature", "properties": { "内容": "三宅内科小児科医院居宅介護支援事業所【居宅介護支援】岡山県総社市井手９１９", "url": "https://www.kaigokensaku.mhlw.go.jp/33/index.php?action_kouhyou_detail_004_kani=true&JigyosyoCd=3370800074-00&ServiceCd=430&Type=search", "url2": null }, "geometry": { "type": "Point", "coordinates": [ 133.771248499999956, 34.6798705 ] } },
{ "type": "Feature", "properties": { "内容": "泉介護支援センター【居宅介護支援】岡山県総社市小寺995-1", "url": "https://www.kaigokensaku.mhlw.go.jp/33/index.php?action_kouhyou_detail_004_kani=true&JigyosyoCd=3370800017-00&ServiceCd=430&Type=search", "url2": "http://kyk-mc.or,jp" }, "geometry": { "type": "Point", "coordinates": [ 133.746485900000039, 34.6878698 ] } },
{ "type": "Feature", "properties": { "内容": "ながの居宅介護支援センター【居宅介護支援】岡山県総社市金井戸150番地1", "url": "https://www.kaigokensaku.mhlw.go.jp/33/index.php?action_kouhyou_detail_004_kani=true&JigyosyoCd=3370800371-00&ServiceCd=430&Type=search", "url2": "http://www.koudou-kai.jp/" }, "geometry": { "type": "Point", "coordinates": [ 133.768822298845379, 34.683475330103043 ] } },
{ "type": "Feature", "properties": { "内容": "社会福祉法人　総社市社会福祉協議会【居宅介護支援】岡山県総社市中央2丁目５番１１５号", "url": "https://www.kaigokensaku.mhlw.go.jp/33/index.php?action_kouhyou_detail_004_kani=true&JigyosyoCd=3370800033-00&ServiceCd=430&Type=search", "url2": "http://www.sojasyakyo.or.jp/" }, "geometry": { "type": "Point", "coordinates": [ 133.745152515205433, 34.673369346882481 ] } },
{ "type": "Feature", "properties": { "内容": "居宅介護支援事業所　そら【居宅介護支援】岡山県高梁市成羽町成羽２３３７－１", "url": "https://www.kaigokensaku.mhlw.go.jp/33/index.php?action_kouhyou_detail_004_kani=true&JigyosyoCd=3370900502-00&ServiceCd=430&Type=search", "url2": null }, "geometry": { "type": "Point", "coordinates": [ 133.532827600000019, 34.788672200000015 ] } },
{ "type": "Feature", "properties": { "内容": "居宅介護支援事業所　有漢荘【居宅介護支援】岡山県高梁市有漢町有漢7945-18", "url": "https://www.kaigokensaku.mhlw.go.jp/33/index.php?action_kouhyou_detail_004_kani=true&JigyosyoCd=3373100068-00&ServiceCd=430&Type=search", "url2": null }, "geometry": { "type": "Point", "coordinates": [ 133.678877899999947, 34.9017031 ] } },
{ "type": "Feature", "properties": { "内容": "居宅介護支援事業所Ｎｏａ【居宅介護支援】高梁市高倉町飯部３９３４番地", "url": "https://www.kaigokensaku.mhlw.go.jp/33/index.php?action_kouhyou_detail_004_kani=true&JigyosyoCd=3370900718-00&ServiceCd=430&Type=search", "url2": null }, "geometry": { "type": "Point", "coordinates": [ 133.549760500000019, 34.8625179 ] } },
{ "type": "Feature", "properties": { "内容": "ゆうゆう村在宅介護支援センター【居宅介護支援】岡山県高梁市南町73番地", "url": "https://www.kaigokensaku.mhlw.go.jp/33/index.php?action_kouhyou_detail_004_kani=true&JigyosyoCd=3370900015-00&ServiceCd=430&Type=search", "url2": "http://seiryoukai.jp" }, "geometry": { "type": "Point", "coordinates": [ 133.612492, 34.7869144 ] } },
{ "type": "Feature", "properties": { "内容": "高梁市社会福祉協議会居宅介護支援事業所たかはし【居宅介護支援】岡山県高梁市向町２１番地３高梁市総合福祉センター内", "url": "https://www.kaigokensaku.mhlw.go.jp/33/index.php?action_kouhyou_detail_004_kani=true&JigyosyoCd=3370900080-00&ServiceCd=430&Type=search", "url2": "http://www.takahashi-shakyo.org/" }, "geometry": { "type": "Point", "coordinates": [ 133.617732199999978, 34.7949667 ] } },
{ "type": "Feature", "properties": { "内容": "白和荘居宅介護支援事業所【居宅介護支援】岡山県高梁市高倉町大瀬八長2663-1", "url": "https://www.kaigokensaku.mhlw.go.jp/33/index.php?action_kouhyou_detail_004_kani=true&JigyosyoCd=3370900023-00&ServiceCd=430&Type=search", "url2": "http://www.jyunshinkai.or.jp" }, "geometry": { "type": "Point", "coordinates": [ 133.612040500000035, 34.8214605 ] } },
{ "type": "Feature", "properties": { "内容": "居宅介護支援事業所みえる　たかはし【居宅介護支援】岡山県高梁市津川町八川12－1", "url": "https://www.kaigokensaku.mhlw.go.jp/33/index.php?action_kouhyou_detail_004_kani=true&JigyosyoCd=3370900759-00&ServiceCd=430&Type=search", "url2": null }, "geometry": { "type": "Point", "coordinates": [ 133.6314657, 34.8321606 ] } },
{ "type": "Feature", "properties": { "内容": "医療法人宏仁会介護支援センターむつみの園　指定居宅介護支援事業所【居宅介護支援】岡山県高梁市成羽町下原１００４－１", "url": "https://www.kaigokensaku.mhlw.go.jp/33/index.php?action_kouhyou_detail_004_kani=true&JigyosyoCd=3373200025-00&ServiceCd=430&Type=search", "url2": "http://matsuura-clinic.net/" }, "geometry": { "type": "Point", "coordinates": [ 133.537336602957112, 34.781915024530001 ] } },
{ "type": "Feature", "properties": { "内容": "高梁市社会福祉協議会　居宅介護支援事業所たかはし西【居宅介護支援】岡山県高梁市備中町布賀３５１３番地２", "url": "https://www.kaigokensaku.mhlw.go.jp/33/index.php?action_kouhyou_detail_004_kani=true&JigyosyoCd=3373200082-00&ServiceCd=430&Type=search", "url2": "http://www.takahashi-shakyo.org/" }, "geometry": { "type": "Point", "coordinates": [ 133.424287199999981, 34.7915392 ] } },
{ "type": "Feature", "properties": { "内容": "すずらん居宅介護支援事業所【居宅介護支援】岡山県高梁市東町１８６０－１", "url": "https://www.kaigokensaku.mhlw.go.jp/33/index.php?action_kouhyou_detail_004_kani=true&JigyosyoCd=3370900262-00&ServiceCd=430&Type=search", "url2": null }, "geometry": { "type": "Point", "coordinates": [ 133.61526589999994, 34.7917003 ] } },
{ "type": "Feature", "properties": { "内容": "高梁市国民健康保険成羽病院附属　介護老人保健施設ひだまり苑指定居宅介護支援事業所【居宅介護支援】岡山県高梁市川上町地頭2337-1", "url": "https://www.kaigokensaku.mhlw.go.jp/33/index.php?action_kouhyou_detail_004_kani=true&JigyosyoCd=3370900775-00&ServiceCd=430&Type=search", "url2": null }, "geometry": { "type": "Point", "coordinates": [ 133.479778399999987, 34.7330387 ] } },
{ "type": "Feature", "properties": { "内容": "居宅介護支援事業所　遊【居宅介護支援】高梁市成羽町成羽2740-1", "url": "https://www.kaigokensaku.mhlw.go.jp/33/index.php?action_kouhyou_detail_004_kani=true&JigyosyoCd=3370900429-00&ServiceCd=430&Type=search", "url2": null }, "geometry": { "type": "Point", "coordinates": [ 133.533072931074429, 34.784562631951331 ] } },
{ "type": "Feature", "properties": { "内容": "順正学園居宅介護支援センター【居宅介護支援】岡山県高梁市伊賀町8番地　順正学園内順正学園第一体育館", "url": "https://www.kaigokensaku.mhlw.go.jp/33/index.php?action_kouhyou_detail_004_kani=true&JigyosyoCd=3370900734-00&ServiceCd=430&Type=search", "url2": null }, "geometry": { "type": "Point", "coordinates": [ 133.619897525764458, 34.796736623333246 ] } },
{ "type": "Feature", "properties": { "内容": "備北介護支援センター「あけぼの」【居宅介護支援】岡山県高梁市落合町近似1390-1", "url": "https://www.kaigokensaku.mhlw.go.jp/33/index.php?action_kouhyou_detail_004_kani=true&JigyosyoCd=3370900544-00&ServiceCd=430&Type=search", "url2": "https://www.bihokukaigo-sakura0255.com/" }, "geometry": { "type": "Point", "coordinates": [ 133.611888200000067, 34.7953442 ] } },
{ "type": "Feature", "properties": { "内容": "グリーヒル順正居宅介護支援事業所【居宅介護支援】岡山県高梁市松原町神原2281-8", "url": "https://www.kaigokensaku.mhlw.go.jp/33/index.php?action_kouhyou_detail_004_kani=true&JigyosyoCd=3370900098-00&ServiceCd=430&Type=search", "url2": "http://greenhill-junsei.com/" }, "geometry": { "type": "Point", "coordinates": [ 133.595367, 34.8143886 ] } },
{ "type": "Feature", "properties": { "内容": "居宅介護支援事業所すみれ【居宅介護支援】岡山県新見市長屋1189", "url": "https://www.kaigokensaku.mhlw.go.jp/33/index.php?action_kouhyou_detail_004_kani=true&JigyosyoCd=3391000175-00&ServiceCd=430&Type=search", "url2": null }, "geometry": { "type": "Point", "coordinates": [ 133.493352700000059, 34.9429397 ] } },
{ "type": "Feature", "properties": { "内容": "哲西荘居宅介護支援事業所【居宅介護支援】岡山県新見市哲西町矢田４３５１", "url": "https://www.kaigokensaku.mhlw.go.jp/33/index.php?action_kouhyou_detail_004_kani=true&JigyosyoCd=3373300288-00&ServiceCd=430&Type=search", "url2": "http.//tesseisou.jp/" }, "geometry": { "type": "Point", "coordinates": [ 133.334514, 34.923884 ] } },
{ "type": "Feature", "properties": { "内容": "新見市社協中央ケアセンター【居宅介護支援】岡山県新見市金谷６４０－１", "url": "https://www.kaigokensaku.mhlw.go.jp/33/index.php?action_kouhyou_detail_004_kani=true&JigyosyoCd=3371000013-00&ServiceCd=430&Type=search", "url2": "http://www.fukushiokayama.or.jp/niimi/niimi.htm" }, "geometry": { "type": "Point", "coordinates": [ 133.468621162951678, 34.973023088045522 ] } },
{ "type": "Feature", "properties": { "内容": "おおさ苑居宅介護支援事業所【居宅介護支援】岡山県新見市大佐田治部３２２１番地", "url": "https://www.kaigokensaku.mhlw.go.jp/33/index.php?action_kouhyou_detail_004_kani=true&JigyosyoCd=3373300023-00&ServiceCd=430&Type=search", "url2": "http://www.osaen.jp/" }, "geometry": { "type": "Point", "coordinates": [ 133.5563469, 35.0413254 ] } },
{ "type": "Feature", "properties": { "内容": "ケアマネ事業所・クローバー【居宅介護支援】岡山県新見市正田643番地5", "url": "https://www.kaigokensaku.mhlw.go.jp/33/index.php?action_kouhyou_detail_004_kani=true&JigyosyoCd=3371000419-00&ServiceCd=430&Type=search", "url2": "https://greenleaf-clover.jp/" }, "geometry": { "type": "Point", "coordinates": [ 133.479409295196831, 34.967491262319619 ] } },
{ "type": "Feature", "properties": { "内容": "唐松荘居宅介護支援事業所【居宅介護支援】岡山県新見市唐松１７４９番地２", "url": "https://www.kaigokensaku.mhlw.go.jp/33/index.php?action_kouhyou_detail_004_kani=true&JigyosyoCd=3371000047-00&ServiceCd=430&Type=search", "url2": "http://www.karamatsu-so.jp" }, "geometry": { "type": "Point", "coordinates": [ 133.508350800000017, 34.9640904 ] } },
{ "type": "Feature", "properties": { "内容": "新見市社協神郷ケアセンター【居宅介護支援】岡山県新見市神郷下神代３９４６番地神郷地域福祉センター", "url": "https://www.kaigokensaku.mhlw.go.jp/33/index.php?action_kouhyou_detail_004_kani=true&JigyosyoCd=3373300064-00&ServiceCd=430&Type=search", "url2": null }, "geometry": { "type": "Point", "coordinates": [ 133.396368100000018, 34.9925771 ] } },
{ "type": "Feature", "properties": { "内容": "くろかみ介護支援センター【居宅介護支援】岡山県新見市高尾2306-5", "url": "https://www.kaigokensaku.mhlw.go.jp/33/index.php?action_kouhyou_detail_004_kani=true&JigyosyoCd=3371000054-00&ServiceCd=430&Type=search", "url2": "http://www.kurokami.jp/" }, "geometry": { "type": "Point", "coordinates": [ 133.447087900000042, 34.9936833 ] } },
{ "type": "Feature", "properties": { "内容": "居宅介護支援事業所　げんき【居宅介護支援】岡山県新見市下熊谷１５５４－１", "url": "https://www.kaigokensaku.mhlw.go.jp/33/index.php?action_kouhyou_detail_004_kani=true&JigyosyoCd=3371000286-00&ServiceCd=430&Type=search", "url2": "http://www" }, "geometry": { "type": "Point", "coordinates": [ 133.486140299999988, 35.0060469 ] } },
{ "type": "Feature", "properties": { "内容": "在宅介護支援センターすずらん【居宅介護支援】岡山県新見市哲多町本郷574-1", "url": "https://www.kaigokensaku.mhlw.go.jp/33/index.php?action_kouhyou_detail_004_kani=true&JigyosyoCd=3371000252-00&ServiceCd=430&Type=search", "url2": "http://www.miic.ac.jp/medical/zaitaku.htm" }, "geometry": { "type": "Point", "coordinates": [ 133.451362300000028, 34.9363375 ] } },
{ "type": "Feature", "properties": { "内容": "備前市社会福祉協議会居宅介護支援事業所【居宅介護支援】岡山県備前市東片上126番地（市役所内）", "url": "https://www.kaigokensaku.mhlw.go.jp/33/index.php?action_kouhyou_detail_004_kani=true&JigyosyoCd=3371100029-00&ServiceCd=430&Type=search", "url2": "http://bizensw.or.jp/" }, "geometry": { "type": "Point", "coordinates": [ 134.188065820234641, 34.74504816235163 ] } },
{ "type": "Feature", "properties": { "内容": "大ヶ池荘居宅介護支援事業所【居宅介護支援】岡山県備前市伊部９６４-１", "url": "https://www.kaigokensaku.mhlw.go.jp/33/index.php?action_kouhyou_detail_004_kani=true&JigyosyoCd=3371100045-00&ServiceCd=430&Type=search", "url2": null }, "geometry": { "type": "Point", "coordinates": [ 134.145619600000032, 34.7390312 ] } },
{ "type": "Feature", "properties": { "内容": "備前さつき苑指定居宅介護支援事業所【居宅介護支援】岡山県備前市伊部２２３１－１", "url": "https://www.kaigokensaku.mhlw.go.jp/33/index.php?action_kouhyou_detail_004_kani=true&JigyosyoCd=3371100078-00&ServiceCd=430&Type=search", "url2": "http://www.city.bizen.okayama.jp/shimin/shisetsu/bizenhospital/satsukien/satsukien.jsp" }, "geometry": { "type": "Point", "coordinates": [ 134.155218699999978, 34.7395731 ] } },
{ "type": "Feature", "properties": { "内容": "閑谷苑居宅介護支援事業所かもめ【居宅介護支援】岡山県備前市木谷２１７－１介護老人保健施設備前閑谷苑", "url": "https://www.kaigokensaku.mhlw.go.jp/33/index.php?action_kouhyou_detail_004_kani=true&JigyosyoCd=3371100243-00&ServiceCd=430&Type=search", "url2": "http://www.shizutanikai.com/" }, "geometry": { "type": "Point", "coordinates": [ 134.222166499999958, 34.7627546 ] } },
{ "type": "Feature", "properties": { "内容": "深谷荘　居宅介護支援事業所【居宅介護支援】岡山県備前市三石2791-1", "url": "https://www.kaigokensaku.mhlw.go.jp/33/index.php?action_kouhyou_detail_004_kani=true&JigyosyoCd=3371100318-00&ServiceCd=430&Type=search", "url2": "info＠mitanisou.com" }, "geometry": { "type": "Point", "coordinates": [ 134.27995420000002, 34.8159254 ] } },
{ "type": "Feature", "properties": { "内容": "わかくさ居宅介護支援事業所【居宅介護支援】岡山県備前市西片上１１２２", "url": "https://www.kaigokensaku.mhlw.go.jp/33/index.php?action_kouhyou_detail_004_kani=true&JigyosyoCd=3371100326-00&ServiceCd=430&Type=search", "url2": "http://www4.ocn.ne.jp/~kusakanp/" }, "geometry": { "type": "Point", "coordinates": [ 134.182335800000033, 34.7460981 ] } },
{ "type": "Feature", "properties": { "内容": "サンキ・ウエルビィ　居宅介護センター　備前【居宅介護支援】岡山県備前市東片上514-12", "url": "https://www.kaigokensaku.mhlw.go.jp/33/index.php?action_kouhyou_detail_004_kani=true&JigyosyoCd=3371100540-00&ServiceCd=430&Type=search", "url2": null }, "geometry": { "type": "Point", "coordinates": [ 134.196872864418111, 34.747815663310419 ] } },
{ "type": "Feature", "properties": { "内容": "さざなみうららか生活介護のなんでも相談【居宅介護支援】岡山県備前市日生町日生1439-10", "url": "https://www.kaigokensaku.mhlw.go.jp/33/index.php?action_kouhyou_detail_004_kani=true&JigyosyoCd=3371100748-00&ServiceCd=430&Type=search", "url2": null }, "geometry": { "type": "Point", "coordinates": [ 134.264852799999971, 34.7328841 ] } },
{ "type": "Feature", "properties": { "内容": "はーとふる・けあ居宅介護支援事業所【居宅介護支援】穂浪1043－21かれらⅠ202号室", "url": "https://www.kaigokensaku.mhlw.go.jp/33/index.php?action_kouhyou_detail_004_kani=true&JigyosyoCd=3371100888-00&ServiceCd=430&Type=search", "url2": null }, "geometry": { "type": "Point", "coordinates": [ 134.2348384, 34.7290036 ] } },
{ "type": "Feature", "properties": { "内容": "ケアプランMie【居宅介護支援】岡山県備前市佐山1556番地", "url": "https://www.kaigokensaku.mhlw.go.jp/33/index.php?action_kouhyou_detail_004_kani=true&JigyosyoCd=3371100904-00&ServiceCd=430&Type=search", "url2": "https://x.gd/83gPh" }, "geometry": { "type": "Point", "coordinates": [ 134.1723039, 34.6949419 ] } },
{ "type": "Feature", "properties": { "内容": "「在宅介護支援センターあおさぎ」　指定居宅介護支援事業所【居宅介護支援】岡山県備前市日生町日生801番地", "url": "https://www.kaigokensaku.mhlw.go.jp/33/index.php?action_kouhyou_detail_004_kani=true&JigyosyoCd=3372300107-00&ServiceCd=430&Type=search", "url2": "http://www.keiyuu-kai.or.jp/top.html" }, "geometry": { "type": "Point", "coordinates": [ 134.271405299999969, 34.7289039 ] } },
{ "type": "Feature", "properties": { "内容": "ケアプラン　ソレイユ【居宅介護支援】岡山県瀬戸内市邑久町豊安147-1", "url": "https://www.kaigokensaku.mhlw.go.jp/33/index.php?action_kouhyou_detail_004_kani=true&JigyosyoCd=3372401103-00&ServiceCd=430&Type=search", "url2": "nursing-happyfarm.jp" }, "geometry": { "type": "Point", "coordinates": [ 134.091036, 34.6611846 ] } },
{ "type": "Feature", "properties": { "内容": "ケアプランサービスほのか【居宅介護支援】岡山県瀬戸内市邑久町尾張556番地1", "url": "https://www.kaigokensaku.mhlw.go.jp/33/index.php?action_kouhyou_detail_004_kani=true&JigyosyoCd=3372400923-00&ServiceCd=430&Type=search", "url2": null }, "geometry": { "type": "Point", "coordinates": [ 134.09511509999993, 34.6625597 ] } },
{ "type": "Feature", "properties": { "内容": "ケアプランサービス　てのひらの家【居宅介護支援】岡山県瀬戸内市邑久町上笠加２８５－８", "url": "https://www.kaigokensaku.mhlw.go.jp/33/index.php?action_kouhyou_detail_004_kani=true&JigyosyoCd=3372400576-00&ServiceCd=430&Type=search", "url2": "http://www.tenohira.crap.jp/" }, "geometry": { "type": "Point", "coordinates": [ 134.0983781, 34.6896936 ] } },
{ "type": "Feature", "properties": { "内容": "居宅介護支援事業所　せとうち【居宅介護支援】岡山県瀬戸内市邑久町福中１１８０", "url": "https://www.kaigokensaku.mhlw.go.jp/33/index.php?action_kouhyou_detail_004_kani=true&JigyosyoCd=3372400667-00&ServiceCd=430&Type=search", "url2": "http://www.tohkakai.jp" }, "geometry": { "type": "Point", "coordinates": [ 134.066753799999987, 34.6703333 ] } },
{ "type": "Feature", "properties": { "内容": "介護保険のさぽーとルームめぐみ【居宅介護支援】岡山県瀬戸内市邑久町大富648", "url": "https://www.kaigokensaku.mhlw.go.jp/33/index.php?action_kouhyou_detail_004_kani=true&JigyosyoCd=3372400824-00&ServiceCd=430&Type=search", "url2": "http://hp.kaipoke.biz/wkz/" }, "geometry": { "type": "Point", "coordinates": [ 134.06792310000003, 34.6648699 ] } },
{ "type": "Feature", "properties": { "内容": "居宅介護支援事業所メディケア長船【居宅介護支援】岡山県瀬戸内市長船町福岡200-1", "url": "https://www.kaigokensaku.mhlw.go.jp/33/index.php?action_kouhyou_detail_004_kani=true&JigyosyoCd=3372400014-00&ServiceCd=430&Type=search", "url2": "www.hirai-iin.jp/original5.html" }, "geometry": { "type": "Point", "coordinates": [ 134.097213900000042, 34.7038062 ] } },
{ "type": "Feature", "properties": { "内容": "邑久在宅介護支援センター【居宅介護支援】岡山県瀬戸内市邑久町箕輪266-1", "url": "https://www.kaigokensaku.mhlw.go.jp/33/index.php?action_kouhyou_detail_004_kani=true&JigyosyoCd=3372400022-00&ServiceCd=430&Type=search", "url2": "http://www.keiyuu-kai.jp/" }, "geometry": { "type": "Point", "coordinates": [ 134.090953899999931, 34.6841578 ] } },
{ "type": "Feature", "properties": { "内容": "ケアプランサービスうらら【居宅介護支援】岡山県瀬戸内市牛窓町牛窓2297-6", "url": "https://www.kaigokensaku.mhlw.go.jp/33/index.php?action_kouhyou_detail_004_kani=true&JigyosyoCd=3372400113-00&ServiceCd=430&Type=search", "url2": null }, "geometry": { "type": "Point", "coordinates": [ 134.171396300000026, 34.617973900000017 ] } },
{ "type": "Feature", "properties": { "内容": "創心会居宅介護支援センター邑久【居宅介護支援】岡山県瀬戸内市邑久町尾張105-2", "url": "https://www.kaigokensaku.mhlw.go.jp/33/index.php?action_kouhyou_detail_004_kani=true&JigyosyoCd=3372400600-00&ServiceCd=430&Type=search", "url2": "http://www.soushinkai.com" }, "geometry": { "type": "Point", "coordinates": [ 134.08917120000001, 34.665051 ] } },
{ "type": "Feature", "properties": { "内容": "ケアプラン　サポートせとうち【居宅介護支援】邑久町向山76", "url": "https://www.kaigokensaku.mhlw.go.jp/33/index.php?action_kouhyou_detail_004_kani=true&JigyosyoCd=3372400774-00&ServiceCd=430&Type=search", "url2": null }, "geometry": { "type": "Point", "coordinates": [ 134.07718890000001, 34.656654 ] } },
{ "type": "Feature", "properties": { "内容": "スマイルライフ【居宅介護支援】岡山県瀬戸内市長船町福里９1-1", "url": "https://www.kaigokensaku.mhlw.go.jp/33/index.php?action_kouhyou_detail_004_kani=true&JigyosyoCd=3372400790-00&ServiceCd=430&Type=search", "url2": null }, "geometry": { "type": "Point", "coordinates": [ 134.120229320745892, 34.701965188404039 ] } },
{ "type": "Feature", "properties": { "内容": "ひだまり居宅介護支援事業所【居宅介護支援】邑久町下山田1288-1", "url": "https://www.kaigokensaku.mhlw.go.jp/33/index.php?action_kouhyou_detail_004_kani=true&JigyosyoCd=3372400980-00&ServiceCd=430&Type=search", "url2": "https://www.happiness-hidamari.com" }, "geometry": { "type": "Point", "coordinates": [ 134.111747741828225, 34.646606222479406 ] } },
{ "type": "Feature", "properties": { "内容": "ケアプランすずらん【居宅介護支援】岡山県瀬戸内市邑久町本庄4937-1", "url": "https://www.kaigokensaku.mhlw.go.jp/33/index.php?action_kouhyou_detail_004_kani=true&JigyosyoCd=3372401020-00&ServiceCd=430&Type=search", "url2": "https://www.suzuran-setouchi.com/" }, "geometry": { "type": "Point", "coordinates": [ 134.098033799999939, 34.6850135 ] } },
{ "type": "Feature", "properties": { "内容": "在宅介護支援センターAJISAI（あじさい）【居宅介護支援】岡山県瀬戸内市牛窓町長浜1745‐１", "url": "https://www.kaigokensaku.mhlw.go.jp/33/index.php?action_kouhyou_detail_004_kani=true&JigyosyoCd=3372400089-00&ServiceCd=430&Type=search", "url2": "http://www.ajisai-s.or.jp/" }, "geometry": { "type": "Point", "coordinates": [ 134.133278300000029, 34.6375462 ] } },
{ "type": "Feature", "properties": { "内容": "介護相談センターさくら木【居宅介護支援】岡山県赤磐市河本４８８番地１", "url": "https://www.kaigokensaku.mhlw.go.jp/33/index.php?action_kouhyou_detail_004_kani=true&JigyosyoCd=3372201321-00&ServiceCd=430&Type=search", "url2": "https://yufukai.com" }, "geometry": { "type": "Point", "coordinates": [ 134.014565415344236, 34.746608401922195 ] } },
{ "type": "Feature", "properties": { "内容": "ケアプランセンターつるの里【居宅介護支援】岡山県赤磐市桜が丘西９丁目１７－１７", "url": "https://www.kaigokensaku.mhlw.go.jp/33/index.php?action_kouhyou_detail_004_kani=true&JigyosyoCd=3372201370-00&ServiceCd=430&Type=search", "url2": "https://www.turunosato.com/" }, "geometry": { "type": "Point", "coordinates": [ 134.032174199999986, 34.7803186 ] } },
{ "type": "Feature", "properties": { "内容": "指定居宅介護支援事業所ありがとう【居宅介護支援】岡山県赤磐市桜が丘西9-3-28", "url": "https://www.kaigokensaku.mhlw.go.jp/33/index.php?action_kouhyou_detail_004_kani=true&JigyosyoCd=3372200661-00&ServiceCd=430&Type=search", "url2": null }, "geometry": { "type": "Point", "coordinates": [ 134.029960499999987, 34.7789992 ] } },
{ "type": "Feature", "properties": { "内容": "あかいわ社協居宅介護支援事業所【居宅介護支援】岡山県赤磐市町苅田517番地１", "url": "https://www.kaigokensaku.mhlw.go.jp/33/index.php?action_kouhyou_detail_004_kani=true&JigyosyoCd=3372200083-00&ServiceCd=430&Type=search", "url2": null }, "geometry": { "type": "Point", "coordinates": [ 134.008533899999946, 34.7989967 ] } },
{ "type": "Feature", "properties": { "内容": "ケアプランサービス山陽寿荘居宅介護支援事業所【居宅介護支援】岡山県赤磐市桜が丘西９－１－１", "url": "https://www.kaigokensaku.mhlw.go.jp/33/index.php?action_kouhyou_detail_004_kani=true&JigyosyoCd=3372200208-00&ServiceCd=430&Type=search", "url2": "http://ww9.tiki.ne.jp/~kotobuki/" }, "geometry": { "type": "Point", "coordinates": [ 134.024338700000044, 34.777127 ] } },
{ "type": "Feature", "properties": { "内容": "居宅介護支援事業所　まごの手【居宅介護支援】岡山県赤磐市河本1143", "url": "https://www.kaigokensaku.mhlw.go.jp/33/index.php?action_kouhyou_detail_004_kani=true&JigyosyoCd=3372200687-00&ServiceCd=430&Type=search", "url2": null }, "geometry": { "type": "Point", "coordinates": [ 134.018576199999984, 34.7488772 ] } },
{ "type": "Feature", "properties": { "内容": "桃香の里指定居宅介護支援事業所【居宅介護支援】岡山県赤磐市熊崎276-1", "url": "https://www.kaigokensaku.mhlw.go.jp/33/index.php?action_kouhyou_detail_004_kani=true&JigyosyoCd=3372200992-00&ServiceCd=430&Type=search", "url2": "https://kyokusuikai-momoka.com/" }, "geometry": { "type": "Point", "coordinates": [ 134.01174889999993, 34.756537200000018 ] } },
{ "type": "Feature", "properties": { "内容": "ねむの木居宅介護支援事業所【居宅介護支援】岡山県赤磐市周匝９８５番地１０", "url": "https://www.kaigokensaku.mhlw.go.jp/33/index.php?action_kouhyou_detail_004_kani=true&JigyosyoCd=3372201164-00&ServiceCd=430&Type=search", "url2": null }, "geometry": { "type": "Point", "coordinates": [ 134.094522500000039, 34.9147035 ] } },
{ "type": "Feature", "properties": { "内容": "ケアプランサービス　磐美【居宅介護支援】沢原１８－５", "url": "https://www.kaigokensaku.mhlw.go.jp/33/index.php?action_kouhyou_detail_004_kani=true&JigyosyoCd=3372201206-00&ServiceCd=430&Type=search", "url2": null }, "geometry": { "type": "Point", "coordinates": [ 134.076727900000037, 34.7980212 ] } },
{ "type": "Feature", "properties": { "内容": "ケアプランサービスたけのこの家【居宅介護支援】岡山県赤磐市桜が丘東4-4-466", "url": "https://www.kaigokensaku.mhlw.go.jp/33/index.php?action_kouhyou_detail_004_kani=true&JigyosyoCd=3372201446-00&ServiceCd=430&Type=search", "url2": "http://www.takenokonoie.com/hp/" }, "geometry": { "type": "Point", "coordinates": [ 134.044214900000043, 34.7831909 ] } },
{ "type": "Feature", "properties": { "内容": "えんじゅケアプランセンター【居宅介護支援】岡山県赤磐市松木633番地１　１階あかいわハートフル太陽　　1階", "url": "https://www.kaigokensaku.mhlw.go.jp/33/index.php?action_kouhyou_detail_004_kani=true&JigyosyoCd=3372201479-00&ServiceCd=430&Type=search", "url2": "https://www.takufukai-group.or.jp/syoyukai/enjucare.html" }, "geometry": { "type": "Point", "coordinates": [ 134.095824842327829, 34.790241286368982 ] } },
{ "type": "Feature", "properties": { "内容": "赤磐中央指定居宅介護支援事業所【居宅介護支援】岡山県赤磐市日古木33-1", "url": "https://www.kaigokensaku.mhlw.go.jp/33/index.php?action_kouhyou_detail_004_kani=true&JigyosyoCd=3372201487-00&ServiceCd=430&Type=search", "url2": "http://iwadou.or.jp/" }, "geometry": { "type": "Point", "coordinates": [ 134.0302916, 34.7631879 ] } },
{ "type": "Feature", "properties": { "内容": "ケアステーション・ウィズ指定居宅介護支援事業所【居宅介護支援】岡山県赤磐市桜が丘西５丁目11-8", "url": "https://www.kaigokensaku.mhlw.go.jp/33/index.php?action_kouhyou_detail_004_kani=true&JigyosyoCd=3372200588-00&ServiceCd=430&Type=search", "url2": "https://souwa-group.co.jp/" }, "geometry": { "type": "Point", "coordinates": [ 134.007389099999955, 34.7365978 ] } },
{ "type": "Feature", "properties": { "内容": "檜山荘居宅介護支援事業所【居宅介護支援】岡山県真庭市上市瀬1050-39", "url": "https://www.kaigokensaku.mhlw.go.jp/33/index.php?action_kouhyou_detail_004_kani=true&JigyosyoCd=3373400104-00&ServiceCd=430&Type=search", "url2": null }, "geometry": { "type": "Point", "coordinates": [ 133.741959742436137, 35.029805517265743 ] } },
{ "type": "Feature", "properties": { "内容": "十字会落合居宅介護支援事業所【居宅介護支援】岡山県真庭市下河内２２７５番地", "url": "https://www.kaigokensaku.mhlw.go.jp/33/index.php?action_kouhyou_detail_004_kani=true&JigyosyoCd=3373400013-00&ServiceCd=430&Type=search", "url2": "http://www.ｊyuｊikai.or.jp" }, "geometry": { "type": "Point", "coordinates": [ 133.786581800000022, 35.03251 ] } },
{ "type": "Feature", "properties": { "内容": "真庭市社協　居宅介護支援南事業所【居宅介護支援】岡山県真庭市下市瀬558-1", "url": "https://www.kaigokensaku.mhlw.go.jp/33/index.php?action_kouhyou_detail_004_kani=true&JigyosyoCd=3373400062-00&ServiceCd=430&Type=search", "url2": null }, "geometry": { "type": "Point", "coordinates": [ 133.739014656777954, 35.026037151751197 ] } },
{ "type": "Feature", "properties": { "内容": "真庭市社協　居宅介護支援北事業所【居宅介護支援】岡山県真庭市下湯原４７番地湯原保健福祉センター内", "url": "https://www.kaigokensaku.mhlw.go.jp/33/index.php?action_kouhyou_detail_004_kani=true&JigyosyoCd=3373400088-00&ServiceCd=430&Type=search", "url2": null }, "geometry": { "type": "Point", "coordinates": [ 133.735036900000068, 35.1876319 ] } },
{ "type": "Feature", "properties": { "内容": "ゆうあい居宅介護支援事業所【居宅介護支援】岡山県真庭市勝山1080", "url": "https://www.kaigokensaku.mhlw.go.jp/33/index.php?action_kouhyou_detail_004_kani=true&JigyosyoCd=3373400096-00&ServiceCd=430&Type=search", "url2": "http://www.kondo-hospital.or.jp/" }, "geometry": { "type": "Point", "coordinates": [ 133.697395867459136, 35.084878633654313 ] } },
{ "type": "Feature", "properties": { "内容": "おちあい居宅介護支援事業所【居宅介護支援】岡山県真庭市上市瀬３５１番地１", "url": "https://www.kaigokensaku.mhlw.go.jp/33/index.php?action_kouhyou_detail_004_kani=true&JigyosyoCd=3373400153-00&ServiceCd=430&Type=search", "url2": "http://www.ochiaihp.jp" }, "geometry": { "type": "Point", "coordinates": [ 133.747048739535387, 35.027972896491072 ] } },
{ "type": "Feature", "properties": { "内容": "松坂内科居宅介護支援事業所【居宅介護支援】岡山県真庭市久世27-7", "url": "https://www.kaigokensaku.mhlw.go.jp/33/index.php?action_kouhyou_detail_004_kani=true&JigyosyoCd=3373400161-00&ServiceCd=430&Type=search", "url2": null }, "geometry": { "type": "Point", "coordinates": [ 133.752363, 35.0857118 ] } },
{ "type": "Feature", "properties": { "内容": "わたぼうし居宅介護支援事業所【居宅介護支援】岡山県真庭市本郷1825-6", "url": "https://www.kaigokensaku.mhlw.go.jp/33/index.php?action_kouhyou_detail_004_kani=true&JigyosyoCd=3373400187-00&ServiceCd=430&Type=search", "url2": "http://www.katsuyama-hp.or.jp/" }, "geometry": { "type": "Point", "coordinates": [ 133.689141, 35.0850753 ] } },
{ "type": "Feature", "properties": { "内容": "指定居宅介護支援事業所みどり【居宅介護支援】岡山県真庭市西原63番地", "url": "https://www.kaigokensaku.mhlw.go.jp/33/index.php?action_kouhyou_detail_004_kani=true&JigyosyoCd=3373400260-00&ServiceCd=430&Type=search", "url2": "http://www.kaneda-hp.com" }, "geometry": { "type": "Point", "coordinates": [ 133.754228199999915, 35.020840900000046 ] } },
{ "type": "Feature", "properties": { "内容": "真庭市国民健康保険　湯原温泉病院　居宅介護支援事業所【居宅介護支援】岡山県真庭市下湯原56", "url": "https://www.kaigokensaku.mhlw.go.jp/33/index.php?action_kouhyou_detail_004_kani=true&JigyosyoCd=3373400849-00&ServiceCd=430&Type=search", "url2": "http://ww1.tiki.ne.jp/~yubara-hp/" }, "geometry": { "type": "Point", "coordinates": [ 133.733784199999945, 35.1874902 ] } },
{ "type": "Feature", "properties": { "内容": "居宅介護支援事業所えがお【居宅介護支援】岡山県真庭市久世２５１３番地１", "url": "https://www.kaigokensaku.mhlw.go.jp/33/index.php?action_kouhyou_detail_004_kani=true&JigyosyoCd=3373401243-00&ServiceCd=430&Type=search", "url2": null }, "geometry": { "type": "Point", "coordinates": [ 133.745733942327888, 35.079206770916429 ] } },
{ "type": "Feature", "properties": { "内容": "蒜山居宅介護支援事業所【居宅介護支援】岡山県真庭市蒜山上長田２８－１", "url": "https://www.kaigokensaku.mhlw.go.jp/33/index.php?action_kouhyou_detail_004_kani=true&JigyosyoCd=3373400039-00&ServiceCd=430&Type=search", "url2": "https://senju-sou.com/" }, "geometry": { "type": "Point", "coordinates": [ 133.687347199999977, 35.2863203 ] } },
{ "type": "Feature", "properties": { "内容": "宮島医院居宅介護支援事業所【居宅介護支援】岡山県真庭市月田6840", "url": "https://www.kaigokensaku.mhlw.go.jp/33/index.php?action_kouhyou_detail_004_kani=true&JigyosyoCd=3373400146-00&ServiceCd=430&Type=search", "url2": "http://miyashima-iin.webmedipr.jp/" }, "geometry": { "type": "Point", "coordinates": [ 133.662677900000062, 35.0443421 ] } },
{ "type": "Feature", "properties": { "内容": "イケヤ医院居宅介護支援センター【居宅介護支援】岡山県真庭市久世２９２６－３", "url": "https://www.kaigokensaku.mhlw.go.jp/33/index.php?action_kouhyou_detail_004_kani=true&JigyosyoCd=3373400195-00&ServiceCd=430&Type=search", "url2": null }, "geometry": { "type": "Point", "coordinates": [ 133.7517633, 35.0763379 ] } },
{ "type": "Feature", "properties": { "内容": "一般社団法人晴れの郷　まにわ居宅介護支援事業所【居宅介護支援】台金屋395-41", "url": "https://www.kaigokensaku.mhlw.go.jp/33/index.php?action_kouhyou_detail_004_kani=true&JigyosyoCd=3373401292-00&ServiceCd=430&Type=search", "url2": "http://harenosato.jp" }, "geometry": { "type": "Point", "coordinates": [ 133.7601244, 35.0778675 ] } },
{ "type": "Feature", "properties": { "内容": "居宅介護支援事業所　花　岡　荘【居宅介護支援】岡山県真庭市下中津井505番地", "url": "https://www.kaigokensaku.mhlw.go.jp/33/index.php?action_kouhyou_detail_004_kani=true&JigyosyoCd=3373100050-00&ServiceCd=430&Type=search", "url2": "http://yoshimikai.com" }, "geometry": { "type": "Point", "coordinates": [ 133.633205699999962, 34.9362712 ] } },
{ "type": "Feature", "properties": { "内容": "居宅介護支援事業所ほっこり【居宅介護支援】岡山県真庭市宮地1247-1", "url": "https://www.kaigokensaku.mhlw.go.jp/33/index.php?action_kouhyou_detail_004_kani=true&JigyosyoCd=3373401169-00&ServiceCd=430&Type=search", "url2": null }, "geometry": { "type": "Point", "coordinates": [ 133.6784629, 34.9785043 ] } },
{ "type": "Feature", "properties": { "内容": "介護相談センター　ぽぷら【居宅介護支援】岡山県美作市明見550-1", "url": "https://www.kaigokensaku.mhlw.go.jp/33/index.php?action_kouhyou_detail_004_kani=true&JigyosyoCd=3373700040-00&ServiceCd=430&Type=search", "url2": "http://www.tajirihp.or.jp" }, "geometry": { "type": "Point", "coordinates": [ 134.145816599999989, 35.015843 ] } },
{ "type": "Feature", "properties": { "内容": "ケアプランセンター江見【居宅介護支援】岡山県美作市江見527-6", "url": "https://www.kaigokensaku.mhlw.go.jp/33/index.php?action_kouhyou_detail_004_kani=true&JigyosyoCd=3373700974-00&ServiceCd=430&Type=search", "url2": null }, "geometry": { "type": "Point", "coordinates": [ 134.226407099999989, 35.0168299 ] } },
{ "type": "Feature", "properties": { "内容": "医療法人　豊医会　居宅介護支援事業所　さら【居宅介護支援】美作市豊国原363-2", "url": "https://www.kaigokensaku.mhlw.go.jp/33/index.php?action_kouhyou_detail_004_kani=true&JigyosyoCd=3373700081-00&ServiceCd=430&Type=search", "url2": null }, "geometry": { "type": "Point", "coordinates": [ 134.159956500000021, 35.0212234 ] } },
{ "type": "Feature", "properties": { "内容": "美作市立作東老人保健施設指定居宅介護支援事業所【居宅介護支援】岡山県美作市江見２８０", "url": "https://www.kaigokensaku.mhlw.go.jp/33/index.php?action_kouhyou_detail_004_kani=true&JigyosyoCd=3373700065-00&ServiceCd=430&Type=search", "url2": "http://www.city.mimasaka.lg.jp/" }, "geometry": { "type": "Point", "coordinates": [ 134.22530329999995, 35.0133252 ] } },
{ "type": "Feature", "properties": { "内容": "居宅介護支援事業所　こもれび【居宅介護支援】岡山県美作市尾谷739", "url": "https://www.kaigokensaku.mhlw.go.jp/33/index.php?action_kouhyou_detail_004_kani=true&JigyosyoCd=3373700958-00&ServiceCd=430&Type=search", "url2": null }, "geometry": { "type": "Point", "coordinates": [ 134.1369196, 34.9488333 ] } },
{ "type": "Feature", "properties": { "内容": "いきいきケア石田【居宅介護支援】岡山県美作市中山1366－1", "url": "https://www.kaigokensaku.mhlw.go.jp/33/index.php?action_kouhyou_detail_004_kani=true&JigyosyoCd=3373700669-00&ServiceCd=430&Type=search", "url2": null }, "geometry": { "type": "Point", "coordinates": [ 134.131771500000013, 34.9960584 ] } },
{ "type": "Feature", "properties": { "内容": "ケアシールド【居宅介護支援】栄町68", "url": "https://www.kaigokensaku.mhlw.go.jp/33/index.php?action_kouhyou_detail_004_kani=true&JigyosyoCd=3373700305-00&ServiceCd=430&Type=search", "url2": "https://www.mimasakanagurado.com" }, "geometry": { "type": "Point", "coordinates": [ 134.148977157644538, 35.010469846011596 ] } },
{ "type": "Feature", "properties": { "内容": "ケアプランセンターなでしこ【居宅介護支援】岡山県美作市北山２３１－２", "url": "https://www.kaigokensaku.mhlw.go.jp/33/index.php?action_kouhyou_detail_004_kani=true&JigyosyoCd=3373700768-00&ServiceCd=430&Type=search", "url2": null }, "geometry": { "type": "Point", "coordinates": [ 134.161086599999976, 35.02802 ] } },
{ "type": "Feature", "properties": { "内容": "在宅介護相談室きらら【居宅介護支援】上相１６２９", "url": "https://www.kaigokensaku.mhlw.go.jp/33/index.php?action_kouhyou_detail_004_kani=true&JigyosyoCd=3373700776-00&ServiceCd=430&Type=search", "url2": null }, "geometry": { "type": "Point", "coordinates": [ 134.144848899999943, 35.036705 ] } },
{ "type": "Feature", "properties": { "内容": "介護支援センターふくだ【居宅介護支援】岡山県美作市真加部１３６８－２", "url": "https://www.kaigokensaku.mhlw.go.jp/33/index.php?action_kouhyou_detail_004_kani=true&JigyosyoCd=3373600463-00&ServiceCd=430&Type=search", "url2": null }, "geometry": { "type": "Point", "coordinates": [ 134.18741481593284, 35.0751733314696 ] } },
{ "type": "Feature", "properties": { "内容": "ゆうゆうの里ケアプランセンター【居宅介護支援】岡山県美作市北山401", "url": "https://www.kaigokensaku.mhlw.go.jp/33/index.php?action_kouhyou_detail_004_kani=true&JigyosyoCd=3373700339-00&ServiceCd=430&Type=search", "url2": "www.fukushi-koukikai.jp" }, "geometry": { "type": "Point", "coordinates": [ 134.156314599999973, 35.0319002 ] } },
{ "type": "Feature", "properties": { "内容": "ケアプランセンターすまいる【居宅介護支援】美作市川上30-1", "url": "https://www.kaigokensaku.mhlw.go.jp/33/index.php?action_kouhyou_detail_004_kani=true&JigyosyoCd=3373700735-00&ServiceCd=430&Type=search", "url2": null }, "geometry": { "type": "Point", "coordinates": [ 134.328057321002404, 35.119431803907887 ] } },
{ "type": "Feature", "properties": { "内容": "ケアフラン浅口【居宅介護支援】岡山県浅口市鴨方町六条院東3476-4-102", "url": "https://www.kaigokensaku.mhlw.go.jp/33/index.php?action_kouhyou_detail_004_kani=true&JigyosyoCd=3372701197-00&ServiceCd=430&Type=search", "url2": "https://carefran.co.jp/" }, "geometry": { "type": "Point", "coordinates": [ 133.5971173, 34.5341162 ] } },
{ "type": "Feature", "properties": { "内容": "オペラハウス鴨方　ケアプランセンター【居宅介護支援】岡山県浅口市鴨方町地頭上567番地", "url": "https://www.kaigokensaku.mhlw.go.jp/33/index.php?action_kouhyou_detail_004_kani=true&JigyosyoCd=3372701031-00&ServiceCd=430&Type=search", "url2": "http://www.okayama-chidori.or.jp/opera/oper91.htm" }, "geometry": { "type": "Point", "coordinates": [ 133.5903399, 34.5589695 ] } },
{ "type": "Feature", "properties": { "内容": "在宅介護支援センターよりしま居宅介護支援事業所【居宅介護支援】岡山県浅口市寄島町7543-11", "url": "https://www.kaigokensaku.mhlw.go.jp/33/index.php?action_kouhyou_detail_004_kani=true&JigyosyoCd=3372700124-00&ServiceCd=430&Type=search", "url2": null }, "geometry": { "type": "Point", "coordinates": [ 133.58667326445277, 34.480395540203958 ] } },
{ "type": "Feature", "properties": { "内容": "指定居宅介護支援事業所　「介護計画センター桃花」【居宅介護支援】岡山県浅口市鴨方町六条院中1329", "url": "https://www.kaigokensaku.mhlw.go.jp/33/index.php?action_kouhyou_detail_004_kani=true&JigyosyoCd=3372700108-00&ServiceCd=430&Type=search", "url2": "httpｓ://www.sunpalacetouka2.com/." }, "geometry": { "type": "Point", "coordinates": [ 133.578430499999968, 34.5214482 ] } },
{ "type": "Feature", "properties": { "内容": "指定居宅介護支援事業所ハミング【居宅介護支援】岡山県浅口市鴨方町鴨方１０８１－１", "url": "https://www.kaigokensaku.mhlw.go.jp/33/index.php?action_kouhyou_detail_004_kani=true&JigyosyoCd=3372700116-00&ServiceCd=430&Type=search", "url2": "https://hakkoh.mokuren.ne.jp/" }, "geometry": { "type": "Point", "coordinates": [ 133.58781010000007, 34.5411711 ] } },
{ "type": "Feature", "properties": { "内容": "医療法人社団同仁会金光病院指定居宅介護支援事業所【居宅介護支援】岡山県浅口市金光町占見新田740番地", "url": "https://www.kaigokensaku.mhlw.go.jp/33/index.php?action_kouhyou_detail_004_kani=true&JigyosyoCd=3372700017-00&ServiceCd=430&Type=search", "url2": "http://konkohp.jp/" }, "geometry": { "type": "Point", "coordinates": [ 133.626247299999932, 34.5419174 ] } },
{ "type": "Feature", "properties": { "内容": "さつきの里ケアプランセンター【居宅介護支援】岡山県浅口市金光町地頭下２８１番地２", "url": "https://www.kaigokensaku.mhlw.go.jp/33/index.php?action_kouhyou_detail_004_kani=true&JigyosyoCd=3372700066-00&ServiceCd=430&Type=search", "url2": "http://www.miwahp.com/" }, "geometry": { "type": "Point", "coordinates": [ 133.602346636340371, 34.541361242105097 ] } },
{ "type": "Feature", "properties": { "内容": "寿光園居宅介護支援事業所【居宅介護支援】岡山県浅口市金光町下竹１７７５番の1", "url": "https://www.kaigokensaku.mhlw.go.jp/33/index.php?action_kouhyou_detail_004_kani=true&JigyosyoCd=3372700165-00&ServiceCd=430&Type=search", "url2": "http://www.kcv.ne.jp/~jukoukai/index.html" }, "geometry": { "type": "Point", "coordinates": [ 133.641736736245747, 34.559387559149002 ] } },
{ "type": "Feature", "properties": { "内容": "指定居宅介護支援事業所いるか【居宅介護支援】岡山県浅口市寄島町１６０８９－１６", "url": "https://www.kaigokensaku.mhlw.go.jp/33/index.php?action_kouhyou_detail_004_kani=true&JigyosyoCd=3372700058-00&ServiceCd=430&Type=search", "url2": "http://www.iruka.or.jp" }, "geometry": { "type": "Point", "coordinates": [ 133.586392280950918, 34.476239533412539 ] } },
{ "type": "Feature", "properties": { "内容": "福祉あさくちケアプランセンター【居宅介護支援】岡山県浅口市寄島町１６０８９－１７", "url": "https://www.kaigokensaku.mhlw.go.jp/33/index.php?action_kouhyou_detail_004_kani=true&JigyosyoCd=3372700090-00&ServiceCd=430&Type=search", "url2": null }, "geometry": { "type": "Point", "coordinates": [ 133.585791, 34.4770064 ] } },
{ "type": "Feature", "properties": { "内容": "ひまわり園居宅介護支援事業所【居宅介護支援】岡山県和気郡和気町佐伯158", "url": "https://www.kaigokensaku.mhlw.go.jp/33/index.php?action_kouhyou_detail_004_kani=true&JigyosyoCd=3372300867-00&ServiceCd=430&Type=search", "url2": "http：//www.himawarien.org" }, "geometry": { "type": "Point", "coordinates": [ 134.0922152, 34.8447544 ] } },
{ "type": "Feature", "properties": { "内容": "ケアプランサービスふくふく【居宅介護支援】岡山県和気郡和気町田原下９３６", "url": "https://www.kaigokensaku.mhlw.go.jp/33/index.php?action_kouhyou_detail_004_kani=true&JigyosyoCd=3372201313-00&ServiceCd=430&Type=search", "url2": null }, "geometry": { "type": "Point", "coordinates": [ 134.13005403861996, 34.808179921330868 ] } },
{ "type": "Feature", "properties": { "内容": "医療法人　紀典会　ケアプランサービスわけ居宅介護支援事業所【居宅介護支援】岡山県和気郡和気町和気２６６－１", "url": "https://www.kaigokensaku.mhlw.go.jp/33/index.php?action_kouhyou_detail_004_kani=true&JigyosyoCd=3372300016-00&ServiceCd=430&Type=search", "url2": "http://www.esperance.or.jp" }, "geometry": { "type": "Point", "coordinates": [ 134.145292700000027, 34.8026461 ] } },
{ "type": "Feature", "properties": { "内容": "平病院指定居宅介護支援事業所【居宅介護支援】岡山県和気郡和気町尺所４３８番地", "url": "https://www.kaigokensaku.mhlw.go.jp/33/index.php?action_kouhyou_detail_004_kani=true&JigyosyoCd=3372300065-00&ServiceCd=430&Type=search", "url2": "http://www.tairahos.or.jp/" }, "geometry": { "type": "Point", "coordinates": [ 134.161708, 34.8049791 ] } },
{ "type": "Feature", "properties": { "内容": "幸生居宅介護支援事業所【居宅介護支援】岡山県和気郡和気町佐伯368-1", "url": "https://www.kaigokensaku.mhlw.go.jp/33/index.php?action_kouhyou_detail_004_kani=true&JigyosyoCd=3372300594-00&ServiceCd=430&Type=search", "url2": null }, "geometry": { "type": "Point", "coordinates": [ 134.093576399999961, 34.8487906 ] } },
{ "type": "Feature", "properties": { "内容": "はやしま在宅介護支援センター【居宅介護支援】岡山県早島町早島2013-8メゾンド・ボヌール101", "url": "https://www.kaigokensaku.mhlw.go.jp/33/index.php?action_kouhyou_detail_004_kani=true&JigyosyoCd=3372600365-00&ServiceCd=430&Type=search", "url2": "https://ikitanyusankin.wixsite.com/my-site-14" }, "geometry": { "type": "Point", "coordinates": [ 133.822358, 34.6016347 ] } },
{ "type": "Feature", "properties": { "内容": "タイオンケアプラン早島【居宅介護支援】岡山県都窪郡早島町早島1935-2リバーサイド早島A102", "url": "https://www.kaigokensaku.mhlw.go.jp/33/index.php?action_kouhyou_detail_004_kani=true&JigyosyoCd=3372600373-00&ServiceCd=430&Type=search", "url2": "https://www.taionhd.co.jp/365/" }, "geometry": { "type": "Point", "coordinates": [ 133.822754800000013, 34.602398 ] } },
{ "type": "Feature", "properties": { "内容": "ケアプランセンターわらてぃ早島【居宅介護支援】都窪郡早島町早島4598-10", "url": "https://www.kaigokensaku.mhlw.go.jp/33/index.php?action_kouhyou_detail_004_kani=true&JigyosyoCd=3372600381-00&ServiceCd=430&Type=search", "url2": null }, "geometry": { "type": "Point", "coordinates": [ 133.815890835581968, 34.61155823006645 ] } },
{ "type": "Feature", "properties": { "内容": "早島町居宅介護支援センター【居宅介護支援】岡山県都窪郡早島町前潟249番地1", "url": "https://www.kaigokensaku.mhlw.go.jp/33/index.php?action_kouhyou_detail_004_kani=true&JigyosyoCd=3372600050-00&ServiceCd=430&Type=search", "url2": "http://www.hayashima-shakyo.jp" }, "geometry": { "type": "Point", "coordinates": [ 133.826234200000044, 34.6001826 ] } },
{ "type": "Feature", "properties": { "内容": "ケアプランセンターコスモス【居宅介護支援】岡山県浅口郡里庄町大字里見８００４－２", "url": "https://www.kaigokensaku.mhlw.go.jp/33/index.php?action_kouhyou_detail_004_kani=true&JigyosyoCd=3372701098-00&ServiceCd=430&Type=search", "url2": "http://www.kcv.ne.jp/~sakuraco/" }, "geometry": { "type": "Point", "coordinates": [ 133.563748499999946, 34.5284501 ] } },
{ "type": "Feature", "properties": { "内容": "ニチイケアセンター里庄　居宅介護支援事業所【居宅介護支援】岡山県浅口郡里庄町大字浜中93番10", "url": "https://www.kaigokensaku.mhlw.go.jp/33/index.php?action_kouhyou_detail_004_kani=true&JigyosyoCd=3370500732-00&ServiceCd=430&Type=search", "url2": "http://www.nichiigakkan.co.jp" }, "geometry": { "type": "Point", "coordinates": [ 133.535050599999977, 34.4983529 ] } },
{ "type": "Feature", "properties": { "内容": "国定病院ケアプランセンターじゃんけんぽん【居宅介護支援】浅口郡里庄町大字浜中93-141", "url": "https://www.kaigokensaku.mhlw.go.jp/33/index.php?action_kouhyou_detail_004_kani=true&JigyosyoCd=3372700041-00&ServiceCd=430&Type=search", "url2": "http://hoseikai.jp/" }, "geometry": { "type": "Point", "coordinates": [ 133.532323, 34.4968281 ] } },
{ "type": "Feature", "properties": { "内容": "居宅介護支援事業所和（なごみ）【居宅介護支援】岡山県浅口郡里庄町里見5279", "url": "https://www.kaigokensaku.mhlw.go.jp/33/index.php?action_kouhyou_detail_004_kani=true&JigyosyoCd=3372700967-00&ServiceCd=430&Type=search", "url2": null }, "geometry": { "type": "Point", "coordinates": [ 133.583567415344305, 34.530358902668645 ] } },
{ "type": "Feature", "properties": { "内容": "指定居宅介護支援センターこもれび【居宅介護支援】岡山県浅口郡里庄町大字新庄2790-2", "url": "https://www.kaigokensaku.mhlw.go.jp/33/index.php?action_kouhyou_detail_004_kani=true&JigyosyoCd=3372700769-00&ServiceCd=430&Type=search", "url2": "http://care-net.biz/33/komorebi-group/" }, "geometry": { "type": "Point", "coordinates": [ 133.552193965606648, 34.507791830243505 ] } },
{ "type": "Feature", "properties": { "内容": "ケアプランななほし【居宅介護支援】岡山県小田郡矢掛町江良１５３３番地", "url": "https://www.kaigokensaku.mhlw.go.jp/33/index.php?action_kouhyou_detail_004_kani=true&JigyosyoCd=3372800528-00&ServiceCd=430&Type=search", "url2": null }, "geometry": { "type": "Point", "coordinates": [ 133.5759615, 34.6085801 ] } },
{ "type": "Feature", "properties": { "内容": "ケアサポート　蓮佳【居宅介護支援】岡山県小田郡矢掛町東川面1590", "url": "https://www.kaigokensaku.mhlw.go.jp/33/index.php?action_kouhyou_detail_004_kani=true&JigyosyoCd=3372800536-00&ServiceCd=430&Type=search", "url2": null }, "geometry": { "type": "Point", "coordinates": [ 133.5744769, 34.6255405 ] } },
{ "type": "Feature", "properties": { "内容": "矢掛荘指定居宅介護支援センター【居宅介護支援】岡山県小田郡矢掛町南山田3044-12", "url": "https://www.kaigokensaku.mhlw.go.jp/33/index.php?action_kouhyou_detail_004_kani=true&JigyosyoCd=3372800031-00&ServiceCd=430&Type=search", "url2": null }, "geometry": { "type": "Point", "coordinates": [ 133.613008900000068, 34.5853672 ] } },
{ "type": "Feature", "properties": { "内容": "居宅支援　悠々【居宅介護支援】岡山県小田郡矢掛町矢掛2533", "url": "https://www.kaigokensaku.mhlw.go.jp/33/index.php?action_kouhyou_detail_004_kani=true&JigyosyoCd=3372800023-00&ServiceCd=430&Type=search", "url2": null }, "geometry": { "type": "Point", "coordinates": [ 133.589987800000017, 34.6277404 ] } },
{ "type": "Feature", "properties": { "内容": "ポルソ矢掛居宅介護支援事業所【居宅介護支援】岡山県小田郡矢掛町横谷1497番地", "url": "https://www.kaigokensaku.mhlw.go.jp/33/index.php?action_kouhyou_detail_004_kani=true&JigyosyoCd=3372800494-00&ServiceCd=430&Type=search", "url2": "https://polso-yakage.jimdofree.com/" }, "geometry": { "type": "Point", "coordinates": [ 133.623143199999959, 34.5974716 ] } },
{ "type": "Feature", "properties": { "内容": "支援ステーションささい【居宅介護支援】岡山県小田郡矢掛町矢掛２５８３", "url": "https://www.kaigokensaku.mhlw.go.jp/33/index.php?action_kouhyou_detail_004_kani=true&JigyosyoCd=3372800262-00&ServiceCd=430&Type=search", "url2": null }, "geometry": { "type": "Point", "coordinates": [ 133.59109890000002, 34.6239131 ] } },
{ "type": "Feature", "properties": { "内容": "新庄村社会福祉協議会指定居宅介護支援事業所【居宅介護支援】岡山県真庭郡新庄村１９９８－１", "url": "https://www.kaigokensaku.mhlw.go.jp/33/index.php?action_kouhyou_detail_004_kani=true&JigyosyoCd=3373400732-00&ServiceCd=430&Type=search", "url2": "http://www.shinjoshakyo.or.jp/" }, "geometry": { "type": "Point", "coordinates": [ 133.566881357533219, 35.179562730686328 ] } },
{ "type": "Feature", "properties": { "内容": "美湯の里居宅介護支援事業所【居宅介護支援】岡山県苫田郡鏡野町奥津84-6", "url": "https://www.kaigokensaku.mhlw.go.jp/33/index.php?action_kouhyou_detail_004_kani=true&JigyosyoCd=3373500457-00&ServiceCd=430&Type=search", "url2": null }, "geometry": { "type": "Point", "coordinates": [ 133.920724881892397, 35.224277153455802 ] } },
{ "type": "Feature", "properties": { "内容": "一般財団法人共愛会　居宅介護支援事業所　ケアプランよしの【居宅介護支援】岡山県苫田郡鏡野町吉原325", "url": "https://www.kaigokensaku.mhlw.go.jp/33/index.php?action_kouhyou_detail_004_kani=true&JigyosyoCd=3373500028-00&ServiceCd=430&Type=search", "url2": "http://www.kyouaikai.or.jp/" }, "geometry": { "type": "Point", "coordinates": [ 133.93595858095091, 35.072033703102917 ] } },
{ "type": "Feature", "properties": { "内容": "居宅介護支援事業所わかば【居宅介護支援】岡山県苫田郡鏡野町真経525-1", "url": "https://www.kaigokensaku.mhlw.go.jp/33/index.php?action_kouhyou_detail_004_kani=true&JigyosyoCd=3373500341-00&ServiceCd=430&Type=search", "url2": null }, "geometry": { "type": "Point", "coordinates": [ 133.964165403574441, 35.15929652006399 ] } },
{ "type": "Feature", "properties": { "内容": "居宅介護支援事業所ＰＣスマイル【居宅介護支援】岡山県苫田郡鏡野町羽出西谷３７８番地", "url": "https://www.kaigokensaku.mhlw.go.jp/33/index.php?action_kouhyou_detail_004_kani=true&JigyosyoCd=3373500432-00&ServiceCd=430&Type=search", "url2": null }, "geometry": { "type": "Point", "coordinates": [ 133.880845300000033, 35.2140895 ] } },
{ "type": "Feature", "properties": { "内容": "たんぽぽ居宅介護支援事業所【居宅介護支援】岡山県苫田郡鏡野町上齋原９０－３", "url": "https://www.kaigokensaku.mhlw.go.jp/33/index.php?action_kouhyou_detail_004_kani=true&JigyosyoCd=3373500465-00&ServiceCd=430&Type=search", "url2": null }, "geometry": { "type": "Point", "coordinates": [ 133.926439, 35.2755732 ] } },
{ "type": "Feature", "properties": { "内容": "ケアプランセンター　勝央苑【居宅介護支援】岡山県勝田郡勝央町平　242－1", "url": "https://www.kaigokensaku.mhlw.go.jp/33/index.php?action_kouhyou_detail_004_kani=true&JigyosyoCd=3373600265-00&ServiceCd=430&Type=search", "url2": "https://careplan.bloominglife.or.jp/" }, "geometry": { "type": "Point", "coordinates": [ 134.115118591262757, 35.043295640264574 ] } },
{ "type": "Feature", "properties": { "内容": "居宅介護支援事業所　なごみ【居宅介護支援】岡山県勝田郡勝央町植月東１５９－２", "url": "https://www.kaigokensaku.mhlw.go.jp/33/index.php?action_kouhyou_detail_004_kani=true&JigyosyoCd=3373600554-00&ServiceCd=430&Type=search", "url2": "https://kyotaku-nagomi.jp/" }, "geometry": { "type": "Point", "coordinates": [ 134.139640500000041, 35.077395 ] } },
{ "type": "Feature", "properties": { "内容": "ケアプランセンターはくせん【居宅介護支援】岡山県勝田郡勝央町岡459", "url": "https://www.kaigokensaku.mhlw.go.jp/33/index.php?action_kouhyou_detail_004_kani=true&JigyosyoCd=3373600596-00&ServiceCd=430&Type=search", "url2": null }, "geometry": { "type": "Point", "coordinates": [ 134.127595734918259, 35.03816110111201 ] } },
{ "type": "Feature", "properties": { "内容": "さとう記念病院老人保健施設居宅介護支援事業所【居宅介護支援】岡山県勝田郡勝央町黒土45", "url": "https://www.kaigokensaku.mhlw.go.jp/33/index.php?action_kouhyou_detail_004_kani=true&JigyosyoCd=3373600240-00&ServiceCd=430&Type=search", "url2": "http://www.satoukinen.or.jp/" }, "geometry": { "type": "Point", "coordinates": [ 134.127451299999962, 35.02837190000001 ] } },
{ "type": "Feature", "properties": { "内容": "社会福祉法人　社会福祉協議会　指定居宅介護支援事業所【居宅介護支援】岡山県勝田郡奈義町豊沢327番1奈義町保健相談センター", "url": "https://www.kaigokensaku.mhlw.go.jp/33/index.php?action_kouhyou_detail_004_kani=true&JigyosyoCd=3373600653-00&ServiceCd=430&Type=search", "url2": null }, "geometry": { "type": "Point", "coordinates": [ 134.175623, 35.1236596 ] } },
{ "type": "Feature", "properties": { "内容": "なぎみ苑指定居宅介護支援事業所【居宅介護支援】岡山県勝田郡奈義町広岡30", "url": "https://www.kaigokensaku.mhlw.go.jp/33/index.php?action_kouhyou_detail_004_kani=true&JigyosyoCd=3373600042-00&ServiceCd=430&Type=search", "url2": "http://www.jifu-kai.or.jp" }, "geometry": { "type": "Point", "coordinates": [ 134.166784199999938, 35.1158719 ] } },
{ "type": "Feature", "properties": { "内容": "相談センター風まくら【居宅介護支援】岡山県勝田郡奈義町小坂３０８番地２", "url": "https://www.kaigokensaku.mhlw.go.jp/33/index.php?action_kouhyou_detail_004_kani=true&JigyosyoCd=3373600679-00&ServiceCd=430&Type=search", "url2": null }, "geometry": { "type": "Point", "coordinates": [ 134.215465835581966, 35.146836633159673 ] } },
{ "type": "Feature", "properties": { "内容": "西粟倉村指定居宅介護支援事業所【居宅介護支援】岡山県英田郡西粟倉村影石33番地1", "url": "https://www.kaigokensaku.mhlw.go.jp/33/index.php?action_kouhyou_detail_004_kani=true&JigyosyoCd=3373700156-00&ServiceCd=430&Type=search", "url2": null }, "geometry": { "type": "Point", "coordinates": [ 134.334917300000029, 35.1725277 ] } },
{ "type": "Feature", "properties": { "内容": "居宅介護支援事業所　イーエスサウスヒルズ【居宅介護支援】岡山県久米郡久米南町下弓削647", "url": "https://www.kaigokensaku.mhlw.go.jp/33/index.php?action_kouhyou_detail_004_kani=true&JigyosyoCd=3373800022-00&ServiceCd=430&Type=search", "url2": "http://www.eharakeimeikai.jp/essouthhills/index.html" }, "geometry": { "type": "Point", "coordinates": [ 133.966410049073829, 34.931752102064223 ] } },
{ "type": "Feature", "properties": { "内容": "ケアプランセンターもみじ【居宅介護支援】久米郡久米南町下弓削473", "url": "https://www.kaigokensaku.mhlw.go.jp/33/index.php?action_kouhyou_detail_004_kani=true&JigyosyoCd=3373800576-00&ServiceCd=430&Type=search", "url2": null }, "geometry": { "type": "Point", "coordinates": [ 133.961464799999931, 34.9282178 ] } },
{ "type": "Feature", "properties": { "内容": "居宅介護支援事業所ゆうか【居宅介護支援】岡山県久米郡美咲町飯岡４１５番地１", "url": "https://www.kaigokensaku.mhlw.go.jp/33/index.php?action_kouhyou_detail_004_kani=true&JigyosyoCd=3373800607-00&ServiceCd=430&Type=search", "url2": null }, "geometry": { "type": "Point", "coordinates": [ 134.0984078, 34.9362891 ] } },
{ "type": "Feature", "properties": { "内容": "美咲町中央居宅介護支援事業所【居宅介護支援】岡山県久米郡美咲町原田３１０８－１０ふれあいセンター1階", "url": "https://www.kaigokensaku.mhlw.go.jp/33/index.php?action_kouhyou_detail_004_kani=true&JigyosyoCd=3373800030-00&ServiceCd=430&Type=search", "url2": null }, "geometry": { "type": "Point", "coordinates": [ 133.954594, 34.9947616 ] } },
{ "type": "Feature", "properties": { "内容": "みさきケアプランセンター【居宅介護支援】岡山県久米郡美咲町錦織2357-1", "url": "https://www.kaigokensaku.mhlw.go.jp/33/index.php?action_kouhyou_detail_004_kani=true&JigyosyoCd=3373800048-00&ServiceCd=430&Type=search", "url2": "http://www.hakujuso.or.jp/" }, "geometry": { "type": "Point", "coordinates": [ 133.944332499999973, 35.0287464 ] } },
{ "type": "Feature", "properties": { "内容": "居宅介護支援事業所　ディアナ【居宅介護支援】岡山県久米郡美咲町吉ヶ原981－1", "url": "https://www.kaigokensaku.mhlw.go.jp/33/index.php?action_kouhyou_detail_004_kani=true&JigyosyoCd=3373800451-00&ServiceCd=430&Type=search", "url2": null }, "geometry": { "type": "Point", "coordinates": [ 134.072329200000013, 34.9443083 ] } },
{ "type": "Feature", "properties": { "内容": "一般社団法人晴れの郷　居宅介護支援事業所【居宅介護支援】岡山県久米郡美咲町藤田下294", "url": "https://www.kaigokensaku.mhlw.go.jp/33/index.php?action_kouhyou_detail_004_kani=true&JigyosyoCd=3373800659-00&ServiceCd=430&Type=search", "url2": "https://harenosato.jp" }, "geometry": { "type": "Point", "coordinates": [ 134.0762983, 34.9761064 ] } },
{ "type": "Feature", "properties": { "内容": "吉備中央町社会福祉協議会居宅介護支援事業所【居宅介護支援】岡山県加賀郡吉備中央町円城５４０番地４", "url": "https://www.kaigokensaku.mhlw.go.jp/33/index.php?action_kouhyou_detail_004_kani=true&JigyosyoCd=3372100028-00&ServiceCd=430&Type=search", "url2": "http://www.fukushikibichuo.jp" }, "geometry": { "type": "Point", "coordinates": [ 133.81192770026226, 34.892063448104643 ] } },
{ "type": "Feature", "properties": { "内容": "居宅介護支援事業所　きびハイツ【居宅介護支援】岡山県加賀郡吉備中央町上野1883-5", "url": "https://www.kaigokensaku.mhlw.go.jp/33/index.php?action_kouhyou_detail_004_kani=true&JigyosyoCd=3372100341-00&ServiceCd=430&Type=search", "url2": "http://www.amical.or.jp/" }, "geometry": { "type": "Point", "coordinates": [ 133.770994299999984, 34.8357139 ] } },
{ "type": "Feature", "properties": { "内容": "ルミエール居宅介護支援事業所【居宅介護支援】岡山県加賀郡吉備中央町宮地3336-8老人保健施設ルミエール", "url": "https://www.kaigokensaku.mhlw.go.jp/33/index.php?action_kouhyou_detail_004_kani=true&JigyosyoCd=3373100019-00&ServiceCd=430&Type=search", "url2": null }, "geometry": { "type": "Point", "coordinates": [ 133.681022200000029, 34.7731167 ] } },
{ "type": "Feature", "properties": { "内容": "賀陽荘居宅介護支援センター【居宅介護支援】岡山県加賀郡吉備中央町上竹753番地", "url": "https://www.kaigokensaku.mhlw.go.jp/33/index.php?action_kouhyou_detail_004_kani=true&JigyosyoCd=3373100043-00&ServiceCd=430&Type=search", "url2": "care-net.biz/33/kayousou753/" }, "geometry": { "type": "Point", "coordinates": [ 133.6793983, 34.853910500000026 ] } },
{ "type": "Feature", "properties": { "内容": "かもがわ荘指定居宅介護支援事業所【居宅介護支援】岡山県加賀郡吉備中央町上加茂517-3", "url": "https://www.kaigokensaku.mhlw.go.jp/33/index.php?action_kouhyou_detail_004_kani=true&JigyosyoCd=3373900020-00&ServiceCd=430&Type=search", "url2": "https://makotokai.okayama.jp" }, "geometry": { "type": "Point", "coordinates": [ 133.80536589999997, 34.8508132 ] } },
{ "type": "Feature", "properties": { "内容": "吉備高原総合福祉センター　居宅介護支援事業　ももたろうケアステーション【居宅介護支援】岡山県加賀郡吉備中央町吉川７５３１", "url": "https://www.kaigokensaku.mhlw.go.jp/33/index.php?action_kouhyou_detail_004_kani=true&JigyosyoCd=3373900046-00&ServiceCd=430&Type=search", "url2": "http://momotarokai.com/" }, "geometry": { "type": "Point", "coordinates": [ 133.763061099999959, 34.8443465 ] } }
]
}
