{
"type": "FeatureCollection",
"name": "geo_33_小学校",
"crs": { "type": "name", "properties": { "name": "urn:ogc:def:crs:EPSG::6668" } },
"features": [
{ "type": "Feature", "properties": { "P29_001": "33102", "P29_002": "B133110000012", "P29_003": "16001", "P29_004": "岡山大学教育学部附属小学校", "P29_005": "岡山県岡山市中区東山2-13-80", "P29_006": "1", "P29_007": "1", "P29_008": "00", "P29_009": null }, "geometry": { "type": "Point", "coordinates": [ 133.943119368777218, 34.653845051195489 ] } },
{ "type": "Feature", "properties": { "P29_001": "33101", "P29_002": "B133210000010", "P29_003": "16001", "P29_004": "岡山市立清輝小学校", "P29_005": "岡山県岡山市北区新道1", "P29_006": "3", "P29_007": "1", "P29_008": "00", "P29_009": null }, "geometry": { "type": "Point", "coordinates": [ 133.926338587946759, 34.650390628401603 ] } },
{ "type": "Feature", "properties": { "P29_001": "33102", "P29_002": "B133210000029", "P29_003": "16001", "P29_004": "岡山市立旭東小学校", "P29_005": "岡山県岡山市中区門田屋敷本町1-17", "P29_006": "3", "P29_007": "1", "P29_008": "00", "P29_009": null }, "geometry": { "type": "Point", "coordinates": [ 133.937294015699905, 34.65551890887965 ] } },
{ "type": "Feature", "properties": { "P29_001": "33101", "P29_002": "B133210000038", "P29_003": "16001", "P29_004": "岡山市立伊島小学校", "P29_005": "岡山県岡山市北区伊島町1-6-6", "P29_006": "3", "P29_007": "1", "P29_008": "00", "P29_009": null }, "geometry": { "type": "Point", "coordinates": [ 133.910991538408041, 34.676473147163264 ] } },
{ "type": "Feature", "properties": { "P29_001": "33101", "P29_002": "B133210000047", "P29_003": "16001", "P29_004": "岡山市立石井小学校", "P29_005": "岡山県岡山市北区寿町2-8", "P29_006": "3", "P29_007": "1", "P29_008": "00", "P29_009": null }, "geometry": { "type": "Point", "coordinates": [ 133.912238070267108, 34.666503980892735 ] } },
{ "type": "Feature", "properties": { "P29_001": "33101", "P29_002": "B133210000056", "P29_003": "16001", "P29_004": "岡山市立鹿田小学校", "P29_005": "岡山県岡山市北区大供表町16-50", "P29_006": "3", "P29_007": "1", "P29_008": "00", "P29_009": null }, "geometry": { "type": "Point", "coordinates": [ 133.914658460003551, 34.653557350133447 ] } },
{ "type": "Feature", "properties": { "P29_001": "33101", "P29_002": "B133210000065", "P29_003": "16001", "P29_004": "岡山市立御野小学校", "P29_005": "岡山県岡山市北区中井町1-6-34", "P29_006": "3", "P29_007": "1", "P29_008": "00", "P29_009": null }, "geometry": { "type": "Point", "coordinates": [ 133.929982795180848, 34.683099759602754 ] } },
{ "type": "Feature", "properties": { "P29_001": "33102", "P29_002": "B133210000074", "P29_003": "16001", "P29_004": "岡山市立三勲小学校", "P29_005": "岡山県岡山市中区徳吉町1-1-21", "P29_006": "3", "P29_007": "1", "P29_008": "00", "P29_009": null }, "geometry": { "type": "Point", "coordinates": [ 133.941171230666072, 34.659877887013863 ] } },
{ "type": "Feature", "properties": { "P29_001": "33104", "P29_002": "B133210000083", "P29_003": "16001", "P29_004": "岡山市立福浜小学校", "P29_005": "岡山県岡山市南区福富東1-1-1", "P29_006": "3", "P29_007": "1", "P29_008": "00", "P29_009": null }, "geometry": { "type": "Point", "coordinates": [ 133.939581473957105, 34.624225101790167 ] } },
{ "type": "Feature", "properties": { "P29_001": "33102", "P29_002": "B133210000092", "P29_003": "16001", "P29_004": "岡山市立宇野小学校", "P29_005": "岡山県岡山市中区原尾島1-9-1", "P29_006": "3", "P29_007": "1", "P29_008": "00", "P29_009": null }, "geometry": { "type": "Point", "coordinates": [ 133.947938559536595, 34.673110738017805 ] } },
{ "type": "Feature", "properties": { "P29_001": "33101", "P29_002": "B133210000109", "P29_003": "16001", "P29_004": "岡山市立岡南小学校", "P29_005": "岡山県岡山市北区岡南町2-4-5", "P29_006": "3", "P29_007": "1", "P29_008": "00", "P29_009": null }, "geometry": { "type": "Point", "coordinates": [ 133.926825688523991, 34.641924878519141 ] } },
{ "type": "Feature", "properties": { "P29_001": "33102", "P29_002": "B133210000118", "P29_003": "16001", "P29_004": "岡山市立平井小学校", "P29_005": "岡山県岡山市中区平井4-19-52", "P29_006": "3", "P29_007": "1", "P29_008": "00", "P29_009": null }, "geometry": { "type": "Point", "coordinates": [ 133.946026027871255, 34.63787552206022 ] } },
{ "type": "Feature", "properties": { "P29_001": "33104", "P29_002": "B133210000127", "P29_003": "16001", "P29_004": "岡山市立福島小学校", "P29_005": "岡山県岡山市南区立川町3-37", "P29_006": "3", "P29_007": "1", "P29_008": "00", "P29_009": null }, "geometry": { "type": "Point", "coordinates": [ 133.947916014739519, 34.608285181940829 ] } },
{ "type": "Feature", "properties": { "P29_001": "33102", "P29_002": "B133210000136", "P29_003": "16001", "P29_004": "岡山市立操南小学校", "P29_005": "岡山県岡山市中区藤崎45", "P29_006": "3", "P29_007": "1", "P29_008": "00", "P29_009": null }, "geometry": { "type": "Point", "coordinates": [ 133.964927537393322, 34.630050861235496 ] } },
{ "type": "Feature", "properties": { "P29_001": "33102", "P29_002": "B133210000145", "P29_003": "16001", "P29_004": "岡山市立富山小学校", "P29_005": "岡山県岡山市中区福泊233", "P29_006": "3", "P29_007": "1", "P29_008": "00", "P29_009": null }, "geometry": { "type": "Point", "coordinates": [ 133.974430695027962, 34.655189266790252 ] } },
{ "type": "Feature", "properties": { "P29_001": "33101", "P29_002": "B133210000154", "P29_003": "16001", "P29_004": "岡山市立牧石小学校", "P29_005": "岡山県岡山市北区玉柏2108", "P29_006": "3", "P29_007": "1", "P29_008": "00", "P29_009": null }, "geometry": { "type": "Point", "coordinates": [ 133.950983108836169, 34.714942247548763 ] } },
{ "type": "Feature", "properties": { "P29_001": "33101", "P29_002": "B133210000163", "P29_003": "16001", "P29_004": "岡山市立大野小学校", "P29_005": "岡山県岡山市北区大安寺南町2-8-36", "P29_006": "3", "P29_007": "1", "P29_008": "00", "P29_009": null }, "geometry": { "type": "Point", "coordinates": [ 133.887613388609907, 34.661088586345421 ] } },
{ "type": "Feature", "properties": { "P29_001": "33101", "P29_002": "B133210000172", "P29_003": "16001", "P29_004": "岡山市立西小学校", "P29_005": "岡山県岡山市北区中仙道1-18-20", "P29_006": "3", "P29_007": "1", "P29_008": "00", "P29_009": null }, "geometry": { "type": "Point", "coordinates": [ 133.887391950742483, 34.646179453215517 ] } },
{ "type": "Feature", "properties": { "P29_001": "33104", "P29_002": "B133210000181", "P29_003": "16001", "P29_004": "岡山市立芳田小学校", "P29_005": "岡山県岡山市南区泉田408", "P29_006": "3", "P29_007": "1", "P29_008": "00", "P29_009": null }, "geometry": { "type": "Point", "coordinates": [ 133.907853519222186, 34.627544735782209 ] } },
{ "type": "Feature", "properties": { "P29_001": "33104", "P29_002": "B133210000190", "P29_003": "16001", "P29_004": "岡山市立甲浦小学校", "P29_005": "岡山県岡山市南区飽浦250", "P29_006": "3", "P29_007": "1", "P29_008": "00", "P29_009": null }, "geometry": { "type": "Point", "coordinates": [ 133.972388233574605, 34.590951055026153 ] } },
{ "type": "Feature", "properties": { "P29_001": "33101", "P29_002": "B133210000207", "P29_003": "16001", "P29_004": "岡山市立三門小学校", "P29_005": "岡山県岡山市北区下伊福西町5-37", "P29_006": "3", "P29_007": "1", "P29_008": "00", "P29_009": null }, "geometry": { "type": "Point", "coordinates": [ 133.900622074837486, 34.66620233899831 ] } },
{ "type": "Feature", "properties": { "P29_001": "33102", "P29_002": "B133210000216", "P29_003": "16001", "P29_004": "岡山市立財田小学校", "P29_005": "岡山県岡山市中区長岡58-2", "P29_006": "3", "P29_007": "1", "P29_008": "00", "P29_009": null }, "geometry": { "type": "Point", "coordinates": [ 133.985913947493657, 34.683914643242616 ] } },
{ "type": "Feature", "properties": { "P29_001": "33102", "P29_002": "B133210000225", "P29_003": "16001", "P29_004": "岡山市立高島小学校", "P29_005": "岡山県岡山市中区国府市場131", "P29_006": "3", "P29_007": "1", "P29_008": "00", "P29_009": null }, "geometry": { "type": "Point", "coordinates": [ 133.962420761391797, 34.691209323580033 ] } },
{ "type": "Feature", "properties": { "P29_001": "33102", "P29_002": "B133210000234", "P29_003": "16001", "P29_004": "岡山市立幡多小学校", "P29_005": "岡山県岡山市中区高屋254", "P29_006": "3", "P29_007": "1", "P29_008": "00", "P29_009": null }, "geometry": { "type": "Point", "coordinates": [ 133.965580416194683, 34.674751513034266 ] } },
{ "type": "Feature", "properties": { "P29_001": "33104", "P29_002": "B133210000243", "P29_003": "16001", "P29_004": "岡山市立小串小学校", "P29_005": "岡山県岡山市南区小串3379", "P29_006": "3", "P29_007": "1", "P29_008": "00", "P29_009": null }, "geometry": { "type": "Point", "coordinates": [ 134.027385639575243, 34.59592917557125 ] } },
{ "type": "Feature", "properties": { "P29_001": "33104", "P29_002": "B133210000252", "P29_003": "16001", "P29_004": "岡山市立浦安小学校", "P29_005": "岡山県岡山市南区浦安本町95", "P29_006": "3", "P29_007": "1", "P29_008": "00", "P29_009": null }, "geometry": { "type": "Point", "coordinates": [ 133.91896469853242, 34.604122186921472 ] } },
{ "type": "Feature", "properties": { "P29_001": "33101", "P29_002": "B133210000261", "P29_003": "16001", "P29_004": "岡山市立津島小学校", "P29_005": "岡山県岡山市北区津島本町19-1", "P29_006": "3", "P29_007": "1", "P29_008": "00", "P29_009": null }, "geometry": { "type": "Point", "coordinates": [ 133.908489283782558, 34.690790242253648 ] } },
{ "type": "Feature", "properties": { "P29_001": "33101", "P29_002": "B133210000270", "P29_003": "16001", "P29_004": "岡山市立大元小学校", "P29_005": "岡山県岡山市北区大元上町9-43", "P29_006": "3", "P29_007": "1", "P29_008": "00", "P29_009": null }, "geometry": { "type": "Point", "coordinates": [ 133.899479332956645, 34.649372053429076 ] } },
{ "type": "Feature", "properties": { "P29_001": "33104", "P29_002": "B133210000289", "P29_003": "16001", "P29_004": "岡山市立南輝小学校", "P29_005": "岡山県岡山市南区南輝3-6-9", "P29_006": "3", "P29_007": "1", "P29_008": "00", "P29_009": null }, "geometry": { "type": "Point", "coordinates": [ 133.935017803349552, 34.606520161456025 ] } },
{ "type": "Feature", "properties": { "P29_001": "33104", "P29_002": "B133210000298", "P29_003": "16001", "P29_004": "岡山市立平福小学校", "P29_005": "岡山県岡山市南区平福1-7-1", "P29_006": "3", "P29_007": "1", "P29_008": "00", "P29_009": null }, "geometry": { "type": "Point", "coordinates": [ 133.950377357076889, 34.619067078312199 ] } },
{ "type": "Feature", "properties": { "P29_001": "33102", "P29_002": "B133210000305", "P29_003": "16001", "P29_004": "岡山市立旭竜小学校", "P29_005": "岡山県岡山市中区八幡8-1", "P29_006": "3", "P29_007": "1", "P29_008": "00", "P29_009": null }, "geometry": { "type": "Point", "coordinates": [ 133.947753995161349, 34.687727997001275 ] } },
{ "type": "Feature", "properties": { "P29_001": "33104", "P29_002": "B133210000314", "P29_003": "16001", "P29_004": "岡山市立芳泉小学校", "P29_005": "岡山県岡山市南区芳泉3-2-3", "P29_006": "3", "P29_007": "1", "P29_008": "00", "P29_009": null }, "geometry": { "type": "Point", "coordinates": [ 133.917128768115987, 34.622027398526406 ] } },
{ "type": "Feature", "properties": { "P29_001": "33102", "P29_002": "B133210000323", "P29_003": "16001", "P29_004": "岡山市立旭操小学校", "P29_005": "岡山県岡山市中区倉富160", "P29_006": "3", "P29_007": "1", "P29_008": "00", "P29_009": null }, "geometry": { "type": "Point", "coordinates": [ 133.97156700805462, 34.645739641048095 ] } },
{ "type": "Feature", "properties": { "P29_001": "33202", "P29_002": "B133210000332", "P29_003": "16001", "P29_004": "倉敷市立倉敷東小学校", "P29_005": "岡山県倉敷市鶴形2-6-10", "P29_006": "3", "P29_007": "1", "P29_008": "00", "P29_009": null }, "geometry": { "type": "Point", "coordinates": [ 133.772186720128275, 34.599304061082549 ] } },
{ "type": "Feature", "properties": { "P29_001": "33202", "P29_002": "B133210000341", "P29_003": "16001", "P29_004": "倉敷市立倉敷西小学校", "P29_005": "岡山県倉敷市中央1-21-1", "P29_006": "3", "P29_007": "1", "P29_008": "00", "P29_009": null }, "geometry": { "type": "Point", "coordinates": [ 133.771270772040538, 34.591633416700397 ] } },
{ "type": "Feature", "properties": { "P29_001": "33202", "P29_002": "B133210000350", "P29_003": "16001", "P29_004": "倉敷市立老松小学校", "P29_005": "岡山県倉敷市老松町4-10-1", "P29_006": "3", "P29_007": "1", "P29_008": "00", "P29_009": null }, "geometry": { "type": "Point", "coordinates": [ 133.761187236214113, 34.592425236629545 ] } },
{ "type": "Feature", "properties": { "P29_001": "33202", "P29_002": "B133210000369", "P29_003": "16001", "P29_004": "倉敷市立万寿小学校", "P29_005": "岡山県倉敷市浜町2-3-1", "P29_006": "3", "P29_007": "1", "P29_008": "00", "P29_009": null }, "geometry": { "type": "Point", "coordinates": [ 133.771632756872037, 34.607526176094851 ] } },
{ "type": "Feature", "properties": { "P29_001": "33202", "P29_002": "B133210000378", "P29_003": "16001", "P29_004": "倉敷市立大高小学校", "P29_005": "岡山県倉敷市堀南621", "P29_006": "3", "P29_007": "1", "P29_008": "00", "P29_009": null }, "geometry": { "type": "Point", "coordinates": [ 133.757048994840602, 34.580041000471063 ] } },
{ "type": "Feature", "properties": { "P29_001": "33202", "P29_002": "B133210000387", "P29_003": "16001", "P29_004": "倉敷市立中洲小学校", "P29_005": "岡山県倉敷市水江1594-1", "P29_006": "3", "P29_007": "1", "P29_008": "00", "P29_009": null }, "geometry": { "type": "Point", "coordinates": [ 133.74540874449599, 34.595233521063825 ] } },
{ "type": "Feature", "properties": { "P29_001": "33202", "P29_002": "B133210000396", "P29_003": "16001", "P29_004": "倉敷市立粒江小学校", "P29_005": "岡山県倉敷市粒江2161", "P29_006": "3", "P29_007": "1", "P29_008": "00", "P29_009": null }, "geometry": { "type": "Point", "coordinates": [ 133.791246686006502, 34.563024611614736 ] } },
{ "type": "Feature", "properties": { "P29_001": "33202", "P29_002": "B133210000403", "P29_003": "16001", "P29_004": "倉敷市立中庄小学校", "P29_005": "岡山県倉敷市中庄2599", "P29_006": "3", "P29_007": "1", "P29_008": "00", "P29_009": null }, "geometry": { "type": "Point", "coordinates": [ 133.797643427276853, 34.615372608076036 ] } },
{ "type": "Feature", "properties": { "P29_001": "33202", "P29_002": "B133210000412", "P29_003": "16001", "P29_004": "倉敷市立帯江小学校", "P29_005": "岡山県倉敷市加須山526", "P29_006": "3", "P29_007": "1", "P29_008": "00", "P29_009": null }, "geometry": { "type": "Point", "coordinates": [ 133.794185004823305, 34.587235003694971 ] } },
{ "type": "Feature", "properties": { "P29_001": "33202", "P29_002": "B133210000421", "P29_003": "16001", "P29_004": "倉敷市立菅生小学校", "P29_005": "岡山県倉敷市西坂538", "P29_006": "3", "P29_007": "1", "P29_008": "00", "P29_009": null }, "geometry": { "type": "Point", "coordinates": [ 133.774346395498753, 34.622958418662314 ] } },
{ "type": "Feature", "properties": { "P29_001": "33202", "P29_002": "B133210000430", "P29_003": "16001", "P29_004": "倉敷市立豊洲小学校", "P29_005": "岡山県倉敷市西田201-1", "P29_006": "3", "P29_007": "1", "P29_008": "00", "P29_009": null }, "geometry": { "type": "Point", "coordinates": [ 133.807420736285962, 34.594168156493225 ] } },
{ "type": "Feature", "properties": { "P29_001": "33202", "P29_002": "B133210000449", "P29_003": "16001", "P29_004": "倉敷市立西阿知小学校", "P29_005": "岡山県倉敷市西阿知町西原1003", "P29_006": "3", "P29_007": "1", "P29_008": "00", "P29_009": null }, "geometry": { "type": "Point", "coordinates": [ 133.723107713449537, 34.585560175873901 ] } },
{ "type": "Feature", "properties": { "P29_001": "33202", "P29_002": "B133210000458", "P29_003": "16001", "P29_004": "倉敷市立第一福田小学校", "P29_005": "岡山県倉敷市東塚3-1-1", "P29_006": "3", "P29_007": "1", "P29_008": "00", "P29_009": null }, "geometry": { "type": "Point", "coordinates": [ 133.756412495385575, 34.528174984199637 ] } },
{ "type": "Feature", "properties": { "P29_001": "33202", "P29_002": "B133210000467", "P29_003": "16001", "P29_004": "倉敷市立第二福田小学校", "P29_005": "岡山県倉敷市福田町古新田310-2", "P29_006": "3", "P29_007": "1", "P29_008": "00", "P29_009": null }, "geometry": { "type": "Point", "coordinates": [ 133.764410997673764, 34.548377997028751 ] } },
{ "type": "Feature", "properties": { "P29_001": "33202", "P29_002": "B133210000476", "P29_003": "16001", "P29_004": "倉敷市立第三福田小学校", "P29_005": "岡山県倉敷市広江1-9-1", "P29_006": "3", "P29_007": "1", "P29_008": "00", "P29_009": null }, "geometry": { "type": "Point", "coordinates": [ 133.774885482429482, 34.52024804146285 ] } },
{ "type": "Feature", "properties": { "P29_001": "33202", "P29_002": "B133210000485", "P29_003": "16001", "P29_004": "倉敷市立第四福田小学校", "P29_005": "岡山県倉敷市北畝3-8-1", "P29_006": "3", "P29_007": "1", "P29_008": "00", "P29_009": null }, "geometry": { "type": "Point", "coordinates": [ 133.750092247599639, 34.54668501655636 ] } },
{ "type": "Feature", "properties": { "P29_001": "33202", "P29_002": "B133210000494", "P29_003": "16001", "P29_004": "倉敷市立第五福田小学校", "P29_005": "岡山県倉敷市水島西千鳥町4-37", "P29_006": "3", "P29_007": "1", "P29_008": "00", "P29_009": null }, "geometry": { "type": "Point", "coordinates": [ 133.739670121265931, 34.531240947403148 ] } },
{ "type": "Feature", "properties": { "P29_001": "33202", "P29_002": "B133210000519", "P29_003": "16001", "P29_004": "倉敷市立連島西浦小学校", "P29_005": "岡山県倉敷市連島町西之浦3575", "P29_006": "3", "P29_007": "1", "P29_008": "00", "P29_009": null }, "geometry": { "type": "Point", "coordinates": [ 133.720570925722484, 34.551803432239858 ] } },
{ "type": "Feature", "properties": { "P29_001": "33202", "P29_002": "B133210000528", "P29_003": "16001", "P29_004": "倉敷市立連島東小学校", "P29_005": "岡山県倉敷市連島町連島2850", "P29_006": "3", "P29_007": "1", "P29_008": "00", "P29_009": null }, "geometry": { "type": "Point", "coordinates": [ 133.736349484232363, 34.556749118391245 ] } },
{ "type": "Feature", "properties": { "P29_001": "33202", "P29_002": "B133210000537", "P29_003": "16001", "P29_004": "倉敷市立連島南小学校", "P29_005": "岡山県倉敷市連島町鶴新田1705", "P29_006": "3", "P29_007": "1", "P29_008": "00", "P29_009": null }, "geometry": { "type": "Point", "coordinates": [ 133.716642661506143, 34.539473183148715 ] } },
{ "type": "Feature", "properties": { "P29_001": "33202", "P29_002": "B133210000546", "P29_003": "16001", "P29_004": "倉敷市立連島北小学校", "P29_005": "岡山県倉敷市連島町西之浦5068", "P29_006": "3", "P29_007": "1", "P29_008": "00", "P29_009": null }, "geometry": { "type": "Point", "coordinates": [ 133.718491914024355, 34.566009622275821 ] } },
{ "type": "Feature", "properties": { "P29_001": "33202", "P29_002": "B133210000555", "P29_003": "16001", "P29_004": "倉敷市立水島小学校", "P29_005": "岡山県倉敷市水島北春日町11-11", "P29_006": "3", "P29_007": "1", "P29_008": "00", "P29_009": null }, "geometry": { "type": "Point", "coordinates": [ 133.742215739031764, 34.545364119830346 ] } },
{ "type": "Feature", "properties": { "P29_001": "33202", "P29_002": "B133210000564", "P29_003": "16001", "P29_004": "倉敷市立天城小学校", "P29_005": "岡山県倉敷市藤戸町天城2285", "P29_006": "3", "P29_007": "1", "P29_008": "00", "P29_009": null }, "geometry": { "type": "Point", "coordinates": [ 133.811424657275296, 34.561362516788513 ] } },
{ "type": "Feature", "properties": { "P29_001": "33202", "P29_002": "B133210000573", "P29_003": "16001", "P29_004": "倉敷市立味野小学校", "P29_005": "岡山県倉敷市児島味野城2-2-9", "P29_006": "3", "P29_007": "1", "P29_008": "00", "P29_009": null }, "geometry": { "type": "Point", "coordinates": [ 133.799279669623246, 34.470146897526106 ] } },
{ "type": "Feature", "properties": { "P29_001": "33202", "P29_002": "B133210000582", "P29_003": "16001", "P29_004": "倉敷市立赤崎小学校", "P29_005": "岡山県倉敷市児島赤崎2-1-59", "P29_006": "3", "P29_007": "1", "P29_008": "00", "P29_009": null }, "geometry": { "type": "Point", "coordinates": [ 133.799314895756993, 34.455600223125799 ] } },
{ "type": "Feature", "properties": { "P29_001": "33202", "P29_002": "B133210000591", "P29_003": "16001", "P29_004": "倉敷市立下津井東小学校", "P29_005": "岡山県倉敷市下津井田之浦2-4-66", "P29_006": "3", "P29_007": "1", "P29_008": "00", "P29_009": null }, "geometry": { "type": "Point", "coordinates": [ 133.804400634822883, 34.439457640875609 ] } },
{ "type": "Feature", "properties": { "P29_001": "33202", "P29_002": "B133210000608", "P29_003": "16001", "P29_004": "倉敷市立下津井西小学校", "P29_005": "岡山県倉敷市下津井1-17-16", "P29_006": "3", "P29_007": "1", "P29_008": "00", "P29_009": null }, "geometry": { "type": "Point", "coordinates": [ 133.797342342828756, 34.439048058092418 ] } },
{ "type": "Feature", "properties": { "P29_001": "33202", "P29_002": "B133210000617", "P29_003": "16001", "P29_004": "倉敷市立本荘小学校", "P29_005": "岡山県倉敷市児島塩生1750", "P29_006": "3", "P29_007": "1", "P29_008": "00", "P29_009": null }, "geometry": { "type": "Point", "coordinates": [ 133.77552420479492, 34.475987518115588 ] } },
{ "type": "Feature", "properties": { "P29_001": "33202", "P29_002": "B133210000626", "P29_003": "16001", "P29_004": "倉敷市立児島小学校", "P29_005": "岡山県倉敷市児島柳田町851", "P29_006": "3", "P29_007": "1", "P29_008": "00", "P29_009": null }, "geometry": { "type": "Point", "coordinates": [ 133.79976557401838, 34.489936517238199 ] } },
{ "type": "Feature", "properties": { "P29_001": "33202", "P29_002": "B133210000635", "P29_003": "16001", "P29_004": "倉敷市立琴浦東小学校", "P29_005": "岡山県倉敷市児島田の口3-13-1", "P29_006": "3", "P29_007": "1", "P29_008": "00", "P29_009": null }, "geometry": { "type": "Point", "coordinates": [ 133.843970353835374, 34.473822665725741 ] } },
{ "type": "Feature", "properties": { "P29_001": "33202", "P29_002": "B133210000644", "P29_003": "16001", "P29_004": "倉敷市立琴浦西小学校", "P29_005": "岡山県倉敷市児島下の町5-4-5", "P29_006": "3", "P29_007": "1", "P29_008": "00", "P29_009": null }, "geometry": { "type": "Point", "coordinates": [ 133.821653147487496, 34.479593119111748 ] } },
{ "type": "Feature", "properties": { "P29_001": "33202", "P29_002": "B133210000653", "P29_003": "16001", "P29_004": "倉敷市立琴浦北小学校", "P29_005": "岡山県倉敷市児島由加3068", "P29_006": "3", "P29_007": "9", "P29_008": "00", "P29_009": null }, "geometry": { "type": "Point", "coordinates": [ 133.850141343197407, 34.499681876979629 ] } },
{ "type": "Feature", "properties": { "P29_001": "33202", "P29_002": "B133210000662", "P29_003": "16001", "P29_004": "倉敷市立郷内小学校", "P29_005": "岡山県倉敷市林1000", "P29_006": "3", "P29_007": "1", "P29_008": "00", "P29_009": null }, "geometry": { "type": "Point", "coordinates": [ 133.819460135860339, 34.536010941576031 ] } },
{ "type": "Feature", "properties": { "P29_001": "33202", "P29_002": "B133210000671", "P29_003": "16001", "P29_004": "倉敷市立玉島小学校", "P29_005": "岡山県倉敷市玉島阿賀崎3-3-1", "P29_006": "3", "P29_007": "1", "P29_008": "00", "P29_009": null }, "geometry": { "type": "Point", "coordinates": [ 133.669249104117426, 34.548194336218877 ] } },
{ "type": "Feature", "properties": { "P29_001": "33202", "P29_002": "B133210000680", "P29_003": "16001", "P29_004": "倉敷市立上成小学校", "P29_005": "岡山県倉敷市玉島乙島6191", "P29_006": "3", "P29_007": "1", "P29_008": "00", "P29_009": null }, "geometry": { "type": "Point", "coordinates": [ 133.694405300130853, 34.55436029633703 ] } },
{ "type": "Feature", "properties": { "P29_001": "33202", "P29_002": "B133210000699", "P29_003": "16001", "P29_004": "倉敷市立乙島小学校", "P29_005": "岡山県倉敷市玉島乙島3500", "P29_006": "3", "P29_007": "1", "P29_008": "00", "P29_009": null }, "geometry": { "type": "Point", "coordinates": [ 133.675484258244211, 34.538880295895829 ] } },
{ "type": "Feature", "properties": { "P29_001": "33202", "P29_002": "B133210000706", "P29_003": "16001", "P29_004": "倉敷市立乙島東小学校", "P29_005": "岡山県倉敷市玉島乙島7471", "P29_006": "3", "P29_007": "1", "P29_008": "00", "P29_009": null }, "geometry": { "type": "Point", "coordinates": [ 133.680997709583437, 34.528553616655493 ] } },
{ "type": "Feature", "properties": { "P29_001": "33202", "P29_002": "B133210000715", "P29_003": "16001", "P29_004": "倉敷市立柏島小学校", "P29_005": "岡山県倉敷市玉島柏島2751-1", "P29_006": "3", "P29_007": "1", "P29_008": "00", "P29_009": null }, "geometry": { "type": "Point", "coordinates": [ 133.650904213465083, 34.539386735121333 ] } },
{ "type": "Feature", "properties": { "P29_001": "33202", "P29_002": "B133210000724", "P29_003": "16001", "P29_004": "倉敷市立玉島南小学校", "P29_005": "岡山県倉敷市玉島柏島6446", "P29_006": "3", "P29_007": "1", "P29_008": "00", "P29_009": null }, "geometry": { "type": "Point", "coordinates": [ 133.652065128942468, 34.522540910558028 ] } },
{ "type": "Feature", "properties": { "P29_001": "33202", "P29_002": "B133210000733", "P29_003": "16001", "P29_004": "倉敷市立長尾小学校", "P29_005": "岡山県倉敷市玉島長尾3086", "P29_006": "3", "P29_007": "1", "P29_008": "00", "P29_009": null }, "geometry": { "type": "Point", "coordinates": [ 133.679248674828557, 34.570365304831277 ] } },
{ "type": "Feature", "properties": { "P29_001": "33202", "P29_002": "B133210000742", "P29_003": "16001", "P29_004": "倉敷市立富田小学校", "P29_005": "岡山県倉敷市玉島八島1774", "P29_006": "3", "P29_007": "1", "P29_008": "00", "P29_009": null }, "geometry": { "type": "Point", "coordinates": [ 133.657103366302835, 34.561392522132209 ] } },
{ "type": "Feature", "properties": { "P29_001": "33202", "P29_002": "B133210000751", "P29_003": "16001", "P29_004": "倉敷市立沙美小学校", "P29_005": "岡山県倉敷市玉島黒崎6050-1", "P29_006": "3", "P29_007": "1", "P29_008": "00", "P29_009": null }, "geometry": { "type": "Point", "coordinates": [ 133.63277584959468, 34.504126662725966 ] } },
{ "type": "Feature", "properties": { "P29_001": "33202", "P29_002": "B133210000760", "P29_003": "16001", "P29_004": "倉敷市立南浦小学校", "P29_005": "岡山県倉敷市玉島黒崎8402", "P29_006": "3", "P29_007": "1", "P29_008": "00", "P29_009": null }, "geometry": { "type": "Point", "coordinates": [ 133.612864826641811, 34.498492420595376 ] } },
{ "type": "Feature", "properties": { "P29_001": "33202", "P29_002": "B133210000779", "P29_003": "16001", "P29_004": "倉敷市立穂井田小学校", "P29_005": "岡山県倉敷市玉島陶1630", "P29_006": "3", "P29_007": "1", "P29_008": "00", "P29_009": null }, "geometry": { "type": "Point", "coordinates": [ 133.679116379361858, 34.596648342977588 ] } },
{ "type": "Feature", "properties": { "P29_001": "33202", "P29_002": "B133210000788", "P29_003": "16001", "P29_004": "倉敷市立中島小学校", "P29_005": "岡山県倉敷市中島909-3", "P29_006": "3", "P29_007": "1", "P29_008": "00", "P29_009": null }, "geometry": { "type": "Point", "coordinates": [ 133.736645173394635, 34.580041655612803 ] } },
{ "type": "Feature", "properties": { "P29_001": "33202", "P29_002": "B133210000797", "P29_003": "16001", "P29_004": "倉敷市立葦高小学校", "P29_005": "岡山県倉敷市笹沖145-1", "P29_006": "3", "P29_007": "1", "P29_008": "00", "P29_009": null }, "geometry": { "type": "Point", "coordinates": [ 133.764181668604749, 34.571481342640055 ] } },
{ "type": "Feature", "properties": { "P29_001": "33202", "P29_002": "B133210000804", "P29_003": "16001", "P29_004": "倉敷市立緑丘小学校", "P29_005": "岡山県倉敷市児島稗田町900", "P29_006": "3", "P29_007": "1", "P29_008": "00", "P29_009": null }, "geometry": { "type": "Point", "coordinates": [ 133.813727207601062, 34.499081712392922 ] } },
{ "type": "Feature", "properties": { "P29_001": "33202", "P29_002": "B133210000813", "P29_003": "16001", "P29_004": "倉敷市立万寿東小学校", "P29_005": "岡山県倉敷市福島410", "P29_006": "3", "P29_007": "1", "P29_008": "00", "P29_009": null }, "geometry": { "type": "Point", "coordinates": [ 133.782766486219543, 34.606645782212347 ] } },
{ "type": "Feature", "properties": { "P29_001": "33202", "P29_002": "B133210000822", "P29_003": "16001", "P29_004": "倉敷市立旭丘小学校", "P29_005": "岡山県倉敷市連島町連島1793", "P29_006": "3", "P29_007": "1", "P29_008": "00", "P29_009": null }, "geometry": { "type": "Point", "coordinates": [ 133.743966023473718, 34.564058540814216 ] } },
{ "type": "Feature", "properties": { "P29_001": "33202", "P29_002": "B133210000831", "P29_003": "16001", "P29_004": "倉敷市立連島神亀小学校", "P29_005": "岡山県倉敷市神田3-6-34", "P29_006": "3", "P29_007": "1", "P29_008": "00", "P29_009": null }, "geometry": { "type": "Point", "coordinates": [ 133.731968683808731, 34.542316145359976 ] } },
{ "type": "Feature", "properties": { "P29_001": "33202", "P29_002": "B133210000840", "P29_003": "16001", "P29_004": "倉敷市立琴浦南小学校", "P29_005": "岡山県倉敷市児島下の町2-16-17", "P29_006": "3", "P29_007": "1", "P29_008": "00", "P29_009": null }, "geometry": { "type": "Point", "coordinates": [ 133.822669231673359, 34.47007136092428 ] } },
{ "type": "Feature", "properties": { "P29_001": "33102", "P29_002": "B133210000859", "P29_003": "16001", "P29_004": "岡山市立操明小学校", "P29_005": "岡山県岡山市中区藤崎721-3", "P29_006": "3", "P29_007": "1", "P29_008": "00", "P29_009": null }, "geometry": { "type": "Point", "coordinates": [ 133.974577978095709, 34.617162774163539 ] } },
{ "type": "Feature", "properties": { "P29_001": "33202", "P29_002": "B133210000868", "P29_003": "16001", "P29_004": "倉敷市立倉敷南小学校", "P29_005": "岡山県倉敷市東富井1005-10", "P29_006": "3", "P29_007": "1", "P29_008": "00", "P29_009": null }, "geometry": { "type": "Point", "coordinates": [ 133.755313120688896, 34.573690291419481 ] } },
{ "type": "Feature", "properties": { "P29_001": "33203", "P29_002": "B133210000877", "P29_003": "16001", "P29_004": "津山市立東小学校", "P29_005": "岡山県津山市山北740", "P29_006": "3", "P29_007": "1", "P29_008": "00", "P29_009": null }, "geometry": { "type": "Point", "coordinates": [ 134.008653947680784, 35.071040976418708 ] } },
{ "type": "Feature", "properties": { "P29_001": "33203", "P29_002": "B133210000886", "P29_003": "16001", "P29_004": "津山市立西小学校", "P29_005": "岡山県津山市小田中1360", "P29_006": "3", "P29_007": "1", "P29_008": "00", "P29_009": null }, "geometry": { "type": "Point", "coordinates": [ 133.992286866534045, 35.062268498631681 ] } },
{ "type": "Feature", "properties": { "P29_001": "33203", "P29_002": "B133210000895", "P29_003": "16001", "P29_004": "津山市立南小学校", "P29_005": "岡山県津山市昭和町2-73-1", "P29_006": "3", "P29_007": "1", "P29_008": "00", "P29_009": null }, "geometry": { "type": "Point", "coordinates": [ 133.995994126472112, 35.054828869441955 ] } },
{ "type": "Feature", "properties": { "P29_001": "33203", "P29_002": "B133210000902", "P29_003": "16001", "P29_004": "津山市立北小学校", "P29_005": "岡山県津山市山北238", "P29_006": "3", "P29_007": "1", "P29_008": "00", "P29_009": null }, "geometry": { "type": "Point", "coordinates": [ 134.00062913749332, 35.069239545649467 ] } },
{ "type": "Feature", "properties": { "P29_001": "33203", "P29_002": "B133210000911", "P29_003": "16001", "P29_004": "津山市立林田小学校", "P29_005": "岡山県津山市川崎850", "P29_006": "3", "P29_007": "1", "P29_008": "00", "P29_009": null }, "geometry": { "type": "Point", "coordinates": [ 134.025691086000251, 35.065046672882481 ] } },
{ "type": "Feature", "properties": { "P29_001": "33203", "P29_002": "B133210000920", "P29_003": "16001", "P29_004": "津山市立院庄小学校", "P29_005": "岡山県津山市院庄1041", "P29_006": "3", "P29_007": "1", "P29_008": "00", "P29_009": null }, "geometry": { "type": "Point", "coordinates": [ 133.947515466116755, 35.060941987521858 ] } },
{ "type": "Feature", "properties": { "P29_001": "33203", "P29_002": "B133210000939", "P29_003": "16001", "P29_004": "津山市立佐良山小学校", "P29_005": "岡山県津山市皿657-2", "P29_006": "3", "P29_007": "1", "P29_008": "00", "P29_009": null }, "geometry": { "type": "Point", "coordinates": [ 133.969547111997969, 35.044487792334081 ] } },
{ "type": "Feature", "properties": { "P29_001": "33203", "P29_002": "B133210000948", "P29_003": "16001", "P29_004": "津山市立一宮小学校", "P29_005": "岡山県津山市東一宮87-1", "P29_006": "3", "P29_007": "1", "P29_008": "00", "P29_009": null }, "geometry": { "type": "Point", "coordinates": [ 133.999720924965857, 35.101593732410116 ] } },
{ "type": "Feature", "properties": { "P29_001": "33203", "P29_002": "B133210000957", "P29_003": "16001", "P29_004": "津山市立高田小学校", "P29_005": "岡山県津山市下横野1075", "P29_006": "3", "P29_007": "1", "P29_008": "00", "P29_009": null }, "geometry": { "type": "Point", "coordinates": [ 134.024655461779844, 35.116127075327228 ] } },
{ "type": "Feature", "properties": { "P29_001": "33203", "P29_002": "B133210000966", "P29_003": "16001", "P29_004": "津山市立清泉小学校", "P29_005": "岡山県津山市綾部407", "P29_006": "3", "P29_007": "1", "P29_008": "00", "P29_009": null }, "geometry": { "type": "Point", "coordinates": [ 134.070590779502453, 35.119484860905693 ] } },
{ "type": "Feature", "properties": { "P29_001": "33203", "P29_002": "B133210000975", "P29_003": "16001", "P29_004": "津山市立高倉小学校", "P29_005": "岡山県津山市下高倉西12", "P29_006": "3", "P29_007": "1", "P29_008": "00", "P29_009": null }, "geometry": { "type": "Point", "coordinates": [ 134.043328799706529, 35.099690617268067 ] } },
{ "type": "Feature", "properties": { "P29_001": "33203", "P29_002": "B133210000984", "P29_003": "16001", "P29_004": "津山市立高野小学校", "P29_005": "岡山県津山市高野本郷1041", "P29_006": "3", "P29_007": "1", "P29_008": "00", "P29_009": null }, "geometry": { "type": "Point", "coordinates": [ 134.052673482566405, 35.076184207483571 ] } },
{ "type": "Feature", "properties": { "P29_001": "33203", "P29_002": "B133210000993", "P29_003": "16001", "P29_004": "津山市立成名小学校", "P29_005": "岡山県津山市野村135-2", "P29_006": "3", "P29_007": "1", "P29_008": "00", "P29_009": null }, "geometry": { "type": "Point", "coordinates": [ 134.073509628972374, 35.090064854587041 ] } },
{ "type": "Feature", "properties": { "P29_001": "33203", "P29_002": "B133210001000", "P29_003": "16001", "P29_004": "津山市立河辺小学校", "P29_005": "岡山県津山市国分寺505", "P29_006": "3", "P29_007": "1", "P29_008": "00", "P29_009": null }, "geometry": { "type": "Point", "coordinates": [ 134.042826293090855, 35.0494957949442 ] } },
{ "type": "Feature", "properties": { "P29_001": "33203", "P29_002": "B133210001019", "P29_003": "16001", "P29_004": "津山市立大崎小学校", "P29_005": "岡山県津山市金井76", "P29_006": "3", "P29_007": "1", "P29_008": "00", "P29_009": null }, "geometry": { "type": "Point", "coordinates": [ 134.065331190032509, 35.044192814613766 ] } },
{ "type": "Feature", "properties": { "P29_001": "33203", "P29_002": "B133210001028", "P29_003": "16001", "P29_004": "津山市立広野小学校", "P29_005": "岡山県津山市田熊1943", "P29_006": "3", "P29_007": "1", "P29_008": "00", "P29_009": null }, "geometry": { "type": "Point", "coordinates": [ 134.082407392394032, 35.069867685862135 ] } },
{ "type": "Feature", "properties": { "P29_001": "33203", "P29_002": "B133210001037", "P29_003": "16001", "P29_004": "津山市立向陽小学校", "P29_005": "岡山県津山市二宮608-1", "P29_006": "3", "P29_007": "1", "P29_008": "00", "P29_009": null }, "geometry": { "type": "Point", "coordinates": [ 133.96469878694532, 35.060153348996323 ] } },
{ "type": "Feature", "properties": { "P29_001": "33203", "P29_002": "B133210001046", "P29_003": "16001", "P29_004": "津山市立鶴山小学校", "P29_005": "岡山県津山市志戸部121", "P29_006": "3", "P29_007": "1", "P29_008": "00", "P29_009": null }, "geometry": { "type": "Point", "coordinates": [ 134.023100613254627, 35.079323494754291 ] } },
{ "type": "Feature", "properties": { "P29_001": "33203", "P29_002": "B133210001055", "P29_003": "16001", "P29_004": "津山市立弥生小学校", "P29_005": "岡山県津山市大田121", "P29_006": "3", "P29_007": "1", "P29_008": "00", "P29_009": null }, "geometry": { "type": "Point", "coordinates": [ 134.009615738276295, 35.085987189652911 ] } },
{ "type": "Feature", "properties": { "P29_001": "33204", "P29_002": "B133210001064", "P29_003": "16001", "P29_004": "玉野市立田井小学校", "P29_005": "岡山県玉野市田井3-4-1", "P29_006": "3", "P29_007": "1", "P29_008": "00", "P29_009": null }, "geometry": { "type": "Point", "coordinates": [ 133.944655507336137, 34.5157254766061 ] } },
{ "type": "Feature", "properties": { "P29_001": "33204", "P29_002": "B133210001073", "P29_003": "16001", "P29_004": "玉野市立築港小学校", "P29_005": "岡山県玉野市築港3-15-1", "P29_006": "3", "P29_007": "1", "P29_008": "00", "P29_009": null }, "geometry": { "type": "Point", "coordinates": [ 133.946742010930961, 34.501430281852556 ] } },
{ "type": "Feature", "properties": { "P29_001": "33204", "P29_002": "B133210001082", "P29_003": "16001", "P29_004": "玉野市立宇野小学校", "P29_005": "岡山県玉野市宇野2-23-1", "P29_006": "3", "P29_007": "1", "P29_008": "00", "P29_009": null }, "geometry": { "type": "Point", "coordinates": [ 133.94166243185586, 34.489561320324682 ] } },
{ "type": "Feature", "properties": { "P29_001": "33204", "P29_002": "B133210001091", "P29_003": "16001", "P29_004": "玉野市立玉小学校", "P29_005": "岡山県玉野市玉6-20-22", "P29_006": "3", "P29_007": "1", "P29_008": "00", "P29_009": null }, "geometry": { "type": "Point", "coordinates": [ 133.928221744548239, 34.485272109129731 ] } },
{ "type": "Feature", "properties": { "P29_001": "33204", "P29_002": "B133210001108", "P29_003": "16001", "P29_004": "玉野市立日比小学校", "P29_005": "岡山県玉野市御崎1-1-1", "P29_006": "3", "P29_007": "1", "P29_008": "00", "P29_009": null }, "geometry": { "type": "Point", "coordinates": [ 133.925634148086743, 34.464658225079802 ] } },
{ "type": "Feature", "properties": { "P29_001": "33204", "P29_002": "B133210001117", "P29_003": "16001", "P29_004": "玉野市立第二日比小学校", "P29_005": "岡山県玉野市明神町1-1", "P29_006": "3", "P29_007": "1", "P29_008": "00", "P29_009": null }, "geometry": { "type": "Point", "coordinates": [ 133.924002036702859, 34.459223288491351 ] } },
{ "type": "Feature", "properties": { "P29_001": "33204", "P29_002": "B133210001126", "P29_003": "16001", "P29_004": "玉野市立山田小学校", "P29_005": "岡山県玉野市山田422", "P29_006": "3", "P29_007": "1", "P29_008": "00", "P29_009": null }, "geometry": { "type": "Point", "coordinates": [ 133.990327736987496, 34.546877624214055 ] } },
{ "type": "Feature", "properties": { "P29_001": "33204", "P29_002": "B133210001135", "P29_003": "16001", "P29_004": "玉野市立後閑小学校", "P29_005": "岡山県玉野市後閑1421", "P29_006": "3", "P29_007": "1", "P29_008": "00", "P29_009": null }, "geometry": { "type": "Point", "coordinates": [ 133.977401721427071, 34.535659949945988 ] } },
{ "type": "Feature", "properties": { "P29_001": "33204", "P29_002": "B133210001144", "P29_003": "16001", "P29_004": "玉野市立荘内小学校", "P29_005": "岡山県玉野市木目498", "P29_006": "3", "P29_007": "1", "P29_008": "00", "P29_009": null }, "geometry": { "type": "Point", "coordinates": [ 133.890626328820957, 34.511086707036831 ] } },
{ "type": "Feature", "properties": { "P29_001": "33204", "P29_002": "B133210001153", "P29_003": "16001", "P29_004": "玉野市立八浜小学校", "P29_005": "岡山県玉野市八浜町波知29", "P29_006": "3", "P29_007": "1", "P29_008": "00", "P29_009": null }, "geometry": { "type": "Point", "coordinates": [ 133.947480626251291, 34.553513466997799 ] } },
{ "type": "Feature", "properties": { "P29_001": "33204", "P29_002": "B133210001162", "P29_003": "16001", "P29_004": "玉野市立大崎小学校", "P29_005": "岡山県玉野市東七区3-3", "P29_006": "3", "P29_007": "1", "P29_008": "00", "P29_009": null }, "geometry": { "type": "Point", "coordinates": [ 133.930004202783806, 34.535825568927251 ] } },
{ "type": "Feature", "properties": { "P29_001": "33204", "P29_002": "B133210001171", "P29_003": "16001", "P29_004": "玉野市立玉原小学校", "P29_005": "岡山県玉野市玉原2-22-1", "P29_006": "3", "P29_007": "1", "P29_008": "00", "P29_009": null }, "geometry": { "type": "Point", "coordinates": [ 133.909323158098829, 34.480167312727929 ] } },
{ "type": "Feature", "properties": { "P29_001": "33205", "P29_002": "B133210001180", "P29_003": "16001", "P29_004": "笠岡市立中央小学校", "P29_005": "岡山県笠岡市八番町1-3", "P29_006": "3", "P29_007": "1", "P29_008": "00", "P29_009": null }, "geometry": { "type": "Point", "coordinates": [ 133.520261138999899, 34.496159101431914 ] } },
{ "type": "Feature", "properties": { "P29_001": "33205", "P29_002": "B133210001206", "P29_003": "16001", "P29_004": "笠岡市立金浦小学校", "P29_005": "岡山県笠岡市吉浜2214-3", "P29_006": "3", "P29_007": "1", "P29_008": "00", "P29_009": null }, "geometry": { "type": "Point", "coordinates": [ 133.485679165356686, 34.516859510695852 ] } },
{ "type": "Feature", "properties": { "P29_001": "33205", "P29_002": "B133210001215", "P29_003": "16001", "P29_004": "笠岡市立城見小学校", "P29_005": "岡山県笠岡市用之江2185", "P29_006": "3", "P29_007": "1", "P29_008": "00", "P29_009": null }, "geometry": { "type": "Point", "coordinates": [ 133.460498274495109, 34.508112212534932 ] } },
{ "type": "Feature", "properties": { "P29_001": "33205", "P29_002": "B133210001224", "P29_003": "16001", "P29_004": "笠岡市立陶山小学校", "P29_005": "岡山県笠岡市押撫910-3", "P29_006": "3", "P29_007": "1", "P29_008": "00", "P29_009": null }, "geometry": { "type": "Point", "coordinates": [ 133.459029656294319, 34.531012240069536 ] } },
{ "type": "Feature", "properties": { "P29_001": "33205", "P29_002": "B133210001233", "P29_003": "16001", "P29_004": "笠岡市立大井小学校", "P29_005": "岡山県笠岡市東大戸410-2", "P29_006": "3", "P29_007": "1", "P29_008": "00", "P29_009": null }, "geometry": { "type": "Point", "coordinates": [ 133.502511510025499, 34.539734238555852 ] } },
{ "type": "Feature", "properties": { "P29_001": "33205", "P29_002": "B133210001242", "P29_003": "16001", "P29_004": "笠岡市立吉田小学校", "P29_005": "岡山県笠岡市吉田2383-1", "P29_006": "3", "P29_007": "1", "P29_008": "00", "P29_009": null }, "geometry": { "type": "Point", "coordinates": [ 133.527856162881022, 34.549748579801289 ] } },
{ "type": "Feature", "properties": { "P29_001": "33205", "P29_002": "B133210001251", "P29_003": "16001", "P29_004": "笠岡市立新山小学校", "P29_005": "岡山県笠岡市山口2966-1", "P29_006": "3", "P29_007": "1", "P29_008": "00", "P29_009": null }, "geometry": { "type": "Point", "coordinates": [ 133.530731664202023, 34.570579782320181 ] } },
{ "type": "Feature", "properties": { "P29_001": "33205", "P29_002": "B133210001260", "P29_003": "16001", "P29_004": "笠岡市立神内小学校", "P29_005": "岡山県笠岡市神島3984", "P29_006": "3", "P29_007": "1", "P29_008": "00", "P29_009": null }, "geometry": { "type": "Point", "coordinates": [ 133.515835707514441, 34.474864816060709 ] } },
{ "type": "Feature", "properties": { "P29_001": "33205", "P29_002": "B133210001279", "P29_003": "16001", "P29_004": "笠岡市立大島小学校", "P29_005": "岡山県笠岡市西大島3935", "P29_006": "3", "P29_007": "1", "P29_008": "00", "P29_009": null }, "geometry": { "type": "Point", "coordinates": [ 133.534393617452395, 34.483403607110503 ] } },
{ "type": "Feature", "properties": { "P29_001": "33205", "P29_002": "B133210001288", "P29_003": "16001", "P29_004": "笠岡市立神島外小学校", "P29_005": "岡山県笠岡市神島外浦1667-1", "P29_006": "3", "P29_007": "1", "P29_008": "00", "P29_009": null }, "geometry": { "type": "Point", "coordinates": [ 133.514003694207901, 34.450334896280339 ] } },
{ "type": "Feature", "properties": { "P29_001": "33205", "P29_002": "B133210001297", "P29_003": "16001", "P29_004": "笠岡市立白石小学校", "P29_005": "岡山県笠岡市白石島2482-1", "P29_006": "3", "P29_007": "9", "P29_008": "00", "P29_009": null }, "geometry": { "type": "Point", "coordinates": [ 133.519151904478377, 34.404654411605833 ] } },
{ "type": "Feature", "properties": { "P29_001": "33205", "P29_002": "B133210001304", "P29_003": "16001", "P29_004": "笠岡市立真鍋小学校", "P29_005": "岡山県笠岡市真鍋島4230", "P29_006": "3", "P29_007": "9", "P29_008": "00", "P29_009": null }, "geometry": { "type": "Point", "coordinates": [ 133.578286685051438, 34.353262047605497 ] } },
{ "type": "Feature", "properties": { "P29_001": "33205", "P29_002": "B133210001313", "P29_003": "16001", "P29_004": "笠岡市立六島小学校", "P29_005": "岡山県笠岡市六島5835", "P29_006": "3", "P29_007": "1", "P29_008": "00", "P29_009": null }, "geometry": { "type": "Point", "coordinates": [ 133.535885778897779, 34.30330434180857 ] } },
{ "type": "Feature", "properties": { "P29_001": "33205", "P29_002": "B133210001322", "P29_003": "16001", "P29_004": "笠岡市立北川小学校", "P29_005": "岡山県笠岡市走出4102-1", "P29_006": "3", "P29_007": "1", "P29_008": "00", "P29_009": null }, "geometry": { "type": "Point", "coordinates": [ 133.537445792022055, 34.595295415951803 ] } },
{ "type": "Feature", "properties": { "P29_001": "33205", "P29_002": "B133210001331", "P29_003": "16001", "P29_004": "笠岡市立笠岡小学校", "P29_005": "岡山県笠岡市笠岡1870", "P29_006": "3", "P29_007": "1", "P29_008": "00", "P29_009": null }, "geometry": { "type": "Point", "coordinates": [ 133.5084750156376, 34.508087626009022 ] } },
{ "type": "Feature", "properties": { "P29_001": "33205", "P29_002": "B133210001340", "P29_003": "16001", "P29_004": "笠岡市立北木小学校", "P29_005": "岡山県笠岡市北木島町7886-13", "P29_006": "3", "P29_007": "1", "P29_008": "00", "P29_009": null }, "geometry": { "type": "Point", "coordinates": [ 133.5273147126629, 34.387888377841158 ] } },
{ "type": "Feature", "properties": { "P29_001": "33103", "P29_002": "B133210001359", "P29_003": "16001", "P29_004": "岡山市立古都小学校", "P29_005": "岡山県岡山市東区古都宿453-1", "P29_006": "3", "P29_007": "1", "P29_008": "00", "P29_009": null }, "geometry": { "type": "Point", "coordinates": [ 134.000565375137512, 34.69386001818193 ] } },
{ "type": "Feature", "properties": { "P29_001": "33103", "P29_002": "B133210001368", "P29_003": "16001", "P29_004": "岡山市立可知小学校", "P29_005": "岡山県岡山市東区可知1-83-2", "P29_006": "3", "P29_007": "1", "P29_008": "00", "P29_009": null }, "geometry": { "type": "Point", "coordinates": [ 134.001779451042268, 34.659802091534637 ] } },
{ "type": "Feature", "properties": { "P29_001": "33103", "P29_002": "B133210001377", "P29_003": "16001", "P29_004": "岡山市立政田小学校", "P29_005": "岡山県岡山市東区政津850", "P29_006": "3", "P29_007": "1", "P29_008": "00", "P29_009": null }, "geometry": { "type": "Point", "coordinates": [ 134.002703292548119, 34.634886274396329 ] } },
{ "type": "Feature", "properties": { "P29_001": "33103", "P29_002": "B133210001386", "P29_003": "16001", "P29_004": "岡山市立開成小学校", "P29_005": "岡山県岡山市東区金田1524", "P29_006": "3", "P29_007": "1", "P29_008": "00", "P29_009": null }, "geometry": { "type": "Point", "coordinates": [ 134.023693966606487, 34.626765636411363 ] } },
{ "type": "Feature", "properties": { "P29_001": "33103", "P29_002": "B133210001395", "P29_003": "16001", "P29_004": "岡山市立西大寺小学校", "P29_005": "岡山県岡山市東区西大寺上1-19-21", "P29_006": "3", "P29_007": "1", "P29_008": "00", "P29_009": null }, "geometry": { "type": "Point", "coordinates": [ 134.031660801512118, 34.658454541896468 ] } },
{ "type": "Feature", "properties": { "P29_001": "33103", "P29_002": "B133210001402", "P29_003": "16001", "P29_004": "岡山市立西大寺南小学校", "P29_005": "岡山県岡山市東区金岡西町435-1", "P29_006": "3", "P29_007": "1", "P29_008": "00", "P29_009": null }, "geometry": { "type": "Point", "coordinates": [ 134.0254079878097, 34.643146197244988 ] } },
{ "type": "Feature", "properties": { "P29_001": "33103", "P29_002": "B133210001411", "P29_003": "16001", "P29_004": "岡山市立雄神小学校", "P29_005": "岡山県岡山市東区富崎218", "P29_006": "3", "P29_007": "1", "P29_008": "00", "P29_009": null }, "geometry": { "type": "Point", "coordinates": [ 134.041117755017808, 34.671427954514783 ] } },
{ "type": "Feature", "properties": { "P29_001": "33103", "P29_002": "B133210001420", "P29_003": "16001", "P29_004": "岡山市立豊小学校", "P29_005": "岡山県岡山市東区西大寺川口130-2", "P29_006": "3", "P29_007": "1", "P29_008": "00", "P29_009": null }, "geometry": { "type": "Point", "coordinates": [ 134.046574492425776, 34.649996247258116 ] } },
{ "type": "Feature", "properties": { "P29_001": "33207", "P29_002": "B133210001475", "P29_003": "16001", "P29_004": "井原市立高屋小学校", "P29_005": "岡山県井原市高屋町1998", "P29_006": "3", "P29_007": "1", "P29_008": "00", "P29_009": null }, "geometry": { "type": "Point", "coordinates": [ 133.428498242001979, 34.587775450932817 ] } },
{ "type": "Feature", "properties": { "P29_001": "33207", "P29_002": "B133210001484", "P29_003": "16001", "P29_004": "井原市立大江小学校", "P29_005": "岡山県井原市大江町2886", "P29_006": "3", "P29_007": "1", "P29_008": "00", "P29_009": null }, "geometry": { "type": "Point", "coordinates": [ 133.442055732011795, 34.570715104877785 ] } },
{ "type": "Feature", "properties": { "P29_001": "33207", "P29_002": "B133210001493", "P29_003": "16001", "P29_004": "井原市立稲倉小学校", "P29_005": "岡山県井原市下稲木町888", "P29_006": "3", "P29_007": "1", "P29_008": "00", "P29_009": null }, "geometry": { "type": "Point", "coordinates": [ 133.46361735846952, 34.568742842298192 ] } },
{ "type": "Feature", "properties": { "P29_001": "33207", "P29_002": "B133210001509", "P29_003": "16001", "P29_004": "井原市立県主小学校", "P29_005": "岡山県井原市門田町649-1", "P29_006": "3", "P29_007": "1", "P29_008": "00", "P29_009": null }, "geometry": { "type": "Point", "coordinates": [ 133.486784661468221, 34.570714322210591 ] } },
{ "type": "Feature", "properties": { "P29_001": "33207", "P29_002": "B133210001518", "P29_003": "16001", "P29_004": "井原市立木之子小学校", "P29_005": "岡山県井原市木之子町2946", "P29_006": "3", "P29_007": "1", "P29_008": "00", "P29_009": null }, "geometry": { "type": "Point", "coordinates": [ 133.500490320141068, 34.590921481153849 ] } },
{ "type": "Feature", "properties": { "P29_001": "33207", "P29_002": "B133210001527", "P29_003": "16001", "P29_004": "井原市立荏原小学校", "P29_005": "岡山県井原市東江原町2584", "P29_006": "3", "P29_007": "1", "P29_008": "00", "P29_009": null }, "geometry": { "type": "Point", "coordinates": [ 133.512669316046583, 34.602207352538869 ] } },
{ "type": "Feature", "properties": { "P29_001": "33207", "P29_002": "B133210001536", "P29_003": "16001", "P29_004": "井原市立西江原小学校", "P29_005": "岡山県井原市西江原町567-1", "P29_006": "3", "P29_007": "1", "P29_008": "00", "P29_009": null }, "geometry": { "type": "Point", "coordinates": [ 133.487473070008775, 34.600197032127895 ] } },
{ "type": "Feature", "properties": { "P29_001": "33207", "P29_002": "B133210001545", "P29_003": "16001", "P29_004": "井原市立野上小学校", "P29_005": "岡山県井原市野上町3201", "P29_006": "3", "P29_007": "1", "P29_008": "00", "P29_009": null }, "geometry": { "type": "Point", "coordinates": [ 133.499984652065478, 34.641932835810671 ] } },
{ "type": "Feature", "properties": { "P29_001": "33207", "P29_002": "B133210001554", "P29_003": "16001", "P29_004": "井原市立青野小学校", "P29_005": "岡山県井原市青野町2507-1", "P29_006": "3", "P29_007": "1", "P29_008": "00", "P29_009": null }, "geometry": { "type": "Point", "coordinates": [ 133.470312574676427, 34.626406062186739 ] } },
{ "type": "Feature", "properties": { "P29_001": "33207", "P29_002": "B133210001563", "P29_003": "16001", "P29_004": "井原市立井原小学校", "P29_005": "岡山県井原市井原町1113-1", "P29_006": "3", "P29_007": "1", "P29_008": "00", "P29_009": null }, "geometry": { "type": "Point", "coordinates": [ 133.461801206341107, 34.603530097909776 ] } },
{ "type": "Feature", "properties": { "P29_001": "33207", "P29_002": "B133210001572", "P29_003": "16001", "P29_004": "井原市立出部小学校", "P29_005": "岡山県井原市上出部町235-1", "P29_006": "3", "P29_007": "1", "P29_008": "00", "P29_009": null }, "geometry": { "type": "Point", "coordinates": [ 133.458938692827644, 34.593284661569008 ] } },
{ "type": "Feature", "properties": { "P29_001": "33208", "P29_002": "B133210001581", "P29_003": "16001", "P29_004": "総社市立総社小学校", "P29_005": "岡山県総社市総社3-13-1", "P29_006": "3", "P29_007": "1", "P29_008": "00", "P29_009": null }, "geometry": { "type": "Point", "coordinates": [ 133.755879220658301, 34.678114193331119 ] } },
{ "type": "Feature", "properties": { "P29_001": "33208", "P29_002": "B133210001590", "P29_003": "16001", "P29_004": "総社市立常盤小学校", "P29_005": "岡山県総社市駅南1-13-13", "P29_006": "3", "P29_007": "1", "P29_008": "00", "P29_009": null }, "geometry": { "type": "Point", "coordinates": [ 133.738104179388785, 34.666986297740948 ] } },
{ "type": "Feature", "properties": { "P29_001": "33208", "P29_002": "B133210001607", "P29_003": "16001", "P29_004": "総社市立阿曽小学校", "P29_005": "岡山県総社市西阿曽207-1", "P29_006": "3", "P29_007": "1", "P29_008": "00", "P29_009": null }, "geometry": { "type": "Point", "coordinates": [ 133.784831693511336, 34.705141491246167 ] } },
{ "type": "Feature", "properties": { "P29_001": "33208", "P29_002": "B133210001616", "P29_003": "16001", "P29_004": "総社市立池田小学校", "P29_005": "岡山県総社市見延699", "P29_006": "3", "P29_007": "1", "P29_008": "00", "P29_009": null }, "geometry": { "type": "Point", "coordinates": [ 133.724750317035671, 34.736515335770427 ] } },
{ "type": "Feature", "properties": { "P29_001": "33208", "P29_002": "B133210001625", "P29_003": "16001", "P29_004": "総社市立秦小学校", "P29_005": "岡山県総社市秦2815-2", "P29_006": "3", "P29_007": "1", "P29_008": "00", "P29_009": null }, "geometry": { "type": "Point", "coordinates": [ 133.719700448811693, 34.698640095383375 ] } },
{ "type": "Feature", "properties": { "P29_001": "33208", "P29_002": "B133210001634", "P29_003": "16001", "P29_004": "総社市立神在小学校", "P29_005": "岡山県総社市富原422", "P29_006": "3", "P29_007": "1", "P29_008": "00", "P29_009": null }, "geometry": { "type": "Point", "coordinates": [ 133.718565316813198, 34.668530229763491 ] } },
{ "type": "Feature", "properties": { "P29_001": "33208", "P29_002": "B133210001643", "P29_003": "16001", "P29_004": "総社市立総社西小学校", "P29_005": "岡山県総社市久代4386-2", "P29_006": "3", "P29_007": "1", "P29_008": "00", "P29_009": null }, "geometry": { "type": "Point", "coordinates": [ 133.68761886597872, 34.676841447627773 ] } },
{ "type": "Feature", "properties": { "P29_001": "33208", "P29_002": "B133210001652", "P29_003": "16001", "P29_004": "総社市立新本小学校", "P29_005": "岡山県総社市新本7288", "P29_006": "3", "P29_007": "1", "P29_008": "00", "P29_009": null }, "geometry": { "type": "Point", "coordinates": [ 133.646975149556368, 34.66646433990055 ] } },
{ "type": "Feature", "properties": { "P29_001": "33208", "P29_002": "B133210001661", "P29_003": "16001", "P29_004": "総社市立総社東小学校", "P29_005": "岡山県総社市南溝手480", "P29_006": "3", "P29_007": "1", "P29_008": "00", "P29_009": null }, "geometry": { "type": "Point", "coordinates": [ 133.779502267045046, 34.68178026489678 ] } },
{ "type": "Feature", "properties": { "P29_001": "33208", "P29_002": "B133210001670", "P29_003": "16001", "P29_004": "総社市立総社中央小学校", "P29_005": "岡山県総社市門田959", "P29_006": "3", "P29_007": "1", "P29_008": "00", "P29_009": null }, "geometry": { "type": "Point", "coordinates": [ 133.736442502758081, 34.679641903962306 ] } },
{ "type": "Feature", "properties": { "P29_001": "33208", "P29_002": "B133210001689", "P29_003": "16001", "P29_004": "総社市立総社北小学校", "P29_005": "岡山県総社市泉2-2", "P29_006": "3", "P29_007": "1", "P29_008": "00", "P29_009": null }, "geometry": { "type": "Point", "coordinates": [ 133.748194682052883, 34.688126946171785 ] } },
{ "type": "Feature", "properties": { "P29_001": "33209", "P29_002": "B133210001698", "P29_003": "16001", "P29_004": "高梁市立津川小学校", "P29_005": "岡山県高梁市津川町今津1077", "P29_006": "3", "P29_007": "1", "P29_008": "00", "P29_009": null }, "geometry": { "type": "Point", "coordinates": [ 133.61963502061414, 34.825593640298081 ] } },
{ "type": "Feature", "properties": { "P29_001": "33209", "P29_002": "B133210001705", "P29_003": "16001", "P29_004": "高梁市立川面小学校", "P29_005": "岡山県高梁市川面町895", "P29_006": "3", "P29_007": "1", "P29_008": "00", "P29_009": null }, "geometry": { "type": "Point", "coordinates": [ 133.598274827216215, 34.848782179216478 ] } },
{ "type": "Feature", "properties": { "P29_001": "33209", "P29_002": "B133210001714", "P29_003": "16001", "P29_004": "高梁市立巨瀬小学校", "P29_005": "岡山県高梁市巨瀬町4966-2", "P29_006": "3", "P29_007": "1", "P29_008": "00", "P29_009": null }, "geometry": { "type": "Point", "coordinates": [ 133.639844657414386, 34.87164183267037 ] } },
{ "type": "Feature", "properties": { "P29_001": "33209", "P29_002": "B133210001723", "P29_003": "16001", "P29_004": "高梁市立中井小学校", "P29_005": "岡山県高梁市中井町西方300", "P29_006": "3", "P29_007": "1", "P29_008": "00", "P29_009": null }, "geometry": { "type": "Point", "coordinates": [ 133.584154154739736, 34.910265265022623 ] } },
{ "type": "Feature", "properties": { "P29_001": "33209", "P29_002": "B133210001732", "P29_003": "16001", "P29_004": "高梁市立玉川小学校", "P29_005": "岡山県高梁市玉川町玉1538-1", "P29_006": "3", "P29_007": "1", "P29_008": "00", "P29_009": null }, "geometry": { "type": "Point", "coordinates": [ 133.60129975173615, 34.754376686311943 ] } },
{ "type": "Feature", "properties": { "P29_001": "33209", "P29_002": "B133210001741", "P29_003": "16001", "P29_004": "高梁市立宇治小学校", "P29_005": "岡山県高梁市宇治町宇治1681-2", "P29_006": "3", "P29_007": "1", "P29_008": "00", "P29_009": null }, "geometry": { "type": "Point", "coordinates": [ 133.490349114111723, 34.827632874057436 ] } },
{ "type": "Feature", "properties": { "P29_001": "33209", "P29_002": "B133210001750", "P29_003": "16001", "P29_004": "高梁市立松原小学校", "P29_005": "岡山県高梁市松原町春木683-2", "P29_006": "3", "P29_007": "1", "P29_008": "00", "P29_009": null }, "geometry": { "type": "Point", "coordinates": [ 133.558809683853042, 34.820606831657294 ] } },
{ "type": "Feature", "properties": { "P29_001": "33209", "P29_002": "B133210001769", "P29_003": "16001", "P29_004": "高梁市立落合小学校", "P29_005": "岡山県高梁市落合町阿部1686", "P29_006": "3", "P29_007": "1", "P29_008": "00", "P29_009": null }, "geometry": { "type": "Point", "coordinates": [ 133.58675678244532, 34.777741130645829 ] } },
{ "type": "Feature", "properties": { "P29_001": "33209", "P29_002": "B133210001778", "P29_003": "16001", "P29_004": "高梁市立福地小学校", "P29_005": "岡山県高梁市落合町福地1578", "P29_006": "3", "P29_007": "1", "P29_008": "00", "P29_009": null }, "geometry": { "type": "Point", "coordinates": [ 133.549264622573986, 34.797087141782498 ] } },
{ "type": "Feature", "properties": { "P29_001": "33209", "P29_002": "B133210001787", "P29_003": "16001", "P29_004": "高梁市立高梁小学校", "P29_005": "岡山県高梁市落合町近似504-1", "P29_006": "3", "P29_007": "1", "P29_008": "00", "P29_009": null }, "geometry": { "type": "Point", "coordinates": [ 133.611615808459078, 34.7938218075534 ] } },
{ "type": "Feature", "properties": { "P29_001": "33210", "P29_002": "B133210001796", "P29_003": "16001", "P29_004": "新見市立思誠小学校", "P29_005": "岡山県新見市新見1970-1", "P29_006": "3", "P29_007": "1", "P29_008": "00", "P29_009": null }, "geometry": { "type": "Point", "coordinates": [ 133.470762614121554, 34.985787978093093 ] } },
{ "type": "Feature", "properties": { "P29_001": "33210", "P29_002": "B133210001803", "P29_003": "16001", "P29_004": "新見市立高尾小学校", "P29_005": "岡山県新見市高尾806", "P29_006": "3", "P29_007": "1", "P29_008": "00", "P29_009": null }, "geometry": { "type": "Point", "coordinates": [ 133.44825307104739, 34.994810068111569 ] } },
{ "type": "Feature", "properties": { "P29_001": "33210", "P29_002": "B133210001821", "P29_003": "16001", "P29_004": "新見市立草間台小学校", "P29_005": "岡山県新見市草間6587-2", "P29_006": "3", "P29_007": "1", "P29_008": "00", "P29_009": null }, "geometry": { "type": "Point", "coordinates": [ 133.545530020503975, 34.93320824843348 ] } },
{ "type": "Feature", "properties": { "P29_001": "33210", "P29_002": "B133210001830", "P29_003": "16001", "P29_004": "新見市立塩城小学校", "P29_005": "岡山県新見市上熊谷3772", "P29_006": "3", "P29_007": "1", "P29_008": "00", "P29_009": null }, "geometry": { "type": "Point", "coordinates": [ 133.51240394406841, 35.01661235941436 ] } },
{ "type": "Feature", "properties": { "P29_001": "33210", "P29_002": "B133210001849", "P29_003": "16001", "P29_004": "新見市立上市小学校", "P29_005": "岡山県新見市上市217", "P29_006": "3", "P29_007": "1", "P29_008": "00", "P29_009": null }, "geometry": { "type": "Point", "coordinates": [ 133.431779103765251, 35.00753943669578 ] } },
{ "type": "Feature", "properties": { "P29_001": "33210", "P29_002": "B133210001858", "P29_003": "16001", "P29_004": "新見市立西方小学校", "P29_005": "岡山県新見市西方1216", "P29_006": "3", "P29_007": "1", "P29_008": "00", "P29_009": null }, "geometry": { "type": "Point", "coordinates": [ 133.442282269664702, 34.99545365747322 ] } },
{ "type": "Feature", "properties": { "P29_001": "33210", "P29_002": "B133210001867", "P29_003": "16001", "P29_004": "新見市立千屋小学校", "P29_005": "岡山県新見市千屋花見48", "P29_006": "3", "P29_007": "1", "P29_008": "00", "P29_009": null }, "geometry": { "type": "Point", "coordinates": [ 133.427889138399138, 35.14259530551594 ] } },
{ "type": "Feature", "properties": { "P29_001": "33210", "P29_002": "B133210001876", "P29_003": "16001", "P29_004": "新見市立新見南小学校", "P29_005": "岡山県新見市石蟹554", "P29_006": "3", "P29_007": "1", "P29_008": "00", "P29_009": null }, "geometry": { "type": "Point", "coordinates": [ 133.477623651719711, 34.955530198775051 ] } },
{ "type": "Feature", "properties": { "P29_001": "33101", "P29_002": "B133210001885", "P29_003": "16001", "P29_004": "岡山市立五城小学校", "P29_005": "岡山県岡山市北区御津新庄3055", "P29_006": "3", "P29_007": "1", "P29_008": "00", "P29_009": null }, "geometry": { "type": "Point", "coordinates": [ 133.966059063593462, 34.817081217926571 ] } },
{ "type": "Feature", "properties": { "P29_001": "33101", "P29_002": "B133210001894", "P29_003": "16001", "P29_004": "岡山市立御津南小学校", "P29_005": "岡山県岡山市北区御津野々口1616", "P29_006": "3", "P29_007": "1", "P29_008": "00", "P29_009": null }, "geometry": { "type": "Point", "coordinates": [ 133.92932047064744, 34.773335845065183 ] } },
{ "type": "Feature", "properties": { "P29_001": "33101", "P29_002": "B133210001901", "P29_003": "16001", "P29_004": "岡山市立御津小学校", "P29_005": "岡山県岡山市北区御津宇垣1212", "P29_006": "3", "P29_007": "1", "P29_008": "00", "P29_009": null }, "geometry": { "type": "Point", "coordinates": [ 133.928328965092987, 34.79051006287682 ] } },
{ "type": "Feature", "properties": { "P29_001": "33101", "P29_002": "B133210001910", "P29_003": "16001", "P29_004": "岡山市立中山小学校", "P29_005": "岡山県岡山市北区一宮702", "P29_006": "3", "P29_007": "1", "P29_008": "00", "P29_009": null }, "geometry": { "type": "Point", "coordinates": [ 133.867853708620714, 34.67338915014539 ] } },
{ "type": "Feature", "properties": { "P29_001": "33101", "P29_002": "B133210001929", "P29_003": "16001", "P29_004": "岡山市立馬屋下小学校", "P29_005": "岡山県岡山市北区松尾105-1", "P29_006": "3", "P29_007": "1", "P29_008": "00", "P29_009": null }, "geometry": { "type": "Point", "coordinates": [ 133.862837496781594, 34.696551807497691 ] } },
{ "type": "Feature", "properties": { "P29_001": "33101", "P29_002": "B133210001938", "P29_003": "16001", "P29_004": "岡山市立平津小学校", "P29_005": "岡山県岡山市北区楢津738-1", "P29_006": "3", "P29_007": "1", "P29_008": "00", "P29_009": null }, "geometry": { "type": "Point", "coordinates": [ 133.878762896075983, 34.680061001611385 ] } },
{ "type": "Feature", "properties": { "P29_001": "33101", "P29_002": "B133210001947", "P29_003": "16001", "P29_004": "岡山市立建部小学校", "P29_005": "岡山県岡山市北区建部町富沢366", "P29_006": "3", "P29_007": "1", "P29_008": "00", "P29_009": null }, "geometry": { "type": "Point", "coordinates": [ 133.901310763627038, 34.855848859146413 ] } },
{ "type": "Feature", "properties": { "P29_001": "33101", "P29_002": "B133210001956", "P29_003": "16001", "P29_004": "岡山市立竹枝小学校", "P29_005": "岡山県岡山市北区建部町吉田1504", "P29_006": "3", "P29_007": "1", "P29_008": "00", "P29_009": null }, "geometry": { "type": "Point", "coordinates": [ 133.923522589657921, 34.843029595897931 ] } },
{ "type": "Feature", "properties": { "P29_001": "33101", "P29_002": "B133210001965", "P29_003": "16001", "P29_004": "岡山市立福渡小学校", "P29_005": "岡山県岡山市北区建部町川口1302", "P29_006": "3", "P29_007": "1", "P29_008": "00", "P29_009": null }, "geometry": { "type": "Point", "coordinates": [ 133.901472562730333, 34.888143232209757 ] } },
{ "type": "Feature", "properties": { "P29_001": "33101", "P29_002": "B133210001974", "P29_003": "16001", "P29_004": "岡山市立野谷小学校", "P29_005": "岡山県岡山市北区栢谷259-1", "P29_006": "3", "P29_007": "1", "P29_008": "00", "P29_009": null }, "geometry": { "type": "Point", "coordinates": [ 133.901483515035352, 34.728142727728553 ] } },
{ "type": "Feature", "properties": { "P29_001": "33101", "P29_002": "B133210001983", "P29_003": "16001", "P29_004": "岡山市立横井小学校", "P29_005": "岡山県岡山市北区横井上178", "P29_006": "3", "P29_007": "1", "P29_008": "00", "P29_009": null }, "geometry": { "type": "Point", "coordinates": [ 133.90366204826563, 34.706582977234682 ] } },
{ "type": "Feature", "properties": { "P29_001": "33101", "P29_002": "B133210001992", "P29_003": "16001", "P29_004": "岡山市立馬屋上小学校", "P29_005": "岡山県岡山市北区富吉2944-2", "P29_006": "3", "P29_007": "1", "P29_008": "00", "P29_009": null }, "geometry": { "type": "Point", "coordinates": [ 133.856596845577684, 34.744691265554515 ] } },
{ "type": "Feature", "properties": { "P29_001": "33103", "P29_002": "B133210002009", "P29_003": "16001", "P29_004": "岡山市立芥子山小学校", "P29_005": "岡山県岡山市東区西大寺松崎97", "P29_006": "3", "P29_007": "1", "P29_008": "00", "P29_009": null }, "geometry": { "type": "Point", "coordinates": [ 134.011096913502001, 34.66301289438929 ] } },
{ "type": "Feature", "properties": { "P29_001": "33681", "P29_002": "B133210002018", "P29_003": "16001", "P29_004": "吉備中央町立津賀小学校", "P29_005": "岡山県加賀郡吉備中央町上加茂2281-1", "P29_006": "3", "P29_007": "1", "P29_008": "00", "P29_009": null }, "geometry": { "type": "Point", "coordinates": [ 133.803079810317371, 34.845531663959484 ] } },
{ "type": "Feature", "properties": { "P29_001": "33681", "P29_002": "B133210002027", "P29_003": "16001", "P29_004": "吉備中央町立円城小学校", "P29_005": "岡山県加賀郡吉備中央町円城776-1", "P29_006": "3", "P29_007": "1", "P29_008": "00", "P29_009": null }, "geometry": { "type": "Point", "coordinates": [ 133.807317082236437, 34.891884397813627 ] } },
{ "type": "Feature", "properties": { "P29_001": "33681", "P29_002": "B133210002036", "P29_003": "16001", "P29_004": "吉備中央町立御北小学校", "P29_005": "岡山県加賀郡吉備中央町豊岡上139-1", "P29_006": "3", "P29_007": "1", "P29_008": "00", "P29_009": null }, "geometry": { "type": "Point", "coordinates": [ 133.761012992248567, 34.898261734220966 ] } },
{ "type": "Feature", "properties": { "P29_001": "33681", "P29_002": "B133210002045", "P29_003": "16001", "P29_004": "吉備中央町立吉備高原小学校", "P29_005": "岡山県加賀郡吉備中央町竹部7520-19", "P29_006": "3", "P29_007": "1", "P29_008": "00", "P29_009": null }, "geometry": { "type": "Point", "coordinates": [ 133.763992018218858, 34.838717218275569 ] } },
{ "type": "Feature", "properties": { "P29_001": "33103", "P29_002": "B133210002054", "P29_003": "16001", "P29_004": "岡山市立千種小学校", "P29_005": "岡山県岡山市東区瀬戸町鍛冶屋391", "P29_006": "3", "P29_007": "1", "P29_008": "00", "P29_009": null }, "geometry": { "type": "Point", "coordinates": [ 134.072062719515287, 34.76031912738371 ] } },
{ "type": "Feature", "properties": { "P29_001": "33103", "P29_002": "B133210002063", "P29_003": "16001", "P29_004": "岡山市立江西小学校", "P29_005": "岡山県岡山市東区瀬戸町江尻1399-2", "P29_006": "3", "P29_007": "1", "P29_008": "00", "P29_009": null }, "geometry": { "type": "Point", "coordinates": [ 134.043761519304951, 34.725564126069422 ] } },
{ "type": "Feature", "properties": { "P29_001": "33213", "P29_002": "B133210002072", "P29_003": "16001", "P29_004": "赤磐市立山陽小学校", "P29_005": "岡山県赤磐市上市123", "P29_006": "3", "P29_007": "1", "P29_008": "00", "P29_009": null }, "geometry": { "type": "Point", "coordinates": [ 134.019095715925232, 34.756448525700456 ] } },
{ "type": "Feature", "properties": { "P29_001": "33213", "P29_002": "B133210002081", "P29_003": "16001", "P29_004": "赤磐市立山陽西小学校", "P29_005": "岡山県赤磐市山陽3-1", "P29_006": "3", "P29_007": "1", "P29_008": "00", "P29_009": null }, "geometry": { "type": "Point", "coordinates": [ 134.00659057814724, 34.749554720965044 ] } },
{ "type": "Feature", "properties": { "P29_001": "33213", "P29_002": "B133210002090", "P29_003": "16001", "P29_004": "赤磐市立山陽東小学校", "P29_005": "岡山県赤磐市桜が丘西3-30", "P29_006": "3", "P29_007": "1", "P29_008": "00", "P29_009": null }, "geometry": { "type": "Point", "coordinates": [ 134.039885427094504, 34.77536768505253 ] } },
{ "type": "Feature", "properties": { "P29_001": "33213", "P29_002": "B133210002107", "P29_003": "16001", "P29_004": "赤磐市立山陽北小学校", "P29_005": "岡山県赤磐市桜が丘西8-23", "P29_006": "3", "P29_007": "1", "P29_008": "00", "P29_009": null }, "geometry": { "type": "Point", "coordinates": [ 134.02809993938348, 34.774355091513513 ] } },
{ "type": "Feature", "properties": { "P29_001": "33213", "P29_002": "B133210002116", "P29_003": "16001", "P29_004": "赤磐市立石相小学校", "P29_005": "岡山県赤磐市町苅田64", "P29_006": "3", "P29_007": "1", "P29_008": "00", "P29_009": null }, "geometry": { "type": "Point", "coordinates": [ 134.002849007332173, 34.789355534188893 ] } },
{ "type": "Feature", "properties": { "P29_001": "33213", "P29_002": "B133210002125", "P29_003": "16001", "P29_004": "赤磐市立軽部小学校", "P29_005": "岡山県赤磐市今井100", "P29_006": "3", "P29_007": "1", "P29_008": "00", "P29_009": null }, "geometry": { "type": "Point", "coordinates": [ 134.024158406600606, 34.813369271689069 ] } },
{ "type": "Feature", "properties": { "P29_001": "33213", "P29_002": "B133210002134", "P29_003": "16001", "P29_004": "赤磐市立笹岡小学校", "P29_005": "岡山県赤磐市惣分7", "P29_006": "3", "P29_007": "1", "P29_008": "00", "P29_009": null }, "geometry": { "type": "Point", "coordinates": [ 134.012373859191314, 34.837278236256168 ] } },
{ "type": "Feature", "properties": { "P29_001": "33213", "P29_002": "B133210002143", "P29_003": "16001", "P29_004": "赤磐市立豊田小学校", "P29_005": "岡山県赤磐市松木569", "P29_006": "3", "P29_007": "1", "P29_008": "00", "P29_009": null }, "geometry": { "type": "Point", "coordinates": [ 134.09938979705305, 34.789117685297178 ] } },
{ "type": "Feature", "properties": { "P29_001": "33213", "P29_002": "B133210002152", "P29_003": "16001", "P29_004": "赤磐市立桜が丘小学校", "P29_005": "岡山県赤磐市桜が丘東6-6-693", "P29_006": "3", "P29_007": "1", "P29_008": "00", "P29_009": null }, "geometry": { "type": "Point", "coordinates": [ 134.04397363812555, 34.790439807654558 ] } },
{ "type": "Feature", "properties": { "P29_001": "33213", "P29_002": "B133210002161", "P29_003": "16001", "P29_004": "赤磐市立磐梨小学校", "P29_005": "岡山県赤磐市沢原55-1", "P29_006": "3", "P29_007": "1", "P29_008": "00", "P29_009": null }, "geometry": { "type": "Point", "coordinates": [ 134.082266471239848, 34.799296801482363 ] } },
{ "type": "Feature", "properties": { "P29_001": "33213", "P29_002": "B133210002170", "P29_003": "16001", "P29_004": "赤磐市立城南小学校", "P29_005": "岡山県赤磐市黒本129", "P29_006": "3", "P29_007": "1", "P29_008": "00", "P29_009": null }, "geometry": { "type": "Point", "coordinates": [ 134.083647470451552, 34.91949061879383 ] } },
{ "type": "Feature", "properties": { "P29_001": "33213", "P29_002": "B133210002189", "P29_003": "16001", "P29_004": "赤磐市立仁美小学校", "P29_005": "岡山県赤磐市仁堀中888", "P29_006": "3", "P29_007": "1", "P29_008": "00", "P29_009": null }, "geometry": { "type": "Point", "coordinates": [ 134.007639181339584, 34.87345747125373 ] } },
{ "type": "Feature", "properties": { "P29_001": "33211", "P29_002": "B133210002198", "P29_003": "16001", "P29_004": "備前市立西鶴山小学校", "P29_005": "岡山県備前市畠田53", "P29_006": "3", "P29_007": "1", "P29_008": "00", "P29_009": null }, "geometry": { "type": "Point", "coordinates": [ 134.112179367739799, 34.717693282114006 ] } },
{ "type": "Feature", "properties": { "P29_001": "33211", "P29_002": "B133210002205", "P29_003": "16001", "P29_004": "備前市立香登小学校", "P29_005": "岡山県備前市香登本908", "P29_006": "3", "P29_007": "1", "P29_008": "00", "P29_009": null }, "geometry": { "type": "Point", "coordinates": [ 134.124607752622182, 34.732289772244066 ] } },
{ "type": "Feature", "properties": { "P29_001": "33211", "P29_002": "B133210002214", "P29_003": "16001", "P29_004": "備前市立伊部小学校", "P29_005": "岡山県備前市伊部1415-2", "P29_006": "3", "P29_007": "1", "P29_008": "00", "P29_009": null }, "geometry": { "type": "Point", "coordinates": [ 134.163283465471665, 34.740496559917673 ] } },
{ "type": "Feature", "properties": { "P29_001": "33211", "P29_002": "B133210002223", "P29_003": "16001", "P29_004": "備前市立片上小学校", "P29_005": "岡山県備前市西片上335", "P29_006": "3", "P29_007": "1", "P29_008": "00", "P29_009": null }, "geometry": { "type": "Point", "coordinates": [ 134.18286328399131, 34.748826669144123 ] } },
{ "type": "Feature", "properties": { "P29_001": "33211", "P29_002": "B133210002232", "P29_003": "16001", "P29_004": "備前市立伊里小学校", "P29_005": "岡山県備前市友延350", "P29_006": "3", "P29_007": "1", "P29_008": "00", "P29_009": null }, "geometry": { "type": "Point", "coordinates": [ 134.223687857500266, 34.748345791879636 ] } },
{ "type": "Feature", "properties": { "P29_001": "33211", "P29_002": "B133210002241", "P29_003": "16001", "P29_004": "備前市立東鶴山小学校", "P29_005": "岡山県備前市佐山2721", "P29_006": "3", "P29_007": "1", "P29_008": "00", "P29_009": null }, "geometry": { "type": "Point", "coordinates": [ 134.183239959112285, 34.700802148441994 ] } },
{ "type": "Feature", "properties": { "P29_001": "33211", "P29_002": "B133210002250", "P29_003": "16001", "P29_004": "備前市立日生西小学校", "P29_005": "岡山県備前市日生町日生1680", "P29_006": "3", "P29_007": "1", "P29_008": "00", "P29_009": null }, "geometry": { "type": "Point", "coordinates": [ 134.256919103387446, 34.731372355420206 ] } },
{ "type": "Feature", "properties": { "P29_001": "33211", "P29_002": "B133210002269", "P29_003": "16001", "P29_004": "備前市立日生東小学校", "P29_005": "岡山県備前市日生町寒河2011", "P29_006": "3", "P29_007": "1", "P29_008": "00", "P29_009": null }, "geometry": { "type": "Point", "coordinates": [ 134.293609578635397, 34.745810793135739 ] } },
{ "type": "Feature", "properties": { "P29_001": "33211", "P29_002": "B133210002278", "P29_003": "16001", "P29_004": "備前市立三石小学校", "P29_005": "岡山県備前市三石3215", "P29_006": "3", "P29_007": "1", "P29_008": "00", "P29_009": null }, "geometry": { "type": "Point", "coordinates": [ 134.274023286248649, 34.800500492652858 ] } },
{ "type": "Feature", "properties": { "P29_001": "33211", "P29_002": "B133210002287", "P29_003": "16001", "P29_004": "備前市立吉永小学校", "P29_005": "岡山県備前市吉永町吉永中61", "P29_006": "3", "P29_007": "1", "P29_008": "00", "P29_009": null }, "geometry": { "type": "Point", "coordinates": [ 134.21101372956872, 34.812875361442032 ] } },
{ "type": "Feature", "properties": { "P29_001": "33346", "P29_002": "B133210002296", "P29_003": "16001", "P29_004": "和気町立和気小学校", "P29_005": "岡山県和気郡和気町藤野429", "P29_006": "3", "P29_007": "1", "P29_008": "00", "P29_009": null }, "geometry": { "type": "Point", "coordinates": [ 134.174465492584915, 34.809552557811166 ] } },
{ "type": "Feature", "properties": { "P29_001": "33346", "P29_002": "B133210002303", "P29_003": "16001", "P29_004": "和気町立本荘小学校", "P29_005": "岡山県和気郡和気町衣笠550", "P29_006": "3", "P29_007": "1", "P29_008": "00", "P29_009": null }, "geometry": { "type": "Point", "coordinates": [ 134.166332832634623, 34.795956280684806 ] } },
{ "type": "Feature", "properties": { "P29_001": "33346", "P29_002": "B133210002312", "P29_003": "16001", "P29_004": "和気町立佐伯小学校", "P29_005": "岡山県和気郡和気町米沢713", "P29_006": "3", "P29_007": "1", "P29_008": "00", "P29_009": null }, "geometry": { "type": "Point", "coordinates": [ 134.080594245374101, 34.844951227309572 ] } },
{ "type": "Feature", "properties": { "P29_001": "33212", "P29_002": "B133210002321", "P29_003": "16001", "P29_004": "瀬戸内市立牛窓東小学校", "P29_005": "岡山県瀬戸内市牛窓町牛窓4433-10", "P29_006": "3", "P29_007": "1", "P29_008": "00", "P29_009": null }, "geometry": { "type": "Point", "coordinates": [ 134.157439527727206, 34.617133600831444 ] } },
{ "type": "Feature", "properties": { "P29_001": "33212", "P29_002": "B133210002330", "P29_003": "16001", "P29_004": "瀬戸内市立牛窓西小学校", "P29_005": "岡山県瀬戸内市牛窓町鹿忍2166", "P29_006": "3", "P29_007": "1", "P29_008": "00", "P29_009": null }, "geometry": { "type": "Point", "coordinates": [ 134.132658484702176, 34.618353381359732 ] } },
{ "type": "Feature", "properties": { "P29_001": "33212", "P29_002": "B133210002349", "P29_003": "16001", "P29_004": "瀬戸内市立牛窓北小学校", "P29_005": "岡山県瀬戸内市牛窓町長浜3677", "P29_006": "3", "P29_007": "1", "P29_008": "00", "P29_009": null }, "geometry": { "type": "Point", "coordinates": [ 134.135454995528079, 34.643210995669854 ] } },
{ "type": "Feature", "properties": { "P29_001": "33212", "P29_002": "B133210002358", "P29_003": "16001", "P29_004": "瀬戸内市立今城小学校", "P29_005": "岡山県瀬戸内市邑久町大富25", "P29_006": "3", "P29_007": "1", "P29_008": "00", "P29_009": null }, "geometry": { "type": "Point", "coordinates": [ 134.069878648947991, 34.659358482162403 ] } },
{ "type": "Feature", "properties": { "P29_001": "33212", "P29_002": "B133210002367", "P29_003": "16001", "P29_004": "瀬戸内市立裳掛小学校", "P29_005": "岡山県瀬戸内市邑久町虫明2", "P29_006": "3", "P29_007": "1", "P29_008": "00", "P29_009": null }, "geometry": { "type": "Point", "coordinates": [ 134.202457326840829, 34.68246312952143 ] } },
{ "type": "Feature", "properties": { "P29_001": "33212", "P29_002": "B133210002376", "P29_003": "16001", "P29_004": "瀬戸内市立邑久小学校", "P29_005": "岡山県瀬戸内市邑久町山田庄610", "P29_006": "3", "P29_007": "1", "P29_008": "00", "P29_009": null }, "geometry": { "type": "Point", "coordinates": [ 134.096958561146124, 34.66808139863867 ] } },
{ "type": "Feature", "properties": { "P29_001": "33212", "P29_002": "B133210002385", "P29_003": "16001", "P29_004": "瀬戸内市立美和小学校", "P29_005": "岡山県瀬戸内市長船町東須恵1666", "P29_006": "3", "P29_007": "1", "P29_008": "00", "P29_009": null }, "geometry": { "type": "Point", "coordinates": [ 134.142949695511533, 34.686319573555295 ] } },
{ "type": "Feature", "properties": { "P29_001": "33212", "P29_002": "B133210002394", "P29_003": "16001", "P29_004": "瀬戸内市立国府小学校", "P29_005": "岡山県瀬戸内市長船町福里853", "P29_006": "3", "P29_007": "1", "P29_008": "00", "P29_009": null }, "geometry": { "type": "Point", "coordinates": [ 134.12081312717649, 34.697217146314493 ] } },
{ "type": "Feature", "properties": { "P29_001": "33212", "P29_002": "B133210002401", "P29_003": "16001", "P29_004": "瀬戸内市立行幸小学校", "P29_005": "岡山県瀬戸内市長船町服部163", "P29_006": "3", "P29_007": "1", "P29_008": "00", "P29_009": null }, "geometry": { "type": "Point", "coordinates": [ 134.099183682940833, 34.70943853785311 ] } },
{ "type": "Feature", "properties": { "P29_001": "33103", "P29_002": "B133210002410", "P29_003": "16001", "P29_004": "岡山市立平島小学校", "P29_005": "岡山県岡山市東区東平島1293", "P29_006": "3", "P29_007": "1", "P29_008": "00", "P29_009": null }, "geometry": { "type": "Point", "coordinates": [ 134.049236784887484, 34.713888110457319 ] } },
{ "type": "Feature", "properties": { "P29_001": "33103", "P29_002": "B133210002429", "P29_003": "16001", "P29_004": "岡山市立御休小学校", "P29_005": "岡山県岡山市東区西祖179", "P29_006": "3", "P29_007": "1", "P29_008": "00", "P29_009": null }, "geometry": { "type": "Point", "coordinates": [ 134.072622663775718, 34.708436343636222 ] } },
{ "type": "Feature", "properties": { "P29_001": "33103", "P29_002": "B133210002438", "P29_003": "16001", "P29_004": "岡山市立角山小学校", "P29_005": "岡山県岡山市東区才崎389", "P29_006": "3", "P29_007": "1", "P29_008": "00", "P29_009": null }, "geometry": { "type": "Point", "coordinates": [ 134.064076605434849, 34.691443184446157 ] } },
{ "type": "Feature", "properties": { "P29_001": "33103", "P29_002": "B133210002447", "P29_003": "16001", "P29_004": "岡山市立浮田小学校", "P29_005": "岡山県岡山市東区沼1725", "P29_006": "3", "P29_007": "1", "P29_008": "00", "P29_009": null }, "geometry": { "type": "Point", "coordinates": [ 134.034873790985387, 34.705275389407966 ] } },
{ "type": "Feature", "properties": { "P29_001": "33104", "P29_002": "B133210002456", "P29_003": "16001", "P29_004": "岡山市立灘崎小学校", "P29_005": "岡山県岡山市南区片岡1091", "P29_006": "3", "P29_007": "1", "P29_008": "00", "P29_009": null }, "geometry": { "type": "Point", "coordinates": [ 133.862789256102985, 34.541651286871286 ] } },
{ "type": "Feature", "properties": { "P29_001": "33104", "P29_002": "B133210002465", "P29_003": "16001", "P29_004": "岡山市立灘崎小学校迫川分校", "P29_005": "岡山県岡山市南区迫川1094", "P29_006": "3", "P29_007": "1", "P29_008": "00", "P29_009": null }, "geometry": { "type": "Point", "coordinates": [ 133.878272721348054, 34.533484755911388 ] } },
{ "type": "Feature", "properties": { "P29_001": "33104", "P29_002": "B133210002474", "P29_003": "16001", "P29_004": "岡山市立七区小学校", "P29_005": "岡山県岡山市南区北七区61-3", "P29_006": "3", "P29_007": "1", "P29_008": "00", "P29_009": null }, "geometry": { "type": "Point", "coordinates": [ 133.909227436428353, 34.555997492617415 ] } },
{ "type": "Feature", "properties": { "P29_001": "33104", "P29_002": "B133210002483", "P29_003": "16001", "P29_004": "岡山市立彦崎小学校", "P29_005": "岡山県岡山市南区彦崎2642", "P29_006": "3", "P29_007": "1", "P29_008": "00", "P29_009": null }, "geometry": { "type": "Point", "coordinates": [ 133.836692638516297, 34.548888350187923 ] } },
{ "type": "Feature", "properties": { "P29_001": "33204", "P29_002": "B133210002492", "P29_003": "16001", "P29_004": "玉野市立鉾立小学校", "P29_005": "岡山県玉野市北方1274", "P29_006": "3", "P29_007": "1", "P29_008": "00", "P29_009": null }, "geometry": { "type": "Point", "coordinates": [ 134.016469238793974, 34.566411345877334 ] } },
{ "type": "Feature", "properties": { "P29_001": "33204", "P29_002": "B133210002508", "P29_003": "16001", "P29_004": "玉野市立胸上小学校", "P29_005": "岡山県玉野市梶岡639", "P29_006": "3", "P29_007": "1", "P29_008": "00", "P29_009": null }, "geometry": { "type": "Point", "coordinates": [ 133.999570341699609, 34.554242676450492 ] } },
{ "type": "Feature", "properties": { "P29_001": "33104", "P29_002": "B133210002517", "P29_003": "16001", "P29_004": "岡山市立興除小学校", "P29_005": "岡山県岡山市南区中畦593", "P29_006": "3", "P29_007": "1", "P29_008": "00", "P29_009": null }, "geometry": { "type": "Point", "coordinates": [ 133.851791261945465, 34.588909675990585 ] } },
{ "type": "Feature", "properties": { "P29_001": "33104", "P29_002": "B133210002526", "P29_003": "16001", "P29_004": "岡山市立曽根小学校", "P29_005": "岡山県岡山市南区曽根139-2", "P29_006": "3", "P29_007": "1", "P29_008": "00", "P29_009": null }, "geometry": { "type": "Point", "coordinates": [ 133.84012118062293, 34.563423392293046 ] } },
{ "type": "Feature", "properties": { "P29_001": "33104", "P29_002": "B133210002535", "P29_003": "16001", "P29_004": "岡山市立東疇小学校", "P29_005": "岡山県岡山市南区東畦656-2", "P29_006": "3", "P29_007": "1", "P29_008": "00", "P29_009": null }, "geometry": { "type": "Point", "coordinates": [ 133.879302069201714, 34.606185448825073 ] } },
{ "type": "Feature", "properties": { "P29_001": "33101", "P29_002": "B133210002544", "P29_003": "16001", "P29_004": "岡山市立御南小学校", "P29_005": "岡山県岡山市北区今保243-3", "P29_006": "3", "P29_007": "1", "P29_008": "00", "P29_009": null }, "geometry": { "type": "Point", "coordinates": [ 133.872545624214411, 34.641190411382013 ] } },
{ "type": "Feature", "properties": { "P29_001": "33104", "P29_002": "B133210002553", "P29_003": "16001", "P29_004": "岡山市立第一藤田小学校", "P29_005": "岡山県岡山市南区藤田349", "P29_006": "3", "P29_007": "1", "P29_008": "00", "P29_009": null }, "geometry": { "type": "Point", "coordinates": [ 133.87499351710008, 34.578162431777749 ] } },
{ "type": "Feature", "properties": { "P29_001": "33104", "P29_002": "B133210002562", "P29_003": "16001", "P29_004": "岡山市立第二藤田小学校", "P29_005": "岡山県岡山市南区藤田595", "P29_006": "3", "P29_007": "1", "P29_008": "00", "P29_009": null }, "geometry": { "type": "Point", "coordinates": [ 133.893272651572062, 34.605843732946852 ] } },
{ "type": "Feature", "properties": { "P29_001": "33104", "P29_002": "B133210002571", "P29_003": "16001", "P29_004": "岡山市立第三藤田小学校", "P29_005": "岡山県岡山市南区藤田1757", "P29_006": "3", "P29_007": "1", "P29_008": "00", "P29_009": null }, "geometry": { "type": "Point", "coordinates": [ 133.897478031057261, 34.584195421903075 ] } },
{ "type": "Feature", "properties": { "P29_001": "33101", "P29_002": "B133210002580", "P29_003": "16001", "P29_004": "岡山市立吉備小学校", "P29_005": "岡山県岡山市北区庭瀬256", "P29_006": "3", "P29_007": "1", "P29_008": "00", "P29_009": null }, "geometry": { "type": "Point", "coordinates": [ 133.84979380721154, 34.647446175434936 ] } },
{ "type": "Feature", "properties": { "P29_001": "33101", "P29_002": "B133210002599", "P29_003": "16001", "P29_004": "岡山市立陵南小学校", "P29_005": "岡山県岡山市北区東花尻241-1", "P29_006": "3", "P29_007": "1", "P29_008": "00", "P29_009": null }, "geometry": { "type": "Point", "coordinates": [ 133.863818861319714, 34.652613984208386 ] } },
{ "type": "Feature", "properties": { "P29_001": "33202", "P29_002": "B133210002606", "P29_003": "16001", "P29_004": "倉敷市立茶屋町小学校", "P29_005": "岡山県倉敷市茶屋町早沖445", "P29_006": "3", "P29_007": "1", "P29_008": "00", "P29_009": null }, "geometry": { "type": "Point", "coordinates": [ 133.828425677432733, 34.582525295728594 ] } },
{ "type": "Feature", "properties": { "P29_001": "33423", "P29_002": "B133210002615", "P29_003": "16001", "P29_004": "早島町立早島小学校", "P29_005": "岡山県都窪郡早島町早島1297-1", "P29_006": "3", "P29_007": "1", "P29_008": "00", "P29_009": null }, "geometry": { "type": "Point", "coordinates": [ 133.827376775730045, 34.605198621714912 ] } },
{ "type": "Feature", "properties": { "P29_001": "33104", "P29_002": "B133210002624", "P29_003": "16001", "P29_004": "岡山市立妹尾小学校", "P29_005": "岡山県岡山市南区妹尾1353", "P29_006": "3", "P29_007": "1", "P29_008": "00", "P29_009": null }, "geometry": { "type": "Point", "coordinates": [ 133.867343141421827, 34.612561064505549 ] } },
{ "type": "Feature", "properties": { "P29_001": "33104", "P29_002": "B133210002633", "P29_003": "16001", "P29_004": "岡山市立箕島小学校", "P29_005": "岡山県岡山市南区箕島2384", "P29_006": "3", "P29_007": "1", "P29_008": "00", "P29_009": null }, "geometry": { "type": "Point", "coordinates": [ 133.848244164775565, 34.610995107332997 ] } },
{ "type": "Feature", "properties": { "P29_001": "33202", "P29_002": "B133210002642", "P29_003": "16001", "P29_004": "倉敷市立庄小学校", "P29_005": "岡山県倉敷市上東785-2", "P29_006": "3", "P29_007": "1", "P29_008": "00", "P29_009": null }, "geometry": { "type": "Point", "coordinates": [ 133.826082074927598, 34.643643753468119 ] } },
{ "type": "Feature", "properties": { "P29_001": "33104", "P29_002": "B133210002651", "P29_003": "16001", "P29_004": "岡山市立福田小学校", "P29_005": "岡山県岡山市南区古新田1095", "P29_006": "3", "P29_007": "1", "P29_008": "00", "P29_009": null }, "geometry": { "type": "Point", "coordinates": [ 133.870386937147856, 34.624900344654208 ] } },
{ "type": "Feature", "properties": { "P29_001": "33208", "P29_002": "B133210002660", "P29_003": "16001", "P29_004": "総社市立山手小学校", "P29_005": "岡山県総社市岡谷607-2", "P29_006": "3", "P29_007": "1", "P29_008": "00", "P29_009": null }, "geometry": { "type": "Point", "coordinates": [ 133.770814478719529, 34.657029308876695 ] } },
{ "type": "Feature", "properties": { "P29_001": "33208", "P29_002": "B133210002679", "P29_003": "16001", "P29_004": "総社市立清音小学校", "P29_005": "岡山県総社市清音軽部666-1", "P29_006": "3", "P29_007": "1", "P29_008": "00", "P29_009": null }, "geometry": { "type": "Point", "coordinates": [ 133.739184232506688, 34.650184437447365 ] } },
{ "type": "Feature", "properties": { "P29_001": "33202", "P29_002": "B133210002688", "P29_003": "16001", "P29_004": "倉敷市立船穂小学校", "P29_005": "岡山県倉敷市船穂町船穂2643", "P29_006": "3", "P29_007": "1", "P29_008": "00", "P29_009": null }, "geometry": { "type": "Point", "coordinates": [ 133.706204714488337, 34.585067456455285 ] } },
{ "type": "Feature", "properties": { "P29_001": "33202", "P29_002": "B133210002697", "P29_003": "16001", "P29_004": "倉敷市立柳井原小学校", "P29_005": "岡山県倉敷市船穂町柳井原1854-5", "P29_006": "3", "P29_007": "1", "P29_008": "00", "P29_009": null }, "geometry": { "type": "Point", "coordinates": [ 133.720786186392615, 34.610168885694229 ] } },
{ "type": "Feature", "properties": { "P29_001": "33216", "P29_002": "B133210002704", "P29_003": "16001", "P29_004": "浅口市立金光竹小学校", "P29_005": "岡山県浅口市金光町下竹315", "P29_006": "3", "P29_007": "1", "P29_008": "00", "P29_009": null }, "geometry": { "type": "Point", "coordinates": [ 133.633733625810066, 34.553271794317219 ] } },
{ "type": "Feature", "properties": { "P29_001": "33216", "P29_002": "B133210002713", "P29_003": "16001", "P29_004": "浅口市立金光小学校", "P29_005": "岡山県浅口市金光町占見新田288-1", "P29_006": "3", "P29_007": "1", "P29_008": "00", "P29_009": null }, "geometry": { "type": "Point", "coordinates": [ 133.618090303451453, 34.542470443492341 ] } },
{ "type": "Feature", "properties": { "P29_001": "33216", "P29_002": "B133210002722", "P29_003": "16001", "P29_004": "浅口市立金光吉備小学校", "P29_005": "岡山県浅口市金光町須恵160", "P29_006": "3", "P29_007": "1", "P29_008": "00", "P29_009": null }, "geometry": { "type": "Point", "coordinates": [ 133.615795439230624, 34.535315373313246 ] } },
{ "type": "Feature", "properties": { "P29_001": "33216", "P29_002": "B133210002731", "P29_003": "16001", "P29_004": "浅口市立鴨方東小学校", "P29_005": "岡山県浅口市鴨方町地頭上65", "P29_006": "3", "P29_007": "1", "P29_008": "00", "P29_009": null }, "geometry": { "type": "Point", "coordinates": [ 133.5904925199508, 34.545684186871554 ] } },
{ "type": "Feature", "properties": { "P29_001": "33216", "P29_002": "B133210002740", "P29_003": "16001", "P29_004": "浅口市立鴨方西小学校", "P29_005": "岡山県浅口市鴨方町小坂東2223-2", "P29_006": "3", "P29_007": "1", "P29_008": "00", "P29_009": null }, "geometry": { "type": "Point", "coordinates": [ 133.5682235675946, 34.547892185935375 ] } },
{ "type": "Feature", "properties": { "P29_001": "33216", "P29_002": "B133210002759", "P29_003": "16001", "P29_004": "浅口市立鴨方西小学校阿部山分校", "P29_005": "岡山県浅口市鴨方町小坂東5030-208", "P29_006": "3", "P29_007": "1", "P29_008": "00", "P29_009": null }, "geometry": { "type": "Point", "coordinates": [ 133.575595461813776, 34.576489809038506 ] } },
{ "type": "Feature", "properties": { "P29_001": "33216", "P29_002": "B133210002768", "P29_003": "16001", "P29_004": "浅口市立六条院小学校", "P29_005": "岡山県浅口市鴨方町六条院中2072", "P29_006": "3", "P29_007": "1", "P29_008": "00", "P29_009": null }, "geometry": { "type": "Point", "coordinates": [ 133.583268220132169, 34.522849220929608 ] } },
{ "type": "Feature", "properties": { "P29_001": "33216", "P29_002": "B133210002777", "P29_003": "16001", "P29_004": "浅口市立寄島小学校", "P29_005": "岡山県浅口市寄島町16089-3", "P29_006": "3", "P29_007": "1", "P29_008": "00", "P29_009": null }, "geometry": { "type": "Point", "coordinates": [ 133.584914342459626, 34.478641424871107 ] } },
{ "type": "Feature", "properties": { "P29_001": "33445", "P29_002": "B133210002786", "P29_003": "16001", "P29_004": "里庄町立里庄東小学校", "P29_005": "岡山県浅口郡里庄町里見6610", "P29_006": "3", "P29_007": "1", "P29_008": "00", "P29_009": null }, "geometry": { "type": "Point", "coordinates": [ 133.569167993986611, 34.521118528801644 ] } },
{ "type": "Feature", "properties": { "P29_001": "33445", "P29_002": "B133210002795", "P29_003": "16001", "P29_004": "里庄町立里庄西小学校", "P29_005": "岡山県浅口郡里庄町新庄5534", "P29_006": "3", "P29_007": "1", "P29_008": "00", "P29_009": null }, "geometry": { "type": "Point", "coordinates": [ 133.544802045696684, 34.505351331168306 ] } },
{ "type": "Feature", "properties": { "P29_001": "33461", "P29_002": "B133210002802", "P29_003": "16001", "P29_004": "矢掛町立美川小学校", "P29_005": "岡山県小田郡矢掛町下高末2686", "P29_006": "3", "P29_007": "1", "P29_008": "00", "P29_009": null }, "geometry": { "type": "Point", "coordinates": [ 133.587884341409364, 34.663780675622448 ] } },
{ "type": "Feature", "properties": { "P29_001": "33461", "P29_002": "B133210002811", "P29_003": "16001", "P29_004": "矢掛町立矢掛小学校", "P29_005": "岡山県小田郡矢掛町矢掛3000-1", "P29_006": "3", "P29_007": "1", "P29_008": "00", "P29_009": null }, "geometry": { "type": "Point", "coordinates": [ 133.586004921287241, 34.627281404665084 ] } },
{ "type": "Feature", "properties": { "P29_001": "33461", "P29_002": "B133210002820", "P29_003": "16001", "P29_004": "矢掛町立三谷小学校", "P29_005": "岡山県小田郡矢掛町東三成1423", "P29_006": "3", "P29_007": "1", "P29_008": "00", "P29_009": null }, "geometry": { "type": "Point", "coordinates": [ 133.616297108830196, 34.619275622590557 ] } },
{ "type": "Feature", "properties": { "P29_001": "33461", "P29_002": "B133210002839", "P29_003": "16001", "P29_004": "矢掛町立山田小学校", "P29_005": "岡山県小田郡矢掛町里山田2430", "P29_006": "3", "P29_007": "1", "P29_008": "00", "P29_009": null }, "geometry": { "type": "Point", "coordinates": [ 133.599052203324135, 34.597758967434316 ] } },
{ "type": "Feature", "properties": { "P29_001": "33461", "P29_002": "B133210002848", "P29_003": "16001", "P29_004": "矢掛町立川面小学校", "P29_005": "岡山県小田郡矢掛町西川面1380-1", "P29_006": "3", "P29_007": "1", "P29_008": "00", "P29_009": null }, "geometry": { "type": "Point", "coordinates": [ 133.568386114987618, 34.625053604408599 ] } },
{ "type": "Feature", "properties": { "P29_001": "33461", "P29_002": "B133210002857", "P29_003": "16001", "P29_004": "矢掛町立中川小学校", "P29_005": "岡山県小田郡矢掛町本堀1637", "P29_006": "3", "P29_007": "1", "P29_008": "00", "P29_009": null }, "geometry": { "type": "Point", "coordinates": [ 133.5613700878136, 34.611106796275983 ] } },
{ "type": "Feature", "properties": { "P29_001": "33461", "P29_002": "B133210002866", "P29_003": "16001", "P29_004": "矢掛町立小田小学校", "P29_005": "岡山県小田郡矢掛町小田4212-1", "P29_006": "3", "P29_007": "1", "P29_008": "00", "P29_009": null }, "geometry": { "type": "Point", "coordinates": [ 133.544030509776405, 34.615717604271268 ] } },
{ "type": "Feature", "properties": { "P29_001": "33207", "P29_002": "B133210002875", "P29_003": "16001", "P29_004": "井原市立美星小学校", "P29_005": "岡山県井原市美星町西水砂20", "P29_006": "3", "P29_007": "1", "P29_008": "00", "P29_009": null }, "geometry": { "type": "Point", "coordinates": [ 133.532863358713058, 34.672227341853507 ] } },
{ "type": "Feature", "properties": { "P29_001": "33207", "P29_002": "B133210002884", "P29_003": "16001", "P29_004": "井原市立芳井小学校", "P29_005": "岡山県井原市芳井町吉井4114-1", "P29_006": "3", "P29_007": "1", "P29_008": "00", "P29_009": null }, "geometry": { "type": "Point", "coordinates": [ 133.432638744116474, 34.628437882232696 ] } },
{ "type": "Feature", "properties": { "P29_001": "33101", "P29_002": "B133210002893", "P29_003": "16001", "P29_004": "岡山市立鯉山小学校", "P29_005": "岡山県岡山市北区吉備津1444", "P29_006": "3", "P29_007": "1", "P29_008": "00", "P29_009": null }, "geometry": { "type": "Point", "coordinates": [ 133.8462371069038, 34.671710328433448 ] } },
{ "type": "Feature", "properties": { "P29_001": "33101", "P29_002": "B133210002900", "P29_003": "16001", "P29_004": "岡山市立庄内小学校", "P29_005": "岡山県岡山市北区三手336-2", "P29_006": "3", "P29_007": "1", "P29_008": "00", "P29_009": null }, "geometry": { "type": "Point", "coordinates": [ 133.816401106998512, 34.688882818728615 ] } },
{ "type": "Feature", "properties": { "P29_001": "33101", "P29_002": "B133210002919", "P29_003": "16001", "P29_004": "岡山市立加茂小学校", "P29_005": "岡山県岡山市北区津寺517", "P29_006": "3", "P29_007": "1", "P29_008": "00", "P29_009": null }, "geometry": { "type": "Point", "coordinates": [ 133.821878058495514, 34.675143500364818 ] } },
{ "type": "Feature", "properties": { "P29_001": "33101", "P29_002": "B133210002928", "P29_003": "16001", "P29_004": "岡山市立足守小学校", "P29_005": "岡山県岡山市北区足守789", "P29_006": "3", "P29_007": "1", "P29_008": "00", "P29_009": null }, "geometry": { "type": "Point", "coordinates": [ 133.80147918403037, 34.730123537572418 ] } },
{ "type": "Feature", "properties": { "P29_001": "33101", "P29_002": "B133210002937", "P29_003": "16001", "P29_004": "岡山市立蛍明小学校", "P29_005": "岡山県岡山市北区大井360", "P29_006": "3", "P29_007": "1", "P29_008": "00", "P29_009": null }, "geometry": { "type": "Point", "coordinates": [ 133.798700780556288, 34.74284376422009 ] } },
{ "type": "Feature", "properties": { "P29_001": "33202", "P29_002": "B133210002946", "P29_003": "16001", "P29_004": "倉敷市立川辺小学校", "P29_005": "岡山県倉敷市真備町川辺720", "P29_006": "3", "P29_007": "1", "P29_008": "00", "P29_009": null }, "geometry": { "type": "Point", "coordinates": [ 133.721895967215261, 34.639880997051691 ] } },
{ "type": "Feature", "properties": { "P29_001": "33202", "P29_002": "B133210002955", "P29_003": "16001", "P29_004": "倉敷市立岡田小学校", "P29_005": "岡山県倉敷市真備町岡田619-2", "P29_006": "3", "P29_007": "1", "P29_008": "00", "P29_009": null }, "geometry": { "type": "Point", "coordinates": [ 133.705514100944811, 34.646335218281493 ] } },
{ "type": "Feature", "properties": { "P29_001": "33202", "P29_002": "B133210002964", "P29_003": "16001", "P29_004": "倉敷市立薗小学校", "P29_005": "岡山県倉敷市真備町市場4338", "P29_006": "3", "P29_007": "1", "P29_008": "00", "P29_009": null }, "geometry": { "type": "Point", "coordinates": [ 133.692528694938972, 34.647896037535645 ] } },
{ "type": "Feature", "properties": { "P29_001": "33202", "P29_002": "B133210002973", "P29_003": "16001", "P29_004": "倉敷市立二万小学校", "P29_005": "岡山県倉敷市真備町上二万3346", "P29_006": "3", "P29_007": "1", "P29_008": "00", "P29_009": null }, "geometry": { "type": "Point", "coordinates": [ 133.70831563204456, 34.605608240637658 ] } },
{ "type": "Feature", "properties": { "P29_001": "33202", "P29_002": "B133210002982", "P29_003": "16001", "P29_004": "倉敷市立箭田小学校", "P29_005": "岡山県倉敷市真備町箭田4110", "P29_006": "3", "P29_007": "1", "P29_008": "00", "P29_009": null }, "geometry": { "type": "Point", "coordinates": [ 133.685698129660523, 34.626477906002101 ] } },
{ "type": "Feature", "properties": { "P29_001": "33202", "P29_002": "B133210002991", "P29_003": "16001", "P29_004": "倉敷市立呉妹小学校", "P29_005": "岡山県倉敷市真備町妹137", "P29_006": "3", "P29_007": "1", "P29_008": "00", "P29_009": null }, "geometry": { "type": "Point", "coordinates": [ 133.65687832675016, 34.625288251355954 ] } },
{ "type": "Feature", "properties": { "P29_001": "33208", "P29_002": "B133210003008", "P29_003": "16001", "P29_004": "総社市立昭和小学校", "P29_005": "岡山県総社市美袋207", "P29_006": "3", "P29_007": "1", "P29_008": "00", "P29_009": null }, "geometry": { "type": "Point", "coordinates": [ 133.654922219298925, 34.718826729162025 ] } },
{ "type": "Feature", "properties": { "P29_001": "33208", "P29_002": "B133210003017", "P29_003": "16001", "P29_004": "総社市立維新小学校", "P29_005": "岡山県総社市原2229-1", "P29_006": "3", "P29_007": "1", "P29_008": "00", "P29_009": null }, "geometry": { "type": "Point", "coordinates": [ 133.634541463865133, 34.729421503436434 ] } },
{ "type": "Feature", "properties": { "P29_001": "33209", "P29_002": "B133210003026", "P29_003": "16001", "P29_004": "高梁市立有漢東小学校", "P29_005": "岡山県高梁市有漢町上有漢8263", "P29_006": "3", "P29_007": "1", "P29_008": "00", "P29_009": null }, "geometry": { "type": "Point", "coordinates": [ 133.680956434690415, 34.91650550400081 ] } },
{ "type": "Feature", "properties": { "P29_001": "33681", "P29_002": "B133210003044", "P29_003": "16001", "P29_004": "吉備中央町立上竹荘小学校", "P29_005": "岡山県加賀郡吉備中央町上竹2057", "P29_006": "3", "P29_007": "1", "P29_008": "00", "P29_009": null }, "geometry": { "type": "Point", "coordinates": [ 133.67231288870633, 34.847502899045516 ] } },
{ "type": "Feature", "properties": { "P29_001": "33681", "P29_002": "B133210003053", "P29_003": "16001", "P29_004": "吉備中央町立豊野小学校", "P29_005": "岡山県加賀郡吉備中央町豊野170", "P29_006": "3", "P29_007": "1", "P29_008": "00", "P29_009": null }, "geometry": { "type": "Point", "coordinates": [ 133.696238878127048, 34.866599267141574 ] } },
{ "type": "Feature", "properties": { "P29_001": "33681", "P29_002": "B133210003062", "P29_003": "16001", "P29_004": "吉備中央町立下竹荘小学校", "P29_005": "岡山県加賀郡吉備中央町湯山1014", "P29_006": "3", "P29_007": "1", "P29_008": "00", "P29_009": null }, "geometry": { "type": "Point", "coordinates": [ 133.73959865949297, 34.857152652301622 ] } },
{ "type": "Feature", "properties": { "P29_001": "33681", "P29_002": "B133210003071", "P29_003": "16001", "P29_004": "吉備中央町立吉川小学校", "P29_005": "岡山県加賀郡吉備中央町吉川892", "P29_006": "3", "P29_007": "1", "P29_008": "00", "P29_009": null }, "geometry": { "type": "Point", "coordinates": [ 133.754038001327842, 34.817140216646521 ] } },
{ "type": "Feature", "properties": { "P29_001": "33681", "P29_002": "B133210003080", "P29_003": "16001", "P29_004": "吉備中央町立大和小学校", "P29_005": "岡山県加賀郡吉備中央町西205", "P29_006": "3", "P29_007": "1", "P29_008": "00", "P29_009": null }, "geometry": { "type": "Point", "coordinates": [ 133.688591534075272, 34.794850129186557 ] } },
{ "type": "Feature", "properties": { "P29_001": "33209", "P29_002": "B133210003099", "P29_003": "16001", "P29_004": "高梁市立成羽小学校", "P29_005": "岡山県高梁市成羽町下原1086", "P29_006": "3", "P29_007": "1", "P29_008": "00", "P29_009": null }, "geometry": { "type": "Point", "coordinates": [ 133.534766848953979, 34.780616787234251 ] } },
{ "type": "Feature", "properties": { "P29_001": "33209", "P29_002": "B133210003106", "P29_003": "16001", "P29_004": "高梁市立川上小学校", "P29_005": "岡山県高梁市川上町地頭1323", "P29_006": "3", "P29_007": "1", "P29_008": "00", "P29_009": null }, "geometry": { "type": "Point", "coordinates": [ 133.484306564967113, 34.739883113943684 ] } },
{ "type": "Feature", "properties": { "P29_001": "33209", "P29_002": "B133210003115", "P29_003": "16001", "P29_004": "高梁市立富家小学校", "P29_005": "岡山県高梁市備中町長屋27-1", "P29_006": "3", "P29_007": "1", "P29_008": "00", "P29_009": null }, "geometry": { "type": "Point", "coordinates": [ 133.459892188346174, 34.786824531470629 ] } },
{ "type": "Feature", "properties": { "P29_001": "33210", "P29_002": "B133210003124", "P29_003": "16001", "P29_004": "新見市立刑部小学校", "P29_005": "岡山県新見市大佐永富1592", "P29_006": "3", "P29_007": "1", "P29_008": "00", "P29_009": null }, "geometry": { "type": "Point", "coordinates": [ 133.571492815841594, 35.080930647233068 ] } },
{ "type": "Feature", "properties": { "P29_001": "33210", "P29_002": "B133210003133", "P29_003": "16001", "P29_004": "新見市立神郷北小学校", "P29_005": "岡山県新見市神郷釜村1281", "P29_006": "3", "P29_007": "1", "P29_008": "00", "P29_009": null }, "geometry": { "type": "Point", "coordinates": [ 133.373556295475481, 35.089549369261363 ] } },
{ "type": "Feature", "properties": { "P29_001": "33210", "P29_002": "B133210003142", "P29_003": "16001", "P29_004": "新見市立神代小学校", "P29_005": "岡山県新見市神郷下神代3571-1", "P29_006": "3", "P29_007": "1", "P29_008": "00", "P29_009": null }, "geometry": { "type": "Point", "coordinates": [ 133.385136861449098, 34.987905418412375 ] } },
{ "type": "Feature", "properties": { "P29_001": "33210", "P29_002": "B133210003151", "P29_003": "16001", "P29_004": "新見市立本郷小学校", "P29_005": "岡山県新見市哲多町本郷672", "P29_006": "3", "P29_007": "1", "P29_008": "00", "P29_009": null }, "geometry": { "type": "Point", "coordinates": [ 133.450902564118422, 34.93816527684384 ] } },
{ "type": "Feature", "properties": { "P29_001": "33210", "P29_002": "B133210003179", "P29_003": "16001", "P29_004": "新見市立新砥小学校", "P29_005": "岡山県新見市哲多町蚊家4301", "P29_006": "3", "P29_007": "1", "P29_008": "00", "P29_009": null }, "geometry": { "type": "Point", "coordinates": [ 133.404987119298454, 34.909104098437425 ] } },
{ "type": "Feature", "properties": { "P29_001": "33210", "P29_002": "B133210003188", "P29_003": "16001", "P29_004": "新見市立矢神小学校", "P29_005": "岡山県新見市哲西町上神代5823", "P29_006": "3", "P29_007": "1", "P29_008": "00", "P29_009": null }, "geometry": { "type": "Point", "coordinates": [ 133.331340469839262, 34.956676863056948 ] } },
{ "type": "Feature", "properties": { "P29_001": "33210", "P29_002": "B133210003197", "P29_003": "16001", "P29_004": "新見市立野馳小学校", "P29_005": "岡山県新見市哲西町八鳥527", "P29_006": "3", "P29_007": "1", "P29_008": "00", "P29_009": null }, "geometry": { "type": "Point", "coordinates": [ 133.325783218912136, 34.908307190358457 ] } },
{ "type": "Feature", "properties": { "P29_001": "33214", "P29_002": "B133210003204", "P29_003": "16001", "P29_004": "真庭市立月田小学校", "P29_005": "岡山県真庭市月田5642", "P29_006": "3", "P29_007": "1", "P29_008": "00", "P29_009": null }, "geometry": { "type": "Point", "coordinates": [ 133.661762489786895, 35.039408857491814 ] } },
{ "type": "Feature", "properties": { "P29_001": "33214", "P29_002": "B133210003213", "P29_003": "16001", "P29_004": "真庭市立富原小学校", "P29_005": "岡山県真庭市若代1948", "P29_006": "3", "P29_007": "1", "P29_008": "00", "P29_009": null }, "geometry": { "type": "Point", "coordinates": [ 133.609371753162407, 35.060199914605633 ] } },
{ "type": "Feature", "properties": { "P29_001": "33214", "P29_002": "B133210003222", "P29_003": "16001", "P29_004": "真庭市立勝山小学校", "P29_005": "岡山県真庭市本郷1801", "P29_006": "3", "P29_007": "1", "P29_008": "00", "P29_009": null }, "geometry": { "type": "Point", "coordinates": [ 133.688372567422846, 35.084398317632811 ] } },
{ "type": "Feature", "properties": { "P29_001": "33214", "P29_002": "B133210003231", "P29_003": "16001", "P29_004": "真庭市立落合小学校", "P29_005": "岡山県真庭市落合垂水607-2", "P29_006": "3", "P29_007": "1", "P29_008": "00", "P29_009": null }, "geometry": { "type": "Point", "coordinates": [ 133.74659763584944, 35.015764827941112 ] } },
{ "type": "Feature", "properties": { "P29_001": "33214", "P29_002": "B133210003240", "P29_003": "16001", "P29_004": "真庭市立天津小学校", "P29_005": "岡山県真庭市日名20-2", "P29_006": "3", "P29_007": "1", "P29_008": "00", "P29_009": null }, "geometry": { "type": "Point", "coordinates": [ 133.744389288157123, 35.053625403999021 ] } },
{ "type": "Feature", "properties": { "P29_001": "33214", "P29_002": "B133210003259", "P29_003": "16001", "P29_004": "真庭市立木山小学校", "P29_005": "岡山県真庭市下方1380", "P29_006": "3", "P29_007": "1", "P29_008": "00", "P29_009": null }, "geometry": { "type": "Point", "coordinates": [ 133.733639765370953, 35.003302656796762 ] } },
{ "type": "Feature", "properties": { "P29_001": "33214", "P29_002": "B133210003268", "P29_003": "16001", "P29_004": "真庭市立木山小学校日野上分校", "P29_005": "岡山県真庭市日野上1317", "P29_006": "3", "P29_007": "9", "P29_008": "00", "P29_009": null }, "geometry": { "type": "Point", "coordinates": [ 133.703436343196415, 35.017665206745171 ] } },
{ "type": "Feature", "properties": { "P29_001": "33214", "P29_002": "B133210003277", "P29_003": "16001", "P29_004": "真庭市立美川小学校", "P29_005": "岡山県真庭市栗原720", "P29_006": "3", "P29_007": "1", "P29_008": "00", "P29_009": null }, "geometry": { "type": "Point", "coordinates": [ 133.698707335821069, 34.987799929650571 ] } },
{ "type": "Feature", "properties": { "P29_001": "33214", "P29_002": "B133210003286", "P29_003": "16001", "P29_004": "真庭市立河内小学校", "P29_005": "岡山県真庭市中河内2119-1", "P29_006": "3", "P29_007": "1", "P29_008": "00", "P29_009": null }, "geometry": { "type": "Point", "coordinates": [ 133.800202805975545, 35.049818675389282 ] } },
{ "type": "Feature", "properties": { "P29_001": "33214", "P29_002": "B133210003295", "P29_003": "16001", "P29_004": "真庭市立川東小学校", "P29_005": "岡山県真庭市田原175", "P29_006": "3", "P29_007": "1", "P29_008": "00", "P29_009": null }, "geometry": { "type": "Point", "coordinates": [ 133.761894025342684, 35.036059405279424 ] } },
{ "type": "Feature", "properties": { "P29_001": "33214", "P29_002": "B133210003302", "P29_003": "16001", "P29_004": "真庭市立湯原小学校", "P29_005": "岡山県真庭市久見70", "P29_006": "3", "P29_007": "1", "P29_008": "00", "P29_009": null }, "geometry": { "type": "Point", "coordinates": [ 133.731726907432318, 35.174172280657267 ] } },
{ "type": "Feature", "properties": { "P29_001": "33214", "P29_002": "B133210003311", "P29_003": "16001", "P29_004": "真庭市立遷喬小学校", "P29_005": "岡山県真庭市久世100", "P29_006": "3", "P29_007": "1", "P29_008": "00", "P29_009": null }, "geometry": { "type": "Point", "coordinates": [ 133.750656056366978, 35.082592690357878 ] } },
{ "type": "Feature", "properties": { "P29_001": "33214", "P29_002": "B133210003320", "P29_003": "16001", "P29_004": "真庭市立草加部小学校", "P29_005": "岡山県真庭市草加部538", "P29_006": "3", "P29_007": "1", "P29_008": "00", "P29_009": null }, "geometry": { "type": "Point", "coordinates": [ 133.719855468389397, 35.081145477352294 ] } },
{ "type": "Feature", "properties": { "P29_001": "33214", "P29_002": "B133210003339", "P29_003": "16001", "P29_004": "真庭市立米来小学校", "P29_005": "岡山県真庭市目木1804", "P29_006": "3", "P29_007": "1", "P29_008": "00", "P29_009": null }, "geometry": { "type": "Point", "coordinates": [ 133.778526426401697, 35.077771713807508 ] } },
{ "type": "Feature", "properties": { "P29_001": "33214", "P29_002": "B133210003348", "P29_003": "16001", "P29_004": "真庭市立樫邑小学校", "P29_005": "岡山県真庭市樫西3510", "P29_006": "3", "P29_007": "1", "P29_008": "00", "P29_009": null }, "geometry": { "type": "Point", "coordinates": [ 133.778955206183014, 35.103579704993741 ] } },
{ "type": "Feature", "properties": { "P29_001": "33214", "P29_002": "B133210003357", "P29_003": "16001", "P29_004": "真庭市立余野小学校", "P29_005": "岡山県真庭市余野下475", "P29_006": "3", "P29_007": "1", "P29_008": "00", "P29_009": null }, "geometry": { "type": "Point", "coordinates": [ 133.818359370005709, 35.111533529343909 ] } },
{ "type": "Feature", "properties": { "P29_001": "33214", "P29_002": "B133210003366", "P29_003": "16001", "P29_004": "真庭市立美甘小学校", "P29_005": "岡山県真庭市美甘4021-4", "P29_006": "3", "P29_007": "1", "P29_008": "00", "P29_009": null }, "geometry": { "type": "Point", "coordinates": [ 133.621529798675027, 35.157164993412422 ] } },
{ "type": "Feature", "properties": { "P29_001": "33586", "P29_002": "B133210003375", "P29_003": "16001", "P29_004": "新庄村立新庄小学校", "P29_005": "岡山県真庭郡新庄村2074", "P29_006": "3", "P29_007": "1", "P29_008": "00", "P29_009": null }, "geometry": { "type": "Point", "coordinates": [ 133.567184604232835, 35.181608656659776 ] } },
{ "type": "Feature", "properties": { "P29_001": "33214", "P29_002": "B133210003384", "P29_003": "16001", "P29_004": "真庭市立川上小学校", "P29_005": "岡山県真庭市蒜山上福田890-17", "P29_006": "3", "P29_007": "1", "P29_008": "00", "P29_009": null }, "geometry": { "type": "Point", "coordinates": [ 133.64669606339865, 35.28154388244532 ] } },
{ "type": "Feature", "properties": { "P29_001": "33214", "P29_002": "B133210003393", "P29_003": "16001", "P29_004": "真庭市立八束小学校", "P29_005": "岡山県真庭市蒜山下見1527", "P29_006": "3", "P29_007": "1", "P29_008": "00", "P29_009": null }, "geometry": { "type": "Point", "coordinates": [ 133.703583570626591, 35.285480262473136 ] } },
{ "type": "Feature", "properties": { "P29_001": "33214", "P29_002": "B133210003400", "P29_003": "16001", "P29_004": "真庭市立中和小学校", "P29_005": "岡山県真庭市蒜山下和1965", "P29_006": "3", "P29_007": "1", "P29_008": "00", "P29_009": null }, "geometry": { "type": "Point", "coordinates": [ 133.775782948376019, 35.263293349837809 ] } },
{ "type": "Feature", "properties": { "P29_001": "33203", "P29_002": "B133210003419", "P29_003": "16001", "P29_004": "津山市立加茂小学校", "P29_005": "岡山県津山市加茂町塔中80", "P29_006": "3", "P29_007": "1", "P29_008": "00", "P29_009": null }, "geometry": { "type": "Point", "coordinates": [ 134.055926880001067, 35.177711811677057 ] } },
{ "type": "Feature", "properties": { "P29_001": "33606", "P29_002": "B133210003428", "P29_003": "16001", "P29_004": "鏡野町立奥津小学校", "P29_005": "岡山県苫田郡鏡野町女原79-2", "P29_006": "3", "P29_007": "1", "P29_008": "00", "P29_009": null }, "geometry": { "type": "Point", "coordinates": [ 133.908863462808426, 35.177098053042748 ] } },
{ "type": "Feature", "properties": { "P29_001": "33606", "P29_002": "B133210003437", "P29_003": "16001", "P29_004": "鏡野町立大野小学校", "P29_005": "岡山県苫田郡鏡野町円宗寺825", "P29_006": "3", "P29_007": "1", "P29_008": "00", "P29_009": null }, "geometry": { "type": "Point", "coordinates": [ 133.939753352389005, 35.101533259940759 ] } },
{ "type": "Feature", "properties": { "P29_001": "33606", "P29_002": "B133210003446", "P29_003": "16001", "P29_004": "鏡野町立鶴喜小学校", "P29_005": "岡山県苫田郡鏡野町下森原405", "P29_006": "3", "P29_007": "1", "P29_008": "00", "P29_009": null }, "geometry": { "type": "Point", "coordinates": [ 133.914631037577948, 35.113047875103128 ] } },
{ "type": "Feature", "properties": { "P29_001": "33606", "P29_002": "B133210003455", "P29_003": "16001", "P29_004": "鏡野町立香々美小学校", "P29_005": "岡山県苫田郡鏡野町香々美828", "P29_006": "3", "P29_007": "1", "P29_008": "00", "P29_009": null }, "geometry": { "type": "Point", "coordinates": [ 133.955026257020393, 35.118789294231462 ] } },
{ "type": "Feature", "properties": { "P29_001": "33606", "P29_002": "B133210003473", "P29_003": "16001", "P29_004": "鏡野町立南小学校", "P29_005": "岡山県苫田郡鏡野町古川50", "P29_006": "3", "P29_007": "1", "P29_008": "00", "P29_009": null }, "geometry": { "type": "Point", "coordinates": [ 133.92453482974247, 35.074362582060729 ] } },
{ "type": "Feature", "properties": { "P29_001": "33215", "P29_002": "B133210003507", "P29_003": "16001", "P29_004": "美作市立勝田小学校", "P29_005": "岡山県美作市真加部1366", "P29_006": "3", "P29_007": "1", "P29_008": "00", "P29_009": null }, "geometry": { "type": "Point", "coordinates": [ 134.188047187498654, 35.075802076428502 ] } },
{ "type": "Feature", "properties": { "P29_001": "33215", "P29_002": "B133210003516", "P29_003": "16001", "P29_004": "美作市立勝田東小学校", "P29_005": "岡山県美作市大町64", "P29_006": "3", "P29_007": "1", "P29_008": "00", "P29_009": null }, "geometry": { "type": "Point", "coordinates": [ 134.207517371698572, 35.065251287707333 ] } },
{ "type": "Feature", "properties": { "P29_001": "33622", "P29_002": "B133210003525", "P29_003": "16001", "P29_004": "勝央町立勝間田小学校", "P29_005": "岡山県勝田郡勝央町勝間田194-1", "P29_006": "3", "P29_007": "1", "P29_008": "00", "P29_009": null }, "geometry": { "type": "Point", "coordinates": [ 134.117734691779731, 35.041199963700947 ] } },
{ "type": "Feature", "properties": { "P29_001": "33622", "P29_002": "B133210003534", "P29_003": "16001", "P29_004": "勝央町立勝央北小学校", "P29_005": "岡山県勝田郡勝央町植月中2754", "P29_006": "3", "P29_007": "1", "P29_008": "00", "P29_009": null }, "geometry": { "type": "Point", "coordinates": [ 134.127929451369397, 35.072870609253279 ] } },
{ "type": "Feature", "properties": { "P29_001": "33623", "P29_002": "B133210003543", "P29_003": "16001", "P29_004": "奈義町立奈義小学校", "P29_005": "岡山県勝田郡奈義町広岡1261", "P29_006": "3", "P29_007": "1", "P29_008": "00", "P29_009": null }, "geometry": { "type": "Point", "coordinates": [ 134.176777232817699, 35.119103712500475 ] } },
{ "type": "Feature", "properties": { "P29_001": "33203", "P29_002": "B133210003552", "P29_003": "16001", "P29_004": "津山市立広戸小学校", "P29_005": "岡山県津山市市場1080-1", "P29_006": "3", "P29_007": "1", "P29_008": "00", "P29_009": null }, "geometry": { "type": "Point", "coordinates": [ 134.123639138446805, 35.127976143160637 ] } },
{ "type": "Feature", "properties": { "P29_001": "33203", "P29_002": "B133210003561", "P29_003": "16001", "P29_004": "津山市立新野小学校", "P29_005": "岡山県津山市西中591", "P29_006": "3", "P29_007": "1", "P29_008": "00", "P29_009": null }, "geometry": { "type": "Point", "coordinates": [ 134.108050747580023, 35.109725760674692 ] } },
{ "type": "Feature", "properties": { "P29_001": "33203", "P29_002": "B133210003570", "P29_003": "16001", "P29_004": "津山市立勝加茂小学校", "P29_005": "岡山県津山市中村125", "P29_006": "3", "P29_007": "1", "P29_008": "00", "P29_009": null }, "geometry": { "type": "Point", "coordinates": [ 134.101693208717904, 35.090469439847048 ] } },
{ "type": "Feature", "properties": { "P29_001": "33215", "P29_002": "B133210003589", "P29_003": "16001", "P29_004": "美作市立大原小学校", "P29_005": "岡山県美作市下町326-2", "P29_006": "3", "P29_007": "1", "P29_008": "00", "P29_009": null }, "geometry": { "type": "Point", "coordinates": [ 134.323492621383565, 35.10365513781673 ] } },
{ "type": "Feature", "properties": { "P29_001": "33215", "P29_002": "B133210003598", "P29_003": "16001", "P29_004": "美作市立美作北小学校", "P29_005": "岡山県美作市楢原中60", "P29_006": "3", "P29_007": "1", "P29_008": "00", "P29_009": null }, "geometry": { "type": "Point", "coordinates": [ 134.171806544087588, 35.028222723330288 ] } },
{ "type": "Feature", "properties": { "P29_001": "33215", "P29_002": "B133210003605", "P29_003": "16001", "P29_004": "美作市立美作第一小学校", "P29_005": "岡山県美作市湯郷58", "P29_006": "3", "P29_007": "1", "P29_008": "00", "P29_009": null }, "geometry": { "type": "Point", "coordinates": [ 134.13795440621027, 34.998236797033563 ] } },
{ "type": "Feature", "properties": { "P29_001": "33215", "P29_002": "B133210003614", "P29_003": "16001", "P29_004": "美作市立江見小学校", "P29_005": "岡山県美作市江見573", "P29_006": "3", "P29_007": "1", "P29_008": "00", "P29_009": null }, "geometry": { "type": "Point", "coordinates": [ 134.226026873323889, 35.019602223360309 ] } },
{ "type": "Feature", "properties": { "P29_001": "33215", "P29_002": "B133210003623", "P29_003": "16001", "P29_004": "美作市立土居小学校", "P29_005": "岡山県美作市土居203", "P29_006": "3", "P29_007": "1", "P29_008": "00", "P29_009": null }, "geometry": { "type": "Point", "coordinates": [ 134.266579683333589, 34.99051590549179 ] } },
{ "type": "Feature", "properties": { "P29_001": "33215", "P29_002": "B133210003632", "P29_003": "16001", "P29_004": "美作市立英田小学校", "P29_005": "岡山県美作市福本935", "P29_006": "3", "P29_007": "1", "P29_008": "00", "P29_009": null }, "geometry": { "type": "Point", "coordinates": [ 134.126040883085722, 34.935909718734642 ] } },
{ "type": "Feature", "properties": { "P29_001": "33643", "P29_002": "B133210003650", "P29_003": "16001", "P29_004": "西粟倉村立西粟倉小学校", "P29_005": "岡山県英田郡西粟倉村長尾1555", "P29_006": "3", "P29_007": "1", "P29_008": "00", "P29_009": null }, "geometry": { "type": "Point", "coordinates": [ 134.336885577616101, 35.167718097154214 ] } },
{ "type": "Feature", "properties": { "P29_001": "33666", "P29_002": "B133210003669", "P29_003": "16001", "P29_004": "美咲町立加美小学校", "P29_005": "岡山県久米郡美咲町原田11", "P29_006": "3", "P29_007": "1", "P29_008": "00", "P29_009": null }, "geometry": { "type": "Point", "coordinates": [ 133.96171600031542, 34.982948997537761 ] } },
{ "type": "Feature", "properties": { "P29_001": "33663", "P29_002": "B133210003687", "P29_003": "16001", "P29_004": "久米南町立弓削小学校", "P29_005": "岡山県久米郡久米南町下弓削1008-2", "P29_006": "3", "P29_007": "1", "P29_008": "00", "P29_009": null }, "geometry": { "type": "Point", "coordinates": [ 133.962678642962999, 34.928189428816417 ] } },
{ "type": "Feature", "properties": { "P29_001": "33663", "P29_002": "B133210003696", "P29_003": "16001", "P29_004": "久米南町立誕生寺小学校", "P29_005": "岡山県久米郡久米南町里方944", "P29_006": "3", "P29_007": "1", "P29_008": "00", "P29_009": null }, "geometry": { "type": "Point", "coordinates": [ 133.95479117800042, 34.953495348696769 ] } },
{ "type": "Feature", "properties": { "P29_001": "33663", "P29_002": "B133210003703", "P29_003": "16001", "P29_004": "久米南町立神目小学校", "P29_005": "岡山県久米郡久米南町上神目613", "P29_006": "3", "P29_007": "1", "P29_008": "00", "P29_009": null }, "geometry": { "type": "Point", "coordinates": [ 133.935245787223351, 34.89953558827883 ] } },
{ "type": "Feature", "properties": { "P29_001": "33203", "P29_002": "B133210003712", "P29_003": "16001", "P29_004": "津山市立喬松小学校", "P29_005": "岡山県津山市坪井上100-1", "P29_006": "3", "P29_007": "1", "P29_008": "00", "P29_009": null }, "geometry": { "type": "Point", "coordinates": [ 133.853503435166004, 35.06155203234885 ] } },
{ "type": "Feature", "properties": { "P29_001": "33203", "P29_002": "B133210003721", "P29_003": "16001", "P29_004": "津山市立中正小学校", "P29_005": "岡山県津山市宮部下686", "P29_006": "3", "P29_007": "1", "P29_008": "00", "P29_009": null }, "geometry": { "type": "Point", "coordinates": [ 133.884202261927925, 35.070996016836169 ] } },
{ "type": "Feature", "properties": { "P29_001": "33203", "P29_002": "B133210003730", "P29_003": "16001", "P29_004": "津山市立誠道小学校", "P29_005": "岡山県津山市久米川南919", "P29_006": "3", "P29_007": "1", "P29_008": "00", "P29_009": null }, "geometry": { "type": "Point", "coordinates": [ 133.919120543156083, 35.053997040085548 ] } },
{ "type": "Feature", "properties": { "P29_001": "33203", "P29_002": "B133210003749", "P29_003": "16001", "P29_004": "津山市立秀実小学校", "P29_005": "岡山県津山市桑上1", "P29_006": "3", "P29_007": "1", "P29_008": "00", "P29_009": null }, "geometry": { "type": "Point", "coordinates": [ 133.910222398662683, 35.023737349507535 ] } },
{ "type": "Feature", "properties": { "P29_001": "33666", "P29_002": "B133210003758", "P29_003": "16001", "P29_004": "美咲町立柵原西小学校", "P29_005": "岡山県久米郡美咲町小瀬285", "P29_006": "3", "P29_007": "1", "P29_008": "00", "P29_009": null }, "geometry": { "type": "Point", "coordinates": [ 134.05282198842059, 34.961281293429806 ] } },
{ "type": "Feature", "properties": { "P29_001": "33666", "P29_002": "B133210003767", "P29_003": "16001", "P29_004": "美咲町立柵原東小学校", "P29_005": "岡山県久米郡美咲町行信141-1", "P29_006": "3", "P29_007": "1", "P29_008": "00", "P29_009": null }, "geometry": { "type": "Point", "coordinates": [ 134.059660451537496, 34.989194081796228 ] } },
{ "type": "Feature", "properties": { "P29_001": "33666", "P29_002": "B133210003776", "P29_003": "16001", "P29_004": "美咲町立美咲中央小学校", "P29_005": "岡山県久米郡美咲町打穴下1685-1", "P29_006": "3", "P29_007": "1", "P29_008": "00", "P29_009": null }, "geometry": { "type": "Point", "coordinates": [ 133.931270997233099, 35.015659977916421 ] } },
{ "type": "Feature", "properties": { "P29_001": "33102", "P29_002": "B133210003785", "P29_003": "16001", "P29_004": "岡山市立竜之口小学校", "P29_005": "岡山県岡山市中区四御神266", "P29_006": "3", "P29_007": "1", "P29_008": "00", "P29_009": null }, "geometry": { "type": "Point", "coordinates": [ 133.977532213015877, 34.694846659748642 ] } },
{ "type": "Feature", "properties": { "P29_001": "33104", "P29_002": "B133210003794", "P29_003": "16001", "P29_004": "岡山市立芳明小学校", "P29_005": "岡山県岡山市南区万倍1", "P29_006": "3", "P29_007": "1", "P29_008": "00", "P29_009": null }, "geometry": { "type": "Point", "coordinates": [ 133.898830617389081, 34.628695727701704 ] } },
{ "type": "Feature", "properties": { "P29_001": "33101", "P29_002": "B133210003801", "P29_003": "16001", "P29_004": "岡山市立桃丘小学校", "P29_005": "岡山県岡山市北区芳賀5111-22", "P29_006": "3", "P29_007": "1", "P29_008": "00", "P29_009": null }, "geometry": { "type": "Point", "coordinates": [ 133.876008116654134, 34.707052980116764 ] } },
{ "type": "Feature", "properties": { "P29_001": "33104", "P29_002": "B133210003810", "P29_003": "16001", "P29_004": "岡山市立芳泉小学校ひばり分校", "P29_005": "岡山県岡山市南区泉田4-8-10", "P29_006": "3", "P29_007": "1", "P29_008": "00", "P29_009": null }, "geometry": { "type": "Point", "coordinates": [ 133.916095625085347, 34.623509797145942 ] } },
{ "type": "Feature", "properties": { "P29_001": "33103", "P29_002": "B133210003829", "P29_003": "16001", "P29_004": "岡山市立城東台小学校", "P29_005": "岡山県岡山市東区城東台西3-6-3", "P29_006": "3", "P29_007": "1", "P29_008": "00", "P29_009": null }, "geometry": { "type": "Point", "coordinates": [ 134.024553741657343, 34.691013817473717 ] } },
{ "type": "Feature", "properties": { "P29_001": "33101", "P29_002": "B133210003838", "P29_003": "16001", "P29_004": "岡山市立岡山中央小学校", "P29_005": "岡山県岡山市北区弓之町9-27", "P29_006": "3", "P29_007": "1", "P29_008": "00", "P29_009": null }, "geometry": { "type": "Point", "coordinates": [ 133.928338090006321, 34.670964910823862 ] } },
{ "type": "Feature", "properties": { "P29_001": "33214", "P29_002": "B133210003847", "P29_003": "16001", "P29_004": "真庭市立北房小学校", "P29_005": "岡山県真庭市下呰部289", "P29_006": "3", "P29_007": "1", "P29_008": "00", "P29_009": null }, "geometry": { "type": "Point", "coordinates": [ 133.633100400246349, 34.963960713564255 ] } },
{ "type": "Feature", "properties": { "P29_001": "33101", "P29_002": "B133310000018", "P29_003": "16001", "P29_004": "ノートルダム清心女子大学附属小学校", "P29_005": "岡山県岡山市北区伊福町2-16-9", "P29_006": "4", "P29_007": "1", "P29_008": "00", "P29_009": null }, "geometry": { "type": "Point", "coordinates": [ 133.916287275398389, 34.673743621713776 ] } },
{ "type": "Feature", "properties": { "P29_001": "33681", "P29_002": "B133310000027", "P29_003": "16001", "P29_004": "吉備高原のびのび小学校", "P29_005": "岡山県加賀郡吉備中央町高谷470", "P29_006": "4", "P29_007": "1", "P29_008": "00", "P29_009": null }, "geometry": { "type": "Point", "coordinates": [ 133.773127128826673, 34.858964781951833 ] } },
{ "type": "Feature", "properties": { "P29_001": "33101", "P29_002": "B133310000036", "P29_003": "16001", "P29_004": "朝日塾小学校", "P29_005": "岡山県岡山市北区吉宗856", "P29_006": "4", "P29_007": "1", "P29_008": "00", "P29_009": null }, "geometry": { "type": "Point", "coordinates": [ 133.910735018555613, 34.731815132304803 ] } },
{ "type": "Feature", "properties": { "P29_001": "33102", "P29_002": "B133310000045", "P29_003": "16001", "P29_004": "就実小学校", "P29_005": "岡山県岡山市中区西川原1-6-1", "P29_006": "4", "P29_007": "1", "P29_008": "00", "P29_009": null }, "geometry": { "type": "Point", "coordinates": [ 133.937412250138806, 34.6769769175853 ] } }
]
}
