{
"type": "FeatureCollection",
"name": "geo_33_3",
"crs": { "type": "name", "properties": { "name": "urn:ogc:def:crs:OGC:1.3:CRS84" } },
"features": [
{ "type": "Feature", "properties": { "ID": 3332023120603, "正式名称": "かえで歯科クリニック", "機関区分": 3, "都道府県コード": 33, "市区町村コード": 101, "所在地": "岡山県岡山市北区西古松１丁目１－２８", "緯度": 34.650274, "経度": 133.910001, "url": "https://www.iryou.teikyouseido.mhlw.go.jp/znk-web/juminkanja/S2430/initialize?prefCd=33&kikanCd=2023120603&kikanKbn=3", "url2": "https://kaede-dentalclinic.com/", "内容": "かえで歯科クリニック【3:歯科】岡山県岡山市北区西古松１丁目１－２８" }, "geometry": { "type": "Point", "coordinates": [ 133.910001, 34.650274 ] } },
{ "type": "Feature", "properties": { "ID": 3332024012301, "正式名称": "アクアデンタルクリニック", "機関区分": 3, "都道府県コード": 33, "市区町村コード": 101, "所在地": "岡山県岡山市北区今保２６２－２２", "緯度": 34.642011, "経度": 133.871753, "url": "https://www.iryou.teikyouseido.mhlw.go.jp/znk-web/juminkanja/S2430/initialize?prefCd=33&kikanCd=2024012301&kikanKbn=3", "url2": "https://www.okayama-aquadental.com/", "内容": "アクアデンタルクリニック【3:歯科】岡山県岡山市北区今保２６２－２２" }, "geometry": { "type": "Point", "coordinates": [ 133.871753, 34.642011 ] } },
{ "type": "Feature", "properties": { "ID": 3333320240507, "正式名称": "キレイハ岡山院", "機関区分": 3, "都道府県コード": 33, "市区町村コード": 101, "所在地": "岡山県岡山市北区駅前町１－１０－２３アーバンパレス岡山駅前", "緯度": 34.660517, "経度": 133.925131, "url": "https://www.iryou.teikyouseido.mhlw.go.jp/znk-web/juminkanja/S2430/initialize?prefCd=33&kikanCd=3320240507&kikanKbn=3", "url2": "https://www.kireiha.website", "内容": "キレイハ岡山院【3:歯科】岡山県岡山市北区駅前町１－１０－２３アーバンパレス岡山駅前" }, "geometry": { "type": "Point", "coordinates": [ 133.925131, 34.660517 ] } },
{ "type": "Feature", "properties": { "ID": 3333320240509, "正式名称": "まびデンタルクリニック＆", "機関区分": 3, "都道府県コード": 33, "市区町村コード": 202, "所在地": "岡山県倉敷市真備町川辺２０００番地７", "緯度": 34.637296, "経度": 133.710308, "url": "https://www.iryou.teikyouseido.mhlw.go.jp/znk-web/juminkanja/S2430/initialize?prefCd=33&kikanCd=3320240509&kikanKbn=3", "url2": "https://www.mdc-and.com/", "内容": "まびデンタルクリニック＆【3:歯科】岡山県倉敷市真備町川辺２０００番地７" }, "geometry": { "type": "Point", "coordinates": [ 133.710308, 34.637296 ] } },
{ "type": "Feature", "properties": { "ID": 3333320240513, "正式名称": "岡山矯正歯科", "機関区分": 3, "都道府県コード": 33, "市区町村コード": 101, "所在地": "岡山県岡山市北区奉還町１丁目２－３セカンドユース西口１階西", "緯度": 34.668237, "経度": 133.917839, "url": "https://www.iryou.teikyouseido.mhlw.go.jp/znk-web/juminkanja/S2430/initialize?prefCd=33&kikanCd=3320240513&kikanKbn=3", "url2": "https://okayama-ortho.com/", "内容": "岡山矯正歯科【3:歯科】岡山県岡山市北区奉還町１丁目２－３セカンドユース西口１階西" }, "geometry": { "type": "Point", "coordinates": [ 133.917839, 34.668237 ] } },
{ "type": "Feature", "properties": { "ID": 3333320240810, "正式名称": "にじいろ歯科・矯正歯科クリニック", "機関区分": 3, "都道府県コード": 33, "市区町村コード": 101, "所在地": "岡山県岡山市北区尾上字久保前８５０－３", "緯度": 34.659893, "経度": 133.869254, "url": "https://www.iryou.teikyouseido.mhlw.go.jp/znk-web/juminkanja/S2430/initialize?prefCd=33&kikanCd=3320240810&kikanKbn=3", "url2": "https://nijiiro-dc-kyosei.com", "内容": "にじいろ歯科・矯正歯科クリニック【3:歯科】岡山県岡山市北区尾上字久保前８５０－３" }, "geometry": { "type": "Point", "coordinates": [ 133.869254, 34.659893 ] } },
{ "type": "Feature", "properties": { "ID": 3333320240816, "正式名称": "タナベ歯科医院", "機関区分": 3, "都道府県コード": 33, "市区町村コード": 202, "所在地": "岡山県倉敷市玉島爪崎１４０ー１", "緯度": 34.565466, "経度": 133.673837, "url": "https://www.iryou.teikyouseido.mhlw.go.jp/znk-web/juminkanja/S2430/initialize?prefCd=33&kikanCd=3320240816&kikanKbn=3", "url2": "https://tanabedental.net/", "内容": "タナベ歯科医院【3:歯科】岡山県倉敷市玉島爪崎１４０ー１" }, "geometry": { "type": "Point", "coordinates": [ 133.673837, 34.565466 ] } },
{ "type": "Feature", "properties": { "ID": 3333320240909, "正式名称": "Ｓｏｒａ　Ｄｅｎｔａｌ　Ｃｌｉｎｉｃ", "機関区分": 3, "都道府県コード": 33, "市区町村コード": 102, "所在地": "岡山県岡山市中区住吉町２－７４－１", "緯度": 34.665827, "経度": 133.940594, "url": "https://www.iryou.teikyouseido.mhlw.go.jp/znk-web/juminkanja/S2430/initialize?prefCd=33&kikanCd=3320240909&kikanKbn=3", "url2": null, "内容": "Ｓｏｒａ　Ｄｅｎｔａｌ　Ｃｌｉｎｉｃ【3:歯科】岡山県岡山市中区住吉町２－７４－１" }, "geometry": { "type": "Point", "coordinates": [ 133.940594, 34.665827 ] } },
{ "type": "Feature", "properties": { "ID": 3333320240914, "正式名称": "旭南歯科クリニック", "機関区分": 3, "都道府県コード": 33, "市区町村コード": 102, "所在地": "岡山県岡山市中区桑野４４６－２３", "緯度": 34.62322, "経度": 133.975859, "url": "https://www.iryou.teikyouseido.mhlw.go.jp/znk-web/juminkanja/S2430/initialize?prefCd=33&kikanCd=3320240914&kikanKbn=3", "url2": null, "内容": "旭南歯科クリニック【3:歯科】岡山県岡山市中区桑野４４６－２３" }, "geometry": { "type": "Point", "coordinates": [ 133.975859, 34.62322 ] } },
{ "type": "Feature", "properties": { "ID": 3333320241030, "正式名称": "まった歯科", "機関区分": 3, "都道府県コード": 33, "市区町村コード": 202, "所在地": "岡山県倉敷市有城４６７－１", "緯度": 34.572956, "経度": 133.798535, "url": "https://www.iryou.teikyouseido.mhlw.go.jp/znk-web/juminkanja/S2430/initialize?prefCd=33&kikanCd=3320241030&kikanKbn=3", "url2": "https://www.matta-dc.com/", "内容": "まった歯科【3:歯科】岡山県倉敷市有城４６７－１" }, "geometry": { "type": "Point", "coordinates": [ 133.798535, 34.572956 ] } },
{ "type": "Feature", "properties": { "ID": 3333320250118, "正式名称": "グリーン歯科クリニック　Ｓｅｃｏｎｄ", "機関区分": 3, "都道府県コード": 33, "市区町村コード": 202, "所在地": "岡山県倉敷市水江１番地イオンモール倉敷２階", "緯度": 34.603142, "経度": 133.746213, "url": "https://www.iryou.teikyouseido.mhlw.go.jp/znk-web/juminkanja/S2430/initialize?prefCd=33&kikanCd=3320250118&kikanKbn=3", "url2": "https://www.green-dc.com/supreme/", "内容": "グリーン歯科クリニック　Ｓｅｃｏｎｄ【3:歯科】岡山県倉敷市水江１番地イオンモール倉敷２階" }, "geometry": { "type": "Point", "coordinates": [ 133.746213, 34.603142 ] } },
{ "type": "Feature", "properties": { "ID": 3333320250122, "正式名称": "ＬＡＬＡごうだ歯科", "機関区分": 3, "都道府県コード": 33, "市区町村コード": 101, "所在地": "岡山県岡山市北区学南町３丁目１１－６", "緯度": 34.685467, "経度": 133.927758, "url": "https://www.iryou.teikyouseido.mhlw.go.jp/znk-web/juminkanja/S2430/initialize?prefCd=33&kikanCd=3320250122&kikanKbn=3", "url2": null, "内容": "ＬＡＬＡごうだ歯科【3:歯科】岡山県岡山市北区学南町３丁目１１－６" }, "geometry": { "type": "Point", "coordinates": [ 133.927758, 34.685467 ] } },
{ "type": "Feature", "properties": { "ID": 3333320250225, "正式名称": "いしいデンタルクリニック", "機関区分": 3, "都道府県コード": 33, "市区町村コード": 202, "所在地": "岡山県倉敷市中島７９７－２", "緯度": 34.582299, "経度": 133.74049, "url": "https://www.iryou.teikyouseido.mhlw.go.jp/znk-web/juminkanja/S2430/initialize?prefCd=33&kikanCd=3320250225&kikanKbn=3", "url2": "https://www.ishii-dental-kurashiki.com/", "内容": "いしいデンタルクリニック【3:歯科】岡山県倉敷市中島７９７－２" }, "geometry": { "type": "Point", "coordinates": [ 133.74049, 34.582299 ] } },
{ "type": "Feature", "properties": { "ID": 3333320250707, "正式名称": "めぐり歯科こども歯科室", "機関区分": 3, "都道府県コード": 33, "市区町村コード": 202, "所在地": "岡山県倉敷市中庄５４－１", "緯度": 34.600353, "経度": 133.777617, "url": "https://www.iryou.teikyouseido.mhlw.go.jp/znk-web/juminkanja/S2430/initialize?prefCd=33&kikanCd=3320250707&kikanKbn=3", "url2": null, "内容": "めぐり歯科こども歯科室【3:歯科】岡山県倉敷市中庄５４－１" }, "geometry": { "type": "Point", "coordinates": [ 133.777617, 34.600353 ] } },
{ "type": "Feature", "properties": { "ID": 3333320250709, "正式名称": "ひらじま歯科医院", "機関区分": 3, "都道府県コード": 33, "市区町村コード": 103, "所在地": "岡山県岡山市東区東平島９２７－１", "緯度": 34.711879, "経度": 134.049212, "url": "https://www.iryou.teikyouseido.mhlw.go.jp/znk-web/juminkanja/S2430/initialize?prefCd=33&kikanCd=3320250709&kikanKbn=3", "url2": null, "内容": "ひらじま歯科医院【3:歯科】岡山県岡山市東区東平島９２７－１" }, "geometry": { "type": "Point", "coordinates": [ 134.049212, 34.711879 ] } },
{ "type": "Feature", "properties": { "ID": 3333330000010, "正式名称": "赤木歯科医院", "機関区分": 3, "都道府県コード": 33, "市区町村コード": 204, "所在地": "岡山県玉野市築港４－７－１", "緯度": 34.500537, "経度": 133.95398, "url": "https://www.iryou.teikyouseido.mhlw.go.jp/znk-web/juminkanja/S2430/initialize?prefCd=33&kikanCd=3330000010&kikanKbn=3", "url2": null, "内容": "赤木歯科医院【3:歯科】岡山県玉野市築港４－７－１" }, "geometry": { "type": "Point", "coordinates": [ 133.95398, 34.500537 ] } },
{ "type": "Feature", "properties": { "ID": 3333330000020, "正式名称": "医療法人　赤司歯科医院", "機関区分": 3, "都道府県コード": 33, "市区町村コード": 204, "所在地": "岡山県玉野市宇野一丁目２４番２４号", "緯度": 34.490649, "経度": 133.946481, "url": "https://www.iryou.teikyouseido.mhlw.go.jp/znk-web/juminkanja/S2430/initialize?prefCd=33&kikanCd=3330000020&kikanKbn=3", "url2": "http://www.akashi-shika.jp/", "内容": "医療法人　赤司歯科医院【3:歯科】岡山県玉野市宇野一丁目２４番２４号" }, "geometry": { "type": "Point", "coordinates": [ 133.946481, 34.490649 ] } },
{ "type": "Feature", "properties": { "ID": 3333330000030, "正式名称": "あさの歯科医院", "機関区分": 3, "都道府県コード": 33, "市区町村コード": 204, "所在地": "岡山県玉野市玉原２－１６－２６", "緯度": 34.477288, "経度": 133.913734, "url": "https://www.iryou.teikyouseido.mhlw.go.jp/znk-web/juminkanja/S2430/initialize?prefCd=33&kikanCd=3330000030&kikanKbn=3", "url2": null, "内容": "あさの歯科医院【3:歯科】岡山県玉野市玉原２－１６－２６" }, "geometry": { "type": "Point", "coordinates": [ 133.913734, 34.477288 ] } },
{ "type": "Feature", "properties": { "ID": 3333330000040, "正式名称": "阿部歯科医院", "機関区分": 3, "都道府県コード": 33, "市区町村コード": 204, "所在地": "岡山県玉野市用吉１６８２", "緯度": 34.525477, "経度": 133.898067, "url": "https://www.iryou.teikyouseido.mhlw.go.jp/znk-web/juminkanja/S2430/initialize?prefCd=33&kikanCd=3330000040&kikanKbn=3", "url2": "http://www.abesika.jp", "内容": "阿部歯科医院【3:歯科】岡山県玉野市用吉１６８２" }, "geometry": { "type": "Point", "coordinates": [ 133.898067, 34.525477 ] } },
{ "type": "Feature", "properties": { "ID": 3333330000050, "正式名称": "石田歯科医院", "機関区分": 3, "都道府県コード": 33, "市区町村コード": 204, "所在地": "岡山県玉野市宇野２－２８－５", "緯度": 34.489982, "経度": 133.94062, "url": "https://www.iryou.teikyouseido.mhlw.go.jp/znk-web/juminkanja/S2430/initialize?prefCd=33&kikanCd=3330000050&kikanKbn=3", "url2": null, "内容": "石田歯科医院【3:歯科】岡山県玉野市宇野２－２８－５" }, "geometry": { "type": "Point", "coordinates": [ 133.94062, 34.489982 ] } },
{ "type": "Feature", "properties": { "ID": 3333330000070, "正式名称": "井上歯科医院", "機関区分": 3, "都道府県コード": 33, "市区町村コード": 204, "所在地": "岡山県玉野市迫間２１３９－２", "緯度": 34.506229, "経度": 133.892291, "url": "https://www.iryou.teikyouseido.mhlw.go.jp/znk-web/juminkanja/S2430/initialize?prefCd=33&kikanCd=3330000070&kikanKbn=3", "url2": null, "内容": "井上歯科医院【3:歯科】岡山県玉野市迫間２１３９－２" }, "geometry": { "type": "Point", "coordinates": [ 133.892291, 34.506229 ] } },
{ "type": "Feature", "properties": { "ID": 3333330000080, "正式名称": "いのうえ歯科医院", "機関区分": 3, "都道府県コード": 33, "市区町村コード": 204, "所在地": "岡山県玉野市八浜町八浜１４５７－３", "緯度": 34.55353, "経度": 133.945257, "url": "https://www.iryou.teikyouseido.mhlw.go.jp/znk-web/juminkanja/S2430/initialize?prefCd=33&kikanCd=3330000080&kikanKbn=3", "url2": "http://inoue-sika.com", "内容": "いのうえ歯科医院【3:歯科】岡山県玉野市八浜町八浜１４５７－３" }, "geometry": { "type": "Point", "coordinates": [ 133.945257, 34.55353 ] } },
{ "type": "Feature", "properties": { "ID": 3333330000100, "正式名称": "垣内歯科医院", "機関区分": 3, "都道府県コード": 33, "市区町村コード": 204, "所在地": "岡山県玉野市宇野１－２８－１", "緯度": 34.492704, "経度": 133.947147, "url": "https://www.iryou.teikyouseido.mhlw.go.jp/znk-web/juminkanja/S2430/initialize?prefCd=33&kikanCd=3330000100&kikanKbn=3", "url2": null, "内容": "垣内歯科医院【3:歯科】岡山県玉野市宇野１－２８－１" }, "geometry": { "type": "Point", "coordinates": [ 133.947147, 34.492704 ] } },
{ "type": "Feature", "properties": { "ID": 3333330000110, "正式名称": "木下歯科医院", "機関区分": 3, "都道府県コード": 33, "市区町村コード": 204, "所在地": "岡山県玉野市田井４－７－２２", "緯度": 34.518451, "経度": 133.94473, "url": "https://www.iryou.teikyouseido.mhlw.go.jp/znk-web/juminkanja/S2430/initialize?prefCd=33&kikanCd=3330000110&kikanKbn=3", "url2": null, "内容": "木下歯科医院【3:歯科】岡山県玉野市田井４－７－２２" }, "geometry": { "type": "Point", "coordinates": [ 133.94473, 34.518451 ] } },
{ "type": "Feature", "properties": { "ID": 3333330000130, "正式名称": "桜井歯科医院", "機関区分": 3, "都道府県コード": 33, "市区町村コード": 204, "所在地": "岡山県玉野市和田３－４－６", "緯度": 34.468151, "経度": 133.923511, "url": "https://www.iryou.teikyouseido.mhlw.go.jp/znk-web/juminkanja/S2430/initialize?prefCd=33&kikanCd=3330000130&kikanKbn=3", "url2": null, "内容": "桜井歯科医院【3:歯科】岡山県玉野市和田３－４－６" }, "geometry": { "type": "Point", "coordinates": [ 133.923511, 34.468151 ] } },
{ "type": "Feature", "properties": { "ID": 3333330000140, "正式名称": "島野歯科医院", "機関区分": 3, "都道府県コード": 33, "市区町村コード": 204, "所在地": "岡山県玉野市玉２丁目１０－５", "緯度": 34.480566, "経度": 133.933566, "url": "https://www.iryou.teikyouseido.mhlw.go.jp/znk-web/juminkanja/S2430/initialize?prefCd=33&kikanCd=3330000140&kikanKbn=3", "url2": null, "内容": "島野歯科医院【3:歯科】岡山県玉野市玉２丁目１０－５" }, "geometry": { "type": "Point", "coordinates": [ 133.933566, 34.480566 ] } },
{ "type": "Feature", "properties": { "ID": 3333330000150, "正式名称": "白髪歯科医院", "機関区分": 3, "都道府県コード": 33, "市区町村コード": 204, "所在地": "岡山県玉野市築港１－４－２２", "緯度": 34.494232, "経度": 133.952369, "url": "https://www.iryou.teikyouseido.mhlw.go.jp/znk-web/juminkanja/S2430/initialize?prefCd=33&kikanCd=3330000150&kikanKbn=3", "url2": null, "内容": "白髪歯科医院【3:歯科】岡山県玉野市築港１－４－２２" }, "geometry": { "type": "Point", "coordinates": [ 133.952369, 34.494232 ] } },
{ "type": "Feature", "properties": { "ID": 3333330000160, "正式名称": "谷歯科医院", "機関区分": 3, "都道府県コード": 33, "市区町村コード": 204, "所在地": "岡山県玉野市宇野８－２－７", "緯度": 34.493704, "経度": 133.945536, "url": "https://www.iryou.teikyouseido.mhlw.go.jp/znk-web/juminkanja/S2430/initialize?prefCd=33&kikanCd=3330000160&kikanKbn=3", "url2": "http://313500.com", "内容": "谷歯科医院【3:歯科】岡山県玉野市宇野８－２－７" }, "geometry": { "type": "Point", "coordinates": [ 133.945536, 34.493704 ] } },
{ "type": "Feature", "properties": { "ID": 3333330000170, "正式名称": "たにもとゆうこ矯正歯科", "機関区分": 3, "都道府県コード": 33, "市区町村コード": 204, "所在地": "岡山県玉野市宇野１丁目３９－１０　３Ｆ", "緯度": 34.489982, "経度": 133.945481, "url": "https://www.iryou.teikyouseido.mhlw.go.jp/znk-web/juminkanja/S2430/initialize?prefCd=33&kikanCd=3330000170&kikanKbn=3", "url2": "http://www.469918.com", "内容": "たにもとゆうこ矯正歯科【3:歯科】岡山県玉野市宇野１丁目３９－１０　３Ｆ" }, "geometry": { "type": "Point", "coordinates": [ 133.945481, 34.489982 ] } },
{ "type": "Feature", "properties": { "ID": 3333330000180, "正式名称": "医療法人社団千葉歯科医院", "機関区分": 3, "都道府県コード": 33, "市区町村コード": 204, "所在地": "岡山県玉野市和田１－１４－６", "緯度": 34.469984, "経度": 133.922539, "url": "https://www.iryou.teikyouseido.mhlw.go.jp/znk-web/juminkanja/S2430/initialize?prefCd=33&kikanCd=3330000180&kikanKbn=3", "url2": "https://chibadentist.com/", "内容": "医療法人社団千葉歯科医院【3:歯科】岡山県玉野市和田１－１４－６" }, "geometry": { "type": "Point", "coordinates": [ 133.922539, 34.469984 ] } },
{ "type": "Feature", "properties": { "ID": 3333330000190, "正式名称": "仲田歯科医院", "機関区分": 3, "都道府県コード": 33, "市区町村コード": 204, "所在地": "岡山県玉野市築港１丁目１２番５号", "緯度": 34.493898, "経度": 133.950008, "url": "https://www.iryou.teikyouseido.mhlw.go.jp/znk-web/juminkanja/S2430/initialize?prefCd=33&kikanCd=3330000190&kikanKbn=3", "url2": null, "内容": "仲田歯科医院【3:歯科】岡山県玉野市築港１丁目１２番５号" }, "geometry": { "type": "Point", "coordinates": [ 133.950008, 34.493898 ] } },
{ "type": "Feature", "properties": { "ID": 3333330000200, "正式名称": "中村歯科医院", "機関区分": 3, "都道府県コード": 33, "市区町村コード": 204, "所在地": "岡山県玉野市日比１－１－１１", "緯度": 34.459568, "経度": 133.922734, "url": "https://www.iryou.teikyouseido.mhlw.go.jp/znk-web/juminkanja/S2430/initialize?prefCd=33&kikanCd=3330000200&kikanKbn=3", "url2": null, "内容": "中村歯科医院【3:歯科】岡山県玉野市日比１－１－１１" }, "geometry": { "type": "Point", "coordinates": [ 133.922734, 34.459568 ] } },
{ "type": "Feature", "properties": { "ID": 3333330000210, "正式名称": "半井歯科医院", "機関区分": 3, "都道府県コード": 33, "市区町村コード": 204, "所在地": "岡山県玉野市築港１－１０－４", "緯度": 34.49451, "経度": 133.951425, "url": "https://www.iryou.teikyouseido.mhlw.go.jp/znk-web/juminkanja/S2430/initialize?prefCd=33&kikanCd=3330000210&kikanKbn=3", "url2": null, "内容": "半井歯科医院【3:歯科】岡山県玉野市築港１－１０－４" }, "geometry": { "type": "Point", "coordinates": [ 133.951425, 34.49451 ] } },
{ "type": "Feature", "properties": { "ID": 3333330000220, "正式名称": "橋本歯科医院", "機関区分": 3, "都道府県コード": 33, "市区町村コード": 204, "所在地": "岡山県玉野市奥玉２丁目８番１９号", "緯度": 34.485843, "経度": 133.92215, "url": "https://www.iryou.teikyouseido.mhlw.go.jp/znk-web/juminkanja/S2430/initialize?prefCd=33&kikanCd=3330000220&kikanKbn=3", "url2": "http://www:jda.or.jp/menber", "内容": "橋本歯科医院【3:歯科】岡山県玉野市奥玉２丁目８番１９号" }, "geometry": { "type": "Point", "coordinates": [ 133.92215, 34.485843 ] } },
{ "type": "Feature", "properties": { "ID": 3333330000240, "正式名称": "平山歯科医院", "機関区分": 3, "都道府県コード": 33, "市区町村コード": 204, "所在地": "岡山県玉野市長尾７５７－１", "緯度": 34.501285, "経度": 133.891041, "url": "https://www.iryou.teikyouseido.mhlw.go.jp/znk-web/juminkanja/S2430/initialize?prefCd=33&kikanCd=3330000240&kikanKbn=3", "url2": null, "内容": "平山歯科医院【3:歯科】岡山県玉野市長尾７５７－１" }, "geometry": { "type": "Point", "coordinates": [ 133.891041, 34.501285 ] } },
{ "type": "Feature", "properties": { "ID": 3333330000250, "正式名称": "ふじわら歯科医院", "機関区分": 3, "都道府県コード": 33, "市区町村コード": 204, "所在地": "岡山県玉野市八浜町大崎１８６０－８", "緯度": 34.534393, "経度": 133.929759, "url": "https://www.iryou.teikyouseido.mhlw.go.jp/znk-web/juminkanja/S2430/initialize?prefCd=33&kikanCd=3330000250&kikanKbn=3", "url2": null, "内容": "ふじわら歯科医院【3:歯科】岡山県玉野市八浜町大崎１８６０－８" }, "geometry": { "type": "Point", "coordinates": [ 133.929759, 34.534393 ] } },
{ "type": "Feature", "properties": { "ID": 3333330000260, "正式名称": "みしま歯科クリニック", "機関区分": 3, "都道府県コード": 33, "市区町村コード": 204, "所在地": "岡山県玉野市玉原２丁目６番８号", "緯度": 34.481871, "経度": 133.912706, "url": "https://www.iryou.teikyouseido.mhlw.go.jp/znk-web/juminkanja/S2430/initialize?prefCd=33&kikanCd=3330000260&kikanKbn=3", "url2": "http://www.mishimashika.net", "内容": "みしま歯科クリニック【3:歯科】岡山県玉野市玉原２丁目６番８号" }, "geometry": { "type": "Point", "coordinates": [ 133.912706, 34.481871 ] } },
{ "type": "Feature", "properties": { "ID": 3333330000270, "正式名称": "三宅歯科医院", "機関区分": 3, "都道府県コード": 33, "市区町村コード": 204, "所在地": "岡山県玉野市玉２－１２－２３", "緯度": 34.480039, "経度": 133.932344, "url": "https://www.iryou.teikyouseido.mhlw.go.jp/znk-web/juminkanja/S2430/initialize?prefCd=33&kikanCd=3330000270&kikanKbn=3", "url2": null, "内容": "三宅歯科医院【3:歯科】岡山県玉野市玉２－１２－２３" }, "geometry": { "type": "Point", "coordinates": [ 133.932344, 34.480039 ] } },
{ "type": "Feature", "properties": { "ID": 3333330000280, "正式名称": "三宅歯科医院", "機関区分": 3, "都道府県コード": 33, "市区町村コード": 204, "所在地": "岡山県玉野市山田３１７６", "緯度": 34.545921, "経度": 133.990836, "url": "https://www.iryou.teikyouseido.mhlw.go.jp/znk-web/juminkanja/S2430/initialize?prefCd=33&kikanCd=3330000280&kikanKbn=3", "url2": null, "内容": "三宅歯科医院【3:歯科】岡山県玉野市山田３１７６" }, "geometry": { "type": "Point", "coordinates": [ 133.990836, 34.545921 ] } },
{ "type": "Feature", "properties": { "ID": 3333330000310, "正式名称": "出井歯科医院", "機関区分": 3, "都道府県コード": 33, "市区町村コード": 212, "所在地": "岡山県瀬戸内市邑久町尾張３５１－５", "緯度": 34.664965, "経度": 134.09449, "url": "https://www.iryou.teikyouseido.mhlw.go.jp/znk-web/juminkanja/S2430/initialize?prefCd=33&kikanCd=3330000310&kikanKbn=3", "url2": null, "内容": "出井歯科医院【3:歯科】岡山県瀬戸内市邑久町尾張３５１－５" }, "geometry": { "type": "Point", "coordinates": [ 134.09449, 34.664965 ] } },
{ "type": "Feature", "properties": { "ID": 3333330000318, "正式名称": "えんどう歯科医院", "機関区分": 3, "都道府県コード": 33, "市区町村コード": 102, "所在地": "岡山県岡山市中区藤原西町２－８－２４", "緯度": 34.677514, "経度": 133.956353, "url": "https://www.iryou.teikyouseido.mhlw.go.jp/znk-web/juminkanja/S2430/initialize?prefCd=33&kikanCd=3330000318&kikanKbn=3", "url2": null, "内容": "えんどう歯科医院【3:歯科】岡山県岡山市中区藤原西町２－８－２４" }, "geometry": { "type": "Point", "coordinates": [ 133.956353, 34.677514 ] } },
{ "type": "Feature", "properties": { "ID": 3333330000320, "正式名称": "太田歯科医院", "機関区分": 3, "都道府県コード": 33, "市区町村コード": 212, "所在地": "岡山県瀬戸内市邑久町大富７４１", "緯度": 34.663326, "経度": 134.06427, "url": "https://www.iryou.teikyouseido.mhlw.go.jp/znk-web/juminkanja/S2430/initialize?prefCd=33&kikanCd=3330000320&kikanKbn=3", "url2": "https://www.ota-dental.com/", "内容": "太田歯科医院【3:歯科】岡山県瀬戸内市邑久町大富７４１" }, "geometry": { "type": "Point", "coordinates": [ 134.06427, 34.663326 ] } },
{ "type": "Feature", "properties": { "ID": 3333330000330, "正式名称": "医療法人グラシア　　大西歯科クリニック", "機関区分": 3, "都道府県コード": 33, "市区町村コード": 212, "所在地": "岡山県瀬戸内市邑久町尾張１００－３", "緯度": 34.665465, "経度": 134.089768, "url": "https://www.iryou.teikyouseido.mhlw.go.jp/znk-web/juminkanja/S2430/initialize?prefCd=33&kikanCd=3330000330&kikanKbn=3", "url2": "https://www.820024.com", "内容": "医療法人グラシア　　大西歯科クリニック【3:歯科】岡山県瀬戸内市邑久町尾張１００－３" }, "geometry": { "type": "Point", "coordinates": [ 134.089768, 34.665465 ] } },
{ "type": "Feature", "properties": { "ID": 3333330000340, "正式名称": "くさか歯科・矯正歯科", "機関区分": 3, "都道府県コード": 33, "市区町村コード": 212, "所在地": "岡山県瀬戸内市長船町服部６９０－１５", "緯度": 34.710322, "経度": 134.105182, "url": "https://www.iryou.teikyouseido.mhlw.go.jp/znk-web/juminkanja/S2430/initialize?prefCd=33&kikanCd=3330000340&kikanKbn=3", "url2": null, "内容": "くさか歯科・矯正歯科【3:歯科】岡山県瀬戸内市長船町服部６９０－１５" }, "geometry": { "type": "Point", "coordinates": [ 134.105182, 34.710322 ] } },
{ "type": "Feature", "properties": { "ID": 3333330000350, "正式名称": "小林歯科クリニック", "機関区分": 3, "都道府県コード": 33, "市区町村コード": 212, "所在地": "岡山県瀬戸内市邑久町山田庄１７７－５", "緯度": 34.669909, "経度": 134.091768, "url": "https://www.iryou.teikyouseido.mhlw.go.jp/znk-web/juminkanja/S2430/initialize?prefCd=33&kikanCd=3330000350&kikanKbn=3", "url2": null, "内容": "小林歯科クリニック【3:歯科】岡山県瀬戸内市邑久町山田庄１７７－５" }, "geometry": { "type": "Point", "coordinates": [ 134.091768, 34.669909 ] } },
{ "type": "Feature", "properties": { "ID": 3333330000360, "正式名称": "小山歯科クリニック", "機関区分": 3, "都道府県コード": 33, "市区町村コード": 212, "所在地": "岡山県瀬戸内市長船町服部２０２－２４", "緯度": 34.709322, "経度": 134.101488, "url": "https://www.iryou.teikyouseido.mhlw.go.jp/znk-web/juminkanja/S2430/initialize?prefCd=33&kikanCd=3330000360&kikanKbn=3", "url2": "https://www.koyamadental.jp/", "内容": "小山歯科クリニック【3:歯科】岡山県瀬戸内市長船町服部２０２－２４" }, "geometry": { "type": "Point", "coordinates": [ 134.101488, 34.709322 ] } },
{ "type": "Feature", "properties": { "ID": 3333330000370, "正式名称": "なかしま歯科医院", "機関区分": 3, "都道府県コード": 33, "市区町村コード": 212, "所在地": "岡山県瀬戸内市邑久町尾張１２４４－４", "緯度": 34.662688, "経度": 134.104767, "url": "https://www.iryou.teikyouseido.mhlw.go.jp/znk-web/juminkanja/S2430/initialize?prefCd=33&kikanCd=3330000370&kikanKbn=3", "url2": "http://www.nakashima-dentalclinic.com", "内容": "なかしま歯科医院【3:歯科】岡山県瀬戸内市邑久町尾張１２４４－４" }, "geometry": { "type": "Point", "coordinates": [ 134.104767, 34.662688 ] } },
{ "type": "Feature", "properties": { "ID": 3333330000380, "正式名称": "医療法人中條歯科医院", "機関区分": 3, "都道府県コード": 33, "市区町村コード": 212, "所在地": "岡山県瀬戸内市長船町土師８－７", "緯度": 34.695212, "経度": 134.097655, "url": "https://www.iryou.teikyouseido.mhlw.go.jp/znk-web/juminkanja/S2430/initialize?prefCd=33&kikanCd=3330000380&kikanKbn=3", "url2": "http://www.chujo-dent.jp", "内容": "医療法人中條歯科医院【3:歯科】岡山県瀬戸内市長船町土師８－７" }, "geometry": { "type": "Point", "coordinates": [ 134.097655, 34.695212 ] } },
{ "type": "Feature", "properties": { "ID": 3333330000390, "正式名称": "馬場歯科紺浦診療所", "機関区分": 3, "都道府県コード": 33, "市区町村コード": 212, "所在地": "岡山県瀬戸内市牛窓町牛窓４９５１－２１", "緯度": 34.619083, "経度": 134.147264, "url": "https://www.iryou.teikyouseido.mhlw.go.jp/znk-web/juminkanja/S2430/initialize?prefCd=33&kikanCd=3330000390&kikanKbn=3", "url2": null, "内容": "馬場歯科紺浦診療所【3:歯科】岡山県瀬戸内市牛窓町牛窓４９５１－２１" }, "geometry": { "type": "Point", "coordinates": [ 134.147264, 34.619083 ] } },
{ "type": "Feature", "properties": { "ID": 3333330000400, "正式名称": "平田歯科医院", "機関区分": 3, "都道府県コード": 33, "市区町村コード": 212, "所在地": "岡山県瀬戸内市長船町土師１４４－４", "緯度": 34.702322, "経度": 134.101099, "url": "https://www.iryou.teikyouseido.mhlw.go.jp/znk-web/juminkanja/S2430/initialize?prefCd=33&kikanCd=3330000400&kikanKbn=3", "url2": null, "内容": "平田歯科医院【3:歯科】岡山県瀬戸内市長船町土師１４４－４" }, "geometry": { "type": "Point", "coordinates": [ 134.101099, 34.702322 ] } },
{ "type": "Feature", "properties": { "ID": 3333330000410, "正式名称": "医療法人　邑愛会　水野歯科医院", "機関区分": 3, "都道府県コード": 33, "市区町村コード": 212, "所在地": "岡山県瀬戸内市邑久町尾張１２５－１", "緯度": 34.664549, "経度": 134.09149, "url": "https://www.iryou.teikyouseido.mhlw.go.jp/znk-web/juminkanja/S2430/initialize?prefCd=33&kikanCd=3330000410&kikanKbn=3", "url2": "http://www.mizunodental.com", "内容": "医療法人　邑愛会　水野歯科医院【3:歯科】岡山県瀬戸内市邑久町尾張１２５－１" }, "geometry": { "type": "Point", "coordinates": [ 134.09149, 34.664549 ] } },
{ "type": "Feature", "properties": { "ID": 3333330000420, "正式名称": "瀬戸内市裳掛歯科クリニック", "機関区分": 3, "都道府県コード": 33, "市区町村コード": 212, "所在地": "岡山県瀬戸内市邑久町虫明５３４－２", "緯度": 34.684466, "経度": 134.20709, "url": "https://www.iryou.teikyouseido.mhlw.go.jp/znk-web/juminkanja/S2430/initialize?prefCd=33&kikanCd=3330000420&kikanKbn=3", "url2": null, "内容": "瀬戸内市裳掛歯科クリニック【3:歯科】岡山県瀬戸内市邑久町虫明５３４－２" }, "geometry": { "type": "Point", "coordinates": [ 134.20709, 34.684466 ] } },
{ "type": "Feature", "properties": { "ID": 3333330000440, "正式名称": "大森歯科医院", "機関区分": 3, "都道府県コード": 33, "市区町村コード": 681, "所在地": "岡山県加賀郡吉備中央町豊野８５", "緯度": 34.863212, "経度": 133.695213, "url": "https://www.iryou.teikyouseido.mhlw.go.jp/znk-web/juminkanja/S2430/initialize?prefCd=33&kikanCd=3330000440&kikanKbn=3", "url2": null, "内容": "大森歯科医院【3:歯科】岡山県加賀郡吉備中央町豊野８５" }, "geometry": { "type": "Point", "coordinates": [ 133.695213, 34.863212 ] } },
{ "type": "Feature", "properties": { "ID": 3333330000450, "正式名称": "黒瀬歯科医院", "機関区分": 3, "都道府県コード": 33, "市区町村コード": 681, "所在地": "岡山県加賀郡吉備中央町湯山１０６９－８", "緯度": 34.85788, "経度": 133.740126, "url": "https://www.iryou.teikyouseido.mhlw.go.jp/znk-web/juminkanja/S2430/initialize?prefCd=33&kikanCd=3330000450&kikanKbn=3", "url2": null, "内容": "黒瀬歯科医院【3:歯科】岡山県加賀郡吉備中央町湯山１０６９－８" }, "geometry": { "type": "Point", "coordinates": [ 133.740126, 34.85788 ] } },
{ "type": "Feature", "properties": { "ID": 3333330000460, "正式名称": "ひろおか歯科医院", "機関区分": 3, "都道府県コード": 33, "市区町村コード": 681, "所在地": "岡山県加賀郡吉備中央町下加茂１０５１－１４", "緯度": 34.861214, "経度": 133.808564, "url": "https://www.iryou.teikyouseido.mhlw.go.jp/znk-web/juminkanja/S2430/initialize?prefCd=33&kikanCd=3330000460&kikanKbn=3", "url2": null, "内容": "ひろおか歯科医院【3:歯科】岡山県加賀郡吉備中央町下加茂１０５１－１４" }, "geometry": { "type": "Point", "coordinates": [ 133.808564, 34.861214 ] } },
{ "type": "Feature", "properties": { "ID": 3333330000470, "正式名称": "あおば歯科クリニック", "機関区分": 3, "都道府県コード": 33, "市区町村コード": 211, "所在地": "岡山県備前市吉永町吉永中３９７－３", "緯度": 34.811729, "経度": 134.208003, "url": "https://www.iryou.teikyouseido.mhlw.go.jp/znk-web/juminkanja/S2430/initialize?prefCd=33&kikanCd=3330000470&kikanKbn=3", "url2": "http://www.648.jp", "内容": "あおば歯科クリニック【3:歯科】岡山県備前市吉永町吉永中３９７－３" }, "geometry": { "type": "Point", "coordinates": [ 134.208003, 34.811729 ] } },
{ "type": "Feature", "properties": { "ID": 3333330000480, "正式名称": "岸本歯科診療所", "機関区分": 3, "都道府県コード": 33, "市区町村コード": 211, "所在地": "岡山県備前市日生町日生１２６９の１", "緯度": 34.73285, "経度": 134.265861, "url": "https://www.iryou.teikyouseido.mhlw.go.jp/znk-web/juminkanja/S2430/initialize?prefCd=33&kikanCd=3330000480&kikanKbn=3", "url2": null, "内容": "岸本歯科診療所【3:歯科】岡山県備前市日生町日生１２６９の１" }, "geometry": { "type": "Point", "coordinates": [ 134.265861, 34.73285 ] } },
{ "type": "Feature", "properties": { "ID": 3333330000490, "正式名称": "くさか歯科クリニック", "機関区分": 3, "都道府県コード": 33, "市区町村コード": 211, "所在地": "岡山県備前市日生町日生２４６－２６", "緯度": 34.7336, "経度": 134.272111, "url": "https://www.iryou.teikyouseido.mhlw.go.jp/znk-web/juminkanja/S2430/initialize?prefCd=33&kikanCd=3330000490&kikanKbn=3", "url2": null, "内容": "くさか歯科クリニック【3:歯科】岡山県備前市日生町日生２４６－２６" }, "geometry": { "type": "Point", "coordinates": [ 134.272111, 34.7336 ] } },
{ "type": "Feature", "properties": { "ID": 3333330000500, "正式名称": "黒田歯科医院", "機関区分": 3, "都道府県コード": 33, "市区町村コード": 211, "所在地": "岡山県備前市日生町寒河３９５０－１", "緯度": 34.746405, "経度": 134.293914, "url": "https://www.iryou.teikyouseido.mhlw.go.jp/znk-web/juminkanja/S2430/initialize?prefCd=33&kikanCd=3330000500&kikanKbn=3", "url2": null, "内容": "黒田歯科医院【3:歯科】岡山県備前市日生町寒河３９５０－１" }, "geometry": { "type": "Point", "coordinates": [ 134.293914, 34.746405 ] } },
{ "type": "Feature", "properties": { "ID": 3333330000510, "正式名称": "小林歯科医院", "機関区分": 3, "都道府県コード": 33, "市区町村コード": 211, "所在地": "岡山県備前市鶴海１５８２番地", "緯度": 34.704657, "経度": 134.190758, "url": "https://www.iryou.teikyouseido.mhlw.go.jp/znk-web/juminkanja/S2430/initialize?prefCd=33&kikanCd=3330000510&kikanKbn=3", "url2": null, "内容": "小林歯科医院【3:歯科】岡山県備前市鶴海１５８２番地" }, "geometry": { "type": "Point", "coordinates": [ 134.190758, 34.704657 ] } },
{ "type": "Feature", "properties": { "ID": 3333330000530, "正式名称": "中嶋歯科医院", "機関区分": 3, "都道府県コード": 33, "市区町村コード": 211, "所在地": "岡山県備前市三石３０３番地", "緯度": 34.802176, "経度": 134.270692, "url": "https://www.iryou.teikyouseido.mhlw.go.jp/znk-web/juminkanja/S2430/initialize?prefCd=33&kikanCd=3330000530&kikanKbn=3", "url2": "http://www.nakashima-dc.jp/", "内容": "中嶋歯科医院【3:歯科】岡山県備前市三石３０３番地" }, "geometry": { "type": "Point", "coordinates": [ 134.270692, 34.802176 ] } },
{ "type": "Feature", "properties": { "ID": 3333330000540, "正式名称": "早瀬歯科診療所", "機関区分": 3, "都道府県コード": 33, "市区町村コード": 211, "所在地": "岡山県備前市吉永町吉永中８２８", "緯度": 34.813812, "経度": 134.206503, "url": "https://www.iryou.teikyouseido.mhlw.go.jp/znk-web/juminkanja/S2430/initialize?prefCd=33&kikanCd=3330000540&kikanKbn=3", "url2": null, "内容": "早瀬歯科診療所【3:歯科】岡山県備前市吉永町吉永中８２８" }, "geometry": { "type": "Point", "coordinates": [ 134.206503, 34.813812 ] } },
{ "type": "Feature", "properties": { "ID": 3333330000550, "正式名称": "医療法人憩の館　久本歯科医院", "機関区分": 3, "都道府県コード": 33, "市区町村コード": 211, "所在地": "岡山県備前市穂浪３９５番地の１７", "緯度": 34.73185, "経度": 134.224809, "url": "https://www.iryou.teikyouseido.mhlw.go.jp/znk-web/juminkanja/S2430/initialize?prefCd=33&kikanCd=3330000550&kikanKbn=3", "url2": null, "内容": "医療法人憩の館　久本歯科医院【3:歯科】岡山県備前市穂浪３９５番地の１７" }, "geometry": { "type": "Point", "coordinates": [ 134.224809, 34.73185 ] } },
{ "type": "Feature", "properties": { "ID": 3333330000560, "正式名称": "ひまわり歯科医院", "機関区分": 3, "都道府県コード": 33, "市区町村コード": 211, "所在地": "岡山県備前市穂浪３０５１", "緯度": 34.730822, "経度": 134.219393, "url": "https://www.iryou.teikyouseido.mhlw.go.jp/znk-web/juminkanja/S2430/initialize?prefCd=33&kikanCd=3330000560&kikanKbn=3", "url2": null, "内容": "ひまわり歯科医院【3:歯科】岡山県備前市穂浪３０５１" }, "geometry": { "type": "Point", "coordinates": [ 134.219393, 34.730822 ] } },
{ "type": "Feature", "properties": { "ID": 3333330000580, "正式名称": "堀歯科医院", "機関区分": 3, "都道府県コード": 33, "市区町村コード": 211, "所在地": "岡山県備前市西片上２５", "緯度": 34.744708, "経度": 134.185701, "url": "https://www.iryou.teikyouseido.mhlw.go.jp/znk-web/juminkanja/S2430/initialize?prefCd=33&kikanCd=3330000580&kikanKbn=3", "url2": null, "内容": "堀歯科医院【3:歯科】岡山県備前市西片上２５" }, "geometry": { "type": "Point", "coordinates": [ 134.185701, 34.744708 ] } },
{ "type": "Feature", "properties": { "ID": 3333330000590, "正式名称": "松本歯科医院", "機関区分": 3, "都道府県コード": 33, "市区町村コード": 211, "所在地": "岡山県備前市伊部５９０－１", "緯度": 34.741125, "経度": 134.165675, "url": "https://www.iryou.teikyouseido.mhlw.go.jp/znk-web/juminkanja/S2430/initialize?prefCd=33&kikanCd=3330000590&kikanKbn=3", "url2": null, "内容": "松本歯科医院【3:歯科】岡山県備前市伊部５９０－１" }, "geometry": { "type": "Point", "coordinates": [ 134.165675, 34.741125 ] } },
{ "type": "Feature", "properties": { "ID": 3333330000600, "正式名称": "みなみ歯科医院", "機関区分": 3, "都道府県コード": 33, "市区町村コード": 211, "所在地": "岡山県備前市日生町日生１４３６－３", "緯度": 34.732878, "経度": 134.264278, "url": "https://www.iryou.teikyouseido.mhlw.go.jp/znk-web/juminkanja/S2430/initialize?prefCd=33&kikanCd=3330000600&kikanKbn=3", "url2": null, "内容": "みなみ歯科医院【3:歯科】岡山県備前市日生町日生１４３６－３" }, "geometry": { "type": "Point", "coordinates": [ 134.264278, 34.732878 ] } },
{ "type": "Feature", "properties": { "ID": 3333330000610, "正式名称": "医療法人彩美会森島歯科医院", "機関区分": 3, "都道府県コード": 33, "市区町村コード": 211, "所在地": "岡山県備前市西片上１１４０", "緯度": 34.746218, "経度": 134.182686, "url": "https://www.iryou.teikyouseido.mhlw.go.jp/znk-web/juminkanja/S2430/initialize?prefCd=33&kikanCd=3330000610&kikanKbn=3", "url2": null, "内容": "医療法人彩美会森島歯科医院【3:歯科】岡山県備前市西片上１１４０" }, "geometry": { "type": "Point", "coordinates": [ 134.182686, 34.746218 ] } },
{ "type": "Feature", "properties": { "ID": 3333330000620, "正式名称": "横山歯科クリニック", "機関区分": 3, "都道府県コード": 33, "市区町村コード": 211, "所在地": "岡山県備前市西片上１２４１", "緯度": 34.743264, "経度": 134.182702, "url": "https://www.iryou.teikyouseido.mhlw.go.jp/znk-web/juminkanja/S2430/initialize?prefCd=33&kikanCd=3330000620&kikanKbn=3", "url2": "http://www.yokoyamashika.com", "内容": "横山歯科クリニック【3:歯科】岡山県備前市西片上１２４１" }, "geometry": { "type": "Point", "coordinates": [ 134.182702, 34.743264 ] } },
{ "type": "Feature", "properties": { "ID": 3333330000630, "正式名称": "赤磐ふれあい歯科", "機関区分": 3, "都道府県コード": 33, "市区町村コード": 213, "所在地": "岡山県赤磐市河本１１４０－５", "緯度": 34.747121, "経度": 134.0158, "url": "https://www.iryou.teikyouseido.mhlw.go.jp/znk-web/juminkanja/S2430/initialize?prefCd=33&kikanCd=3330000630&kikanKbn=3", "url2": "http://www.akaiwa-fureaishika.com/", "内容": "赤磐ふれあい歯科【3:歯科】岡山県赤磐市河本１１４０－５" }, "geometry": { "type": "Point", "coordinates": [ 134.0158, 34.747121 ] } },
{ "type": "Feature", "properties": { "ID": 3333330000640, "正式名称": "明石歯科医院", "機関区分": 3, "都道府県コード": 33, "市区町村コード": 213, "所在地": "岡山県赤磐市下市１０４－１", "緯度": 34.752093, "経度": 134.017438, "url": "https://www.iryou.teikyouseido.mhlw.go.jp/znk-web/juminkanja/S2430/initialize?prefCd=33&kikanCd=3330000640&kikanKbn=3", "url2": null, "内容": "明石歯科医院【3:歯科】岡山県赤磐市下市１０４－１" }, "geometry": { "type": "Point", "coordinates": [ 134.017438, 34.752093 ] } },
{ "type": "Feature", "properties": { "ID": 3333330000650, "正式名称": "秋田歯科医院", "機関区分": 3, "都道府県コード": 33, "市区町村コード": 213, "所在地": "岡山県赤磐市高屋３９０", "緯度": 34.755537, "経度": 134.02316, "url": "https://www.iryou.teikyouseido.mhlw.go.jp/znk-web/juminkanja/S2430/initialize?prefCd=33&kikanCd=3330000650&kikanKbn=3", "url2": null, "内容": "秋田歯科医院【3:歯科】岡山県赤磐市高屋３９０" }, "geometry": { "type": "Point", "coordinates": [ 134.02316, 34.755537 ] } },
{ "type": "Feature", "properties": { "ID": 3333330000660, "正式名称": "医療法人昌和会岡村歯科医院", "機関区分": 3, "都道府県コード": 33, "市区町村コード": 213, "所在地": "岡山県赤磐市桜が丘西６丁目３番１号", "緯度": 34.78109, "経度": 134.035797, "url": "https://www.iryou.teikyouseido.mhlw.go.jp/znk-web/juminkanja/S2430/initialize?prefCd=33&kikanCd=3330000660&kikanKbn=3", "url2": "https://okamura-dent.com", "内容": "医療法人昌和会岡村歯科医院【3:歯科】岡山県赤磐市桜が丘西６丁目３番１号" }, "geometry": { "type": "Point", "coordinates": [ 134.035797, 34.78109 ] } },
{ "type": "Feature", "properties": { "ID": 3333330000670, "正式名称": "医療法人岡本歯科クリニック", "機関区分": 3, "都道府県コード": 33, "市区町村コード": 213, "所在地": "岡山県赤磐市穂崎８５７番地", "緯度": 34.738066, "経度": 134.005912, "url": "https://www.iryou.teikyouseido.mhlw.go.jp/znk-web/juminkanja/S2430/initialize?prefCd=33&kikanCd=3330000670&kikanKbn=3", "url2": null, "内容": "医療法人岡本歯科クリニック【3:歯科】岡山県赤磐市穂崎８５７番地" }, "geometry": { "type": "Point", "coordinates": [ 134.005912, 34.738066 ] } },
{ "type": "Feature", "properties": { "ID": 3333330000690, "正式名称": "おの歯科医院", "機関区分": 3, "都道府県コード": 33, "市区町村コード": 213, "所在地": "岡山県赤磐市小瀬木１６４－３", "緯度": 34.787313, "経度": 134.097902, "url": "https://www.iryou.teikyouseido.mhlw.go.jp/znk-web/juminkanja/S2430/initialize?prefCd=33&kikanCd=3330000690&kikanKbn=3", "url2": null, "内容": "おの歯科医院【3:歯科】岡山県赤磐市小瀬木１６４－３" }, "geometry": { "type": "Point", "coordinates": [ 134.097902, 34.787313 ] } },
{ "type": "Feature", "properties": { "ID": 3333330000700, "正式名称": "梶原歯科医院", "機関区分": 3, "都道府県コード": 33, "市区町村コード": 213, "所在地": "岡山県赤磐市桜が丘西７丁目１番１０号", "緯度": 34.775868, "経度": 134.034936, "url": "https://www.iryou.teikyouseido.mhlw.go.jp/znk-web/juminkanja/S2430/initialize?prefCd=33&kikanCd=3330000700&kikanKbn=3", "url2": null, "内容": "梶原歯科医院【3:歯科】岡山県赤磐市桜が丘西７丁目１番１０号" }, "geometry": { "type": "Point", "coordinates": [ 134.034936, 34.775868 ] } },
{ "type": "Feature", "properties": { "ID": 3333330000720, "正式名称": "医療法人健歯会岸歯科医院", "機関区分": 3, "都道府県コード": 33, "市区町村コード": 213, "所在地": "岡山県赤磐市山陽一丁目４－１", "緯度": 34.746232, "経度": 134.006551, "url": "https://www.iryou.teikyouseido.mhlw.go.jp/znk-web/juminkanja/S2430/initialize?prefCd=33&kikanCd=3330000720&kikanKbn=3", "url2": null, "内容": "医療法人健歯会岸歯科医院【3:歯科】岡山県赤磐市山陽一丁目４－１" }, "geometry": { "type": "Point", "coordinates": [ 134.006551, 34.746232 ] } },
{ "type": "Feature", "properties": { "ID": 3333330000730, "正式名称": "医療法人　坂本歯科医院", "機関区分": 3, "都道府県コード": 33, "市区町村コード": 213, "所在地": "岡山県赤磐市東窪田８９－４", "緯度": 34.782783, "経度": 134.010521, "url": "https://www.iryou.teikyouseido.mhlw.go.jp/znk-web/juminkanja/S2430/initialize?prefCd=33&kikanCd=3330000730&kikanKbn=3", "url2": "http://www.sakamoto-dental.jp/", "内容": "医療法人　坂本歯科医院【3:歯科】岡山県赤磐市東窪田８９－４" }, "geometry": { "type": "Point", "coordinates": [ 134.010521, 34.782783 ] } },
{ "type": "Feature", "properties": { "ID": 3333330000740, "正式名称": "桜が丘歯科医院", "機関区分": 3, "都道府県コード": 33, "市区町村コード": 213, "所在地": "岡山県赤磐市桜が丘東２丁目２－６７９", "緯度": 34.778138, "経度": 134.044768, "url": "https://www.iryou.teikyouseido.mhlw.go.jp/znk-web/juminkanja/S2430/initialize?prefCd=33&kikanCd=3330000740&kikanKbn=3", "url2": "https://www.sakuragaoka-dc.com", "内容": "桜が丘歯科医院【3:歯科】岡山県赤磐市桜が丘東２丁目２－６７９" }, "geometry": { "type": "Point", "coordinates": [ 134.044768, 34.778138 ] } },
{ "type": "Feature", "properties": { "ID": 3333330000750, "正式名称": "ささき矯正歯科クリニック", "機関区分": 3, "都道府県コード": 33, "市区町村コード": 213, "所在地": "岡山県赤磐市沼田９３６－４", "緯度": 34.758092, "経度": 134.026298, "url": "https://www.iryou.teikyouseido.mhlw.go.jp/znk-web/juminkanja/S2430/initialize?prefCd=33&kikanCd=3330000750&kikanKbn=3", "url2": "http://sasaki-ortho.jp", "内容": "ささき矯正歯科クリニック【3:歯科】岡山県赤磐市沼田９３６－４" }, "geometry": { "type": "Point", "coordinates": [ 134.026298, 34.758092 ] } },
{ "type": "Feature", "properties": { "ID": 3333330000760, "正式名称": "清水歯科診療所", "機関区分": 3, "都道府県コード": 33, "市区町村コード": 213, "所在地": "岡山県赤磐市周匝４５－１", "緯度": 34.919658, "経度": 134.093287, "url": "https://www.iryou.teikyouseido.mhlw.go.jp/znk-web/juminkanja/S2430/initialize?prefCd=33&kikanCd=3330000760&kikanKbn=3", "url2": null, "内容": "清水歯科診療所【3:歯科】岡山県赤磐市周匝４５－１" }, "geometry": { "type": "Point", "coordinates": [ 134.093287, 34.919658 ] } },
{ "type": "Feature", "properties": { "ID": 3333330000770, "正式名称": "角南歯科医院", "機関区分": 3, "都道府県コード": 33, "市区町村コード": 213, "所在地": "岡山県赤磐市周匝７１７－５", "緯度": 34.917381, "経度": 134.093982, "url": "https://www.iryou.teikyouseido.mhlw.go.jp/znk-web/juminkanja/S2430/initialize?prefCd=33&kikanCd=3330000770&kikanKbn=3", "url2": null, "内容": "角南歯科医院【3:歯科】岡山県赤磐市周匝７１７－５" }, "geometry": { "type": "Point", "coordinates": [ 134.093982, 34.917381 ] } },
{ "type": "Feature", "properties": { "ID": 3333330000800, "正式名称": "内藤歯科医院", "機関区分": 3, "都道府県コード": 33, "市区町村コード": 213, "所在地": "岡山県赤磐市大苅田１１７－１", "緯度": 34.788616, "経度": 134.014326, "url": "https://www.iryou.teikyouseido.mhlw.go.jp/znk-web/juminkanja/S2430/initialize?prefCd=33&kikanCd=3330000800&kikanKbn=3", "url2": null, "内容": "内藤歯科医院【3:歯科】岡山県赤磐市大苅田１１７－１" }, "geometry": { "type": "Point", "coordinates": [ 134.014326, 34.788616 ] } },
{ "type": "Feature", "properties": { "ID": 3333330000810, "正式名称": "ひな歯科クリニック", "機関区分": 3, "都道府県コード": 33, "市区町村コード": 213, "所在地": "岡山県赤磐市下市７１４－５", "緯度": 34.753703, "経度": 134.008383, "url": "https://www.iryou.teikyouseido.mhlw.go.jp/znk-web/juminkanja/S2430/initialize?prefCd=33&kikanCd=3330000810&kikanKbn=3", "url2": null, "内容": "ひな歯科クリニック【3:歯科】岡山県赤磐市下市７１４－５" }, "geometry": { "type": "Point", "coordinates": [ 134.008383, 34.753703 ] } },
{ "type": "Feature", "properties": { "ID": 3333330000820, "正式名称": "歯科　廣瀨醫院", "機関区分": 3, "都道府県コード": 33, "市区町村コード": 213, "所在地": "岡山県赤磐市山陽４－４－４", "緯度": 34.748898, "経度": 134.001801, "url": "https://www.iryou.teikyouseido.mhlw.go.jp/znk-web/juminkanja/S2430/initialize?prefCd=33&kikanCd=3330000820&kikanKbn=3", "url2": null, "内容": "歯科　廣瀨醫院【3:歯科】岡山県赤磐市山陽４－４－４" }, "geometry": { "type": "Point", "coordinates": [ 134.001801, 34.748898 ] } },
{ "type": "Feature", "properties": { "ID": 3333330000830, "正式名称": "安達歯科医院", "機関区分": 3, "都道府県コード": 33, "市区町村コード": 346, "所在地": "岡山県和気郡和気町衣笠９４７－７", "緯度": 34.798535, "経度": 134.153258, "url": "https://www.iryou.teikyouseido.mhlw.go.jp/znk-web/juminkanja/S2430/initialize?prefCd=33&kikanCd=3330000830&kikanKbn=3", "url2": null, "内容": "安達歯科医院【3:歯科】岡山県和気郡和気町衣笠９４７－７" }, "geometry": { "type": "Point", "coordinates": [ 134.153258, 34.798535 ] } },
{ "type": "Feature", "properties": { "ID": 3333330000840, "正式名称": "かわい歯科クリニック", "機関区分": 3, "都道府県コード": 33, "市区町村コード": 346, "所在地": "岡山県和気郡和気町佐伯１３９－１", "緯度": 34.844889, "経度": 134.09129, "url": "https://www.iryou.teikyouseido.mhlw.go.jp/znk-web/juminkanja/S2430/initialize?prefCd=33&kikanCd=3330000840&kikanKbn=3", "url2": null, "内容": "かわい歯科クリニック【3:歯科】岡山県和気郡和気町佐伯１３９－１" }, "geometry": { "type": "Point", "coordinates": [ 134.09129, 34.844889 ] } },
{ "type": "Feature", "properties": { "ID": 3333330000860, "正式名称": "医療法人　武内歯科医院", "機関区分": 3, "都道府県コード": 33, "市区町村コード": 346, "所在地": "岡山県和気郡和気町福富６１６－１", "緯度": 34.797868, "経度": 134.152841, "url": "https://www.iryou.teikyouseido.mhlw.go.jp/znk-web/juminkanja/S2430/initialize?prefCd=33&kikanCd=3330000860&kikanKbn=3", "url2": null, "内容": "医療法人　武内歯科医院【3:歯科】岡山県和気郡和気町福富６１６－１" }, "geometry": { "type": "Point", "coordinates": [ 134.152841, 34.797868 ] } },
{ "type": "Feature", "properties": { "ID": 3333330000870, "正式名称": "医療法人　はたがみ歯科", "機関区分": 3, "都道府県コード": 33, "市区町村コード": 346, "所在地": "岡山県和気郡和気町衣笠８５５－１", "緯度": 34.796341, "経度": 134.154369, "url": "https://www.iryou.teikyouseido.mhlw.go.jp/znk-web/juminkanja/S2430/initialize?prefCd=33&kikanCd=3330000870&kikanKbn=3", "url2": "http://www.hatagamident.jimdo.com", "内容": "医療法人　はたがみ歯科【3:歯科】岡山県和気郡和気町衣笠８５５－１" }, "geometry": { "type": "Point", "coordinates": [ 134.154369, 34.796341 ] } },
{ "type": "Feature", "properties": { "ID": 3333330000880, "正式名称": "医療法人　浩和会　平井歯科医院", "機関区分": 3, "都道府県コード": 33, "市区町村コード": 346, "所在地": "岡山県和気郡和気町衣笠６７１－１", "緯度": 34.795869, "経度": 134.159896, "url": "https://www.iryou.teikyouseido.mhlw.go.jp/znk-web/juminkanja/S2430/initialize?prefCd=33&kikanCd=3330000880&kikanKbn=3", "url2": "http://www.hirai-dentalclinic.or.jp/", "内容": "医療法人　浩和会　平井歯科医院【3:歯科】岡山県和気郡和気町衣笠６７１－１" }, "geometry": { "type": "Point", "coordinates": [ 134.159896, 34.795869 ] } },
{ "type": "Feature", "properties": { "ID": 3333330000890, "正式名称": "あおぞら歯科クリニック", "機関区分": 3, "都道府県コード": 33, "市区町村コード": 208, "所在地": "岡山県総社市東阿曽１８９７－１", "緯度": 34.706454, "経度": 133.791182, "url": "https://www.iryou.teikyouseido.mhlw.go.jp/znk-web/juminkanja/S2430/initialize?prefCd=33&kikanCd=3330000890&kikanKbn=3", "url2": "http://www7a.biglobe.ne.jp/~aozora_shika/", "内容": "あおぞら歯科クリニック【3:歯科】岡山県総社市東阿曽１８９７－１" }, "geometry": { "type": "Point", "coordinates": [ 133.791182, 34.706454 ] } },
{ "type": "Feature", "properties": { "ID": 3333330000910, "正式名称": "いぬつか歯科医院", "機関区分": 3, "都道府県コード": 33, "市区町村コード": 208, "所在地": "岡山県総社市総社２丁目１－２８", "緯度": 34.673651, "経度": 133.75102, "url": "https://www.iryou.teikyouseido.mhlw.go.jp/znk-web/juminkanja/S2430/initialize?prefCd=33&kikanCd=3330000910&kikanKbn=3", "url2": null, "内容": "いぬつか歯科医院【3:歯科】岡山県総社市総社２丁目１－２８" }, "geometry": { "type": "Point", "coordinates": [ 133.75102, 34.673651 ] } },
{ "type": "Feature", "properties": { "ID": 3333330000920, "正式名称": "大村歯科医院", "機関区分": 3, "都道府県コード": 33, "市区町村コード": 208, "所在地": "岡山県総社市中央１丁目８番２６号", "緯度": 34.671929, "経度": 133.742493, "url": "https://www.iryou.teikyouseido.mhlw.go.jp/znk-web/juminkanja/S2430/initialize?prefCd=33&kikanCd=3330000920&kikanKbn=3", "url2": null, "内容": "大村歯科医院【3:歯科】岡山県総社市中央１丁目８番２６号" }, "geometry": { "type": "Point", "coordinates": [ 133.742493, 34.671929 ] } },
{ "type": "Feature", "properties": { "ID": 3333330000930, "正式名称": "角谷歯科医院", "機関区分": 3, "都道府県コード": 33, "市区町村コード": 208, "所在地": "岡山県総社市久代４９６５－１", "緯度": 34.675789, "経度": 133.699497, "url": "https://www.iryou.teikyouseido.mhlw.go.jp/znk-web/juminkanja/S2430/initialize?prefCd=33&kikanCd=3330000930&kikanKbn=3", "url2": null, "内容": "角谷歯科医院【3:歯科】岡山県総社市久代４９６５－１" }, "geometry": { "type": "Point", "coordinates": [ 133.699497, 34.675789 ] } },
{ "type": "Feature", "properties": { "ID": 3333330000940, "正式名称": "亀山歯科医院", "機関区分": 3, "都道府県コード": 33, "市区町村コード": 208, "所在地": "岡山県総社市総社１－１－３３", "緯度": 34.673762, "経度": 133.748187, "url": "https://www.iryou.teikyouseido.mhlw.go.jp/znk-web/juminkanja/S2430/initialize?prefCd=33&kikanCd=3330000940&kikanKbn=3", "url2": null, "内容": "亀山歯科医院【3:歯科】岡山県総社市総社１－１－３３" }, "geometry": { "type": "Point", "coordinates": [ 133.748187, 34.673762 ] } },
{ "type": "Feature", "properties": { "ID": 3333330000950, "正式名称": "吉備路歯科医院", "機関区分": 3, "都道府県コード": 33, "市区町村コード": 208, "所在地": "岡山県総社市駅南２丁目２８－１８", "緯度": 34.666463, "経度": 133.744539, "url": "https://www.iryou.teikyouseido.mhlw.go.jp/znk-web/juminkanja/S2430/initialize?prefCd=33&kikanCd=3330000950&kikanKbn=3", "url2": "https://www.kibiji-dental.com", "内容": "吉備路歯科医院【3:歯科】岡山県総社市駅南２丁目２８－１８" }, "geometry": { "type": "Point", "coordinates": [ 133.744539, 34.666463 ] } },
{ "type": "Feature", "properties": { "ID": 3333330000960, "正式名称": "小西歯科医院", "機関区分": 3, "都道府県コード": 33, "市区町村コード": 208, "所在地": "岡山県総社市中央２丁目１５－２５", "緯度": 34.674484, "経度": 133.746604, "url": "https://www.iryou.teikyouseido.mhlw.go.jp/znk-web/juminkanja/S2430/initialize?prefCd=33&kikanCd=3330000960&kikanKbn=3", "url2": null, "内容": "小西歯科医院【3:歯科】岡山県総社市中央２丁目１５－２５" }, "geometry": { "type": "Point", "coordinates": [ 133.746604, 34.674484 ] } },
{ "type": "Feature", "properties": { "ID": 3333330000970, "正式名称": "清水歯科医院", "機関区分": 3, "都道府県コード": 33, "市区町村コード": 208, "所在地": "岡山県総社市中央１丁目２３－１０８", "緯度": 34.670124, "経度": 133.746548, "url": "https://www.iryou.teikyouseido.mhlw.go.jp/znk-web/juminkanja/S2430/initialize?prefCd=33&kikanCd=3330000970&kikanKbn=3", "url2": "http://nttbj.itp.ne.jp/0866921077/index.html", "内容": "清水歯科医院【3:歯科】岡山県総社市中央１丁目２３－１０８" }, "geometry": { "type": "Point", "coordinates": [ 133.746548, 34.670124 ] } },
{ "type": "Feature", "properties": { "ID": 3333330000980, "正式名称": "医療法人高木歯科医院", "機関区分": 3, "都道府県コード": 33, "市区町村コード": 208, "所在地": "岡山県総社市真壁１０２１", "緯度": 34.671846, "経度": 133.733577, "url": "https://www.iryou.teikyouseido.mhlw.go.jp/znk-web/juminkanja/S2430/initialize?prefCd=33&kikanCd=3330000980&kikanKbn=3", "url2": "https://takaki-dent.com", "内容": "医療法人高木歯科医院【3:歯科】岡山県総社市真壁１０２１" }, "geometry": { "type": "Point", "coordinates": [ 133.733577, 34.671846 ] } },
{ "type": "Feature", "properties": { "ID": 3333330000990, "正式名称": "髙橋歯科医院", "機関区分": 3, "都道府県コード": 33, "市区町村コード": 208, "所在地": "岡山県総社市久代３８１４－１", "緯度": 34.675677, "経度": 133.682165, "url": "https://www.iryou.teikyouseido.mhlw.go.jp/znk-web/juminkanja/S2430/initialize?prefCd=33&kikanCd=3330000990&kikanKbn=3", "url2": null, "内容": "髙橋歯科医院【3:歯科】岡山県総社市久代３８１４－１" }, "geometry": { "type": "Point", "coordinates": [ 133.682165, 34.675677 ] } },
{ "type": "Feature", "properties": { "ID": 3333330001000, "正式名称": "医療法人真和会タナベ歯科医院", "機関区分": 3, "都道府県コード": 33, "市区町村コード": 208, "所在地": "岡山県総社市中央二丁目７－３３", "緯度": 34.673957, "経度": 133.743971, "url": "https://www.iryou.teikyouseido.mhlw.go.jp/znk-web/juminkanja/S2430/initialize?prefCd=33&kikanCd=3330001000&kikanKbn=3", "url2": "http://www.tanabe-dc.info", "内容": "医療法人真和会タナベ歯科医院【3:歯科】岡山県総社市中央二丁目７－３３" }, "geometry": { "type": "Point", "coordinates": [ 133.743971, 34.673957 ] } },
{ "type": "Feature", "properties": { "ID": 3333330001010, "正式名称": "たんぽぽ歯科クリニック", "機関区分": 3, "都道府県コード": 33, "市区町村コード": 208, "所在地": "岡山県総社市小寺９８５－１", "緯度": 34.688066, "経度": 133.746409, "url": "https://www.iryou.teikyouseido.mhlw.go.jp/znk-web/juminkanja/S2430/initialize?prefCd=33&kikanCd=3330001010&kikanKbn=3", "url2": "http://www.tanpopo-dental.com/", "内容": "たんぽぽ歯科クリニック【3:歯科】岡山県総社市小寺９８５－１" }, "geometry": { "type": "Point", "coordinates": [ 133.746409, 34.688066 ] } },
{ "type": "Feature", "properties": { "ID": 3333330001020, "正式名称": "中田歯科医院", "機関区分": 3, "都道府県コード": 33, "市区町村コード": 208, "所在地": "岡山県総社市南溝手４０９－１", "緯度": 34.682456, "経度": 133.77749, "url": "https://www.iryou.teikyouseido.mhlw.go.jp/znk-web/juminkanja/S2430/initialize?prefCd=33&kikanCd=3330001020&kikanKbn=3", "url2": "http://www.nakada-shika.com/", "内容": "中田歯科医院【3:歯科】岡山県総社市南溝手４０９－１" }, "geometry": { "type": "Point", "coordinates": [ 133.77749, 34.682456 ] } },
{ "type": "Feature", "properties": { "ID": 3333330001030, "正式名称": "西歯科医院", "機関区分": 3, "都道府県コード": 33, "市区町村コード": 208, "所在地": "岡山県総社市門田１２５８－２", "緯度": 34.680009, "経度": 133.746086, "url": "https://www.iryou.teikyouseido.mhlw.go.jp/znk-web/juminkanja/S2430/initialize?prefCd=33&kikanCd=3330001030&kikanKbn=3", "url2": null, "内容": "西歯科医院【3:歯科】岡山県総社市門田１２５８－２" }, "geometry": { "type": "Point", "coordinates": [ 133.746086, 34.680009 ] } },
{ "type": "Feature", "properties": { "ID": 3333330001040, "正式名称": "医療法人祐真会　はやし歯科クリニック", "機関区分": 3, "都道府県コード": 33, "市区町村コード": 208, "所在地": "岡山県総社市溝口１２２－１１", "緯度": 34.67529, "経度": 133.733077, "url": "https://www.iryou.teikyouseido.mhlw.go.jp/znk-web/juminkanja/S2430/initialize?prefCd=33&kikanCd=3330001040&kikanKbn=3", "url2": "http://www.hayashi-dental-clinic.com", "内容": "医療法人祐真会　はやし歯科クリニック【3:歯科】岡山県総社市溝口１２２－１１" }, "geometry": { "type": "Point", "coordinates": [ 133.733077, 34.67529 ] } },
{ "type": "Feature", "properties": { "ID": 3333330001050, "正式名称": "ひかり歯科クリニック", "機関区分": 3, "都道府県コード": 33, "市区町村コード": 208, "所在地": "岡山県総社市駅南二丁目３１－１", "緯度": 34.664902, "経度": 133.741327, "url": "https://www.iryou.teikyouseido.mhlw.go.jp/znk-web/juminkanja/S2430/initialize?prefCd=33&kikanCd=3330001050&kikanKbn=3", "url2": null, "内容": "ひかり歯科クリニック【3:歯科】岡山県総社市駅南二丁目３１－１" }, "geometry": { "type": "Point", "coordinates": [ 133.741327, 34.664902 ] } },
{ "type": "Feature", "properties": { "ID": 3333330001060, "正式名称": "医療法人社団みずほ会真壁歯科医院", "機関区分": 3, "都道府県コード": 33, "市区町村コード": 208, "所在地": "岡山県総社市真壁下高原東１６３８－１６", "緯度": 34.671207, "経度": 133.729022, "url": "https://www.iryou.teikyouseido.mhlw.go.jp/znk-web/juminkanja/S2430/initialize?prefCd=33&kikanCd=3330001060&kikanKbn=3", "url2": "http://mizuho-kai.jp/iin/14makabe.html", "内容": "医療法人社団みずほ会真壁歯科医院【3:歯科】岡山県総社市真壁下高原東１６３８－１６" }, "geometry": { "type": "Point", "coordinates": [ 133.729022, 34.671207 ] } },
{ "type": "Feature", "properties": { "ID": 3333330001070, "正式名称": "みやお歯科クリニック", "機関区分": 3, "都道府県コード": 33, "市区町村コード": 208, "所在地": "岡山県総社市真壁１５６－１", "緯度": 34.669513, "経度": 133.756881, "url": "https://www.iryou.teikyouseido.mhlw.go.jp/znk-web/juminkanja/S2430/initialize?prefCd=33&kikanCd=3330001070&kikanKbn=3", "url2": null, "内容": "みやお歯科クリニック【3:歯科】岡山県総社市真壁１５６－１" }, "geometry": { "type": "Point", "coordinates": [ 133.756881, 34.669513 ] } },
{ "type": "Feature", "properties": { "ID": 3333330001080, "正式名称": "さおり歯科", "機関区分": 3, "都道府県コード": 33, "市区町村コード": 208, "所在地": "岡山県総社市清音軽部７７０－２", "緯度": 34.650015, "経度": 133.736855, "url": "https://www.iryou.teikyouseido.mhlw.go.jp/znk-web/juminkanja/S2430/initialize?prefCd=33&kikanCd=3330001080&kikanKbn=3", "url2": "http://saori-shika.net/sp/", "内容": "さおり歯科【3:歯科】岡山県総社市清音軽部７７０－２" }, "geometry": { "type": "Point", "coordinates": [ 133.736855, 34.650015 ] } },
{ "type": "Feature", "properties": { "ID": 3333330001090, "正式名称": "むとう歯科医院", "機関区分": 3, "都道府県コード": 33, "市区町村コード": 208, "所在地": "岡山県総社市総社１９４７－７", "緯度": 34.689094, "経度": 133.767574, "url": "https://www.iryou.teikyouseido.mhlw.go.jp/znk-web/juminkanja/S2430/initialize?prefCd=33&kikanCd=3330001090&kikanKbn=3", "url2": null, "内容": "むとう歯科医院【3:歯科】岡山県総社市総社１９４７－７" }, "geometry": { "type": "Point", "coordinates": [ 133.767574, 34.689094 ] } },
{ "type": "Feature", "properties": { "ID": 3333330001100, "正式名称": "医療法人むらき歯科医院", "機関区分": 3, "都道府県コード": 33, "市区町村コード": 208, "所在地": "岡山県総社市門田３６４－１２", "緯度": 34.676928, "経度": 133.738466, "url": "https://www.iryou.teikyouseido.mhlw.go.jp/znk-web/juminkanja/S2430/initialize?prefCd=33&kikanCd=3330001100&kikanKbn=3", "url2": "http://www.muraki.info", "内容": "医療法人むらき歯科医院【3:歯科】岡山県総社市門田３６４－１２" }, "geometry": { "type": "Point", "coordinates": [ 133.738466, 34.676928 ] } },
{ "type": "Feature", "properties": { "ID": 3333330001110, "正式名称": "グリーン歯科クリニック総社　おとなこども歯科・矯正歯科", "機関区分": 3, "都道府県コード": 33, "市区町村コード": 208, "所在地": "岡山県総社市岡谷１１９－５", "緯度": 34.66182, "経度": 133.770047, "url": "https://www.iryou.teikyouseido.mhlw.go.jp/znk-web/juminkanja/S2430/initialize?prefCd=33&kikanCd=3330001110&kikanKbn=3", "url2": "http://www.yamate-green.com", "内容": "グリーン歯科クリニック総社　おとなこども歯科・矯正歯科【3:歯科】岡山県総社市岡谷１１９－５" }, "geometry": { "type": "Point", "coordinates": [ 133.770047, 34.66182 ] } },
{ "type": "Feature", "properties": { "ID": 3333330001120, "正式名称": "吉井歯科医院", "機関区分": 3, "都道府県コード": 33, "市区町村コード": 208, "所在地": "岡山県総社市総社１－１１－８", "緯度": 34.676345, "経度": 133.747131, "url": "https://www.iryou.teikyouseido.mhlw.go.jp/znk-web/juminkanja/S2430/initialize?prefCd=33&kikanCd=3330001120&kikanKbn=3", "url2": null, "内容": "吉井歯科医院【3:歯科】岡山県総社市総社１－１１－８" }, "geometry": { "type": "Point", "coordinates": [ 133.747131, 34.676345 ] } },
{ "type": "Feature", "properties": { "ID": 3333330001130, "正式名称": "医療法人優心会　岡山大塚歯科医院", "機関区分": 3, "都道府県コード": 33, "市区町村コード": 423, "所在地": "岡山県都窪郡早島町前潟１５３－２", "緯度": 34.601022, "経度": 133.824627, "url": "https://www.iryou.teikyouseido.mhlw.go.jp/znk-web/juminkanja/S2430/initialize?prefCd=33&kikanCd=3330001130&kikanKbn=3", "url2": "http://www.yusinkai.or.jp", "内容": "医療法人優心会　岡山大塚歯科医院【3:歯科】岡山県都窪郡早島町前潟１５３－２" }, "geometry": { "type": "Point", "coordinates": [ 133.824627, 34.601022 ] } },
{ "type": "Feature", "properties": { "ID": 3333330001150, "正式名称": "林歯科医院", "機関区分": 3, "都道府県コード": 33, "市区町村コード": 423, "所在地": "岡山県都窪郡早島町前潟５１２－２", "緯度": 34.6043, "経度": 133.831376, "url": "https://www.iryou.teikyouseido.mhlw.go.jp/znk-web/juminkanja/S2430/initialize?prefCd=33&kikanCd=3330001150&kikanKbn=3", "url2": null, "内容": "林歯科医院【3:歯科】岡山県都窪郡早島町前潟５１２－２" }, "geometry": { "type": "Point", "coordinates": [ 133.831376, 34.6043 ] } },
{ "type": "Feature", "properties": { "ID": 3333330001160, "正式名称": "はやしま歯科", "機関区分": 3, "都道府県コード": 33, "市区町村コード": 423, "所在地": "岡山県都窪郡早島町早島２３０６－４", "緯度": 34.599578, "経度": 133.82135, "url": "https://www.iryou.teikyouseido.mhlw.go.jp/znk-web/juminkanja/S2430/initialize?prefCd=33&kikanCd=3330001160&kikanKbn=3", "url2": "http://hayashima-dc.com/", "内容": "はやしま歯科【3:歯科】岡山県都窪郡早島町早島２３０６－４" }, "geometry": { "type": "Point", "coordinates": [ 133.82135, 34.599578 ] } },
{ "type": "Feature", "properties": { "ID": 3333330001170, "正式名称": "はら歯科医院", "機関区分": 3, "都道府県コード": 33, "市区町村コード": 423, "所在地": "岡山県都窪郡早島町早島１２４２", "緯度": 34.604716, "経度": 133.829126, "url": "https://www.iryou.teikyouseido.mhlw.go.jp/znk-web/juminkanja/S2430/initialize?prefCd=33&kikanCd=3330001170&kikanKbn=3", "url2": "http://www.haradental.com", "内容": "はら歯科医院【3:歯科】岡山県都窪郡早島町早島１２４２" }, "geometry": { "type": "Point", "coordinates": [ 133.829126, 34.604716 ] } },
{ "type": "Feature", "properties": { "ID": 3333330001180, "正式名称": "ワタナベ歯科医院", "機関区分": 3, "都道府県コード": 33, "市区町村コード": 423, "所在地": "岡山県都窪郡早島町早島３２８３の５", "緯度": 34.609244, "経度": 133.820738, "url": "https://www.iryou.teikyouseido.mhlw.go.jp/znk-web/juminkanja/S2430/initialize?prefCd=33&kikanCd=3330001180&kikanKbn=3", "url2": null, "内容": "ワタナベ歯科医院【3:歯科】岡山県都窪郡早島町早島３２８３の５" }, "geometry": { "type": "Point", "coordinates": [ 133.820738, 34.609244 ] } },
{ "type": "Feature", "properties": { "ID": 3333330001190, "正式名称": "いがらし歯科医院", "機関区分": 3, "都道府県コード": 33, "市区町村コード": 205, "所在地": "岡山県笠岡市一番町３－１２", "緯度": 34.497222, "経度": 133.522546, "url": "https://www.iryou.teikyouseido.mhlw.go.jp/znk-web/juminkanja/S2430/initialize?prefCd=33&kikanCd=3330001190&kikanKbn=3", "url2": null, "内容": "いがらし歯科医院【3:歯科】岡山県笠岡市一番町３－１２" }, "geometry": { "type": "Point", "coordinates": [ 133.522546, 34.497222 ] } },
{ "type": "Feature", "properties": { "ID": 3333330001200, "正式名称": "井上歯科医院", "機関区分": 3, "都道府県コード": 33, "市区町村コード": 205, "所在地": "岡山県笠岡市中央町２－９", "緯度": 34.507137, "経度": 133.506908, "url": "https://www.iryou.teikyouseido.mhlw.go.jp/znk-web/juminkanja/S2430/initialize?prefCd=33&kikanCd=3330001200&kikanKbn=3", "url2": null, "内容": "井上歯科医院【3:歯科】岡山県笠岡市中央町２－９" }, "geometry": { "type": "Point", "coordinates": [ 133.506908, 34.507137 ] } },
{ "type": "Feature", "properties": { "ID": 3333330001210, "正式名称": "おおい歯科医院", "機関区分": 3, "都道府県コード": 33, "市区町村コード": 205, "所在地": "岡山県笠岡市大井南２７－４", "緯度": 34.530468, "経度": 133.509574, "url": "https://www.iryou.teikyouseido.mhlw.go.jp/znk-web/juminkanja/S2430/initialize?prefCd=33&kikanCd=3330001210&kikanKbn=3", "url2": "https://www.ooi-dentalcl.com", "内容": "おおい歯科医院【3:歯科】岡山県笠岡市大井南２７－４" }, "geometry": { "type": "Point", "coordinates": [ 133.509574, 34.530468 ] } },
{ "type": "Feature", "properties": { "ID": 3333330001230, "正式名称": "小見山歯科出張診療所", "機関区分": 3, "都道府県コード": 33, "市区町村コード": 205, "所在地": "岡山県笠岡市北木島町大浦３８０２", "緯度": 34.378819, "経度": 133.544215, "url": "https://www.iryou.teikyouseido.mhlw.go.jp/znk-web/juminkanja/S2430/initialize?prefCd=33&kikanCd=3330001230&kikanKbn=3", "url2": null, "内容": "小見山歯科出張診療所【3:歯科】岡山県笠岡市北木島町大浦３８０２" }, "geometry": { "type": "Point", "coordinates": [ 133.544215, 34.378819 ] } },
{ "type": "Feature", "properties": { "ID": 3333330001240, "正式名称": "小見山歯科医院", "機関区分": 3, "都道府県コード": 33, "市区町村コード": 205, "所在地": "岡山県笠岡市入江８１－４", "緯度": 34.490001, "経度": 133.527574, "url": "https://www.iryou.teikyouseido.mhlw.go.jp/znk-web/juminkanja/S2430/initialize?prefCd=33&kikanCd=3330001240&kikanKbn=3", "url2": null, "内容": "小見山歯科医院【3:歯科】岡山県笠岡市入江８１－４" }, "geometry": { "type": "Point", "coordinates": [ 133.527574, 34.490001 ] } },
{ "type": "Feature", "properties": { "ID": 3333330001270, "正式名称": "酒井歯科番町診療所", "機関区分": 3, "都道府県コード": 33, "市区町村コード": 205, "所在地": "岡山県笠岡市六番町１の８", "緯度": 34.496861, "経度": 133.516658, "url": "https://www.iryou.teikyouseido.mhlw.go.jp/znk-web/juminkanja/S2430/initialize?prefCd=33&kikanCd=3330001270&kikanKbn=3", "url2": null, "内容": "酒井歯科番町診療所【3:歯科】岡山県笠岡市六番町１の８" }, "geometry": { "type": "Point", "coordinates": [ 133.516658, 34.496861 ] } },
{ "type": "Feature", "properties": { "ID": 3333330001300, "正式名称": "たなか歯科", "機関区分": 3, "都道府県コード": 33, "市区町村コード": 205, "所在地": "岡山県笠岡市吉浜２４７８－９", "緯度": 34.520885, "経度": 133.493909, "url": "https://www.iryou.teikyouseido.mhlw.go.jp/znk-web/juminkanja/S2430/initialize?prefCd=33&kikanCd=3330001300&kikanKbn=3", "url2": "http://tanakasika-happy.com", "内容": "たなか歯科【3:歯科】岡山県笠岡市吉浜２４７８－９" }, "geometry": { "type": "Point", "coordinates": [ 133.493909, 34.520885 ] } },
{ "type": "Feature", "properties": { "ID": 3333330001310, "正式名称": "塚脇歯科医院国道診療所", "機関区分": 3, "都道府県コード": 33, "市区町村コード": 205, "所在地": "岡山県笠岡市笠岡６００", "緯度": 34.499888, "経度": 133.511491, "url": "https://www.iryou.teikyouseido.mhlw.go.jp/znk-web/juminkanja/S2430/initialize?prefCd=33&kikanCd=3330001310&kikanKbn=3", "url2": "http://www.tsukawaki-dc.com", "内容": "塚脇歯科医院国道診療所【3:歯科】岡山県笠岡市笠岡６００" }, "geometry": { "type": "Point", "coordinates": [ 133.511491, 34.499888 ] } },
{ "type": "Feature", "properties": { "ID": 3333330001350, "正式名称": "松本歯科医院", "機関区分": 3, "都道府県コード": 33, "市区町村コード": 205, "所在地": "岡山県笠岡市生江浜８２６－５０", "緯度": 34.508748, "経度": 133.489465, "url": "https://www.iryou.teikyouseido.mhlw.go.jp/znk-web/juminkanja/S2430/initialize?prefCd=33&kikanCd=3330001350&kikanKbn=3", "url2": null, "内容": "松本歯科医院【3:歯科】岡山県笠岡市生江浜８２６－５０" }, "geometry": { "type": "Point", "coordinates": [ 133.489465, 34.508748 ] } },
{ "type": "Feature", "properties": { "ID": 3333330001360, "正式名称": "森谷歯科医院", "機関区分": 3, "都道府県コード": 33, "市区町村コード": 205, "所在地": "岡山県笠岡市中央町３２－１０", "緯度": 34.506026, "経度": 133.50477, "url": "https://www.iryou.teikyouseido.mhlw.go.jp/znk-web/juminkanja/S2430/initialize?prefCd=33&kikanCd=3330001360&kikanKbn=3", "url2": null, "内容": "森谷歯科医院【3:歯科】岡山県笠岡市中央町３２－１０" }, "geometry": { "type": "Point", "coordinates": [ 133.50477, 34.506026 ] } },
{ "type": "Feature", "properties": { "ID": 3333330001370, "正式名称": "山本歯科医院", "機関区分": 3, "都道府県コード": 33, "市区町村コード": 205, "所在地": "岡山県笠岡市十一番町１４－４", "緯度": 34.496694, "経度": 133.509631, "url": "https://www.iryou.teikyouseido.mhlw.go.jp/znk-web/juminkanja/S2430/initialize?prefCd=33&kikanCd=3330001370&kikanKbn=3", "url2": "https://www.kcv.ne.jp/~yamachk7/", "内容": "山本歯科医院【3:歯科】岡山県笠岡市十一番町１４－４" }, "geometry": { "type": "Point", "coordinates": [ 133.509631, 34.496694 ] } },
{ "type": "Feature", "properties": { "ID": 3333330001380, "正式名称": "よしだ歯科医院", "機関区分": 3, "都道府県コード": 33, "市区町村コード": 205, "所在地": "岡山県笠岡市吉田２２８７－３", "緯度": 34.5478, "経度": 133.523767, "url": "https://www.iryou.teikyouseido.mhlw.go.jp/znk-web/juminkanja/S2430/initialize?prefCd=33&kikanCd=3330001380&kikanKbn=3", "url2": null, "内容": "よしだ歯科医院【3:歯科】岡山県笠岡市吉田２２８７－３" }, "geometry": { "type": "Point", "coordinates": [ 133.523767, 34.5478 ] } },
{ "type": "Feature", "properties": { "ID": 3333330001390, "正式名称": "アルファ歯科クリニック", "機関区分": 3, "都道府県コード": 33, "市区町村コード": 207, "所在地": "岡山県井原市西江原町９７９－１", "緯度": 34.598793, "経度": 133.481658, "url": "https://www.iryou.teikyouseido.mhlw.go.jp/znk-web/juminkanja/S2430/initialize?prefCd=33&kikanCd=3330001390&kikanKbn=3", "url2": "https://www.alpha-dental.jp", "内容": "アルファ歯科クリニック【3:歯科】岡山県井原市西江原町９７９－１" }, "geometry": { "type": "Point", "coordinates": [ 133.481658, 34.598793 ] } },
{ "type": "Feature", "properties": { "ID": 3333330001410, "正式名称": "ア　歯科", "機関区分": 3, "都道府県コード": 33, "市区町村コード": 207, "所在地": "岡山県井原市上出部町４４７", "緯度": 34.595404, "経度": 133.466965, "url": "https://www.iryou.teikyouseido.mhlw.go.jp/znk-web/juminkanja/S2430/initialize?prefCd=33&kikanCd=3330001410&kikanKbn=3", "url2": null, "内容": "ア　歯科【3:歯科】岡山県井原市上出部町４４７" }, "geometry": { "type": "Point", "coordinates": [ 133.466965, 34.595404 ] } },
{ "type": "Feature", "properties": { "ID": 3333330001420, "正式名称": "大塚歯科医院", "機関区分": 3, "都道府県コード": 33, "市区町村コード": 207, "所在地": "岡山県井原市岩倉町３４０－１", "緯度": 34.565602, "経度": 133.477603, "url": "https://www.iryou.teikyouseido.mhlw.go.jp/znk-web/juminkanja/S2430/initialize?prefCd=33&kikanCd=3330001420&kikanKbn=3", "url2": "http://www.otsuka-do.com/", "内容": "大塚歯科医院【3:歯科】岡山県井原市岩倉町３４０－１" }, "geometry": { "type": "Point", "coordinates": [ 133.477603, 34.565602 ] } },
{ "type": "Feature", "properties": { "ID": 3333330001430, "正式名称": "医療法人社団和洋会川上歯科医院", "機関区分": 3, "都道府県コード": 33, "市区町村コード": 207, "所在地": "岡山県井原市西方町１４４４－１", "緯度": 34.578545, "経度": 133.481269, "url": "https://www.iryou.teikyouseido.mhlw.go.jp/znk-web/juminkanja/S2430/initialize?prefCd=33&kikanCd=3330001430&kikanKbn=3", "url2": "http://www.ibara.ne.jp/~wayoukai/", "内容": "医療法人社団和洋会川上歯科医院【3:歯科】岡山県井原市西方町１４４４－１" }, "geometry": { "type": "Point", "coordinates": [ 133.481269, 34.578545 ] } },
{ "type": "Feature", "properties": { "ID": 3333330001440, "正式名称": "しん・おかもと歯科クリニック", "機関区分": 3, "都道府県コード": 33, "市区町村コード": 207, "所在地": "岡山県井原市高屋町１丁目２４－１１", "緯度": 34.575822, "経度": 133.427608, "url": "https://www.iryou.teikyouseido.mhlw.go.jp/znk-web/juminkanja/S2430/initialize?prefCd=33&kikanCd=3330001440&kikanKbn=3", "url2": "http://www.ibara.ne.jp/~shin_oka/", "内容": "しん・おかもと歯科クリニック【3:歯科】岡山県井原市高屋町１丁目２４－１１" }, "geometry": { "type": "Point", "coordinates": [ 133.427608, 34.575822 ] } },
{ "type": "Feature", "properties": { "ID": 3333330001450, "正式名称": "鈴木歯科医院", "機関区分": 3, "都道府県コード": 33, "市区町村コード": 207, "所在地": "岡山県井原市井原町１１７７番地", "緯度": 34.603153, "経度": 133.459882, "url": "https://www.iryou.teikyouseido.mhlw.go.jp/znk-web/juminkanja/S2430/initialize?prefCd=33&kikanCd=3330001450&kikanKbn=3", "url2": null, "内容": "鈴木歯科医院【3:歯科】岡山県井原市井原町１１７７番地" }, "geometry": { "type": "Point", "coordinates": [ 133.459882, 34.603153 ] } },
{ "type": "Feature", "properties": { "ID": 3333330001460, "正式名称": "土肥歯科医院", "機関区分": 3, "都道府県コード": 33, "市区町村コード": 207, "所在地": "岡山県井原市高屋町１０－１", "緯度": 34.578794, "経度": 133.423691, "url": "https://www.iryou.teikyouseido.mhlw.go.jp/znk-web/juminkanja/S2430/initialize?prefCd=33&kikanCd=3330001460&kikanKbn=3", "url2": null, "内容": "土肥歯科医院【3:歯科】岡山県井原市高屋町１０－１" }, "geometry": { "type": "Point", "coordinates": [ 133.423691, 34.578794 ] } },
{ "type": "Feature", "properties": { "ID": 3333330001470, "正式名称": "とよいけ歯科", "機関区分": 3, "都道府県コード": 33, "市区町村コード": 207, "所在地": "岡山県井原市西江原町１１９３－２", "緯度": 34.597737, "経度": 133.476353, "url": "https://www.iryou.teikyouseido.mhlw.go.jp/znk-web/juminkanja/S2430/initialize?prefCd=33&kikanCd=3330001470&kikanKbn=3", "url2": null, "内容": "とよいけ歯科【3:歯科】岡山県井原市西江原町１１９３－２" }, "geometry": { "type": "Point", "coordinates": [ 133.476353, 34.597737 ] } },
{ "type": "Feature", "properties": { "ID": 3333330001480, "正式名称": "夏目さとう歯科医院", "機関区分": 3, "都道府県コード": 33, "市区町村コード": 207, "所在地": "岡山県井原市井原町５７３－１", "緯度": 34.601153, "経度": 133.464687, "url": "https://www.iryou.teikyouseido.mhlw.go.jp/znk-web/juminkanja/S2430/initialize?prefCd=33&kikanCd=3330001480&kikanKbn=3", "url2": null, "内容": "夏目さとう歯科医院【3:歯科】岡山県井原市井原町５７３－１" }, "geometry": { "type": "Point", "coordinates": [ 133.464687, 34.601153 ] } },
{ "type": "Feature", "properties": { "ID": 3333330001520, "正式名称": "美星歯科診療所", "機関区分": 3, "都道府県コード": 33, "市区町村コード": 207, "所在地": "岡山県井原市美星町大倉２４６７－４", "緯度": 34.674063, "経度": 133.532817, "url": "https://www.iryou.teikyouseido.mhlw.go.jp/znk-web/juminkanja/S2430/initialize?prefCd=33&kikanCd=3330001520&kikanKbn=3", "url2": null, "内容": "美星歯科診療所【3:歯科】岡山県井原市美星町大倉２４６７－４" }, "geometry": { "type": "Point", "coordinates": [ 133.532817, 34.674063 ] } },
{ "type": "Feature", "properties": { "ID": 3333330001530, "正式名称": "三宅歯科医院", "機関区分": 3, "都道府県コード": 33, "市区町村コード": 207, "所在地": "岡山県井原市井原町１３９９－１", "緯度": 34.604458, "経度": 133.459132, "url": "https://www.iryou.teikyouseido.mhlw.go.jp/znk-web/juminkanja/S2430/initialize?prefCd=33&kikanCd=3330001530&kikanKbn=3", "url2": "http://www.zhan-a.com", "内容": "三宅歯科医院【3:歯科】岡山県井原市井原町１３９９－１" }, "geometry": { "type": "Point", "coordinates": [ 133.459132, 34.604458 ] } },
{ "type": "Feature", "properties": { "ID": 3333330001550, "正式名称": "守本歯科", "機関区分": 3, "都道府県コード": 33, "市区町村コード": 207, "所在地": "岡山県井原市下出部町二丁目１３－３", "緯度": 34.582405, "経度": 133.438245, "url": "https://www.iryou.teikyouseido.mhlw.go.jp/znk-web/juminkanja/S2430/initialize?prefCd=33&kikanCd=3330001550&kikanKbn=3", "url2": null, "内容": "守本歯科【3:歯科】岡山県井原市下出部町二丁目１３－３" }, "geometry": { "type": "Point", "coordinates": [ 133.438245, 34.582405 ] } },
{ "type": "Feature", "properties": { "ID": 3333330001560, "正式名称": "矢吹歯科医院", "機関区分": 3, "都道府県コード": 33, "市区町村コード": 207, "所在地": "岡山県井原市井原町１４０６－１", "緯度": 34.605236, "経度": 133.457993, "url": "https://www.iryou.teikyouseido.mhlw.go.jp/znk-web/juminkanja/S2430/initialize?prefCd=33&kikanCd=3330001560&kikanKbn=3", "url2": null, "内容": "矢吹歯科医院【3:歯科】岡山県井原市井原町１４０６－１" }, "geometry": { "type": "Point", "coordinates": [ 133.457993, 34.605236 ] } },
{ "type": "Feature", "properties": { "ID": 3333330001570, "正式名称": "ゆかり歯科クリニック", "機関区分": 3, "都道府県コード": 33, "市区町村コード": 207, "所在地": "岡山県井原市西江原町２９３８－１", "緯度": 34.601598, "経度": 133.483046, "url": "https://www.iryou.teikyouseido.mhlw.go.jp/znk-web/juminkanja/S2430/initialize?prefCd=33&kikanCd=3330001570&kikanKbn=3", "url2": null, "内容": "ゆかり歯科クリニック【3:歯科】岡山県井原市西江原町２９３８－１" }, "geometry": { "type": "Point", "coordinates": [ 133.483046, 34.601598 ] } },
{ "type": "Feature", "properties": { "ID": 3333330001580, "正式名称": "横山歯科医院", "機関区分": 3, "都道府県コード": 33, "市区町村コード": 207, "所在地": "岡山県井原市上出部町４２０－１", "緯度": 34.595321, "経度": 133.464381, "url": "https://www.iryou.teikyouseido.mhlw.go.jp/znk-web/juminkanja/S2430/initialize?prefCd=33&kikanCd=3330001580&kikanKbn=3", "url2": null, "内容": "横山歯科医院【3:歯科】岡山県井原市上出部町４２０－１" }, "geometry": { "type": "Point", "coordinates": [ 133.464381, 34.595321 ] } },
{ "type": "Feature", "properties": { "ID": 3333330001590, "正式名称": "医療法人あかり歯科クリニック池田歯科医院", "機関区分": 3, "都道府県コード": 33, "市区町村コード": 216, "所在地": "岡山県浅口市鴨方町六条院中３５５１－３", "緯度": 34.52797, "経度": 133.588261, "url": "https://www.iryou.teikyouseido.mhlw.go.jp/znk-web/juminkanja/S2430/initialize?prefCd=33&kikanCd=3330001590&kikanKbn=3", "url2": "http://www.j-dol.com/dr/ikedadc/", "内容": "医療法人あかり歯科クリニック池田歯科医院【3:歯科】岡山県浅口市鴨方町六条院中３５５１－３" }, "geometry": { "type": "Point", "coordinates": [ 133.588261, 34.52797 ] } },
{ "type": "Feature", "properties": { "ID": 3333330001600, "正式名称": "岡本歯科医院", "機関区分": 3, "都道府県コード": 33, "市区町村コード": 216, "所在地": "岡山県浅口市金光町地頭下３１９－７", "緯度": 34.543024, "経度": 133.601065, "url": "https://www.iryou.teikyouseido.mhlw.go.jp/znk-web/juminkanja/S2430/initialize?prefCd=33&kikanCd=3330001600&kikanKbn=3", "url2": null, "内容": "岡本歯科医院【3:歯科】岡山県浅口市金光町地頭下３１９－７" }, "geometry": { "type": "Point", "coordinates": [ 133.601065, 34.543024 ] } },
{ "type": "Feature", "properties": { "ID": 3333330001610, "正式名称": "鴨方歯科クリニック", "機関区分": 3, "都道府県コード": 33, "市区町村コード": 216, "所在地": "岡山県浅口市鴨方町鴨方１５２－１", "緯度": 34.544357, "経度": 133.589261, "url": "https://www.iryou.teikyouseido.mhlw.go.jp/znk-web/juminkanja/S2430/initialize?prefCd=33&kikanCd=3330001610&kikanKbn=3", "url2": null, "内容": "鴨方歯科クリニック【3:歯科】岡山県浅口市鴨方町鴨方１５２－１" }, "geometry": { "type": "Point", "coordinates": [ 133.589261, 34.544357 ] } },
{ "type": "Feature", "properties": { "ID": 3333330001620, "正式名称": "こうづき歯科", "機関区分": 3, "都道府県コード": 33, "市区町村コード": 216, "所在地": "岡山県浅口市鴨方町鴨方９６９", "緯度": 34.538441, "経度": 133.587011, "url": "https://www.iryou.teikyouseido.mhlw.go.jp/znk-web/juminkanja/S2430/initialize?prefCd=33&kikanCd=3330001620&kikanKbn=3", "url2": null, "内容": "こうづき歯科【3:歯科】岡山県浅口市鴨方町鴨方９６９" }, "geometry": { "type": "Point", "coordinates": [ 133.587011, 34.538441 ] } },
{ "type": "Feature", "properties": { "ID": 3333330001640, "正式名称": "雀部歯科医院鴨方診療所", "機関区分": 3, "都道府県コード": 33, "市区町村コード": 216, "所在地": "岡山県浅口市鴨方町六条院中２３０１－１", "緯度": 34.523831, "経度": 133.584123, "url": "https://www.iryou.teikyouseido.mhlw.go.jp/znk-web/juminkanja/S2430/initialize?prefCd=33&kikanCd=3330001640&kikanKbn=3", "url2": null, "内容": "雀部歯科医院鴨方診療所【3:歯科】岡山県浅口市鴨方町六条院中２３０１－１" }, "geometry": { "type": "Point", "coordinates": [ 133.584123, 34.523831 ] } },
{ "type": "Feature", "properties": { "ID": 3333330001650, "正式名称": "雀部歯科医院", "機関区分": 3, "都道府県コード": 33, "市区町村コード": 216, "所在地": "岡山県浅口市金光町占見新田３９１－１", "緯度": 34.541636, "経度": 133.621647, "url": "https://www.iryou.teikyouseido.mhlw.go.jp/znk-web/juminkanja/S2430/initialize?prefCd=33&kikanCd=3330001650&kikanKbn=3", "url2": "https://www.sasabe.com", "内容": "雀部歯科医院【3:歯科】岡山県浅口市金光町占見新田３９１－１" }, "geometry": { "type": "Point", "coordinates": [ 133.621647, 34.541636 ] } },
{ "type": "Feature", "properties": { "ID": 3333330001660, "正式名称": "しろやま歯科クリニック", "機関区分": 3, "都道府県コード": 33, "市区町村コード": 216, "所在地": "岡山県浅口市鴨方町六条院西２２８１－７", "緯度": 34.505917, "経度": 133.572236, "url": "https://www.iryou.teikyouseido.mhlw.go.jp/znk-web/juminkanja/S2430/initialize?prefCd=33&kikanCd=3330001660&kikanKbn=3", "url2": null, "内容": "しろやま歯科クリニック【3:歯科】岡山県浅口市鴨方町六条院西２２８１－７" }, "geometry": { "type": "Point", "coordinates": [ 133.572236, 34.505917 ] } },
{ "type": "Feature", "properties": { "ID": 3333330001670, "正式名称": "ふじい歯科", "機関区分": 3, "都道府県コード": 33, "市区町村コード": 216, "所在地": "岡山県浅口市金光町占見２６７－６", "緯度": 34.540886, "経度": 133.607954, "url": "https://www.iryou.teikyouseido.mhlw.go.jp/znk-web/juminkanja/S2430/initialize?prefCd=33&kikanCd=3330001670&kikanKbn=3", "url2": null, "内容": "ふじい歯科【3:歯科】岡山県浅口市金光町占見２６７－６" }, "geometry": { "type": "Point", "coordinates": [ 133.607954, 34.540886 ] } },
{ "type": "Feature", "properties": { "ID": 3333330001680, "正式名称": "ふちの歯科医院", "機関区分": 3, "都道府県コード": 33, "市区町村コード": 216, "所在地": "岡山県浅口市金光町占見新田７２１－１", "緯度": 34.542247, "経度": 133.624424, "url": "https://www.iryou.teikyouseido.mhlw.go.jp/znk-web/juminkanja/S2430/initialize?prefCd=33&kikanCd=3330001680&kikanKbn=3", "url2": null, "内容": "ふちの歯科医院【3:歯科】岡山県浅口市金光町占見新田７２１－１" }, "geometry": { "type": "Point", "coordinates": [ 133.624424, 34.542247 ] } },
{ "type": "Feature", "properties": { "ID": 3333330001700, "正式名称": "山本歯科医院", "機関区分": 3, "都道府県コード": 33, "市区町村コード": 216, "所在地": "岡山県浅口市寄島町７３２３－１", "緯度": 34.483614, "経度": 133.583763, "url": "https://www.iryou.teikyouseido.mhlw.go.jp/znk-web/juminkanja/S2430/initialize?prefCd=33&kikanCd=3330001700&kikanKbn=3", "url2": null, "内容": "山本歯科医院【3:歯科】岡山県浅口市寄島町７３２３－１" }, "geometry": { "type": "Point", "coordinates": [ 133.583763, 34.483614 ] } },
{ "type": "Feature", "properties": { "ID": 3333330001710, "正式名称": "横山みちよ歯科", "機関区分": 3, "都道府県コード": 33, "市区町村コード": 216, "所在地": "岡山県浅口市鴨方町六条院中２９６５", "緯度": 34.52672, "経度": 133.584762, "url": "https://www.iryou.teikyouseido.mhlw.go.jp/znk-web/juminkanja/S2430/initialize?prefCd=33&kikanCd=3330001710&kikanKbn=3", "url2": null, "内容": "横山みちよ歯科【3:歯科】岡山県浅口市鴨方町六条院中２９６５" }, "geometry": { "type": "Point", "coordinates": [ 133.584762, 34.52672 ] } },
{ "type": "Feature", "properties": { "ID": 3333330001720, "正式名称": "えだき歯科医院", "機関区分": 3, "都道府県コード": 33, "市区町村コード": 445, "所在地": "岡山県浅口郡里庄町里見中須賀６２２８－３", "緯度": 34.528831, "経度": 133.568874, "url": "https://www.iryou.teikyouseido.mhlw.go.jp/znk-web/juminkanja/S2430/initialize?prefCd=33&kikanCd=3330001720&kikanKbn=3", "url2": null, "内容": "えだき歯科医院【3:歯科】岡山県浅口郡里庄町里見中須賀６２２８－３" }, "geometry": { "type": "Point", "coordinates": [ 133.568874, 34.528831 ] } },
{ "type": "Feature", "properties": { "ID": 3333330001730, "正式名称": "さだかね歯科医院", "機関区分": 3, "都道府県コード": 33, "市区町村コード": 445, "所在地": "岡山県浅口郡里庄町里見９２８３番地６", "緯度": 34.532969, "経度": 133.565291, "url": "https://www.iryou.teikyouseido.mhlw.go.jp/znk-web/juminkanja/S2430/initialize?prefCd=33&kikanCd=3330001730&kikanKbn=3", "url2": null, "内容": "さだかね歯科医院【3:歯科】岡山県浅口郡里庄町里見９２８３番地６" }, "geometry": { "type": "Point", "coordinates": [ 133.565291, 34.532969 ] } },
{ "type": "Feature", "properties": { "ID": 3333330001740, "正式名称": "原田歯科医院", "機関区分": 3, "都道府県コード": 33, "市区町村コード": 445, "所在地": "岡山県浅口郡里庄町新庄グリーンクレスト１－４", "緯度": 34.507694, "経度": 133.548655, "url": "https://www.iryou.teikyouseido.mhlw.go.jp/znk-web/juminkanja/S2430/initialize?prefCd=33&kikanCd=3330001740&kikanKbn=3", "url2": null, "内容": "原田歯科医院【3:歯科】岡山県浅口郡里庄町新庄グリーンクレスト１－４" }, "geometry": { "type": "Point", "coordinates": [ 133.548655, 34.507694 ] } },
{ "type": "Feature", "properties": { "ID": 3333330001750, "正式名称": "宮部歯科医院", "機関区分": 3, "都道府県コード": 33, "市区町村コード": 445, "所在地": "岡山県浅口郡里庄町浜中９３－１６９", "緯度": 34.497917, "経度": 133.533323, "url": "https://www.iryou.teikyouseido.mhlw.go.jp/znk-web/juminkanja/S2430/initialize?prefCd=33&kikanCd=3330001750&kikanKbn=3", "url2": null, "内容": "宮部歯科医院【3:歯科】岡山県浅口郡里庄町浜中９３－１６９" }, "geometry": { "type": "Point", "coordinates": [ 133.533323, 34.497917 ] } },
{ "type": "Feature", "properties": { "ID": 3333330001760, "正式名称": "川上歯科医院", "機関区分": 3, "都道府県コード": 33, "市区町村コード": 461, "所在地": "岡山県小田郡矢掛町小田６５１３－７", "緯度": 34.600738, "経度": 133.533792, "url": "https://www.iryou.teikyouseido.mhlw.go.jp/znk-web/juminkanja/S2430/initialize?prefCd=33&kikanCd=3330001760&kikanKbn=3", "url2": null, "内容": "川上歯科医院【3:歯科】岡山県小田郡矢掛町小田６５１３－７" }, "geometry": { "type": "Point", "coordinates": [ 133.533792, 34.600738 ] } },
{ "type": "Feature", "properties": { "ID": 3333330001770, "正式名称": "河上歯科医院", "機関区分": 3, "都道府県コード": 33, "市区町村コード": 461, "所在地": "岡山県小田郡矢掛町矢掛３０４０－４", "緯度": 34.625542, "経度": 133.587564, "url": "https://www.iryou.teikyouseido.mhlw.go.jp/znk-web/juminkanja/S2430/initialize?prefCd=33&kikanCd=3330001770&kikanKbn=3", "url2": null, "内容": "河上歯科医院【3:歯科】岡山県小田郡矢掛町矢掛３０４０－４" }, "geometry": { "type": "Point", "coordinates": [ 133.587564, 34.625542 ] } },
{ "type": "Feature", "properties": { "ID": 3333330001780, "正式名称": "坂本歯科医院", "機関区分": 3, "都道府県コード": 33, "市区町村コード": 461, "所在地": "岡山県小田郡矢掛町矢掛２６２０", "緯度": 34.623237, "経度": 133.589953, "url": "https://www.iryou.teikyouseido.mhlw.go.jp/znk-web/juminkanja/S2430/initialize?prefCd=33&kikanCd=3330001780&kikanKbn=3", "url2": null, "内容": "坂本歯科医院【3:歯科】岡山県小田郡矢掛町矢掛２６２０" }, "geometry": { "type": "Point", "coordinates": [ 133.589953, 34.623237 ] } },
{ "type": "Feature", "properties": { "ID": 3333330001800, "正式名称": "中西歯科医院", "機関区分": 3, "都道府県コード": 33, "市区町村コード": 461, "所在地": "岡山県小田郡矢掛町矢掛２５６６－１", "緯度": 34.623959, "経度": 133.591758, "url": "https://www.iryou.teikyouseido.mhlw.go.jp/znk-web/juminkanja/S2430/initialize?prefCd=33&kikanCd=3330001800&kikanKbn=3", "url2": null, "内容": "中西歯科医院【3:歯科】岡山県小田郡矢掛町矢掛２５６６－１" }, "geometry": { "type": "Point", "coordinates": [ 133.591758, 34.623959 ] } },
{ "type": "Feature", "properties": { "ID": 3333330001820, "正式名称": "小野歯科医院", "機関区分": 3, "都道府県コード": 33, "市区町村コード": 209, "所在地": "岡山県高梁市旭町１３１６", "緯度": 34.788885, "経度": 133.615584, "url": "https://www.iryou.teikyouseido.mhlw.go.jp/znk-web/juminkanja/S2430/initialize?prefCd=33&kikanCd=3330001820&kikanKbn=3", "url2": "http://www.ono-shika.net", "内容": "小野歯科医院【3:歯科】岡山県高梁市旭町１３１６" }, "geometry": { "type": "Point", "coordinates": [ 133.615584, 34.788885 ] } },
{ "type": "Feature", "properties": { "ID": 3333330001830, "正式名称": "妹尾歯科医院", "機関区分": 3, "都道府県コード": 33, "市区町村コード": 209, "所在地": "岡山県高梁市東町１９０１", "緯度": 34.791607, "経度": 133.615584, "url": "https://www.iryou.teikyouseido.mhlw.go.jp/znk-web/juminkanja/S2430/initialize?prefCd=33&kikanCd=3330001830&kikanKbn=3", "url2": null, "内容": "妹尾歯科医院【3:歯科】岡山県高梁市東町１９０１" }, "geometry": { "type": "Point", "coordinates": [ 133.615584, 34.791607 ] } },
{ "type": "Feature", "properties": { "ID": 3333330001840, "正式名称": "医療生協　高梁歯科診療所", "機関区分": 3, "都道府県コード": 33, "市区町村コード": 209, "所在地": "岡山県高梁市中原町１４５３－１", "緯度": 34.784469, "経度": 133.612168, "url": "https://www.iryou.teikyouseido.mhlw.go.jp/znk-web/juminkanja/S2430/initialize?prefCd=33&kikanCd=3330001840&kikanKbn=3", "url2": "http://www.kura-sika.jp/", "内容": "医療生協　高梁歯科診療所【3:歯科】岡山県高梁市中原町１４５３－１" }, "geometry": { "type": "Point", "coordinates": [ 133.612168, 34.784469 ] } },
{ "type": "Feature", "properties": { "ID": 3333330001850, "正式名称": "田中歯科医院", "機関区分": 3, "都道府県コード": 33, "市区町村コード": 209, "所在地": "岡山県高梁市落合町阿部１２８１－４", "緯度": 34.778441, "経度": 133.589364, "url": "https://www.iryou.teikyouseido.mhlw.go.jp/znk-web/juminkanja/S2430/initialize?prefCd=33&kikanCd=3330001850&kikanKbn=3", "url2": null, "内容": "田中歯科医院【3:歯科】岡山県高梁市落合町阿部１２８１－４" }, "geometry": { "type": "Point", "coordinates": [ 133.589364, 34.778441 ] } },
{ "type": "Feature", "properties": { "ID": 3333330001860, "正式名称": "中田歯科", "機関区分": 3, "都道府県コード": 33, "市区町村コード": 209, "所在地": "岡山県高梁市正宗町１９０５", "緯度": 34.791357, "経度": 133.616001, "url": "https://www.iryou.teikyouseido.mhlw.go.jp/znk-web/juminkanja/S2430/initialize?prefCd=33&kikanCd=3330001860&kikanKbn=3", "url2": null, "内容": "中田歯科【3:歯科】岡山県高梁市正宗町１９０５" }, "geometry": { "type": "Point", "coordinates": [ 133.616001, 34.791357 ] } },
{ "type": "Feature", "properties": { "ID": 3333330001870, "正式名称": "難波歯科クリニック", "機関区分": 3, "都道府県コード": 33, "市区町村コード": 209, "所在地": "岡山県高梁市巨瀬町５０８１－１", "緯度": 34.870765, "経度": 133.636774, "url": "https://www.iryou.teikyouseido.mhlw.go.jp/znk-web/juminkanja/S2430/initialize?prefCd=33&kikanCd=3330001870&kikanKbn=3", "url2": null, "内容": "難波歯科クリニック【3:歯科】岡山県高梁市巨瀬町５０８１－１" }, "geometry": { "type": "Point", "coordinates": [ 133.636774, 34.870765 ] } },
{ "type": "Feature", "properties": { "ID": 3333330001880, "正式名称": "医療法人社団將斗会樋口歯科医院", "機関区分": 3, "都道府県コード": 33, "市区町村コード": 209, "所在地": "岡山県高梁市松原通２１２３", "緯度": 34.79269, "経度": 133.616389, "url": "https://www.iryou.teikyouseido.mhlw.go.jp/znk-web/juminkanja/S2430/initialize?prefCd=33&kikanCd=3330001880&kikanKbn=3", "url2": "http://takahashi-higuchidc.com", "内容": "医療法人社団將斗会樋口歯科医院【3:歯科】岡山県高梁市松原通２１２３" }, "geometry": { "type": "Point", "coordinates": [ 133.616389, 34.79269 ] } },
{ "type": "Feature", "properties": { "ID": 3333330001890, "正式名称": "高梁市備中歯科診療所", "機関区分": 3, "都道府県コード": 33, "市区町村コード": 209, "所在地": "岡山県高梁市備中町長屋２７－１３", "緯度": 34.786882, "経度": 133.461265, "url": "https://www.iryou.teikyouseido.mhlw.go.jp/znk-web/juminkanja/S2430/initialize?prefCd=33&kikanCd=3330001890&kikanKbn=3", "url2": null, "内容": "高梁市備中歯科診療所【3:歯科】岡山県高梁市備中町長屋２７－１３" }, "geometry": { "type": "Point", "coordinates": [ 133.461265, 34.786882 ] } },
{ "type": "Feature", "properties": { "ID": 3333330001900, "正式名称": "藤本歯科医院", "機関区分": 3, "都道府県コード": 33, "市区町村コード": 209, "所在地": "岡山県高梁市落合町阿部１２８６－５", "緯度": 34.778441, "経度": 133.588476, "url": "https://www.iryou.teikyouseido.mhlw.go.jp/znk-web/juminkanja/S2430/initialize?prefCd=33&kikanCd=3330001900&kikanKbn=3", "url2": null, "内容": "藤本歯科医院【3:歯科】岡山県高梁市落合町阿部１２８６－５" }, "geometry": { "type": "Point", "coordinates": [ 133.588476, 34.778441 ] } },
{ "type": "Feature", "properties": { "ID": 3333330001920, "正式名称": "渡辺歯科医院", "機関区分": 3, "都道府県コード": 33, "市区町村コード": 209, "所在地": "岡山県高梁市成羽町下原８９８－１", "緯度": 34.78219, "経度": 133.539535, "url": "https://www.iryou.teikyouseido.mhlw.go.jp/znk-web/juminkanja/S2430/initialize?prefCd=33&kikanCd=3330001920&kikanKbn=3", "url2": null, "内容": "渡辺歯科医院【3:歯科】岡山県高梁市成羽町下原８９８－１" }, "geometry": { "type": "Point", "coordinates": [ 133.539535, 34.78219 ] } },
{ "type": "Feature", "properties": { "ID": 3333330001930, "正式名称": "池田歯科医院", "機関区分": 3, "都道府県コード": 33, "市区町村コード": 210, "所在地": "岡山県新見市高尾２７２番地の１３", "緯度": 34.987303, "経度": 133.462869, "url": "https://www.iryou.teikyouseido.mhlw.go.jp/znk-web/juminkanja/S2430/initialize?prefCd=33&kikanCd=3330001930&kikanKbn=3", "url2": null, "内容": "池田歯科医院【3:歯科】岡山県新見市高尾２７２番地の１３" }, "geometry": { "type": "Point", "coordinates": [ 133.462869, 34.987303 ] } },
{ "type": "Feature", "properties": { "ID": 3333330001950, "正式名称": "医療法人牧水会哲西町歯科診療所", "機関区分": 3, "都道府県コード": 33, "市区町村コード": 210, "所在地": "岡山県新見市哲西町矢田３６０４番地", "緯度": 34.933239, "経度": 133.332051, "url": "https://www.iryou.teikyouseido.mhlw.go.jp/znk-web/juminkanja/S2430/initialize?prefCd=33&kikanCd=3330001950&kikanKbn=3", "url2": null, "内容": "医療法人牧水会哲西町歯科診療所【3:歯科】岡山県新見市哲西町矢田３６０４番地" }, "geometry": { "type": "Point", "coordinates": [ 133.332051, 34.933239 ] } },
{ "type": "Feature", "properties": { "ID": 3333330001970, "正式名称": "名越歯科クリニック", "機関区分": 3, "都道府県コード": 33, "市区町村コード": 210, "所在地": "岡山県新見市正田２７－４", "緯度": 34.967639, "経度": 133.465231, "url": "https://www.iryou.teikyouseido.mhlw.go.jp/znk-web/juminkanja/S2430/initialize?prefCd=33&kikanCd=3330001970&kikanKbn=3", "url2": null, "内容": "名越歯科クリニック【3:歯科】岡山県新見市正田２７－４" }, "geometry": { "type": "Point", "coordinates": [ 133.465231, 34.967639 ] } },
{ "type": "Feature", "properties": { "ID": 3333330001980, "正式名称": "新見歯科医院", "機関区分": 3, "都道府県コード": 33, "市区町村コード": 210, "所在地": "岡山県新見市高尾２５７－２", "緯度": 34.987248, "経度": 133.46398, "url": "https://www.iryou.teikyouseido.mhlw.go.jp/znk-web/juminkanja/S2430/initialize?prefCd=33&kikanCd=3330001980&kikanKbn=3", "url2": null, "内容": "新見歯科医院【3:歯科】岡山県新見市高尾２５７－２" }, "geometry": { "type": "Point", "coordinates": [ 133.46398, 34.987248 ] } },
{ "type": "Feature", "properties": { "ID": 3333330002000, "正式名称": "医療法人光之会宮地歯科", "機関区分": 3, "都道府県コード": 33, "市区町村コード": 210, "所在地": "岡山県新見市西方４４", "緯度": 34.986928, "経度": 133.460905, "url": "https://www.iryou.teikyouseido.mhlw.go.jp/znk-web/juminkanja/S2430/initialize?prefCd=33&kikanCd=3330002000&kikanKbn=3", "url2": "http://miyaji.dentaloffice.jp", "内容": "医療法人光之会宮地歯科【3:歯科】岡山県新見市西方４４" }, "geometry": { "type": "Point", "coordinates": [ 133.460905, 34.986928 ] } },
{ "type": "Feature", "properties": { "ID": 3333330002010, "正式名称": "宮原歯科医院", "機関区分": 3, "都道府県コード": 33, "市区町村コード": 210, "所在地": "岡山県新見市大佐小阪部１４１３番", "緯度": 35.081045, "経度": 133.566635, "url": "https://www.iryou.teikyouseido.mhlw.go.jp/znk-web/juminkanja/S2430/initialize?prefCd=33&kikanCd=3330002010&kikanKbn=3", "url2": "https://miyaharashika.wixsite.com/my-site", "内容": "宮原歯科医院【3:歯科】岡山県新見市大佐小阪部１４１３番" }, "geometry": { "type": "Point", "coordinates": [ 133.566635, 35.081045 ] } },
{ "type": "Feature", "properties": { "ID": 3333330002020, "正式名称": "森下歯科医院", "機関区分": 3, "都道府県コード": 33, "市区町村コード": 210, "所在地": "岡山県新見市高尾２０４８－１", "緯度": 34.999218, "経度": 133.444481, "url": "https://www.iryou.teikyouseido.mhlw.go.jp/znk-web/juminkanja/S2430/initialize?prefCd=33&kikanCd=3330002020&kikanKbn=3", "url2": null, "内容": "森下歯科医院【3:歯科】岡山県新見市高尾２０４８－１" }, "geometry": { "type": "Point", "coordinates": [ 133.444481, 34.999218 ] } },
{ "type": "Feature", "properties": { "ID": 3333330002030, "正式名称": "飯田歯科本院", "機関区分": 3, "都道府県コード": 33, "市区町村コード": 214, "所在地": "岡山県真庭市勝山２４３", "緯度": 35.081659, "経度": 133.690734, "url": "https://www.iryou.teikyouseido.mhlw.go.jp/znk-web/juminkanja/S2430/initialize?prefCd=33&kikanCd=3330002030&kikanKbn=3", "url2": null, "内容": "飯田歯科本院【3:歯科】岡山県真庭市勝山２４３" }, "geometry": { "type": "Point", "coordinates": [ 133.690734, 35.081659 ] } },
{ "type": "Feature", "properties": { "ID": 3333330002040, "正式名称": "飯田歯科医院", "機関区分": 3, "都道府県コード": 33, "市区町村コード": 214, "所在地": "岡山県真庭市下方５７７－２", "緯度": 35.008918, "経度": 133.733927, "url": "https://www.iryou.teikyouseido.mhlw.go.jp/znk-web/juminkanja/S2430/initialize?prefCd=33&kikanCd=3330002040&kikanKbn=3", "url2": null, "内容": "飯田歯科医院【3:歯科】岡山県真庭市下方５７７－２" }, "geometry": { "type": "Point", "coordinates": [ 133.733927, 35.008918 ] } },
{ "type": "Feature", "properties": { "ID": 3333330002050, "正式名称": "医療法人　池元歯科", "機関区分": 3, "都道府県コード": 33, "市区町村コード": 214, "所在地": "岡山県真庭市富尾９７－１０", "緯度": 35.065134, "経度": 133.751174, "url": "https://www.iryou.teikyouseido.mhlw.go.jp/znk-web/juminkanja/S2430/initialize?prefCd=33&kikanCd=3330002050&kikanKbn=3", "url2": null, "内容": "医療法人　池元歯科【3:歯科】岡山県真庭市富尾９７－１０" }, "geometry": { "type": "Point", "coordinates": [ 133.751174, 35.065134 ] } },
{ "type": "Feature", "properties": { "ID": 3333330002060, "正式名称": "大國歯科医院", "機関区分": 3, "都道府県コード": 33, "市区町村コード": 214, "所在地": "岡山県真庭市蒜山上福田６９０－３", "緯度": 35.279329, "経度": 133.642288, "url": "https://www.iryou.teikyouseido.mhlw.go.jp/znk-web/juminkanja/S2430/initialize?prefCd=33&kikanCd=3330002060&kikanKbn=3", "url2": null, "内容": "大國歯科医院【3:歯科】岡山県真庭市蒜山上福田６９０－３" }, "geometry": { "type": "Point", "coordinates": [ 133.642288, 35.279329 ] } },
{ "type": "Feature", "properties": { "ID": 3333330002080, "正式名称": "杉山歯科医院", "機関区分": 3, "都道府県コード": 33, "市区町村コード": 214, "所在地": "岡山県真庭市宮地１３３６－４", "緯度": 34.978587, "経度": 133.676656, "url": "https://www.iryou.teikyouseido.mhlw.go.jp/znk-web/juminkanja/S2430/initialize?prefCd=33&kikanCd=3330002080&kikanKbn=3", "url2": null, "内容": "杉山歯科医院【3:歯科】岡山県真庭市宮地１３３６－４" }, "geometry": { "type": "Point", "coordinates": [ 133.676656, 34.978587 ] } },
{ "type": "Feature", "properties": { "ID": 3333330002090, "正式名称": "ちはる歯科矯正歯科", "機関区分": 3, "都道府県コード": 33, "市区町村コード": 214, "所在地": "岡山県真庭市落合垂水２５０－２", "緯度": 35.018334, "経度": 133.750787, "url": "https://www.iryou.teikyouseido.mhlw.go.jp/znk-web/juminkanja/S2430/initialize?prefCd=33&kikanCd=3330002090&kikanKbn=3", "url2": null, "内容": "ちはる歯科矯正歯科【3:歯科】岡山県真庭市落合垂水２５０－２" }, "geometry": { "type": "Point", "coordinates": [ 133.750787, 35.018334 ] } },
{ "type": "Feature", "properties": { "ID": 3333330002100, "正式名称": "西尾歯科医院", "機関区分": 3, "都道府県コード": 33, "市区町村コード": 214, "所在地": "岡山県真庭市蒜山中福田２０５", "緯度": 35.278052, "経度": 133.654176, "url": "https://www.iryou.teikyouseido.mhlw.go.jp/znk-web/juminkanja/S2430/initialize?prefCd=33&kikanCd=3330002100&kikanKbn=3", "url2": null, "内容": "西尾歯科医院【3:歯科】岡山県真庭市蒜山中福田２０５" }, "geometry": { "type": "Point", "coordinates": [ 133.654176, 35.278052 ] } },
{ "type": "Feature", "properties": { "ID": 3333330002110, "正式名称": "ふくしま歯科医院", "機関区分": 3, "都道府県コード": 33, "市区町村コード": 214, "所在地": "岡山県真庭市久世２５０８－１", "緯度": 35.079688, "経度": 133.745674, "url": "https://www.iryou.teikyouseido.mhlw.go.jp/znk-web/juminkanja/S2430/initialize?prefCd=33&kikanCd=3330002110&kikanKbn=3", "url2": null, "内容": "ふくしま歯科医院【3:歯科】岡山県真庭市久世２５０８－１" }, "geometry": { "type": "Point", "coordinates": [ 133.745674, 35.079688 ] } },
{ "type": "Feature", "properties": { "ID": 3333330002120, "正式名称": "医療法人　藤本歯科医院", "機関区分": 3, "都道府県コード": 33, "市区町村コード": 214, "所在地": "岡山県真庭市向津矢４００－３", "緯度": 35.023889, "経度": 133.76123, "url": "https://www.iryou.teikyouseido.mhlw.go.jp/znk-web/juminkanja/S2430/initialize?prefCd=33&kikanCd=3330002120&kikanKbn=3", "url2": null, "内容": "医療法人　藤本歯科医院【3:歯科】岡山県真庭市向津矢４００－３" }, "geometry": { "type": "Point", "coordinates": [ 133.76123, 35.023889 ] } },
{ "type": "Feature", "properties": { "ID": 3333330002140, "正式名称": "宮島歯科医院", "機関区分": 3, "都道府県コード": 33, "市区町村コード": 214, "所在地": "岡山県真庭市月田７３１３－５", "緯度": 35.046246, "経度": 133.66571, "url": "https://www.iryou.teikyouseido.mhlw.go.jp/znk-web/juminkanja/S2430/initialize?prefCd=33&kikanCd=3330002140&kikanKbn=3", "url2": null, "内容": "宮島歯科医院【3:歯科】岡山県真庭市月田７３１３－５" }, "geometry": { "type": "Point", "coordinates": [ 133.66571, 35.046246 ] } },
{ "type": "Feature", "properties": { "ID": 3333330002150, "正式名称": "医療法人むとう歯科", "機関区分": 3, "都道府県コード": 33, "市区町村コード": 214, "所在地": "岡山県真庭市久世２６１８番地１", "緯度": 35.077299, "経度": 133.747618, "url": "https://www.iryou.teikyouseido.mhlw.go.jp/znk-web/juminkanja/S2430/initialize?prefCd=33&kikanCd=3330002150&kikanKbn=3", "url2": "http://health.yahoo.co.jp/hospital/detail/966648/", "内容": "医療法人むとう歯科【3:歯科】岡山県真庭市久世２６１８番地１" }, "geometry": { "type": "Point", "coordinates": [ 133.747618, 35.077299 ] } },
{ "type": "Feature", "properties": { "ID": 3333330002160, "正式名称": "薬師寺厚夫歯科医院", "機関区分": 3, "都道府県コード": 33, "市区町村コード": 214, "所在地": "岡山県真庭市落合垂水１８９", "緯度": 35.018584, "経度": 133.750926, "url": "https://www.iryou.teikyouseido.mhlw.go.jp/znk-web/juminkanja/S2430/initialize?prefCd=33&kikanCd=3330002160&kikanKbn=3", "url2": null, "内容": "薬師寺厚夫歯科医院【3:歯科】岡山県真庭市落合垂水１８９" }, "geometry": { "type": "Point", "coordinates": [ 133.750926, 35.018584 ] } },
{ "type": "Feature", "properties": { "ID": 3333330002170, "正式名称": "よこうえ歯科医院", "機関区分": 3, "都道府県コード": 33, "市区町村コード": 214, "所在地": "岡山県真庭市下呰部２２－２", "緯度": 34.959866, "経度": 133.632105, "url": "https://www.iryou.teikyouseido.mhlw.go.jp/znk-web/juminkanja/S2430/initialize?prefCd=33&kikanCd=3330002170&kikanKbn=3", "url2": null, "内容": "よこうえ歯科医院【3:歯科】岡山県真庭市下呰部２２－２" }, "geometry": { "type": "Point", "coordinates": [ 133.632105, 34.959866 ] } },
{ "type": "Feature", "properties": { "ID": 3333330002180, "正式名称": "吉田歯科医院", "機関区分": 3, "都道府県コード": 33, "市区町村コード": 214, "所在地": "岡山県真庭市豊栄９９２－２", "緯度": 35.177982, "経度": 133.728367, "url": "https://www.iryou.teikyouseido.mhlw.go.jp/znk-web/juminkanja/S2430/initialize?prefCd=33&kikanCd=3330002180&kikanKbn=3", "url2": null, "内容": "吉田歯科医院【3:歯科】岡山県真庭市豊栄９９２－２" }, "geometry": { "type": "Point", "coordinates": [ 133.728367, 35.177982 ] } },
{ "type": "Feature", "properties": { "ID": 3333330002190, "正式名称": "新庄村国民健康保険歯科診療所", "機関区分": 3, "都道府県コード": 33, "市区町村コード": 586, "所在地": "岡山県真庭郡新庄村新庄村一円幸町１９９８－１", "緯度": 35.180036, "経度": 133.566484, "url": "https://www.iryou.teikyouseido.mhlw.go.jp/znk-web/juminkanja/S2430/initialize?prefCd=33&kikanCd=3330002190&kikanKbn=3", "url2": null, "内容": "新庄村国民健康保険歯科診療所【3:歯科】岡山県真庭郡新庄村新庄村一円幸町１９９８－１" }, "geometry": { "type": "Point", "coordinates": [ 133.566484, 35.180036 ] } },
{ "type": "Feature", "properties": { "ID": 3333330002200, "正式名称": "芦田歯科医院", "機関区分": 3, "都道府県コード": 33, "市区町村コード": 203, "所在地": "岡山県津山市二宮６３－３", "緯度": 35.060306, "経度": 133.960655, "url": "https://www.iryou.teikyouseido.mhlw.go.jp/znk-web/juminkanja/S2430/initialize?prefCd=33&kikanCd=3330002200&kikanKbn=3", "url2": "http://ashida-shika.com", "内容": "芦田歯科医院【3:歯科】岡山県津山市二宮６３－３" }, "geometry": { "type": "Point", "coordinates": [ 133.960655, 35.060306 ] } },
{ "type": "Feature", "properties": { "ID": 3333330002210, "正式名称": "医療法人津栄会　有元歯科医院", "機関区分": 3, "都道府県コード": 33, "市区町村コード": 203, "所在地": "岡山県津山市北園町６－１７", "緯度": 35.074333, "経度": 134.006373, "url": "https://www.iryou.teikyouseido.mhlw.go.jp/znk-web/juminkanja/S2430/initialize?prefCd=33&kikanCd=3330002210&kikanKbn=3", "url2": null, "内容": "医療法人津栄会　有元歯科医院【3:歯科】岡山県津山市北園町６－１７" }, "geometry": { "type": "Point", "coordinates": [ 134.006373, 35.074333 ] } },
{ "type": "Feature", "properties": { "ID": 3333330002220, "正式名称": "安藤歯科医院", "機関区分": 3, "都道府県コード": 33, "市区町村コード": 203, "所在地": "岡山県津山市山北７６６－１", "緯度": 35.074305, "経度": 134.008956, "url": "https://www.iryou.teikyouseido.mhlw.go.jp/znk-web/juminkanja/S2430/initialize?prefCd=33&kikanCd=3330002220&kikanKbn=3", "url2": null, "内容": "安藤歯科医院【3:歯科】岡山県津山市山北７６６－１" }, "geometry": { "type": "Point", "coordinates": [ 134.008956, 35.074305 ] } },
{ "type": "Feature", "properties": { "ID": 3333330002240, "正式名称": "石田歯科", "機関区分": 3, "都道府県コード": 33, "市区町村コード": 203, "所在地": "岡山県津山市小原１２４－１２", "緯度": 35.080138, "経度": 133.999985, "url": "https://www.iryou.teikyouseido.mhlw.go.jp/znk-web/juminkanja/S2430/initialize?prefCd=33&kikanCd=3330002240&kikanKbn=3", "url2": null, "内容": "石田歯科【3:歯科】岡山県津山市小原１２４－１２" }, "geometry": { "type": "Point", "coordinates": [ 133.999985, 35.080138 ] } },
{ "type": "Feature", "properties": { "ID": 3333330002250, "正式名称": "井戸歯科クリニック", "機関区分": 3, "都道府県コード": 33, "市区町村コード": 203, "所在地": "岡山県津山市山下１０１", "緯度": 35.061474, "経度": 134.004152, "url": "https://www.iryou.teikyouseido.mhlw.go.jp/znk-web/juminkanja/S2430/initialize?prefCd=33&kikanCd=3330002250&kikanKbn=3", "url2": null, "内容": "井戸歯科クリニック【3:歯科】岡山県津山市山下１０１" }, "geometry": { "type": "Point", "coordinates": [ 134.004152, 35.061474 ] } },
{ "type": "Feature", "properties": { "ID": 3333330002260, "正式名称": "医療法人社団　昌慶会　井上歯科医院", "機関区分": 3, "都道府県コード": 33, "市区町村コード": 203, "所在地": "岡山県津山市日本原１８８－１", "緯度": 35.112387, "経度": 134.129666, "url": "https://www.iryou.teikyouseido.mhlw.go.jp/znk-web/juminkanja/S2430/initialize?prefCd=33&kikanCd=3330002260&kikanKbn=3", "url2": "https://t-inoue-shikaiin.com", "内容": "医療法人社団　昌慶会　井上歯科医院【3:歯科】岡山県津山市日本原１８８－１" }, "geometry": { "type": "Point", "coordinates": [ 134.129666, 35.112387 ] } },
{ "type": "Feature", "properties": { "ID": 3333330002270, "正式名称": "植杉歯科", "機関区分": 3, "都道府県コード": 33, "市区町村コード": 203, "所在地": "岡山県津山市山北５６０", "緯度": 35.073361, "経度": 134.003596, "url": "https://www.iryou.teikyouseido.mhlw.go.jp/znk-web/juminkanja/S2430/initialize?prefCd=33&kikanCd=3330002270&kikanKbn=3", "url2": null, "内容": "植杉歯科【3:歯科】岡山県津山市山北５６０" }, "geometry": { "type": "Point", "coordinates": [ 134.003596, 35.073361 ] } },
{ "type": "Feature", "properties": { "ID": 3333330002280, "正式名称": "上田歯科医院", "機関区分": 3, "都道府県コード": 33, "市区町村コード": 203, "所在地": "岡山県津山市川崎字宮ノ谷１６３９－１５", "緯度": 35.066363, "経度": 134.036204, "url": "https://www.iryou.teikyouseido.mhlw.go.jp/znk-web/juminkanja/S2430/initialize?prefCd=33&kikanCd=3330002280&kikanKbn=3", "url2": null, "内容": "上田歯科医院【3:歯科】岡山県津山市川崎字宮ノ谷１６３９－１５" }, "geometry": { "type": "Point", "coordinates": [ 134.036204, 35.066363 ] } },
{ "type": "Feature", "properties": { "ID": 3333330002290, "正式名称": "医療法人内田歯科クリニック", "機関区分": 3, "都道府県コード": 33, "市区町村コード": 203, "所在地": "岡山県津山市河辺９４５－１７", "緯度": 35.062808, "経度": 134.045426, "url": "https://www.iryou.teikyouseido.mhlw.go.jp/znk-web/juminkanja/S2430/initialize?prefCd=33&kikanCd=3330002290&kikanKbn=3", "url2": null, "内容": "医療法人内田歯科クリニック【3:歯科】岡山県津山市河辺９４５－１７" }, "geometry": { "type": "Point", "coordinates": [ 134.045426, 35.062808 ] } },
{ "type": "Feature", "properties": { "ID": 3333330002300, "正式名称": "浦上歯科医院", "機関区分": 3, "都道府県コード": 33, "市区町村コード": 203, "所在地": "岡山県津山市田町５－１", "緯度": 35.061723, "経度": 133.999263, "url": "https://www.iryou.teikyouseido.mhlw.go.jp/znk-web/juminkanja/S2430/initialize?prefCd=33&kikanCd=3330002300&kikanKbn=3", "url2": null, "内容": "浦上歯科医院【3:歯科】岡山県津山市田町５－１" }, "geometry": { "type": "Point", "coordinates": [ 133.999263, 35.061723 ] } },
{ "type": "Feature", "properties": { "ID": 3333330002310, "正式名称": "鶴山歯科クリニック", "機関区分": 3, "都道府県コード": 33, "市区町村コード": 203, "所在地": "岡山県津山市山下６９ー７１", "緯度": 35.063807, "経度": 134.002513, "url": "https://www.iryou.teikyouseido.mhlw.go.jp/znk-web/juminkanja/S2430/initialize?prefCd=33&kikanCd=3330002310&kikanKbn=3", "url2": null, "内容": "鶴山歯科クリニック【3:歯科】岡山県津山市山下６９ー７１" }, "geometry": { "type": "Point", "coordinates": [ 134.002513, 35.063807 ] } },
{ "type": "Feature", "properties": { "ID": 3333330002320, "正式名称": "神尾歯科医院", "機関区分": 3, "都道府県コード": 33, "市区町村コード": 203, "所在地": "岡山県津山市川崎４３５－６", "緯度": 35.056947, "経度": 134.034538, "url": "https://www.iryou.teikyouseido.mhlw.go.jp/znk-web/juminkanja/S2430/initialize?prefCd=33&kikanCd=3330002320&kikanKbn=3", "url2": null, "内容": "神尾歯科医院【3:歯科】岡山県津山市川崎４３５－６" }, "geometry": { "type": "Point", "coordinates": [ 134.034538, 35.056947 ] } },
{ "type": "Feature", "properties": { "ID": 3333330002330, "正式名称": "医療法人社団清鯉会加茂歯科医院", "機関区分": 3, "都道府県コード": 33, "市区町村コード": 203, "所在地": "岡山県津山市加茂町桑原７０－１", "緯度": 35.172545, "経度": 134.055671, "url": "https://www.iryou.teikyouseido.mhlw.go.jp/znk-web/juminkanja/S2430/initialize?prefCd=33&kikanCd=3330002330&kikanKbn=3", "url2": null, "内容": "医療法人社団清鯉会加茂歯科医院【3:歯科】岡山県津山市加茂町桑原７０－１" }, "geometry": { "type": "Point", "coordinates": [ 134.055671, 35.172545 ] } },
{ "type": "Feature", "properties": { "ID": 3333330002340, "正式名称": "かんざき歯科医院", "機関区分": 3, "都道府県コード": 33, "市区町村コード": 203, "所在地": "岡山県津山市西吉田３９－３", "緯度": 35.047226, "経度": 134.062869, "url": "https://www.iryou.teikyouseido.mhlw.go.jp/znk-web/juminkanja/S2430/initialize?prefCd=33&kikanCd=3330002340&kikanKbn=3", "url2": null, "内容": "かんざき歯科医院【3:歯科】岡山県津山市西吉田３９－３" }, "geometry": { "type": "Point", "coordinates": [ 134.062869, 35.047226 ] } },
{ "type": "Feature", "properties": { "ID": 3333330002350, "正式名称": "高坂歯科医院", "機関区分": 3, "都道府県コード": 33, "市区町村コード": 203, "所在地": "岡山県津山市北園町３８－１５", "緯度": 35.078583, "経度": 134.004595, "url": "https://www.iryou.teikyouseido.mhlw.go.jp/znk-web/juminkanja/S2430/initialize?prefCd=33&kikanCd=3330002350&kikanKbn=3", "url2": null, "内容": "高坂歯科医院【3:歯科】岡山県津山市北園町３８－１５" }, "geometry": { "type": "Point", "coordinates": [ 134.004595, 35.078583 ] } },
{ "type": "Feature", "properties": { "ID": 3333330002360, "正式名称": "河本歯科クリニック", "機関区分": 3, "都道府県コード": 33, "市区町村コード": 203, "所在地": "岡山県津山市東一宮３０－３", "緯度": 35.097358, "経度": 134.001789, "url": "https://www.iryou.teikyouseido.mhlw.go.jp/znk-web/juminkanja/S2430/initialize?prefCd=33&kikanCd=3330002360&kikanKbn=3", "url2": null, "内容": "河本歯科クリニック【3:歯科】岡山県津山市東一宮３０－３" }, "geometry": { "type": "Point", "coordinates": [ 134.001789, 35.097358 ] } },
{ "type": "Feature", "properties": { "ID": 3333330002370, "正式名称": "小林歯科医院", "機関区分": 3, "都道府県コード": 33, "市区町村コード": 203, "所在地": "岡山県津山市上村１０３－１３", "緯度": 35.097561, "経度": 134.096532, "url": "https://www.iryou.teikyouseido.mhlw.go.jp/znk-web/juminkanja/S2430/initialize?prefCd=33&kikanCd=3330002370&kikanKbn=3", "url2": "http://www7a.biglobe.ne.jp/~dentkoba", "内容": "小林歯科医院【3:歯科】岡山県津山市上村１０３－１３" }, "geometry": { "type": "Point", "coordinates": [ 134.096532, 35.097561 ] } },
{ "type": "Feature", "properties": { "ID": 3333330002380, "正式名称": "こまつ歯科", "機関区分": 3, "都道府県コード": 33, "市区町村コード": 203, "所在地": "岡山県津山市山方１２２１－４", "緯度": 35.102358, "経度": 133.996484, "url": "https://www.iryou.teikyouseido.mhlw.go.jp/znk-web/juminkanja/S2430/initialize?prefCd=33&kikanCd=3330002380&kikanKbn=3", "url2": null, "内容": "こまつ歯科【3:歯科】岡山県津山市山方１２２１－４" }, "geometry": { "type": "Point", "coordinates": [ 133.996484, 35.102358 ] } },
{ "type": "Feature", "properties": { "ID": 3333330002390, "正式名称": "酒本歯科医院", "機関区分": 3, "都道府県コード": 33, "市区町村コード": 203, "所在地": "岡山県津山市沼３６－５", "緯度": 35.077778, "経度": 134.010013, "url": "https://www.iryou.teikyouseido.mhlw.go.jp/znk-web/juminkanja/S2430/initialize?prefCd=33&kikanCd=3330002390&kikanKbn=3", "url2": null, "内容": "酒本歯科医院【3:歯科】岡山県津山市沼３６－５" }, "geometry": { "type": "Point", "coordinates": [ 134.010013, 35.077778 ] } },
{ "type": "Feature", "properties": { "ID": 3333330002400, "正式名称": "さくら通り矯正歯科", "機関区分": 3, "都道府県コード": 33, "市区町村コード": 203, "所在地": "岡山県津山市林田１６０－１", "緯度": 35.073445, "経度": 134.017706, "url": "https://www.iryou.teikyouseido.mhlw.go.jp/znk-web/juminkanja/S2430/initialize?prefCd=33&kikanCd=3330002400&kikanKbn=3", "url2": "http://www.sakura-dori-ortho.com", "内容": "さくら通り矯正歯科【3:歯科】岡山県津山市林田１６０－１" }, "geometry": { "type": "Point", "coordinates": [ 134.017706, 35.073445 ] } },
{ "type": "Feature", "properties": { "ID": 3333330002410, "正式名称": "佐藤歯科医院", "機関区分": 3, "都道府県コード": 33, "市区町村コード": 203, "所在地": "岡山県津山市勝部１１４１－２", "緯度": 35.091693, "経度": 134.02501, "url": "https://www.iryou.teikyouseido.mhlw.go.jp/znk-web/juminkanja/S2430/initialize?prefCd=33&kikanCd=3330002410&kikanKbn=3", "url2": "http://www.satodent.com", "内容": "佐藤歯科医院【3:歯科】岡山県津山市勝部１１４１－２" }, "geometry": { "type": "Point", "coordinates": [ 134.02501, 35.091693 ] } },
{ "type": "Feature", "properties": { "ID": 3333330002430, "正式名称": "城北歯科クリニック", "機関区分": 3, "都道府県コード": 33, "市区町村コード": 203, "所在地": "岡山県津山市山北１２３", "緯度": 35.070889, "経度": 133.998318, "url": "https://www.iryou.teikyouseido.mhlw.go.jp/znk-web/juminkanja/S2430/initialize?prefCd=33&kikanCd=3330002430&kikanKbn=3", "url2": null, "内容": "城北歯科クリニック【3:歯科】岡山県津山市山北１２３" }, "geometry": { "type": "Point", "coordinates": [ 133.998318, 35.070889 ] } },
{ "type": "Feature", "properties": { "ID": 3333330002440, "正式名称": "たかやま歯科医院", "機関区分": 3, "都道府県コード": 33, "市区町村コード": 203, "所在地": "岡山県津山市坂上４２９－２", "緯度": 35.100944, "経度": 134.106641, "url": "https://www.iryou.teikyouseido.mhlw.go.jp/znk-web/juminkanja/S2430/initialize?prefCd=33&kikanCd=3330002440&kikanKbn=3", "url2": "http://www.takayama-dent.com", "内容": "たかやま歯科医院【3:歯科】岡山県津山市坂上４２９－２" }, "geometry": { "type": "Point", "coordinates": [ 134.106641, 35.100944 ] } },
{ "type": "Feature", "properties": { "ID": 3333330002450, "正式名称": "一般社団法人津山歯科医師会　津山歯科医療センター診療所", "機関区分": 3, "都道府県コード": 33, "市区町村コード": 203, "所在地": "岡山県津山市沼６－１５", "緯度": 35.082471, "経度": 134.008984, "url": "https://www.iryou.teikyouseido.mhlw.go.jp/znk-web/juminkanja/S2430/initialize?prefCd=33&kikanCd=3330002450&kikanKbn=3", "url2": "https://www.o-tda.org/", "内容": "一般社団法人津山歯科医師会　津山歯科医療センター診療所【3:歯科】岡山県津山市沼６－１５" }, "geometry": { "type": "Point", "coordinates": [ 134.008984, 35.082471 ] } },
{ "type": "Feature", "properties": { "ID": 3333330002460, "正式名称": "鳥取歯科医院", "機関区分": 3, "都道府県コード": 33, "市区町村コード": 203, "所在地": "岡山県津山市新職人町２４", "緯度": 35.058752, "経度": 133.999124, "url": "https://www.iryou.teikyouseido.mhlw.go.jp/znk-web/juminkanja/S2430/initialize?prefCd=33&kikanCd=3330002460&kikanKbn=3", "url2": null, "内容": "鳥取歯科医院【3:歯科】岡山県津山市新職人町２４" }, "geometry": { "type": "Point", "coordinates": [ 133.999124, 35.058752 ] } },
{ "type": "Feature", "properties": { "ID": 3333330002470, "正式名称": "豊福歯科医院", "機関区分": 3, "都道府県コード": 33, "市区町村コード": 203, "所在地": "岡山県津山市鉄砲町１１０", "緯度": 35.058418, "経度": 133.991542, "url": "https://www.iryou.teikyouseido.mhlw.go.jp/znk-web/juminkanja/S2430/initialize?prefCd=33&kikanCd=3330002470&kikanKbn=3", "url2": null, "内容": "豊福歯科医院【3:歯科】岡山県津山市鉄砲町１１０" }, "geometry": { "type": "Point", "coordinates": [ 133.991542, 35.058418 ] } },
{ "type": "Feature", "properties": { "ID": 3333330002480, "正式名称": "ながれ歯科医院", "機関区分": 3, "都道府県コード": 33, "市区町村コード": 203, "所在地": "岡山県津山市志戸部３５２", "緯度": 35.080222, "経度": 134.019566, "url": "https://www.iryou.teikyouseido.mhlw.go.jp/znk-web/juminkanja/S2430/initialize?prefCd=33&kikanCd=3330002480&kikanKbn=3", "url2": "https://www.nagare-shika.com", "内容": "ながれ歯科医院【3:歯科】岡山県津山市志戸部３５２" }, "geometry": { "type": "Point", "coordinates": [ 134.019566, 35.080222 ] } },
{ "type": "Feature", "properties": { "ID": 3333330002490, "正式名称": "西岡歯科医院", "機関区分": 3, "都道府県コード": 33, "市区町村コード": 203, "所在地": "岡山県津山市院庄９１６－５", "緯度": 35.060861, "経度": 133.957128, "url": "https://www.iryou.teikyouseido.mhlw.go.jp/znk-web/juminkanja/S2430/initialize?prefCd=33&kikanCd=3330002490&kikanKbn=3", "url2": null, "内容": "西岡歯科医院【3:歯科】岡山県津山市院庄９１６－５" }, "geometry": { "type": "Point", "coordinates": [ 133.957128, 35.060861 ] } },
{ "type": "Feature", "properties": { "ID": 3333330002510, "正式名称": "ひら歯科医院", "機関区分": 3, "都道府県コード": 33, "市区町村コード": 203, "所在地": "岡山県津山市津山口字船道上６８－２", "緯度": 35.056335, "経度": 133.98707, "url": "https://www.iryou.teikyouseido.mhlw.go.jp/znk-web/juminkanja/S2430/initialize?prefCd=33&kikanCd=3330002510&kikanKbn=3", "url2": "http://www.tsuyama-hirashika.com", "内容": "ひら歯科医院【3:歯科】岡山県津山市津山口字船道上６８－２" }, "geometry": { "type": "Point", "coordinates": [ 133.98707, 35.056335 ] } },
{ "type": "Feature", "properties": { "ID": 3333330002530, "正式名称": "藤田歯科医院", "機関区分": 3, "都道府県コード": 33, "市区町村コード": 203, "所在地": "岡山県津山市福渡町３２－１", "緯度": 35.059696, "経度": 133.995875, "url": "https://www.iryou.teikyouseido.mhlw.go.jp/znk-web/juminkanja/S2430/initialize?prefCd=33&kikanCd=3330002530&kikanKbn=3", "url2": null, "内容": "藤田歯科医院【3:歯科】岡山県津山市福渡町３２－１" }, "geometry": { "type": "Point", "coordinates": [ 133.995875, 35.059696 ] } },
{ "type": "Feature", "properties": { "ID": 3333330002540, "正式名称": "牧歯科医院", "機関区分": 3, "都道府県コード": 33, "市区町村コード": 203, "所在地": "岡山県津山市田町９２", "緯度": 35.061973, "経度": 133.996236, "url": "https://www.iryou.teikyouseido.mhlw.go.jp/znk-web/juminkanja/S2430/initialize?prefCd=33&kikanCd=3330002540&kikanKbn=3", "url2": null, "内容": "牧歯科医院【3:歯科】岡山県津山市田町９２" }, "geometry": { "type": "Point", "coordinates": [ 133.996236, 35.061973 ] } },
{ "type": "Feature", "properties": { "ID": 3333330002550, "正式名称": "真木歯科医院", "機関区分": 3, "都道府県コード": 33, "市区町村コード": 203, "所在地": "岡山県津山市田町２２", "緯度": 35.063279, "経度": 134.000291, "url": "https://www.iryou.teikyouseido.mhlw.go.jp/znk-web/juminkanja/S2430/initialize?prefCd=33&kikanCd=3330002550&kikanKbn=3", "url2": null, "内容": "真木歯科医院【3:歯科】岡山県津山市田町２２" }, "geometry": { "type": "Point", "coordinates": [ 134.000291, 35.063279 ] } },
{ "type": "Feature", "properties": { "ID": 3333330002560, "正式名称": "村上歯科医院", "機関区分": 3, "都道府県コード": 33, "市区町村コード": 203, "所在地": "岡山県津山市皿６８８－１", "緯度": 35.042586, "経度": 133.969266, "url": "https://www.iryou.teikyouseido.mhlw.go.jp/znk-web/juminkanja/S2430/initialize?prefCd=33&kikanCd=3330002560&kikanKbn=3", "url2": null, "内容": "村上歯科医院【3:歯科】岡山県津山市皿６８８－１" }, "geometry": { "type": "Point", "coordinates": [ 133.969266, 35.042586 ] } },
{ "type": "Feature", "properties": { "ID": 3333330002570, "正式名称": "むらかみ矯正歯科クリニック", "機関区分": 3, "都道府県コード": 33, "市区町村コード": 203, "所在地": "岡山県津山市志戸部９７－１", "緯度": 35.078194, "経度": 134.024482, "url": "https://www.iryou.teikyouseido.mhlw.go.jp/znk-web/juminkanja/S2430/initialize?prefCd=33&kikanCd=3330002570&kikanKbn=3", "url2": "http://www.best-smile.biz", "内容": "むらかみ矯正歯科クリニック【3:歯科】岡山県津山市志戸部９７－１" }, "geometry": { "type": "Point", "coordinates": [ 134.024482, 35.078194 ] } },
{ "type": "Feature", "properties": { "ID": 3333330002580, "正式名称": "山本歯科医院", "機関区分": 3, "都道府県コード": 33, "市区町村コード": 203, "所在地": "岡山県津山市高野山西４３７－６", "緯度": 35.073918, "経度": 134.047481, "url": "https://www.iryou.teikyouseido.mhlw.go.jp/znk-web/juminkanja/S2430/initialize?prefCd=33&kikanCd=3330002580&kikanKbn=3", "url2": null, "内容": "山本歯科医院【3:歯科】岡山県津山市高野山西４３７－６" }, "geometry": { "type": "Point", "coordinates": [ 134.047481, 35.073918 ] } },
{ "type": "Feature", "properties": { "ID": 3333330002590, "正式名称": "渡部歯科医院", "機関区分": 3, "都道府県コード": 33, "市区町村コード": 203, "所在地": "岡山県津山市山北８０５", "緯度": 35.069667, "経度": 134.009234, "url": "https://www.iryou.teikyouseido.mhlw.go.jp/znk-web/juminkanja/S2430/initialize?prefCd=33&kikanCd=3330002590&kikanKbn=3", "url2": null, "内容": "渡部歯科医院【3:歯科】岡山県津山市山北８０５" }, "geometry": { "type": "Point", "coordinates": [ 134.009234, 35.069667 ] } },
{ "type": "Feature", "properties": { "ID": 3333330002600, "正式名称": "石川歯科医院", "機関区分": 3, "都道府県コード": 33, "市区町村コード": 606, "所在地": "岡山県苫田郡鏡野町吉原３８３－１", "緯度": 35.069527, "経度": 133.936657, "url": "https://www.iryou.teikyouseido.mhlw.go.jp/znk-web/juminkanja/S2430/initialize?prefCd=33&kikanCd=3330002600&kikanKbn=3", "url2": "http://www.ishikawa-denture.jp/", "内容": "石川歯科医院【3:歯科】岡山県苫田郡鏡野町吉原３８３－１" }, "geometry": { "type": "Point", "coordinates": [ 133.936657, 35.069527 ] } },
{ "type": "Feature", "properties": { "ID": 3333330002610, "正式名称": "鏡野町国民健康保険上齋原歯科診療所", "機関区分": 3, "都道府県コード": 33, "市区町村コード": 606, "所在地": "岡山県苫田郡鏡野町上齋原４８０番地の１", "緯度": 35.278447, "経度": 133.925874, "url": "https://www.iryou.teikyouseido.mhlw.go.jp/znk-web/juminkanja/S2430/initialize?prefCd=33&kikanCd=3330002610&kikanKbn=3", "url2": "http://www.town.kagamino.lg.jp/kamisaishika-cl/0-Kindex.html", "内容": "鏡野町国民健康保険上齋原歯科診療所【3:歯科】岡山県苫田郡鏡野町上齋原４８０番地の１" }, "geometry": { "type": "Point", "coordinates": [ 133.925874, 35.278447 ] } },
{ "type": "Feature", "properties": { "ID": 3333330002630, "正式名称": "ひら歯科クリニック", "機関区分": 3, "都道府県コード": 33, "市区町村コード": 606, "所在地": "岡山県苫田郡鏡野町竹田１３３", "緯度": 35.094302, "経度": 133.935407, "url": "https://www.iryou.teikyouseido.mhlw.go.jp/znk-web/juminkanja/S2430/initialize?prefCd=33&kikanCd=3330002630&kikanKbn=3", "url2": null, "内容": "ひら歯科クリニック【3:歯科】岡山県苫田郡鏡野町竹田１３３" }, "geometry": { "type": "Point", "coordinates": [ 133.935407, 35.094302 ] } },
{ "type": "Feature", "properties": { "ID": 3333330002640, "正式名称": "椋代歯科医院", "機関区分": 3, "都道府県コード": 33, "市区町村コード": 606, "所在地": "岡山県苫田郡鏡野町古川４１６－１", "緯度": 35.076276, "経度": 133.929908, "url": "https://www.iryou.teikyouseido.mhlw.go.jp/znk-web/juminkanja/S2430/initialize?prefCd=33&kikanCd=3330002640&kikanKbn=3", "url2": "http://mukudai-dental.com/", "内容": "椋代歯科医院【3:歯科】岡山県苫田郡鏡野町古川４１６－１" }, "geometry": { "type": "Point", "coordinates": [ 133.929908, 35.076276 ] } },
{ "type": "Feature", "properties": { "ID": 3333330002650, "正式名称": "萩原歯科医院", "機関区分": 3, "都道府県コード": 33, "市区町村コード": 663, "所在地": "岡山県久米郡久米南町下弓削３９１－８", "緯度": 34.927266, "経度": 133.959549, "url": "https://www.iryou.teikyouseido.mhlw.go.jp/znk-web/juminkanja/S2430/initialize?prefCd=33&kikanCd=3330002650&kikanKbn=3", "url2": null, "内容": "萩原歯科医院【3:歯科】岡山県久米郡久米南町下弓削３９１－８" }, "geometry": { "type": "Point", "coordinates": [ 133.959549, 34.927266 ] } },
{ "type": "Feature", "properties": { "ID": 3333330002660, "正式名称": "石戸歯科医院", "機関区分": 3, "都道府県コード": 33, "市区町村コード": 666, "所在地": "岡山県久米郡美咲町久木２７５－５", "緯度": 34.951626, "経度": 134.057095, "url": "https://www.iryou.teikyouseido.mhlw.go.jp/znk-web/juminkanja/S2430/initialize?prefCd=33&kikanCd=3330002660&kikanKbn=3", "url2": null, "内容": "石戸歯科医院【3:歯科】岡山県久米郡美咲町久木２７５－５" }, "geometry": { "type": "Point", "coordinates": [ 134.057095, 34.951626 ] } },
{ "type": "Feature", "properties": { "ID": 3333330002670, "正式名称": "石原歯科医院", "機関区分": 3, "都道府県コード": 33, "市区町村コード": 666, "所在地": "岡山県久米郡美咲町原田１７２４－１", "緯度": 34.998711, "経度": 133.957285, "url": "https://www.iryou.teikyouseido.mhlw.go.jp/znk-web/juminkanja/S2430/initialize?prefCd=33&kikanCd=3330002670&kikanKbn=3", "url2": null, "内容": "石原歯科医院【3:歯科】岡山県久米郡美咲町原田１７２４－１" }, "geometry": { "type": "Point", "coordinates": [ 133.957285, 34.998711 ] } },
{ "type": "Feature", "properties": { "ID": 3333330002680, "正式名称": "医療法人団栗会　菊井歯科医院", "機関区分": 3, "都道府県コード": 33, "市区町村コード": 666, "所在地": "岡山県久米郡美咲町書副２２４", "緯度": 34.989094, "経度": 134.050789, "url": "https://www.iryou.teikyouseido.mhlw.go.jp/znk-web/juminkanja/S2430/initialize?prefCd=33&kikanCd=3330002680&kikanKbn=3", "url2": "https://www.kikui-dc.com/", "内容": "医療法人団栗会　菊井歯科医院【3:歯科】岡山県久米郡美咲町書副２２４" }, "geometry": { "type": "Point", "coordinates": [ 134.050789, 34.989094 ] } },
{ "type": "Feature", "properties": { "ID": 3333330002690, "正式名称": "こむろ歯科医院", "機関区分": 3, "都道府県コード": 33, "市区町村コード": 666, "所在地": "岡山県久米郡美咲町西川９３５－１", "緯度": 34.970758, "経度": 133.827337, "url": "https://www.iryou.teikyouseido.mhlw.go.jp/znk-web/juminkanja/S2430/initialize?prefCd=33&kikanCd=3330002690&kikanKbn=3", "url2": null, "内容": "こむろ歯科医院【3:歯科】岡山県久米郡美咲町西川９３５－１" }, "geometry": { "type": "Point", "coordinates": [ 133.827337, 34.970758 ] } },
{ "type": "Feature", "properties": { "ID": 3333330002710, "正式名称": "井口歯科医院", "機関区分": 3, "都道府県コード": 33, "市区町村コード": 215, "所在地": "岡山県美作市入田３０イグチビル２Ｆ", "緯度": 35.007872, "経度": 134.146752, "url": "https://www.iryou.teikyouseido.mhlw.go.jp/znk-web/juminkanja/S2430/initialize?prefCd=33&kikanCd=3330002710&kikanKbn=3", "url2": null, "内容": "井口歯科医院【3:歯科】岡山県美作市入田３０イグチビル２Ｆ" }, "geometry": { "type": "Point", "coordinates": [ 134.146752, 35.007872 ] } },
{ "type": "Feature", "properties": { "ID": 3333330002720, "正式名称": "遠藤歯科クリニック", "機関区分": 3, "都道府県コード": 33, "市区町村コード": 215, "所在地": "岡山県美作市福本６０４－５", "緯度": 34.936185, "経度": 134.122812, "url": "https://www.iryou.teikyouseido.mhlw.go.jp/znk-web/juminkanja/S2430/initialize?prefCd=33&kikanCd=3330002720&kikanKbn=3", "url2": null, "内容": "遠藤歯科クリニック【3:歯科】岡山県美作市福本６０４－５" }, "geometry": { "type": "Point", "coordinates": [ 134.122812, 34.936185 ] } },
{ "type": "Feature", "properties": { "ID": 3333330002730, "正式名称": "岡本歯科医院", "機関区分": 3, "都道府県コード": 33, "市区町村コード": 215, "所在地": "岡山県美作市真加部１７－１０", "緯度": 35.080014, "経度": 134.193429, "url": "https://www.iryou.teikyouseido.mhlw.go.jp/znk-web/juminkanja/S2430/initialize?prefCd=33&kikanCd=3330002730&kikanKbn=3", "url2": null, "内容": "岡本歯科医院【3:歯科】岡山県美作市真加部１７－１０" }, "geometry": { "type": "Point", "coordinates": [ 134.193429, 35.080014 ] } },
{ "type": "Feature", "properties": { "ID": 3333330002740, "正式名称": "貞森歯科クリニック", "機関区分": 3, "都道府県コード": 33, "市区町村コード": 215, "所在地": "岡山県美作市北山９０－１", "緯度": 35.026453, "経度": 134.165138, "url": "https://www.iryou.teikyouseido.mhlw.go.jp/znk-web/juminkanja/S2430/initialize?prefCd=33&kikanCd=3330002740&kikanKbn=3", "url2": null, "内容": "貞森歯科クリニック【3:歯科】岡山県美作市北山９０－１" }, "geometry": { "type": "Point", "coordinates": [ 134.165138, 35.026453 ] } },
{ "type": "Feature", "properties": { "ID": 3333330002750, "正式名称": "駿河歯科医院", "機関区分": 3, "都道府県コード": 33, "市区町村コード": 215, "所在地": "岡山県美作市湯郷１７６－２", "緯度": 34.995317, "経度": 134.138725, "url": "https://www.iryou.teikyouseido.mhlw.go.jp/znk-web/juminkanja/S2430/initialize?prefCd=33&kikanCd=3330002750&kikanKbn=3", "url2": "http://ww32.tiki.ne.jp/~surugadental/", "内容": "駿河歯科医院【3:歯科】岡山県美作市湯郷１７６－２" }, "geometry": { "type": "Point", "coordinates": [ 134.138725, 34.995317 ] } },
{ "type": "Feature", "properties": { "ID": 3333330002760, "正式名称": "チハラ歯科医院", "機関区分": 3, "都道府県コード": 33, "市区町村コード": 215, "所在地": "岡山県美作市下庄町７７６－２番地", "緯度": 35.092783, "経度": 134.321733, "url": "https://www.iryou.teikyouseido.mhlw.go.jp/znk-web/juminkanja/S2430/initialize?prefCd=33&kikanCd=3330002760&kikanKbn=3", "url2": null, "内容": "チハラ歯科医院【3:歯科】岡山県美作市下庄町７７６－２番地" }, "geometry": { "type": "Point", "coordinates": [ 134.321733, 35.092783 ] } },
{ "type": "Feature", "properties": { "ID": 3333330002770, "正式名称": "鳥越歯科医院", "機関区分": 3, "都道府県コード": 33, "市区町村コード": 215, "所在地": "岡山県美作市湯郷９０９－１", "緯度": 34.992123, "経度": 134.131059, "url": "https://www.iryou.teikyouseido.mhlw.go.jp/znk-web/juminkanja/S2430/initialize?prefCd=33&kikanCd=3330002770&kikanKbn=3", "url2": null, "内容": "鳥越歯科医院【3:歯科】岡山県美作市湯郷９０９－１" }, "geometry": { "type": "Point", "coordinates": [ 134.131059, 34.992123 ] } },
{ "type": "Feature", "properties": { "ID": 3333330002780, "正式名称": "野亀歯科医院", "機関区分": 3, "都道府県コード": 33, "市区町村コード": 215, "所在地": "岡山県美作市豊国原４６３－１", "緯度": 35.01976, "経度": 134.158167, "url": "https://www.iryou.teikyouseido.mhlw.go.jp/znk-web/juminkanja/S2430/initialize?prefCd=33&kikanCd=3330002780&kikanKbn=3", "url2": "http://www.nokame.com/", "内容": "野亀歯科医院【3:歯科】岡山県美作市豊国原４６３－１" }, "geometry": { "type": "Point", "coordinates": [ 134.158167, 35.01976 ] } },
{ "type": "Feature", "properties": { "ID": 3333330002790, "正式名称": "八尾歯科医院", "機関区分": 3, "都道府県コード": 33, "市区町村コード": 215, "所在地": "岡山県美作市古町１３５４－１", "緯度": 35.126807, "経度": 134.326676, "url": "https://www.iryou.teikyouseido.mhlw.go.jp/znk-web/juminkanja/S2430/initialize?prefCd=33&kikanCd=3330002790&kikanKbn=3", "url2": "http://www10.ocn.ne.jp/~hachio/", "内容": "八尾歯科医院【3:歯科】岡山県美作市古町１３５４－１" }, "geometry": { "type": "Point", "coordinates": [ 134.326676, 35.126807 ] } },
{ "type": "Feature", "properties": { "ID": 3333330002800, "正式名称": "飯田歯科医院", "機関区分": 3, "都道府県コード": 33, "市区町村コード": 622, "所在地": "岡山県勝田郡勝央町勝間田８３０番地の１", "緯度": 35.041312, "経度": 134.113726, "url": "https://www.iryou.teikyouseido.mhlw.go.jp/znk-web/juminkanja/S2430/initialize?prefCd=33&kikanCd=3330002800&kikanKbn=3", "url2": null, "内容": "飯田歯科医院【3:歯科】岡山県勝田郡勝央町勝間田８３０番地の１" }, "geometry": { "type": "Point", "coordinates": [ 134.113726, 35.041312 ] } },
{ "type": "Feature", "properties": { "ID": 3333330002810, "正式名称": "小坂田歯科医院", "機関区分": 3, "都道府県コード": 33, "市区町村コード": 622, "所在地": "岡山県勝田郡勝央町勝間田１７８", "緯度": 35.038645, "経度": 134.116364, "url": "https://www.iryou.teikyouseido.mhlw.go.jp/znk-web/juminkanja/S2430/initialize?prefCd=33&kikanCd=3330002810&kikanKbn=3", "url2": null, "内容": "小坂田歯科医院【3:歯科】岡山県勝田郡勝央町勝間田１７８" }, "geometry": { "type": "Point", "coordinates": [ 134.116364, 35.038645 ] } },
{ "type": "Feature", "properties": { "ID": 3333330002850, "正式名称": "高尾歯科クリニック", "機関区分": 3, "都道府県コード": 33, "市区町村コード": 101, "所在地": "岡山県岡山市北区門前４０２－７", "緯度": 34.696011, "経度": 133.807181, "url": "https://www.iryou.teikyouseido.mhlw.go.jp/znk-web/juminkanja/S2430/initialize?prefCd=33&kikanCd=3330002850&kikanKbn=3", "url2": "http://www.takao-dental.jp/", "内容": "高尾歯科クリニック【3:歯科】岡山県岡山市北区門前４０２－７" }, "geometry": { "type": "Point", "coordinates": [ 133.807181, 34.696011 ] } },
{ "type": "Feature", "properties": { "ID": 3333330002870, "正式名称": "あいさか歯科医院", "機関区分": 3, "都道府県コード": 33, "市区町村コード": 101, "所在地": "岡山県岡山市北区南方３丁目１０－３６－１", "緯度": 34.677683, "経度": 133.927726, "url": "https://www.iryou.teikyouseido.mhlw.go.jp/znk-web/juminkanja/S2430/initialize?prefCd=33&kikanCd=3330002870&kikanKbn=3", "url2": null, "内容": "あいさか歯科医院【3:歯科】岡山県岡山市北区南方３丁目１０－３６－１" }, "geometry": { "type": "Point", "coordinates": [ 133.927726, 34.677683 ] } },
{ "type": "Feature", "properties": { "ID": 3333330002880, "正式名称": "青山歯科医院", "機関区分": 3, "都道府県コード": 33, "市区町村コード": 101, "所在地": "岡山県岡山市北区高松６５６－４", "緯度": 34.655629, "経度": 133.913867, "url": "https://www.iryou.teikyouseido.mhlw.go.jp/znk-web/juminkanja/S2430/initialize?prefCd=33&kikanCd=3330002880&kikanKbn=3", "url2": null, "内容": "青山歯科医院【3:歯科】岡山県岡山市北区高松６５６－４" }, "geometry": { "type": "Point", "coordinates": [ 133.913867, 34.655629 ] } },
{ "type": "Feature", "properties": { "ID": 3333330002890, "正式名称": "あかまつデンタル", "機関区分": 3, "都道府県コード": 33, "市区町村コード": 101, "所在地": "岡山県岡山市北区西古松６０５－２大森ビル２Ｆ", "緯度": 34.651074, "経度": 133.912256, "url": "https://www.iryou.teikyouseido.mhlw.go.jp/znk-web/juminkanja/S2430/initialize?prefCd=33&kikanCd=3330002890&kikanKbn=3", "url2": "https://akamatsu-dc.com/", "内容": "あかまつデンタル【3:歯科】岡山県岡山市北区西古松６０５－２大森ビル２Ｆ" }, "geometry": { "type": "Point", "coordinates": [ 133.912256, 34.651074 ] } },
{ "type": "Feature", "properties": { "ID": 3333330002900, "正式名称": "医療法人こやま子ども歯科クリニック", "機関区分": 3, "都道府県コード": 33, "市区町村コード": 104, "所在地": "岡山県岡山市南区下中野１４１２－５", "緯度": 34.637964, "経度": 133.910535, "url": "https://www.iryou.teikyouseido.mhlw.go.jp/znk-web/juminkanja/S2430/initialize?prefCd=33&kikanCd=3330002900&kikanKbn=3", "url2": "http://koyama-kids-dentalclinic.com/", "内容": "医療法人こやま子ども歯科クリニック【3:歯科】岡山県岡山市南区下中野１４１２－５" }, "geometry": { "type": "Point", "coordinates": [ 133.910535, 34.637964 ] } },
{ "type": "Feature", "properties": { "ID": 3333330002910, "正式名称": "秋田歯科医院", "機関区分": 3, "都道府県コード": 33, "市区町村コード": 101, "所在地": "岡山県岡山市北区津島福居１丁目６の３７", "緯度": 34.687959, "経度": 133.913533, "url": "https://www.iryou.teikyouseido.mhlw.go.jp/znk-web/juminkanja/S2430/initialize?prefCd=33&kikanCd=3330002910&kikanKbn=3", "url2": null, "内容": "秋田歯科医院【3:歯科】岡山県岡山市北区津島福居１丁目６の３７" }, "geometry": { "type": "Point", "coordinates": [ 133.913533, 34.687959 ] } },
{ "type": "Feature", "properties": { "ID": 3333330002930, "正式名称": "あさひ歯科医院", "機関区分": 3, "都道府県コード": 33, "市区町村コード": 101, "所在地": "岡山県岡山市北区御津宇垣１６４１", "緯度": 34.784448, "経度": 133.929001, "url": "https://www.iryou.teikyouseido.mhlw.go.jp/znk-web/juminkanja/S2430/initialize?prefCd=33&kikanCd=3330002930&kikanKbn=3", "url2": "http://www.asahi-dental-clinic.com/", "内容": "あさひ歯科医院【3:歯科】岡山県岡山市北区御津宇垣１６４１" }, "geometry": { "type": "Point", "coordinates": [ 133.929001, 34.784448 ] } },
{ "type": "Feature", "properties": { "ID": 3333330002940, "正式名称": "あすなろ歯科クリニック", "機関区分": 3, "都道府県コード": 33, "市区町村コード": 104, "所在地": "岡山県岡山市南区豊成２－８－２５", "緯度": 34.628466, "経度": 133.92845, "url": "https://www.iryou.teikyouseido.mhlw.go.jp/znk-web/juminkanja/S2430/initialize?prefCd=33&kikanCd=3330002940&kikanKbn=3", "url2": "http://www.asunaro-dental.com", "内容": "あすなろ歯科クリニック【3:歯科】岡山県岡山市南区豊成２－８－２５" }, "geometry": { "type": "Point", "coordinates": [ 133.92845, 34.628466 ] } },
{ "type": "Feature", "properties": { "ID": 3333330002950, "正式名称": "医療法人南風会アップル歯科クリニック", "機関区分": 3, "都道府県コード": 33, "市区町村コード": 101, "所在地": "岡山県岡山市北区横井上２１１－１", "緯度": 34.703846, "経度": 133.903894, "url": "https://www.iryou.teikyouseido.mhlw.go.jp/znk-web/juminkanja/S2430/initialize?prefCd=33&kikanCd=3330002950&kikanKbn=3", "url2": "https://kyujin-appledc.jp/", "内容": "医療法人南風会アップル歯科クリニック【3:歯科】岡山県岡山市北区横井上２１１－１" }, "geometry": { "type": "Point", "coordinates": [ 133.903894, 34.703846 ] } },
{ "type": "Feature", "properties": { "ID": 3333330002970, "正式名称": "飯田歯科医院", "機関区分": 3, "都道府県コード": 33, "市区町村コード": 101, "所在地": "岡山県岡山市北区大和町二丁目９番１５号フローリステラス１０１", "緯度": 34.682043, "経度": 133.92806, "url": "https://www.iryou.teikyouseido.mhlw.go.jp/znk-web/juminkanja/S2430/initialize?prefCd=33&kikanCd=3330002970&kikanKbn=3", "url2": null, "内容": "飯田歯科医院【3:歯科】岡山県岡山市北区大和町二丁目９番１５号フローリステラス１０１" }, "geometry": { "type": "Point", "coordinates": [ 133.92806, 34.682043 ] } },
{ "type": "Feature", "properties": { "ID": 3333330002980, "正式名称": "井奥歯科医院", "機関区分": 3, "都道府県コード": 33, "市区町村コード": 104, "所在地": "岡山県岡山市南区あけぼの町１５－１３", "緯度": 34.607135, "経度": 133.940144, "url": "https://www.iryou.teikyouseido.mhlw.go.jp/znk-web/juminkanja/S2430/initialize?prefCd=33&kikanCd=3330002980&kikanKbn=3", "url2": null, "内容": "井奥歯科医院【3:歯科】岡山県岡山市南区あけぼの町１５－１３" }, "geometry": { "type": "Point", "coordinates": [ 133.940144, 34.607135 ] } },
{ "type": "Feature", "properties": { "ID": 3333330003000, "正式名称": "池上歯科医院", "機関区分": 3, "都道府県コード": 33, "市区町村コード": 101, "所在地": "岡山県岡山市北区中山下１の５の３８", "緯度": 34.663934, "経度": 133.927921, "url": "https://www.iryou.teikyouseido.mhlw.go.jp/znk-web/juminkanja/S2430/initialize?prefCd=33&kikanCd=3330003000&kikanKbn=3", "url2": "http://www.kamiawase110.jp/", "内容": "池上歯科医院【3:歯科】岡山県岡山市北区中山下１の５の３８" }, "geometry": { "type": "Point", "coordinates": [ 133.927921, 34.663934 ] } },
{ "type": "Feature", "properties": { "ID": 3333330003010, "正式名称": "いけがみ歯科クリニック", "機関区分": 3, "都道府県コード": 33, "市区町村コード": 101, "所在地": "岡山県岡山市北区平和町６－２７ＷＡＫＡビル２Ｆ", "緯度": 34.663495, "経度": 133.923015, "url": "https://www.iryou.teikyouseido.mhlw.go.jp/znk-web/juminkanja/S2430/initialize?prefCd=33&kikanCd=3330003010&kikanKbn=3", "url2": "http://www.kamiawase117.com/", "内容": "いけがみ歯科クリニック【3:歯科】岡山県岡山市北区平和町６－２７ＷＡＫＡビル２Ｆ" }, "geometry": { "type": "Point", "coordinates": [ 133.923015, 34.663495 ] } },
{ "type": "Feature", "properties": { "ID": 3333330003020, "正式名称": "池田歯科医院", "機関区分": 3, "都道府県コード": 33, "市区町村コード": 101, "所在地": "岡山県岡山市北区花尻あかね町１２－１０１", "緯度": 34.656573, "経度": 133.868455, "url": "https://www.iryou.teikyouseido.mhlw.go.jp/znk-web/juminkanja/S2430/initialize?prefCd=33&kikanCd=3330003020&kikanKbn=3", "url2": null, "内容": "池田歯科医院【3:歯科】岡山県岡山市北区花尻あかね町１２－１０１" }, "geometry": { "type": "Point", "coordinates": [ 133.868455, 34.656573 ] } },
{ "type": "Feature", "properties": { "ID": 3333330003040, "正式名称": "いけだ歯科クリニック", "機関区分": 3, "都道府県コード": 33, "市区町村コード": 102, "所在地": "岡山県岡山市中区藤崎１３６－２１", "緯度": 34.630328, "経度": 133.967974, "url": "https://www.iryou.teikyouseido.mhlw.go.jp/znk-web/juminkanja/S2430/initialize?prefCd=33&kikanCd=3330003040&kikanKbn=3", "url2": null, "内容": "いけだ歯科クリニック【3:歯科】岡山県岡山市中区藤崎１３６－２１" }, "geometry": { "type": "Point", "coordinates": [ 133.967974, 34.630328 ] } },
{ "type": "Feature", "properties": { "ID": 3333330003050, "正式名称": "石井歯科・矯正歯科クリニック", "機関区分": 3, "都道府県コード": 33, "市区町村コード": 102, "所在地": "岡山県岡山市中区門田屋敷２－２－１０", "緯度": 34.655935, "経度": 133.940198, "url": "https://www.iryou.teikyouseido.mhlw.go.jp/znk-web/juminkanja/S2430/initialize?prefCd=33&kikanCd=3330003050&kikanKbn=3", "url2": "http://dental-ishii.com/", "内容": "石井歯科・矯正歯科クリニック【3:歯科】岡山県岡山市中区門田屋敷２－２－１０" }, "geometry": { "type": "Point", "coordinates": [ 133.940198, 34.655935 ] } },
{ "type": "Feature", "properties": { "ID": 3333330003060, "正式名称": "いしかわ歯科医院", "機関区分": 3, "都道府県コード": 33, "市区町村コード": 101, "所在地": "岡山県岡山市北区建部町宮地３１の１", "緯度": 34.854967, "経度": 133.906834, "url": "https://www.iryou.teikyouseido.mhlw.go.jp/znk-web/juminkanja/S2430/initialize?prefCd=33&kikanCd=3330003060&kikanKbn=3", "url2": null, "内容": "いしかわ歯科医院【3:歯科】岡山県岡山市北区建部町宮地３１の１" }, "geometry": { "type": "Point", "coordinates": [ 133.906834, 34.854967 ] } },
{ "type": "Feature", "properties": { "ID": 3333330003070, "正式名称": "ｃｏｃｏｒｏはなふさ歯科医院", "機関区分": 3, "都道府県コード": 33, "市区町村コード": 101, "所在地": "岡山県岡山市北区岡南町２－６－５２", "緯度": 34.64027, "経度": 133.925839, "url": "https://www.iryou.teikyouseido.mhlw.go.jp/znk-web/juminkanja/S2430/initialize?prefCd=33&kikanCd=3330003070&kikanKbn=3", "url2": null, "内容": "ｃｏｃｏｒｏはなふさ歯科医院【3:歯科】岡山県岡山市北区岡南町２－６－５２" }, "geometry": { "type": "Point", "coordinates": [ 133.925839, 34.64027 ] } },
{ "type": "Feature", "properties": { "ID": 3333330003080, "正式名称": "石津歯科矯正歯科クリニック", "機関区分": 3, "都道府県コード": 33, "市区町村コード": 101, "所在地": "岡山県岡山市北区東花尻３２３－１", "緯度": 34.652045, "経度": 133.860011, "url": "https://www.iryou.teikyouseido.mhlw.go.jp/znk-web/juminkanja/S2430/initialize?prefCd=33&kikanCd=3330003080&kikanKbn=3", "url2": "http://www.ishizu-shika.com", "内容": "石津歯科矯正歯科クリニック【3:歯科】岡山県岡山市北区東花尻３２３－１" }, "geometry": { "type": "Point", "coordinates": [ 133.860011, 34.652045 ] } },
{ "type": "Feature", "properties": { "ID": 3333330003100, "正式名称": "伊丹歯科医院浜診療所", "機関区分": 3, "都道府県コード": 33, "市区町村コード": 102, "所在地": "岡山県岡山市中区浜１－１３－７", "緯度": 34.672072, "経度": 133.936004, "url": "https://www.iryou.teikyouseido.mhlw.go.jp/znk-web/juminkanja/S2430/initialize?prefCd=33&kikanCd=3330003100&kikanKbn=3", "url2": "https://itamidentalclinic.my.canva.site/", "内容": "伊丹歯科医院浜診療所【3:歯科】岡山県岡山市中区浜１－１３－７" }, "geometry": { "type": "Point", "coordinates": [ 133.936004, 34.672072 ] } },
{ "type": "Feature", "properties": { "ID": 3333330003130, "正式名称": "医療法人尊生会", "機関区分": 3, "都道府県コード": 33, "市区町村コード": 101, "所在地": "岡山県岡山市北区吉宗６８８－１", "緯度": 34.727704, "経度": 133.907143, "url": "https://www.iryou.teikyouseido.mhlw.go.jp/znk-web/juminkanja/S2430/initialize?prefCd=33&kikanCd=3330003130&kikanKbn=3", "url2": "http://www.inoue-dental.com", "内容": "医療法人尊生会【3:歯科】岡山県岡山市北区吉宗６８８－１" }, "geometry": { "type": "Point", "coordinates": [ 133.907143, 34.727704 ] } },
{ "type": "Feature", "properties": { "ID": 3333330003160, "正式名称": "今井歯科医院", "機関区分": 3, "都道府県コード": 33, "市区町村コード": 104, "所在地": "岡山県岡山市南区妹尾６７０番地", "緯度": 34.608939, "経度": 133.866234, "url": "https://www.iryou.teikyouseido.mhlw.go.jp/znk-web/juminkanja/S2430/initialize?prefCd=33&kikanCd=3330003160&kikanKbn=3", "url2": "http://www.tsukubo.or.jp/dc/imai.html", "内容": "今井歯科医院【3:歯科】岡山県岡山市南区妹尾６７０番地" }, "geometry": { "type": "Point", "coordinates": [ 133.866234, 34.608939 ] } },
{ "type": "Feature", "properties": { "ID": 3333330003170, "正式名称": "今井歯科クリニック", "機関区分": 3, "都道府県コード": 33, "市区町村コード": 102, "所在地": "岡山県岡山市中区雄町１７７－３", "緯度": 34.684405, "経度": 133.968834, "url": "https://www.iryou.teikyouseido.mhlw.go.jp/znk-web/juminkanja/S2430/initialize?prefCd=33&kikanCd=3330003170&kikanKbn=3", "url2": null, "内容": "今井歯科クリニック【3:歯科】岡山県岡山市中区雄町１７７－３" }, "geometry": { "type": "Point", "coordinates": [ 133.968834, 34.684405 ] } },
{ "type": "Feature", "properties": { "ID": 3333330003180, "正式名称": "今中歯科医院", "機関区分": 3, "都道府県コード": 33, "市区町村コード": 101, "所在地": "岡山県岡山市北区大井４２５－６", "緯度": 34.741256, "経度": 133.799514, "url": "https://www.iryou.teikyouseido.mhlw.go.jp/znk-web/juminkanja/S2430/initialize?prefCd=33&kikanCd=3330003180&kikanKbn=3", "url2": null, "内容": "今中歯科医院【3:歯科】岡山県岡山市北区大井４２５－６" }, "geometry": { "type": "Point", "coordinates": [ 133.799514, 34.741256 ] } },
{ "type": "Feature", "properties": { "ID": 3333330003190, "正式名称": "今浜歯科医院", "機関区分": 3, "都道府県コード": 33, "市区町村コード": 104, "所在地": "岡山県岡山市南区福田６６６－６", "緯度": 34.617245, "経度": 133.920673, "url": "https://www.iryou.teikyouseido.mhlw.go.jp/znk-web/juminkanja/S2430/initialize?prefCd=33&kikanCd=3330003190&kikanKbn=3", "url2": null, "内容": "今浜歯科医院【3:歯科】岡山県岡山市南区福田６６６－６" }, "geometry": { "type": "Point", "coordinates": [ 133.920673, 34.617245 ] } },
{ "type": "Feature", "properties": { "ID": 3333330003200, "正式名称": "今保ファミリー歯科", "機関区分": 3, "都道府県コード": 33, "市区町村コード": 101, "所在地": "岡山県岡山市北区今保２４４－８", "緯度": 34.640022, "経度": 133.873532, "url": "https://www.iryou.teikyouseido.mhlw.go.jp/znk-web/juminkanja/S2430/initialize?prefCd=33&kikanCd=3330003200&kikanKbn=3", "url2": null, "内容": "今保ファミリー歯科【3:歯科】岡山県岡山市北区今保２４４－８" }, "geometry": { "type": "Point", "coordinates": [ 133.873532, 34.640022 ] } },
{ "type": "Feature", "properties": { "ID": 3333330003210, "正式名称": "今村歯科医院", "機関区分": 3, "都道府県コード": 33, "市区町村コード": 103, "所在地": "岡山県岡山市東区古都南方３５７９－８", "緯度": 34.687655, "経度": 134.007497, "url": "https://www.iryou.teikyouseido.mhlw.go.jp/znk-web/juminkanja/S2430/initialize?prefCd=33&kikanCd=3330003210&kikanKbn=3", "url2": null, "内容": "今村歯科医院【3:歯科】岡山県岡山市東区古都南方３５７９－８" }, "geometry": { "type": "Point", "coordinates": [ 134.007497, 34.687655 ] } },
{ "type": "Feature", "properties": { "ID": 3333330003220, "正式名称": "岩藤歯科医院", "機関区分": 3, "都道府県コード": 33, "市区町村コード": 101, "所在地": "岡山県岡山市北区清心町１６－３９", "緯度": 34.674266, "経度": 133.919561, "url": "https://www.iryou.teikyouseido.mhlw.go.jp/znk-web/juminkanja/S2430/initialize?prefCd=33&kikanCd=3330003220&kikanKbn=3", "url2": null, "内容": "岩藤歯科医院【3:歯科】岡山県岡山市北区清心町１６－３９" }, "geometry": { "type": "Point", "coordinates": [ 133.919561, 34.674266 ] } },
{ "type": "Feature", "properties": { "ID": 3333330003230, "正式名称": "烏城歯科医院", "機関区分": 3, "都道府県コード": 33, "市区町村コード": 102, "所在地": "岡山県岡山市中区浜２丁目５－１５", "緯度": 34.670239, "経度": 133.937531, "url": "https://www.iryou.teikyouseido.mhlw.go.jp/znk-web/juminkanja/S2430/initialize?prefCd=33&kikanCd=3330003230&kikanKbn=3", "url2": null, "内容": "烏城歯科医院【3:歯科】岡山県岡山市中区浜２丁目５－１５" }, "geometry": { "type": "Point", "coordinates": [ 133.937531, 34.670239 ] } },
{ "type": "Feature", "properties": { "ID": 3333330003240, "正式名称": "内田歯科医院", "機関区分": 3, "都道府県コード": 33, "市区町村コード": 101, "所在地": "岡山県岡山市北区西古松１－３７－１９", "緯度": 34.64938, "経度": 133.904841, "url": "https://www.iryou.teikyouseido.mhlw.go.jp/znk-web/juminkanja/S2430/initialize?prefCd=33&kikanCd=3330003240&kikanKbn=3", "url2": null, "内容": "内田歯科医院【3:歯科】岡山県岡山市北区西古松１－３７－１９" }, "geometry": { "type": "Point", "coordinates": [ 133.904841, 34.64938 ] } },
{ "type": "Feature", "properties": { "ID": 3333330003260, "正式名称": "うらやす歯科医院", "機関区分": 3, "都道府県コード": 33, "市区町村コード": 104, "所在地": "岡山県岡山市南区浦安本町４２－８", "緯度": 34.612245, "経度": 133.924118, "url": "https://www.iryou.teikyouseido.mhlw.go.jp/znk-web/juminkanja/S2430/initialize?prefCd=33&kikanCd=3330003260&kikanKbn=3", "url2": null, "内容": "うらやす歯科医院【3:歯科】岡山県岡山市南区浦安本町４２－８" }, "geometry": { "type": "Point", "coordinates": [ 133.924118, 34.612245 ] } },
{ "type": "Feature", "properties": { "ID": 3333330003270, "正式名称": "江口歯科国富診療所", "機関区分": 3, "都道府県コード": 33, "市区町村コード": 102, "所在地": "岡山県岡山市中区国富６２６－２", "緯度": 34.666629, "経度": 133.946086, "url": "https://www.iryou.teikyouseido.mhlw.go.jp/znk-web/juminkanja/S2430/initialize?prefCd=33&kikanCd=3330003270&kikanKbn=3", "url2": "http://eguchishika-kunitomi.cihp2.jp/", "内容": "江口歯科国富診療所【3:歯科】岡山県岡山市中区国富６２６－２" }, "geometry": { "type": "Point", "coordinates": [ 133.946086, 34.666629 ] } },
{ "type": "Feature", "properties": { "ID": 3333330003280, "正式名称": "江口歯科医院", "機関区分": 3, "都道府県コード": 33, "市区町村コード": 104, "所在地": "岡山県岡山市南区浜野４丁目２３－２２", "緯度": 34.625966, "経度": 133.940144, "url": "https://www.iryou.teikyouseido.mhlw.go.jp/znk-web/juminkanja/S2430/initialize?prefCd=33&kikanCd=3330003280&kikanKbn=3", "url2": "http://h-eguchishika.cihp.jp/", "内容": "江口歯科医院【3:歯科】岡山県岡山市南区浜野４丁目２３－２２" }, "geometry": { "type": "Point", "coordinates": [ 133.940144, 34.625966 ] } },
{ "type": "Feature", "properties": { "ID": 3333330003290, "正式名称": "江口歯科芳田診療所", "機関区分": 3, "都道府県コード": 33, "市区町村コード": 104, "所在地": "岡山県岡山市南区万倍１３１－１", "緯度": 34.62666, "経度": 133.90248, "url": "https://www.iryou.teikyouseido.mhlw.go.jp/znk-web/juminkanja/S2430/initialize?prefCd=33&kikanCd=3330003290&kikanKbn=3", "url2": null, "内容": "江口歯科芳田診療所【3:歯科】岡山県岡山市南区万倍１３１－１" }, "geometry": { "type": "Point", "coordinates": [ 133.90248, 34.62666 ] } },
{ "type": "Feature", "properties": { "ID": 3333330003300, "正式名称": "江尻歯科クリニック", "機関区分": 3, "都道府県コード": 33, "市区町村コード": 101, "所在地": "岡山県岡山市北区横井上１３２７－１", "緯度": 34.710262, "経度": 133.905339, "url": "https://www.iryou.teikyouseido.mhlw.go.jp/znk-web/juminkanja/S2430/initialize?prefCd=33&kikanCd=3330003300&kikanKbn=3", "url2": null, "内容": "江尻歯科クリニック【3:歯科】岡山県岡山市北区横井上１３２７－１" }, "geometry": { "type": "Point", "coordinates": [ 133.905339, 34.710262 ] } },
{ "type": "Feature", "properties": { "ID": 3333330003310, "正式名称": "（医療法人）えたに歯科医院", "機関区分": 3, "都道府県コード": 33, "市区町村コード": 103, "所在地": "岡山県岡山市東区神崎町８８－１", "緯度": 34.627997, "経度": 134.060216, "url": "https://www.iryou.teikyouseido.mhlw.go.jp/znk-web/juminkanja/S2430/initialize?prefCd=33&kikanCd=3330003310&kikanKbn=3", "url2": null, "内容": "（医療法人）えたに歯科医院【3:歯科】岡山県岡山市東区神崎町８８－１" }, "geometry": { "type": "Point", "coordinates": [ 134.060216, 34.627997 ] } },
{ "type": "Feature", "properties": { "ID": 3333330003330, "正式名称": "エンドウ歯科医院", "機関区分": 3, "都道府県コード": 33, "市区町村コード": 101, "所在地": "岡山県岡山市北区吉備津１１６８", "緯度": 34.672237, "経度": 133.839846, "url": "https://www.iryou.teikyouseido.mhlw.go.jp/znk-web/juminkanja/S2430/initialize?prefCd=33&kikanCd=3330003330&kikanKbn=3", "url2": "endou-denntal.com", "内容": "エンドウ歯科医院【3:歯科】岡山県岡山市北区吉備津１１６８" }, "geometry": { "type": "Point", "coordinates": [ 133.839846, 34.672237 ] } },
{ "type": "Feature", "properties": { "ID": 3333330003350, "正式名称": "太田歯科医院", "機関区分": 3, "都道府県コード": 33, "市区町村コード": 101, "所在地": "岡山県岡山市北区清輝橋二丁目７－１３", "緯度": 34.650186, "経度": 133.924005, "url": "https://www.iryou.teikyouseido.mhlw.go.jp/znk-web/juminkanja/S2430/initialize?prefCd=33&kikanCd=3330003350&kikanKbn=3", "url2": null, "内容": "太田歯科医院【3:歯科】岡山県岡山市北区清輝橋二丁目７－１３" }, "geometry": { "type": "Point", "coordinates": [ 133.924005, 34.650186 ] } },
{ "type": "Feature", "properties": { "ID": 3333330003360, "正式名称": "太田歯科医院", "機関区分": 3, "都道府県コード": 33, "市区町村コード": 104, "所在地": "岡山県岡山市南区福成３－１－１", "緯度": 34.61519, "経度": 133.935228, "url": "https://www.iryou.teikyouseido.mhlw.go.jp/znk-web/juminkanja/S2430/initialize?prefCd=33&kikanCd=3330003360&kikanKbn=3", "url2": null, "内容": "太田歯科医院【3:歯科】岡山県岡山市南区福成３－１－１" }, "geometry": { "type": "Point", "coordinates": [ 133.935228, 34.61519 ] } },
{ "type": "Feature", "properties": { "ID": 3333330003370, "正式名称": "（医療法人）大塚矯正歯科クリニック", "機関区分": 3, "都道府県コード": 33, "市区町村コード": 104, "所在地": "岡山県岡山市南区築港新町１－１５－８", "緯度": 34.605219, "経度": 133.938954, "url": "https://www.iryou.teikyouseido.mhlw.go.jp/znk-web/juminkanja/S2430/initialize?prefCd=33&kikanCd=3330003370&kikanKbn=3", "url2": "http://www.ooc.or.jp/", "内容": "（医療法人）大塚矯正歯科クリニック【3:歯科】岡山県岡山市南区築港新町１－１５－８" }, "geometry": { "type": "Point", "coordinates": [ 133.938954, 34.605219 ] } },
{ "type": "Feature", "properties": { "ID": 3333330003380, "正式名称": "おおつき歯科クリニック", "機関区分": 3, "都道府県コード": 33, "市区町村コード": 202, "所在地": "岡山県倉敷市藤戸町藤戸１３９４－１", "緯度": 34.552, "経度": 133.8366, "url": "https://www.iryou.teikyouseido.mhlw.go.jp/znk-web/juminkanja/S2430/initialize?prefCd=33&kikanCd=3330003380&kikanKbn=3", "url2": "http://www.otsuki-shika.net", "内容": "おおつき歯科クリニック【3:歯科】岡山県倉敷市藤戸町藤戸１３９４－１" }, "geometry": { "type": "Point", "coordinates": [ 133.8366, 34.552 ] } },
{ "type": "Feature", "properties": { "ID": 3333330003390, "正式名称": "大月歯科医院", "機関区分": 3, "都道府県コード": 33, "市区町村コード": 101, "所在地": "岡山県岡山市北区楢津９５９－４", "緯度": 34.687541, "経度": 133.877286, "url": "https://www.iryou.teikyouseido.mhlw.go.jp/znk-web/juminkanja/S2430/initialize?prefCd=33&kikanCd=3330003390&kikanKbn=3", "url2": "http://www.otukidc.net/", "内容": "大月歯科医院【3:歯科】岡山県岡山市北区楢津９５９－４" }, "geometry": { "type": "Point", "coordinates": [ 133.877286, 34.687541 ] } },
{ "type": "Feature", "properties": { "ID": 3333330003400, "正式名称": "大橋歯科医院", "機関区分": 3, "都道府県コード": 33, "市区町村コード": 104, "所在地": "岡山県岡山市南区妹尾２３４８－２", "緯度": 34.618716, "経度": 133.86965, "url": "https://www.iryou.teikyouseido.mhlw.go.jp/znk-web/juminkanja/S2430/initialize?prefCd=33&kikanCd=3330003400&kikanKbn=3", "url2": "http://www.tsukubo.or.jp/dc/ohashi.html", "内容": "大橋歯科医院【3:歯科】岡山県岡山市南区妹尾２３４８－２" }, "geometry": { "type": "Point", "coordinates": [ 133.86965, 34.618716 ] } },
{ "type": "Feature", "properties": { "ID": 3333330003410, "正式名称": "大村歯科医院", "機関区分": 3, "都道府県コード": 33, "市区町村コード": 101, "所在地": "岡山県岡山市北区幸町６－２６", "緯度": 34.661295, "経度": 133.920783, "url": "https://www.iryou.teikyouseido.mhlw.go.jp/znk-web/juminkanja/S2430/initialize?prefCd=33&kikanCd=3330003410&kikanKbn=3", "url2": "http://ohmura-shika.com/", "内容": "大村歯科医院【3:歯科】岡山県岡山市北区幸町６－２６" }, "geometry": { "type": "Point", "coordinates": [ 133.920783, 34.661295 ] } },
{ "type": "Feature", "properties": { "ID": 3333330003420, "正式名称": "大森歯科医院", "機関区分": 3, "都道府県コード": 33, "市区町村コード": 104, "所在地": "岡山県岡山市南区洲崎２－５－２７", "緯度": 34.622439, "経度": 133.943255, "url": "https://www.iryou.teikyouseido.mhlw.go.jp/znk-web/juminkanja/S2430/initialize?prefCd=33&kikanCd=3330003420&kikanKbn=3", "url2": "https://www.oomori-sika.com/", "内容": "大森歯科医院【3:歯科】岡山県岡山市南区洲崎２－５－２７" }, "geometry": { "type": "Point", "coordinates": [ 133.943255, 34.622439 ] } },
{ "type": "Feature", "properties": { "ID": 3333330003450, "正式名称": "尾上歯科医院", "機関区分": 3, "都道府県コード": 33, "市区町村コード": 104, "所在地": "岡山県岡山市南区西紅陽台２－５８－５９５", "緯度": 34.549363, "経度": 133.885095, "url": "https://www.iryou.teikyouseido.mhlw.go.jp/znk-web/juminkanja/S2430/initialize?prefCd=33&kikanCd=3330003450&kikanKbn=3", "url2": null, "内容": "尾上歯科医院【3:歯科】岡山県岡山市南区西紅陽台２－５８－５９５" }, "geometry": { "type": "Point", "coordinates": [ 133.885095, 34.549363 ] } },
{ "type": "Feature", "properties": { "ID": 3333330003460, "正式名称": "岡吉歯科医院", "機関区分": 3, "都道府県コード": 33, "市区町村コード": 101, "所在地": "岡山県岡山市北区青江四丁目二番十号", "緯度": 34.632271, "経度": 133.925006, "url": "https://www.iryou.teikyouseido.mhlw.go.jp/znk-web/juminkanja/S2430/initialize?prefCd=33&kikanCd=3330003460&kikanKbn=3", "url2": null, "内容": "岡吉歯科医院【3:歯科】岡山県岡山市北区青江四丁目二番十号" }, "geometry": { "type": "Point", "coordinates": [ 133.925006, 34.632271 ] } },
{ "type": "Feature", "properties": { "ID": 3333330003470, "正式名称": "小川歯科医院", "機関区分": 3, "都道府県コード": 33, "市区町村コード": 102, "所在地": "岡山県岡山市中区円山９０－９　ＹＳタウン円山２Ｆ", "緯度": 34.652603, "経度": 133.967057, "url": "https://www.iryou.teikyouseido.mhlw.go.jp/znk-web/juminkanja/S2430/initialize?prefCd=33&kikanCd=3330003470&kikanKbn=3", "url2": null, "内容": "小川歯科医院【3:歯科】岡山県岡山市中区円山９０－９　ＹＳタウン円山２Ｆ" }, "geometry": { "type": "Point", "coordinates": [ 133.967057, 34.652603 ] } },
{ "type": "Feature", "properties": { "ID": 3333330003480, "正式名称": "おくだ歯科医院", "機関区分": 3, "都道府県コード": 33, "市区町村コード": 101, "所在地": "岡山県岡山市北区奥田本町２４－２３", "緯度": 34.644575, "経度": 133.920728, "url": "https://www.iryou.teikyouseido.mhlw.go.jp/znk-web/juminkanja/S2430/initialize?prefCd=33&kikanCd=3330003480&kikanKbn=3", "url2": null, "内容": "おくだ歯科医院【3:歯科】岡山県岡山市北区奥田本町２４－２３" }, "geometry": { "type": "Point", "coordinates": [ 133.920728, 34.644575 ] } },
{ "type": "Feature", "properties": { "ID": 3333330003490, "正式名称": "奥田歯科医院", "機関区分": 3, "都道府県コード": 33, "市区町村コード": 103, "所在地": "岡山県岡山市東区西大寺中三丁目４番１６号", "緯度": 34.653104, "経度": 134.037356, "url": "https://www.iryou.teikyouseido.mhlw.go.jp/znk-web/juminkanja/S2430/initialize?prefCd=33&kikanCd=3330003490&kikanKbn=3", "url2": null, "内容": "奥田歯科医院【3:歯科】岡山県岡山市東区西大寺中三丁目４番１６号" }, "geometry": { "type": "Point", "coordinates": [ 134.037356, 34.653104 ] } },
{ "type": "Feature", "properties": { "ID": 3333330003510, "正式名称": "小沢歯科医院", "機関区分": 3, "都道府県コード": 33, "市区町村コード": 102, "所在地": "岡山県岡山市中区原尾島１丁目１番３０号", "緯度": 34.672628, "経度": 133.945919, "url": "https://www.iryou.teikyouseido.mhlw.go.jp/znk-web/juminkanja/S2430/initialize?prefCd=33&kikanCd=3330003510&kikanKbn=3", "url2": null, "内容": "小沢歯科医院【3:歯科】岡山県岡山市中区原尾島１丁目１番３０号" }, "geometry": { "type": "Point", "coordinates": [ 133.945919, 34.672628 ] } },
{ "type": "Feature", "properties": { "ID": 3333330003520, "正式名称": "小田歯科医院", "機関区分": 3, "都道府県コード": 33, "市区町村コード": 101, "所在地": "岡山県岡山市北区田町２丁目３番１３号", "緯度": 34.659907, "経度": 133.925005, "url": "https://www.iryou.teikyouseido.mhlw.go.jp/znk-web/juminkanja/S2430/initialize?prefCd=33&kikanCd=3330003520&kikanKbn=3", "url2": "http://www.odadental.com", "内容": "小田歯科医院【3:歯科】岡山県岡山市北区田町２丁目３番１３号" }, "geometry": { "type": "Point", "coordinates": [ 133.925005, 34.659907 ] } },
{ "type": "Feature", "properties": { "ID": 3333330003530, "正式名称": "医療法人　小野歯科クリニック", "機関区分": 3, "都道府県コード": 33, "市区町村コード": 102, "所在地": "岡山県岡山市中区山崎３４６－７", "緯度": 34.649437, "経度": 133.966613, "url": "https://www.iryou.teikyouseido.mhlw.go.jp/znk-web/juminkanja/S2430/initialize?prefCd=33&kikanCd=3330003530&kikanKbn=3", "url2": "http://www.onodc.jp", "内容": "医療法人　小野歯科クリニック【3:歯科】岡山県岡山市中区山崎３４６－７" }, "geometry": { "type": "Point", "coordinates": [ 133.966613, 34.649437 ] } },
{ "type": "Feature", "properties": { "ID": 3333330003540, "正式名称": "おのだおとなこども歯科・矯正歯科", "機関区分": 3, "都道府県コード": 33, "市区町村コード": 104, "所在地": "岡山県岡山市南区藤田６７６－１１６", "緯度": 34.616106, "経度": 133.903647, "url": "https://www.iryou.teikyouseido.mhlw.go.jp/znk-web/juminkanja/S2430/initialize?prefCd=33&kikanCd=3330003540&kikanKbn=3", "url2": "https://onoda-shika.net", "内容": "おのだおとなこども歯科・矯正歯科【3:歯科】岡山県岡山市南区藤田６７６－１１６" }, "geometry": { "type": "Point", "coordinates": [ 133.903647, 34.616106 ] } },
{ "type": "Feature", "properties": { "ID": 3333330003550, "正式名称": "医療法人　おやいづ歯科", "機関区分": 3, "都道府県コード": 33, "市区町村コード": 102, "所在地": "岡山県岡山市中区倉田６７４－４", "緯度": 34.634188, "経度": 133.953337, "url": "https://www.iryou.teikyouseido.mhlw.go.jp/znk-web/juminkanja/S2430/initialize?prefCd=33&kikanCd=3330003550&kikanKbn=3", "url2": null, "内容": "医療法人　おやいづ歯科【3:歯科】岡山県岡山市中区倉田６７４－４" }, "geometry": { "type": "Point", "coordinates": [ 133.953337, 34.634188 ] } },
{ "type": "Feature", "properties": { "ID": 3333330003560, "正式名称": "医療法人オリーブ", "機関区分": 3, "都道府県コード": 33, "市区町村コード": 101, "所在地": "岡山県岡山市北区東古松５０４－３", "緯度": 34.642242, "経度": 133.914395, "url": "https://www.iryou.teikyouseido.mhlw.go.jp/znk-web/juminkanja/S2430/initialize?prefCd=33&kikanCd=3330003560&kikanKbn=3", "url2": "http://www.olive-family.com", "内容": "医療法人オリーブ【3:歯科】岡山県岡山市北区東古松５０４－３" }, "geometry": { "type": "Point", "coordinates": [ 133.914395, 34.642242 ] } },
{ "type": "Feature", "properties": { "ID": 3333330003570, "正式名称": "オレンジ歯科クリニック", "機関区分": 3, "都道府県コード": 33, "市区町村コード": 104, "所在地": "岡山県岡山市南区新福２丁目３番１８号", "緯度": 34.627772, "経度": 133.935672, "url": "https://www.iryou.teikyouseido.mhlw.go.jp/znk-web/juminkanja/S2430/initialize?prefCd=33&kikanCd=3330003570&kikanKbn=3", "url2": "http://www.orangedc.net/", "内容": "オレンジ歯科クリニック【3:歯科】岡山県岡山市南区新福２丁目３番１８号" }, "geometry": { "type": "Point", "coordinates": [ 133.935672, 34.627772 ] } },
{ "type": "Feature", "properties": { "ID": 3333330003580, "正式名称": "垣野歯科医院", "機関区分": 3, "都道府県コード": 33, "市区町村コード": 104, "所在地": "岡山県岡山市南区築港新町２－６－１９", "緯度": 34.604136, "経度": 133.937617, "url": "https://www.iryou.teikyouseido.mhlw.go.jp/znk-web/juminkanja/S2430/initialize?prefCd=33&kikanCd=3330003580&kikanKbn=3", "url2": null, "内容": "垣野歯科医院【3:歯科】岡山県岡山市南区築港新町２－６－１９" }, "geometry": { "type": "Point", "coordinates": [ 133.937617, 34.604136 ] } },
{ "type": "Feature", "properties": { "ID": 3333330003590, "正式名称": "かく歯科医院", "機関区分": 3, "都道府県コード": 33, "市区町村コード": 101, "所在地": "岡山県岡山市北区新屋敷町２丁目５番２０号", "緯度": 34.654407, "経度": 133.907062, "url": "https://www.iryou.teikyouseido.mhlw.go.jp/znk-web/juminkanja/S2430/initialize?prefCd=33&kikanCd=3330003590&kikanKbn=3", "url2": null, "内容": "かく歯科医院【3:歯科】岡山県岡山市北区新屋敷町２丁目５番２０号" }, "geometry": { "type": "Point", "coordinates": [ 133.907062, 34.654407 ] } },
{ "type": "Feature", "properties": { "ID": 3333330003610, "正式名称": "片山歯科医院", "機関区分": 3, "都道府県コード": 33, "市区町村コード": 104, "所在地": "岡山県岡山市南区新保２１６", "緯度": 34.632465, "経度": 133.912118, "url": "https://www.iryou.teikyouseido.mhlw.go.jp/znk-web/juminkanja/S2430/initialize?prefCd=33&kikanCd=3330003610&kikanKbn=3", "url2": "http://www.katayama-dental.jp", "内容": "片山歯科医院【3:歯科】岡山県岡山市南区新保２１６" }, "geometry": { "type": "Point", "coordinates": [ 133.912118, 34.632465 ] } },
{ "type": "Feature", "properties": { "ID": 3333330003620, "正式名称": "桂歯科クリニック", "機関区分": 3, "都道府県コード": 33, "市区町村コード": 101, "所在地": "岡山県岡山市北区奉還町１丁目９－４", "緯度": 34.670489, "経度": 133.918061, "url": "https://www.iryou.teikyouseido.mhlw.go.jp/znk-web/juminkanja/S2430/initialize?prefCd=33&kikanCd=3330003620&kikanKbn=3", "url2": "http://www.katsura-dc.jp/", "内容": "桂歯科クリニック【3:歯科】岡山県岡山市北区奉還町１丁目９－４" }, "geometry": { "type": "Point", "coordinates": [ 133.918061, 34.670489 ] } },
{ "type": "Feature", "properties": { "ID": 3333330003630, "正式名称": "かりや歯科医院", "機関区分": 3, "都道府県コード": 33, "市区町村コード": 103, "所在地": "岡山県岡山市東区政津７４３－１", "緯度": 34.636939, "経度": 133.998444, "url": "https://www.iryou.teikyouseido.mhlw.go.jp/znk-web/juminkanja/S2430/initialize?prefCd=33&kikanCd=3330003630&kikanKbn=3", "url2": "http://www.kadoya-dc.jp", "内容": "かりや歯科医院【3:歯科】岡山県岡山市東区政津７４３－１" }, "geometry": { "type": "Point", "coordinates": [ 133.998444, 34.636939 ] } },
{ "type": "Feature", "properties": { "ID": 3333330003640, "正式名称": "がもう歯科医院", "機関区分": 3, "都道府県コード": 33, "市区町村コード": 104, "所在地": "岡山県岡山市南区中畦１８－３", "緯度": 34.595551, "経度": 133.847681, "url": "https://www.iryou.teikyouseido.mhlw.go.jp/znk-web/juminkanja/S2430/initialize?prefCd=33&kikanCd=3330003640&kikanKbn=3", "url2": null, "内容": "がもう歯科医院【3:歯科】岡山県岡山市南区中畦１８－３" }, "geometry": { "type": "Point", "coordinates": [ 133.847681, 34.595551 ] } },
{ "type": "Feature", "properties": { "ID": 3333330003660, "正式名称": "岸田歯科クリニック", "機関区分": 3, "都道府県コード": 33, "市区町村コード": 103, "所在地": "岡山県岡山市東区瀬戸町沖３２８－１", "緯度": 34.719347, "経度": 134.045159, "url": "https://www.iryou.teikyouseido.mhlw.go.jp/znk-web/juminkanja/S2430/initialize?prefCd=33&kikanCd=3330003660&kikanKbn=3", "url2": null, "内容": "岸田歯科クリニック【3:歯科】岡山県岡山市東区瀬戸町沖３２８－１" }, "geometry": { "type": "Point", "coordinates": [ 134.045159, 34.719347 ] } },
{ "type": "Feature", "properties": { "ID": 3333330003670, "正式名称": "岸田歯科医院", "機関区分": 3, "都道府県コード": 33, "市区町村コード": 103, "所在地": "岡山県岡山市東区瀬戸町瀬戸８８－５", "緯度": 34.733873, "経度": 134.040437, "url": "https://www.iryou.teikyouseido.mhlw.go.jp/znk-web/juminkanja/S2430/initialize?prefCd=33&kikanCd=3330003670&kikanKbn=3", "url2": null, "内容": "岸田歯科医院【3:歯科】岡山県岡山市東区瀬戸町瀬戸８８－５" }, "geometry": { "type": "Point", "coordinates": [ 134.040437, 34.733873 ] } },
{ "type": "Feature", "properties": { "ID": 3333330003680, "正式名称": "きしもと歯科クリニック", "機関区分": 3, "都道府県コード": 33, "市区町村コード": 103, "所在地": "岡山県岡山市東区可知１丁目６２－９", "緯度": 34.658547, "経度": 134.001498, "url": "https://www.iryou.teikyouseido.mhlw.go.jp/znk-web/juminkanja/S2430/initialize?prefCd=33&kikanCd=3330003680&kikanKbn=3", "url2": "http://dc-kishimoto.jp", "内容": "きしもと歯科クリニック【3:歯科】岡山県岡山市東区可知１丁目６２－９" }, "geometry": { "type": "Point", "coordinates": [ 134.001498, 34.658547 ] } },
{ "type": "Feature", "properties": { "ID": 3333330003690, "正式名称": "きたじま歯科医院", "機関区分": 3, "都道府県コード": 33, "市区町村コード": 103, "所在地": "岡山県岡山市東区西大寺中３丁目１６－２３", "緯度": 34.656576, "経度": 134.037412, "url": "https://www.iryou.teikyouseido.mhlw.go.jp/znk-web/juminkanja/S2430/initialize?prefCd=33&kikanCd=3330003690&kikanKbn=3", "url2": "http://www.kitajima-shika.jp/", "内容": "きたじま歯科医院【3:歯科】岡山県岡山市東区西大寺中３丁目１６－２３" }, "geometry": { "type": "Point", "coordinates": [ 134.037412, 34.656576 ] } },
{ "type": "Feature", "properties": { "ID": 3333330003700, "正式名称": "北山歯科医院", "機関区分": 3, "都道府県コード": 33, "市区町村コード": 101, "所在地": "岡山県岡山市北区御津野々口１１８８", "緯度": 34.768394, "経度": 133.931779, "url": "https://www.iryou.teikyouseido.mhlw.go.jp/znk-web/juminkanja/S2430/initialize?prefCd=33&kikanCd=3330003700&kikanKbn=3", "url2": null, "内容": "北山歯科医院【3:歯科】岡山県岡山市北区御津野々口１１８８" }, "geometry": { "type": "Point", "coordinates": [ 133.931779, 34.768394 ] } },
{ "type": "Feature", "properties": { "ID": 3333330003710, "正式名称": "医療法人明生会歯科　木庭歯科医院", "機関区分": 3, "都道府県コード": 33, "市区町村コード": 101, "所在地": "岡山県岡山市北区伊福町１－１０－１４", "緯度": 34.670655, "経度": 133.91245, "url": "https://www.iryou.teikyouseido.mhlw.go.jp/znk-web/juminkanja/S2430/initialize?prefCd=33&kikanCd=3330003710&kikanKbn=3", "url2": "http://www.meiseikai.com", "内容": "医療法人明生会歯科　木庭歯科医院【3:歯科】岡山県岡山市北区伊福町１－１０－１４" }, "geometry": { "type": "Point", "coordinates": [ 133.91245, 34.670655 ] } },
{ "type": "Feature", "properties": { "ID": 3333330003730, "正式名称": "医療法人きむら歯科医院", "機関区分": 3, "都道府県コード": 33, "市区町村コード": 104, "所在地": "岡山県岡山市南区三浜町２－１８－２０", "緯度": 34.614662, "経度": 133.942033, "url": "https://www.iryou.teikyouseido.mhlw.go.jp/znk-web/juminkanja/S2430/initialize?prefCd=33&kikanCd=3330003730&kikanKbn=3", "url2": "http://www.kimura-shika.jp", "内容": "医療法人きむら歯科医院【3:歯科】岡山県岡山市南区三浜町２－１８－２０" }, "geometry": { "type": "Point", "coordinates": [ 133.942033, 34.614662 ] } },
{ "type": "Feature", "properties": { "ID": 3333330003740, "正式名称": "杉村歯科医院", "機関区分": 3, "都道府県コード": 33, "市区町村コード": 101, "所在地": "岡山県岡山市北区青江１丁目１７番３号", "緯度": 34.634354, "経度": 133.919895, "url": "https://www.iryou.teikyouseido.mhlw.go.jp/znk-web/juminkanja/S2430/initialize?prefCd=33&kikanCd=3330003740&kikanKbn=3", "url2": null, "内容": "杉村歯科医院【3:歯科】岡山県岡山市北区青江１丁目１７番３号" }, "geometry": { "type": "Point", "coordinates": [ 133.919895, 34.634354 ] } },
{ "type": "Feature", "properties": { "ID": 3333330003760, "正式名称": "キヨモト歯科クリニック", "機関区分": 3, "都道府県コード": 33, "市区町村コード": 101, "所在地": "岡山県岡山市北区庭瀬１６３－５", "緯度": 34.649656, "経度": 133.852651, "url": "https://www.iryou.teikyouseido.mhlw.go.jp/znk-web/juminkanja/S2430/initialize?prefCd=33&kikanCd=3330003760&kikanKbn=3", "url2": "http://www.tsukubo.or.jp/dc/kiyomoto.html", "内容": "キヨモト歯科クリニック【3:歯科】岡山県岡山市北区庭瀬１６３－５" }, "geometry": { "type": "Point", "coordinates": [ 133.852651, 34.649656 ] } },
{ "type": "Feature", "properties": { "ID": 3333330003780, "正式名称": "口分田歯科医院", "機関区分": 3, "都道府県コード": 33, "市区町村コード": 101, "所在地": "岡山県岡山市北区津島新野２丁目２番１５号", "緯度": 34.681737, "経度": 133.914672, "url": "https://www.iryou.teikyouseido.mhlw.go.jp/znk-web/juminkanja/S2430/initialize?prefCd=33&kikanCd=3330003780&kikanKbn=3", "url2": "https://www.kumode-dc2.com", "内容": "口分田歯科医院【3:歯科】岡山県岡山市北区津島新野２丁目２番１５号" }, "geometry": { "type": "Point", "coordinates": [ 133.914672, 34.681737 ] } },
{ "type": "Feature", "properties": { "ID": 3333330003790, "正式名称": "医療法人社団三輝会熊谷歯科医院", "機関区分": 3, "都道府県コード": 33, "市区町村コード": 104, "所在地": "岡山県岡山市南区新保１１８７－３", "緯度": 34.635576, "経度": 133.914729, "url": "https://www.iryou.teikyouseido.mhlw.go.jp/znk-web/juminkanja/S2430/initialize?prefCd=33&kikanCd=3330003790&kikanKbn=3", "url2": "http://www.kumagaisika.jp", "内容": "医療法人社団三輝会熊谷歯科医院【3:歯科】岡山県岡山市南区新保１１８７－３" }, "geometry": { "type": "Point", "coordinates": [ 133.914729, 34.635576 ] } },
{ "type": "Feature", "properties": { "ID": 3333330003800, "正式名称": "くまざわ歯科診療室", "機関区分": 3, "都道府県コード": 33, "市区町村コード": 104, "所在地": "岡山県岡山市南区福富中２－１－３", "緯度": 34.622883, "経度": 133.935005, "url": "https://www.iryou.teikyouseido.mhlw.go.jp/znk-web/juminkanja/S2430/initialize?prefCd=33&kikanCd=3330003800&kikanKbn=3", "url2": "http://www.bearcreek-do.jimdo.com", "内容": "くまざわ歯科診療室【3:歯科】岡山県岡山市南区福富中２－１－３" }, "geometry": { "type": "Point", "coordinates": [ 133.935005, 34.622883 ] } },
{ "type": "Feature", "properties": { "ID": 3333330003810, "正式名称": "熊代歯科医院", "機関区分": 3, "都道府県コード": 33, "市区町村コード": 101, "所在地": "岡山県岡山市北区一宮４８４", "緯度": 34.67849, "経度": 133.868001, "url": "https://www.iryou.teikyouseido.mhlw.go.jp/znk-web/juminkanja/S2430/initialize?prefCd=33&kikanCd=3330003810&kikanKbn=3", "url2": null, "内容": "熊代歯科医院【3:歯科】岡山県岡山市北区一宮４８４" }, "geometry": { "type": "Point", "coordinates": [ 133.868001, 34.67849 ] } },
{ "type": "Feature", "properties": { "ID": 3333330003820, "正式名称": "くましろ歯科医院", "機関区分": 3, "都道府県コード": 33, "市区町村コード": 104, "所在地": "岡山県岡山市南区宮浦３６６", "緯度": 34.594721, "経度": 133.986529, "url": "https://www.iryou.teikyouseido.mhlw.go.jp/znk-web/juminkanja/S2430/initialize?prefCd=33&kikanCd=3330003820&kikanKbn=3", "url2": null, "内容": "くましろ歯科医院【3:歯科】岡山県岡山市南区宮浦３６６" }, "geometry": { "type": "Point", "coordinates": [ 133.986529, 34.594721 ] } },
{ "type": "Feature", "properties": { "ID": 3333330003830, "正式名称": "久門田歯科医院", "機関区分": 3, "都道府県コード": 33, "市区町村コード": 101, "所在地": "岡山県岡山市北区高松原古才６８０", "緯度": 34.680902, "経度": 133.829207, "url": "https://www.iryou.teikyouseido.mhlw.go.jp/znk-web/juminkanja/S2430/initialize?prefCd=33&kikanCd=3330003830&kikanKbn=3", "url2": "https://kumonda.com/", "内容": "久門田歯科医院【3:歯科】岡山県岡山市北区高松原古才６８０" }, "geometry": { "type": "Point", "coordinates": [ 133.829207, 34.680902 ] } },
{ "type": "Feature", "properties": { "ID": 3333330003870, "正式名称": "医療法人社団　東風会　グレイスデンタルクリニック", "機関区分": 3, "都道府県コード": 33, "市区町村コード": 101, "所在地": "岡山県岡山市北区今７丁目２３－２０", "緯度": 34.641983, "経度": 133.891605, "url": "https://www.iryou.teikyouseido.mhlw.go.jp/znk-web/juminkanja/S2430/initialize?prefCd=33&kikanCd=3330003870&kikanKbn=3", "url2": "https://www.grace-shika.com", "内容": "医療法人社団　東風会　グレイスデンタルクリニック【3:歯科】岡山県岡山市北区今７丁目２３－２０" }, "geometry": { "type": "Point", "coordinates": [ 133.891605, 34.641983 ] } },
{ "type": "Feature", "properties": { "ID": 3333330003880, "正式名称": "黒住歯科花尻診療所", "機関区分": 3, "都道府県コード": 33, "市区町村コード": 101, "所在地": "岡山県岡山市北区花尻ききょう町１６－１０７", "緯度": 34.65685, "経度": 133.872482, "url": "https://www.iryou.teikyouseido.mhlw.go.jp/znk-web/juminkanja/S2430/initialize?prefCd=33&kikanCd=3330003880&kikanKbn=3", "url2": "http://www.kurozumi-dc.jp", "内容": "黒住歯科花尻診療所【3:歯科】岡山県岡山市北区花尻ききょう町１６－１０７" }, "geometry": { "type": "Point", "coordinates": [ 133.872482, 34.65685 ] } },
{ "type": "Feature", "properties": { "ID": 3333330003890, "正式名称": "黒住歯科医院", "機関区分": 3, "都道府県コード": 33, "市区町村コード": 101, "所在地": "岡山県岡山市北区中山下２丁目４－４６", "緯度": 34.660657, "経度": 133.928449, "url": "https://www.iryou.teikyouseido.mhlw.go.jp/znk-web/juminkanja/S2430/initialize?prefCd=33&kikanCd=3330003890&kikanKbn=3", "url2": null, "内容": "黒住歯科医院【3:歯科】岡山県岡山市北区中山下２丁目４－４６" }, "geometry": { "type": "Point", "coordinates": [ 133.928449, 34.660657 ] } },
{ "type": "Feature", "properties": { "ID": 3333330003910, "正式名称": "黒瀬歯科医院", "機関区分": 3, "都道府県コード": 33, "市区町村コード": 101, "所在地": "岡山県岡山市北区駅元町２９－１０", "緯度": 34.667878, "経度": 133.916117, "url": "https://www.iryou.teikyouseido.mhlw.go.jp/znk-web/juminkanja/S2430/initialize?prefCd=33&kikanCd=3330003910&kikanKbn=3", "url2": null, "内容": "黒瀬歯科医院【3:歯科】岡山県岡山市北区駅元町２９－１０" }, "geometry": { "type": "Point", "coordinates": [ 133.916117, 34.667878 ] } },
{ "type": "Feature", "properties": { "ID": 3333330003930, "正式名称": "くろせ歯科クリニック", "機関区分": 3, "都道府県コード": 33, "市区町村コード": 102, "所在地": "岡山県岡山市中区湊３８１－４８", "緯度": 34.649686, "経度": 133.95978, "url": "https://www.iryou.teikyouseido.mhlw.go.jp/znk-web/juminkanja/S2430/initialize?prefCd=33&kikanCd=3330003930&kikanKbn=3", "url2": "http://kuroseshika-okayama.com/", "内容": "くろせ歯科クリニック【3:歯科】岡山県岡山市中区湊３８１－４８" }, "geometry": { "type": "Point", "coordinates": [ 133.95978, 34.649686 ] } },
{ "type": "Feature", "properties": { "ID": 3333330003950, "正式名称": "くろだデンタルクリニック", "機関区分": 3, "都道府県コード": 33, "市区町村コード": 101, "所在地": "岡山県岡山市北区富田４２１－４", "緯度": 34.641498, "経度": 133.913022, "url": "https://www.iryou.teikyouseido.mhlw.go.jp/znk-web/juminkanja/S2430/initialize?prefCd=33&kikanCd=3330003950&kikanKbn=3", "url2": "http://kurodadentalcliric.com/", "内容": "くろだデンタルクリニック【3:歯科】岡山県岡山市北区富田４２１－４" }, "geometry": { "type": "Point", "coordinates": [ 133.913022, 34.641498 ] } },
{ "type": "Feature", "properties": { "ID": 3333330003960, "正式名称": "けしごやまビーンズ歯科クリニック", "機関区分": 3, "都道府県コード": 33, "市区町村コード": 103, "所在地": "岡山県岡山市東区西大寺松崎１６２－１１", "緯度": 34.661797, "経度": 134.011358, "url": "https://www.iryou.teikyouseido.mhlw.go.jp/znk-web/juminkanja/S2430/initialize?prefCd=33&kikanCd=3330003960&kikanKbn=3", "url2": null, "内容": "けしごやまビーンズ歯科クリニック【3:歯科】岡山県岡山市東区西大寺松崎１６２－１１" }, "geometry": { "type": "Point", "coordinates": [ 134.011358, 34.661797 ] } },
{ "type": "Feature", "properties": { "ID": 3333330003970, "正式名称": "医療法人けやき通り歯科", "機関区分": 3, "都道府県コード": 33, "市区町村コード": 102, "所在地": "岡山県岡山市中区東川原１７１－８", "緯度": 34.677773, "経度": 133.944554, "url": "https://www.iryou.teikyouseido.mhlw.go.jp/znk-web/juminkanja/S2430/initialize?prefCd=33&kikanCd=3330003970&kikanKbn=3", "url2": "https://www.keyakidoori-dc.jp/", "内容": "医療法人けやき通り歯科【3:歯科】岡山県岡山市中区東川原１７１－８" }, "geometry": { "type": "Point", "coordinates": [ 133.944554, 34.677773 ] } },
{ "type": "Feature", "properties": { "ID": 3333330003980, "正式名称": "医療法人社団　高知歯科医院", "機関区分": 3, "都道府県コード": 33, "市区町村コード": 104, "所在地": "岡山県岡山市南区福浜町５－１２", "緯度": 34.618162, "経度": 133.946477, "url": "https://www.iryou.teikyouseido.mhlw.go.jp/znk-web/juminkanja/S2430/initialize?prefCd=33&kikanCd=3330003980&kikanKbn=3", "url2": "http://www.kouchi-dc.com/", "内容": "医療法人社団　高知歯科医院【3:歯科】岡山県岡山市南区福浜町５－１２" }, "geometry": { "type": "Point", "coordinates": [ 133.946477, 34.618162 ] } },
{ "type": "Feature", "properties": { "ID": 3333330003990, "正式名称": "小坂歯科医院", "機関区分": 3, "都道府県コード": 33, "市区町村コード": 103, "所在地": "岡山県岡山市東区宍甘１６６－２", "緯度": 34.684683, "経度": 133.990304, "url": "https://www.iryou.teikyouseido.mhlw.go.jp/znk-web/juminkanja/S2430/initialize?prefCd=33&kikanCd=3330003990&kikanKbn=3", "url2": null, "内容": "小坂歯科医院【3:歯科】岡山県岡山市東区宍甘１６６－２" }, "geometry": { "type": "Point", "coordinates": [ 133.990304, 34.684683 ] } },
{ "type": "Feature", "properties": { "ID": 3333330004000, "正式名称": "小坂歯科医院", "機関区分": 3, "都道府県コード": 33, "市区町村コード": 101, "所在地": "岡山県岡山市北区柳町２丁目１１番１３号", "緯度": 34.656574, "経度": 133.921478, "url": "https://www.iryou.teikyouseido.mhlw.go.jp/znk-web/juminkanja/S2430/initialize?prefCd=33&kikanCd=3330004000&kikanKbn=3", "url2": null, "内容": "小坂歯科医院【3:歯科】岡山県岡山市北区柳町２丁目１１番１３号" }, "geometry": { "type": "Point", "coordinates": [ 133.921478, 34.656574 ] } },
{ "type": "Feature", "properties": { "ID": 3333330004010, "正式名称": "こじま歯科医院", "機関区分": 3, "都道府県コード": 33, "市区町村コード": 102, "所在地": "岡山県岡山市中区高屋１７１－１", "緯度": 34.674989, "経度": 133.96464, "url": "https://www.iryou.teikyouseido.mhlw.go.jp/znk-web/juminkanja/S2430/initialize?prefCd=33&kikanCd=3330004010&kikanKbn=3", "url2": "https://kojima-dc.com", "内容": "こじま歯科医院【3:歯科】岡山県岡山市中区高屋１７１－１" }, "geometry": { "type": "Point", "coordinates": [ 133.96464, 34.674989 ] } },
{ "type": "Feature", "properties": { "ID": 3333330004020, "正式名称": "後藤歯科医院", "機関区分": 3, "都道府県コード": 33, "市区町村コード": 104, "所在地": "岡山県岡山市南区東畦７６６－１１", "緯度": 34.604968, "経度": 133.879927, "url": "https://www.iryou.teikyouseido.mhlw.go.jp/znk-web/juminkanja/S2430/initialize?prefCd=33&kikanCd=3330004020&kikanKbn=3", "url2": null, "内容": "後藤歯科医院【3:歯科】岡山県岡山市南区東畦７６６－１１" }, "geometry": { "type": "Point", "coordinates": [ 133.879927, 34.604968 ] } },
{ "type": "Feature", "properties": { "ID": 3333330004030, "正式名称": "ごとう歯科医院", "機関区分": 3, "都道府県コード": 33, "市区町村コード": 104, "所在地": "岡山県岡山市南区妹尾３４９２－５", "緯度": 34.624548, "経度": 133.868372, "url": "https://www.iryou.teikyouseido.mhlw.go.jp/znk-web/juminkanja/S2430/initialize?prefCd=33&kikanCd=3330004030&kikanKbn=3", "url2": "https://goto-dc-okayamashi.jp/", "内容": "ごとう歯科医院【3:歯科】岡山県岡山市南区妹尾３４９２－５" }, "geometry": { "type": "Point", "coordinates": [ 133.868372, 34.624548 ] } },
{ "type": "Feature", "properties": { "ID": 3333330004040, "正式名称": "小橋歯科医院", "機関区分": 3, "都道府県コード": 33, "市区町村コード": 101, "所在地": "岡山県岡山市北区幸町２－４", "緯度": 34.662434, "経度": 133.920728, "url": "https://www.iryou.teikyouseido.mhlw.go.jp/znk-web/juminkanja/S2430/initialize?prefCd=33&kikanCd=3330004040&kikanKbn=3", "url2": null, "内容": "小橋歯科医院【3:歯科】岡山県岡山市北区幸町２－４" }, "geometry": { "type": "Point", "coordinates": [ 133.920728, 34.662434 ] } },
{ "type": "Feature", "properties": { "ID": 3333330004060, "正式名称": "小林歯科医院", "機関区分": 3, "都道府県コード": 33, "市区町村コード": 104, "所在地": "岡山県岡山市南区泉田５－３－１４", "緯度": 34.625466, "経度": 133.912896, "url": "https://www.iryou.teikyouseido.mhlw.go.jp/znk-web/juminkanja/S2430/initialize?prefCd=33&kikanCd=3330004060&kikanKbn=3", "url2": null, "内容": "小林歯科医院【3:歯科】岡山県岡山市南区泉田５－３－１４" }, "geometry": { "type": "Point", "coordinates": [ 133.912896, 34.625466 ] } },
{ "type": "Feature", "properties": { "ID": 3333330004070, "正式名称": "こばやし歯科", "機関区分": 3, "都道府県コード": 33, "市区町村コード": 101, "所在地": "岡山県岡山市北区中山下１－１０－１０新田ビル４Ｆ", "緯度": 34.663629, "経度": 133.927921, "url": "https://www.iryou.teikyouseido.mhlw.go.jp/znk-web/juminkanja/S2430/initialize?prefCd=33&kikanCd=3330004070&kikanKbn=3", "url2": "http://kobayashi.dentalmall.jp/", "内容": "こばやし歯科【3:歯科】岡山県岡山市北区中山下１－１０－１０新田ビル４Ｆ" }, "geometry": { "type": "Point", "coordinates": [ 133.927921, 34.663629 ] } },
{ "type": "Feature", "properties": { "ID": 3333330004080, "正式名称": "こばやし歯科医院", "機関区分": 3, "都道府県コード": 33, "市区町村コード": 103, "所在地": "岡山県岡山市東区東平島１４４０－１", "緯度": 34.708959, "経度": 134.051103, "url": "https://www.iryou.teikyouseido.mhlw.go.jp/znk-web/juminkanja/S2430/initialize?prefCd=33&kikanCd=3330004080&kikanKbn=3", "url2": null, "内容": "こばやし歯科医院【3:歯科】岡山県岡山市東区東平島１４４０－１" }, "geometry": { "type": "Point", "coordinates": [ 134.051103, 34.708959 ] } },
{ "type": "Feature", "properties": { "ID": 3333330004100, "正式名称": "小山歯科医院", "機関区分": 3, "都道府県コード": 33, "市区町村コード": 104, "所在地": "岡山県岡山市南区福富西１－１－３０", "緯度": 34.626522, "経度": 133.93045, "url": "https://www.iryou.teikyouseido.mhlw.go.jp/znk-web/juminkanja/S2430/initialize?prefCd=33&kikanCd=3330004100&kikanKbn=3", "url2": null, "内容": "小山歯科医院【3:歯科】岡山県岡山市南区福富西１－１－３０" }, "geometry": { "type": "Point", "coordinates": [ 133.93045, 34.626522 ] } },
{ "type": "Feature", "properties": { "ID": 3333330004110, "正式名称": "小若歯科医院", "機関区分": 3, "都道府県コード": 33, "市区町村コード": 104, "所在地": "岡山県岡山市南区大福１２６３", "緯度": 34.612966, "経度": 133.873067, "url": "https://www.iryou.teikyouseido.mhlw.go.jp/znk-web/juminkanja/S2430/initialize?prefCd=33&kikanCd=3330004110&kikanKbn=3", "url2": null, "内容": "小若歯科医院【3:歯科】岡山県岡山市南区大福１２６３" }, "geometry": { "type": "Point", "coordinates": [ 133.873067, 34.612966 ] } },
{ "type": "Feature", "properties": { "ID": 3333330004130, "正式名称": "彩起歯科", "機関区分": 3, "都道府県コード": 33, "市区町村コード": 104, "所在地": "岡山県岡山市南区中畦３１３－１", "緯度": 34.580192, "経度": 133.85007, "url": "https://www.iryou.teikyouseido.mhlw.go.jp/znk-web/juminkanja/S2430/initialize?prefCd=33&kikanCd=3330004130&kikanKbn=3", "url2": "https://saiki-shika.com/", "内容": "彩起歯科【3:歯科】岡山県岡山市南区中畦３１３－１" }, "geometry": { "type": "Point", "coordinates": [ 133.85007, 34.580192 ] } },
{ "type": "Feature", "properties": { "ID": 3333330004140, "正式名称": "医療法人さかい歯科クリニック", "機関区分": 3, "都道府県コード": 33, "市区町村コード": 103, "所在地": "岡山県岡山市東区中尾１０１－１", "緯度": 34.697043, "経度": 134.021634, "url": "https://www.iryou.teikyouseido.mhlw.go.jp/znk-web/juminkanja/S2430/initialize?prefCd=33&kikanCd=3330004140&kikanKbn=3", "url2": "https://sakai-dc.com/", "内容": "医療法人さかい歯科クリニック【3:歯科】岡山県岡山市東区中尾１０１－１" }, "geometry": { "type": "Point", "coordinates": [ 134.021634, 34.697043 ] } },
{ "type": "Feature", "properties": { "ID": 3333330004150, "正式名称": "さかき歯科クリニック", "機関区分": 3, "都道府県コード": 33, "市区町村コード": 101, "所在地": "岡山県岡山市北区平和町１－１ルミノ平和町５０２", "緯度": 34.665133, "経度": 133.923286, "url": "https://www.iryou.teikyouseido.mhlw.go.jp/znk-web/juminkanja/S2430/initialize?prefCd=33&kikanCd=3330004150&kikanKbn=3", "url2": "http://www.sakaki-shika.com", "内容": "さかき歯科クリニック【3:歯科】岡山県岡山市北区平和町１－１ルミノ平和町５０２" }, "geometry": { "type": "Point", "coordinates": [ 133.923286, 34.665133 ] } },
{ "type": "Feature", "properties": { "ID": 3333330004160, "正式名称": "坂野歯科医院", "機関区分": 3, "都道府県コード": 33, "市区町村コード": 101, "所在地": "岡山県岡山市北区天瀬５－１", "緯度": 34.655685, "経度": 133.92831, "url": "https://www.iryou.teikyouseido.mhlw.go.jp/znk-web/juminkanja/S2430/initialize?prefCd=33&kikanCd=3330004160&kikanKbn=3", "url2": "http://sakano-do.jp/", "内容": "坂野歯科医院【3:歯科】岡山県岡山市北区天瀬５－１" }, "geometry": { "type": "Point", "coordinates": [ 133.92831, 34.655685 ] } },
{ "type": "Feature", "properties": { "ID": 3333330004170, "正式名称": "医療法人社団さくらデンタルクリニック", "機関区分": 3, "都道府県コード": 33, "市区町村コード": 101, "所在地": "岡山県岡山市北区伊福町３丁目３１－１０", "緯度": 34.675349, "経度": 133.912395, "url": "https://www.iryou.teikyouseido.mhlw.go.jp/znk-web/juminkanja/S2430/initialize?prefCd=33&kikanCd=3330004170&kikanKbn=3", "url2": "http://www.sakuradc.jp/", "内容": "医療法人社団さくらデンタルクリニック【3:歯科】岡山県岡山市北区伊福町３丁目３１－１０" }, "geometry": { "type": "Point", "coordinates": [ 133.912395, 34.675349 ] } },
{ "type": "Feature", "properties": { "ID": 3333330004180, "正式名称": "さくら歯科医院", "機関区分": 3, "都道府県コード": 33, "市区町村コード": 101, "所在地": "岡山県岡山市北区一宮山崎２５３－４", "緯度": 34.67907, "経度": 133.875425, "url": "https://www.iryou.teikyouseido.mhlw.go.jp/znk-web/juminkanja/S2430/initialize?prefCd=33&kikanCd=3330004180&kikanKbn=3", "url2": null, "内容": "さくら歯科医院【3:歯科】岡山県岡山市北区一宮山崎２５３－４" }, "geometry": { "type": "Point", "coordinates": [ 133.875425, 34.67907 ] } },
{ "type": "Feature", "properties": { "ID": 3333330004200, "正式名称": "さとう歯科クリニック", "機関区分": 3, "都道府県コード": 33, "市区町村コード": 101, "所在地": "岡山県岡山市北区伊島町１丁目１３番１０号", "緯度": 34.677182, "経度": 133.909672, "url": "https://www.iryou.teikyouseido.mhlw.go.jp/znk-web/juminkanja/S2430/initialize?prefCd=33&kikanCd=3330004200&kikanKbn=3", "url2": null, "内容": "さとう歯科クリニック【3:歯科】岡山県岡山市北区伊島町１丁目１３番１０号" }, "geometry": { "type": "Point", "coordinates": [ 133.909672, 34.677182 ] } },
{ "type": "Feature", "properties": { "ID": 3333330004210, "正式名称": "さとう歯科医院", "機関区分": 3, "都道府県コード": 33, "市区町村コード": 104, "所在地": "岡山県岡山市南区築港新町１－２－３", "緯度": 34.609079, "経度": 133.9387, "url": "https://www.iryou.teikyouseido.mhlw.go.jp/znk-web/juminkanja/S2430/initialize?prefCd=33&kikanCd=3330004210&kikanKbn=3", "url2": null, "内容": "さとう歯科医院【3:歯科】岡山県岡山市南区築港新町１－２－３" }, "geometry": { "type": "Point", "coordinates": [ 133.9387, 34.609079 ] } },
{ "type": "Feature", "properties": { "ID": 3333330004220, "正式名称": "佐藤歯科医院", "機関区分": 3, "都道府県コード": 33, "市区町村コード": 101, "所在地": "岡山県岡山市北区田町１－７－９", "緯度": 34.66199, "経度": 133.923922, "url": "https://www.iryou.teikyouseido.mhlw.go.jp/znk-web/juminkanja/S2430/initialize?prefCd=33&kikanCd=3330004220&kikanKbn=3", "url2": "http://sato-dental-c.com", "内容": "佐藤歯科医院【3:歯科】岡山県岡山市北区田町１－７－９" }, "geometry": { "type": "Point", "coordinates": [ 133.923922, 34.66199 ] } },
{ "type": "Feature", "properties": { "ID": 3333330004230, "正式名称": "佐藤歯科", "機関区分": 3, "都道府県コード": 33, "市区町村コード": 101, "所在地": "岡山県岡山市北区南方１－７－１３リベルテ南方１Ｆ", "緯度": 34.672961, "経度": 133.92606, "url": "https://www.iryou.teikyouseido.mhlw.go.jp/znk-web/juminkanja/S2430/initialize?prefCd=33&kikanCd=3330004230&kikanKbn=3", "url2": "http://www.8241.jp", "内容": "佐藤歯科【3:歯科】岡山県岡山市北区南方１－７－１３リベルテ南方１Ｆ" }, "geometry": { "type": "Point", "coordinates": [ 133.92606, 34.672961 ] } },
{ "type": "Feature", "properties": { "ID": 3333330004240, "正式名称": "佐藤歯科", "機関区分": 3, "都道府県コード": 33, "市区町村コード": 101, "所在地": "岡山県岡山市北区表町３丁目１３－６０", "緯度": 34.657629, "経度": 133.928338, "url": "https://www.iryou.teikyouseido.mhlw.go.jp/znk-web/juminkanja/S2430/initialize?prefCd=33&kikanCd=3330004240&kikanKbn=3", "url2": null, "内容": "佐藤歯科【3:歯科】岡山県岡山市北区表町３丁目１３－６０" }, "geometry": { "type": "Point", "coordinates": [ 133.928338, 34.657629 ] } },
{ "type": "Feature", "properties": { "ID": 3333330004250, "正式名称": "医療法人さながわ歯科クリニック", "機関区分": 3, "都道府県コード": 33, "市区町村コード": 102, "所在地": "岡山県岡山市中区倉田６９１－２５", "緯度": 34.637049, "経度": 133.953614, "url": "https://www.iryou.teikyouseido.mhlw.go.jp/znk-web/juminkanja/S2430/initialize?prefCd=33&kikanCd=3330004250&kikanKbn=3", "url2": "http://www.sanagawa-dental.com", "内容": "医療法人さながわ歯科クリニック【3:歯科】岡山県岡山市中区倉田６９１－２５" }, "geometry": { "type": "Point", "coordinates": [ 133.953614, 34.637049 ] } },
{ "type": "Feature", "properties": { "ID": 3333330004260, "正式名称": "さの歯科医院", "機関区分": 3, "都道府県コード": 33, "市区町村コード": 101, "所在地": "岡山県岡山市北区内山下１－２－５", "緯度": 34.662157, "経度": 133.931866, "url": "https://www.iryou.teikyouseido.mhlw.go.jp/znk-web/juminkanja/S2430/initialize?prefCd=33&kikanCd=3330004260&kikanKbn=3", "url2": null, "内容": "さの歯科医院【3:歯科】岡山県岡山市北区内山下１－２－５" }, "geometry": { "type": "Point", "coordinates": [ 133.931866, 34.662157 ] } },
{ "type": "Feature", "properties": { "ID": 3333330004270, "正式名称": "医療法人　さんさん", "機関区分": 3, "都道府県コード": 33, "市区町村コード": 102, "所在地": "岡山県岡山市中区関３３３－２１", "緯度": 34.683016, "経度": 133.971222, "url": "https://www.iryou.teikyouseido.mhlw.go.jp/znk-web/juminkanja/S2430/initialize?prefCd=33&kikanCd=3330004270&kikanKbn=3", "url2": "http://www.shibainu-otani.com/dental/", "内容": "医療法人　さんさん【3:歯科】岡山県岡山市中区関３３３－２１" }, "geometry": { "type": "Point", "coordinates": [ 133.971222, 34.683016 ] } },
{ "type": "Feature", "properties": { "ID": 3333330004280, "正式名称": "サンファミリー歯科クリニック", "機関区分": 3, "都道府県コード": 33, "市区町村コード": 104, "所在地": "岡山県岡山市南区西市８５２－２", "緯度": 34.636631, "経度": 133.899314, "url": "https://www.iryou.teikyouseido.mhlw.go.jp/znk-web/juminkanja/S2430/initialize?prefCd=33&kikanCd=3330004280&kikanKbn=3", "url2": "http://www.sunfamily-dc.com", "内容": "サンファミリー歯科クリニック【3:歯科】岡山県岡山市南区西市８５２－２" }, "geometry": { "type": "Point", "coordinates": [ 133.899314, 34.636631 ] } },
{ "type": "Feature", "properties": { "ID": 3333330004290, "正式名称": "医療法人塩津歯科医院", "機関区分": 3, "都道府県コード": 33, "市区町村コード": 101, "所在地": "岡山県岡山市北区奥田１丁目１－１", "緯度": 34.646853, "経度": 133.923367, "url": "https://www.iryou.teikyouseido.mhlw.go.jp/znk-web/juminkanja/S2430/initialize?prefCd=33&kikanCd=3330004290&kikanKbn=3", "url2": "http://shiotsu-shika.com", "内容": "医療法人塩津歯科医院【3:歯科】岡山県岡山市北区奥田１丁目１－１" }, "geometry": { "type": "Point", "coordinates": [ 133.923367, 34.646853 ] } },
{ "type": "Feature", "properties": { "ID": 3333330004320, "正式名称": "医療法人愛歯会島津歯科郡診療所", "機関区分": 3, "都道府県コード": 33, "市区町村コード": 104, "所在地": "岡山県岡山市南区郡１４４０番地", "緯度": 34.582, "経度": 133.959032, "url": "https://www.iryou.teikyouseido.mhlw.go.jp/znk-web/juminkanja/S2430/initialize?prefCd=33&kikanCd=3330004320&kikanKbn=3", "url2": null, "内容": "医療法人愛歯会島津歯科郡診療所【3:歯科】岡山県岡山市南区郡１４４０番地" }, "geometry": { "type": "Point", "coordinates": [ 133.959032, 34.582 ] } },
{ "type": "Feature", "properties": { "ID": 3333330004330, "正式名称": "医療法人しみず歯科　グランデンタルクリニック", "機関区分": 3, "都道府県コード": 33, "市区町村コード": 101, "所在地": "岡山県岡山市北区表町１丁目９番６４号", "緯度": 34.663462, "経度": 133.929393, "url": "https://www.iryou.teikyouseido.mhlw.go.jp/znk-web/juminkanja/S2430/initialize?prefCd=33&kikanCd=3330004330&kikanKbn=3", "url2": "http://www.dc-1.com/", "内容": "医療法人しみず歯科　グランデンタルクリニック【3:歯科】岡山県岡山市北区表町１丁目９番６４号" }, "geometry": { "type": "Point", "coordinates": [ 133.929393, 34.663462 ] } },
{ "type": "Feature", "properties": { "ID": 3333330004340, "正式名称": "しみず歯科クリニック", "機関区分": 3, "都道府県コード": 33, "市区町村コード": 103, "所在地": "岡山県岡山市東区邑久郷３１９－８", "緯度": 34.623553, "経度": 134.073188, "url": "https://www.iryou.teikyouseido.mhlw.go.jp/znk-web/juminkanja/S2430/initialize?prefCd=33&kikanCd=3330004340&kikanKbn=3", "url2": null, "内容": "しみず歯科クリニック【3:歯科】岡山県岡山市東区邑久郷３１９－８" }, "geometry": { "type": "Point", "coordinates": [ 134.073188, 34.623553 ] } },
{ "type": "Feature", "properties": { "ID": 3333330004350, "正式名称": "下村歯科医院", "機関区分": 3, "都道府県コード": 33, "市区町村コード": 101, "所在地": "岡山県岡山市北区西古松２－２８－７", "緯度": 34.645519, "経度": 133.905424, "url": "https://www.iryou.teikyouseido.mhlw.go.jp/znk-web/juminkanja/S2430/initialize?prefCd=33&kikanCd=3330004350&kikanKbn=3", "url2": null, "内容": "下村歯科医院【3:歯科】岡山県岡山市北区西古松２－２８－７" }, "geometry": { "type": "Point", "coordinates": [ 133.905424, 34.645519 ] } },
{ "type": "Feature", "properties": { "ID": 3333330004360, "正式名称": "城東台ファミリー歯科", "機関区分": 3, "都道府県コード": 33, "市区町村コード": 103, "所在地": "岡山県岡山市東区城東台西２丁目１６番６号", "緯度": 34.693988, "経度": 134.025023, "url": "https://www.iryou.teikyouseido.mhlw.go.jp/znk-web/juminkanja/S2430/initialize?prefCd=33&kikanCd=3330004360&kikanKbn=3", "url2": null, "内容": "城東台ファミリー歯科【3:歯科】岡山県岡山市東区城東台西２丁目１６番６号" }, "geometry": { "type": "Point", "coordinates": [ 134.025023, 34.693988 ] } },
{ "type": "Feature", "properties": { "ID": 3333330004370, "正式名称": "白石歯科クリニック", "機関区分": 3, "都道府県コード": 33, "市区町村コード": 101, "所在地": "岡山県岡山市北区辰巳３２－１０２", "緯度": 34.638186, "経度": 133.890537, "url": "https://www.iryou.teikyouseido.mhlw.go.jp/znk-web/juminkanja/S2430/initialize?prefCd=33&kikanCd=3330004370&kikanKbn=3", "url2": null, "内容": "白石歯科クリニック【3:歯科】岡山県岡山市北区辰巳３２－１０２" }, "geometry": { "type": "Point", "coordinates": [ 133.890537, 34.638186 ] } },
{ "type": "Feature", "properties": { "ID": 3333330004380, "正式名称": "医療法人社団　白数デンタルオフィス", "機関区分": 3, "都道府県コード": 33, "市区町村コード": 101, "所在地": "岡山県岡山市北区中山下１－９－４０新岡山ビル６階", "緯度": 34.662684, "経度": 133.927532, "url": "https://www.iryou.teikyouseido.mhlw.go.jp/znk-web/juminkanja/S2430/initialize?prefCd=33&kikanCd=3330004380&kikanKbn=3", "url2": "http://www.sdo.ne.jp", "内容": "医療法人社団　白数デンタルオフィス【3:歯科】岡山県岡山市北区中山下１－９－４０新岡山ビル６階" }, "geometry": { "type": "Point", "coordinates": [ 133.927532, 34.662684 ] } },
{ "type": "Feature", "properties": { "ID": 3333330004400, "正式名称": "すえき歯科医院", "機関区分": 3, "都道府県コード": 33, "市区町村コード": 104, "所在地": "岡山県岡山市南区南輝２丁目５番２－１号", "緯度": 34.610218, "経度": 133.935617, "url": "https://www.iryou.teikyouseido.mhlw.go.jp/znk-web/juminkanja/S2430/initialize?prefCd=33&kikanCd=3330004400&kikanKbn=3", "url2": null, "内容": "すえき歯科医院【3:歯科】岡山県岡山市南区南輝２丁目５番２－１号" }, "geometry": { "type": "Point", "coordinates": [ 133.935617, 34.610218 ] } },
{ "type": "Feature", "properties": { "ID": 3333330004410, "正式名称": "杉原歯科医院", "機関区分": 3, "都道府県コード": 33, "市区町村コード": 101, "所在地": "岡山県岡山市北区表町３丁目１８－３０", "緯度": 34.656907, "経度": 133.927394, "url": "https://www.iryou.teikyouseido.mhlw.go.jp/znk-web/juminkanja/S2430/initialize?prefCd=33&kikanCd=3330004410&kikanKbn=3", "url2": null, "内容": "杉原歯科医院【3:歯科】岡山県岡山市北区表町３丁目１８－３０" }, "geometry": { "type": "Point", "coordinates": [ 133.927394, 34.656907 ] } },
{ "type": "Feature", "properties": { "ID": 3333330004420, "正式名称": "杉山歯科医院", "機関区分": 3, "都道府県コード": 33, "市区町村コード": 101, "所在地": "岡山県岡山市北区建部町福渡９９１－３", "緯度": 34.864688, "経度": 133.905861, "url": "https://www.iryou.teikyouseido.mhlw.go.jp/znk-web/juminkanja/S2430/initialize?prefCd=33&kikanCd=3330004420&kikanKbn=3", "url2": null, "内容": "杉山歯科医院【3:歯科】岡山県岡山市北区建部町福渡９９１－３" }, "geometry": { "type": "Point", "coordinates": [ 133.905861, 34.864688 ] } },
{ "type": "Feature", "properties": { "ID": 3333330004430, "正式名称": "杉山歯科医院", "機関区分": 3, "都道府県コード": 33, "市区町村コード": 101, "所在地": "岡山県岡山市北区東古松３－１－２８", "緯度": 34.647963, "経度": 133.915395, "url": "https://www.iryou.teikyouseido.mhlw.go.jp/znk-web/juminkanja/S2430/initialize?prefCd=33&kikanCd=3330004430&kikanKbn=3", "url2": "http://www.sugiyama-do.com", "内容": "杉山歯科医院【3:歯科】岡山県岡山市北区東古松３－１－２８" }, "geometry": { "type": "Point", "coordinates": [ 133.915395, 34.647963 ] } },
{ "type": "Feature", "properties": { "ID": 3333330004440, "正式名称": "鈴木歯科医院", "機関区分": 3, "都道府県コード": 33, "市区町村コード": 103, "所在地": "岡山県岡山市東区瀬戸町江尻１２７２－４", "緯度": 34.722902, "経度": 134.047742, "url": "https://www.iryou.teikyouseido.mhlw.go.jp/znk-web/juminkanja/S2430/initialize?prefCd=33&kikanCd=3330004440&kikanKbn=3", "url2": null, "内容": "鈴木歯科医院【3:歯科】岡山県岡山市東区瀬戸町江尻１２７２－４" }, "geometry": { "type": "Point", "coordinates": [ 134.047742, 34.722902 ] } },
{ "type": "Feature", "properties": { "ID": 3333330004450, "正式名称": "鈴木歯科医院", "機関区分": 3, "都道府県コード": 33, "市区町村コード": 101, "所在地": "岡山県岡山市北区野田２－４－１シティセンタービル１階", "緯度": 34.652213, "経度": 133.904452, "url": "https://www.iryou.teikyouseido.mhlw.go.jp/znk-web/juminkanja/S2430/initialize?prefCd=33&kikanCd=3330004450&kikanKbn=3", "url2": "http://www.suzuki-shika.com/", "内容": "鈴木歯科医院【3:歯科】岡山県岡山市北区野田２－４－１シティセンタービル１階" }, "geometry": { "type": "Point", "coordinates": [ 133.904452, 34.652213 ] } },
{ "type": "Feature", "properties": { "ID": 3333330004460, "正式名称": "スター歯科医院オカ", "機関区分": 3, "都道府県コード": 33, "市区町村コード": 101, "所在地": "岡山県岡山市北区今八丁目１４番地３６号", "緯度": 34.639158, "経度": 133.891731, "url": "https://www.iryou.teikyouseido.mhlw.go.jp/znk-web/juminkanja/S2430/initialize?prefCd=33&kikanCd=3330004460&kikanKbn=3", "url2": "www.testhe.com", "内容": "スター歯科医院オカ【3:歯科】岡山県岡山市北区今八丁目１４番地３６号" }, "geometry": { "type": "Point", "coordinates": [ 133.891731, 34.639158 ] } },
{ "type": "Feature", "properties": { "ID": 3333330004470, "正式名称": "スナミ歯科医院", "機関区分": 3, "都道府県コード": 33, "市区町村コード": 101, "所在地": "岡山県岡山市北区絵図町９－４９", "緯度": 34.676849, "経度": 133.920394, "url": "https://www.iryou.teikyouseido.mhlw.go.jp/znk-web/juminkanja/S2430/initialize?prefCd=33&kikanCd=3330004470&kikanKbn=3", "url2": null, "内容": "スナミ歯科医院【3:歯科】岡山県岡山市北区絵図町９－４９" }, "geometry": { "type": "Point", "coordinates": [ 133.920394, 34.676849 ] } },
{ "type": "Feature", "properties": { "ID": 3333330004480, "正式名称": "医療法人社団角南歯科医院", "機関区分": 3, "都道府県コード": 33, "市区町村コード": 102, "所在地": "岡山県岡山市中区藤崎５６３－７", "緯度": 34.612691, "経度": 133.974113, "url": "https://www.iryou.teikyouseido.mhlw.go.jp/znk-web/juminkanja/S2430/initialize?prefCd=33&kikanCd=3330004480&kikanKbn=3", "url2": null, "内容": "医療法人社団角南歯科医院【3:歯科】岡山県岡山市中区藤崎５６３－７" }, "geometry": { "type": "Point", "coordinates": [ 133.974113, 34.612691 ] } },
{ "type": "Feature", "properties": { "ID": 3333330004500, "正式名称": "クレオ歯科・矯正歯科", "機関区分": 3, "都道府県コード": 33, "市区町村コード": 101, "所在地": "岡山県岡山市北区奥田１－９－８", "緯度": 34.644436, "経度": 133.924756, "url": "https://www.iryou.teikyouseido.mhlw.go.jp/znk-web/juminkanja/S2430/initialize?prefCd=33&kikanCd=3330004500&kikanKbn=3", "url2": "http://creo-dental.com", "内容": "クレオ歯科・矯正歯科【3:歯科】岡山県岡山市北区奥田１－９－８" }, "geometry": { "type": "Point", "coordinates": [ 133.924756, 34.644436 ] } },
{ "type": "Feature", "properties": { "ID": 3333330004510, "正式名称": "洲脇歯科医院", "機関区分": 3, "都道府県コード": 33, "市区町村コード": 101, "所在地": "岡山県岡山市北区津島京町３－１－２９", "緯度": 34.683737, "経度": 133.903117, "url": "https://www.iryou.teikyouseido.mhlw.go.jp/znk-web/juminkanja/S2430/initialize?prefCd=33&kikanCd=3330004510&kikanKbn=3", "url2": "http://www.suwaki-dc.com/", "内容": "洲脇歯科医院【3:歯科】岡山県岡山市北区津島京町３－１－２９" }, "geometry": { "type": "Point", "coordinates": [ 133.903117, 34.683737 ] } },
{ "type": "Feature", "properties": { "ID": 3333330004520, "正式名称": "妹尾歯科", "機関区分": 3, "都道府県コード": 33, "市区町村コード": 101, "所在地": "岡山県岡山市北区西崎１丁目１０－４", "緯度": 34.664767, "経度": 133.899479, "url": "https://www.iryou.teikyouseido.mhlw.go.jp/znk-web/juminkanja/S2430/initialize?prefCd=33&kikanCd=3330004520&kikanKbn=3", "url2": null, "内容": "妹尾歯科【3:歯科】岡山県岡山市北区西崎１丁目１０－４" }, "geometry": { "type": "Point", "coordinates": [ 133.899479, 34.664767 ] } },
{ "type": "Feature", "properties": { "ID": 3333330004530, "正式名称": "妹尾歯科医院", "機関区分": 3, "都道府県コード": 33, "市区町村コード": 102, "所在地": "岡山県岡山市中区長利２７３－１", "緯度": 34.673296, "経度": 133.996276, "url": "https://www.iryou.teikyouseido.mhlw.go.jp/znk-web/juminkanja/S2430/initialize?prefCd=33&kikanCd=3330004530&kikanKbn=3", "url2": "https://www.senoodentalclinic.com/", "内容": "妹尾歯科医院【3:歯科】岡山県岡山市中区長利２７３－１" }, "geometry": { "type": "Point", "coordinates": [ 133.996276, 34.673296 ] } },
{ "type": "Feature", "properties": { "ID": 3333330004540, "正式名称": "妹尾歯科医院", "機関区分": 3, "都道府県コード": 33, "市区町村コード": 104, "所在地": "岡山県岡山市南区南輝三丁目４－１", "緯度": 34.60708, "経度": 133.934006, "url": "https://www.iryou.teikyouseido.mhlw.go.jp/znk-web/juminkanja/S2430/initialize?prefCd=33&kikanCd=3330004540&kikanKbn=3", "url2": null, "内容": "妹尾歯科医院【3:歯科】岡山県岡山市南区南輝三丁目４－１" }, "geometry": { "type": "Point", "coordinates": [ 133.934006, 34.60708 ] } },
{ "type": "Feature", "properties": { "ID": 3333330004550, "正式名称": "世良歯科医院", "機関区分": 3, "都道府県コード": 33, "市区町村コード": 104, "所在地": "岡山県岡山市南区築港栄町８－１", "緯度": 34.607524, "経度": 133.943811, "url": "https://www.iryou.teikyouseido.mhlw.go.jp/znk-web/juminkanja/S2430/initialize?prefCd=33&kikanCd=3330004550&kikanKbn=3", "url2": null, "内容": "世良歯科医院【3:歯科】岡山県岡山市南区築港栄町８－１" }, "geometry": { "type": "Point", "coordinates": [ 133.943811, 34.607524 ] } },
{ "type": "Feature", "properties": { "ID": 3333330004560, "正式名称": "医療法人社団　そが歯科クリニック", "機関区分": 3, "都道府県コード": 33, "市区町村コード": 102, "所在地": "岡山県岡山市中区赤田２３９－１６", "緯度": 34.678933, "経度": 133.96414, "url": "https://www.iryou.teikyouseido.mhlw.go.jp/znk-web/juminkanja/S2430/initialize?prefCd=33&kikanCd=3330004560&kikanKbn=3", "url2": "https://www.soga-dc.com/", "内容": "医療法人社団　そが歯科クリニック【3:歯科】岡山県岡山市中区赤田２３９－１６" }, "geometry": { "type": "Point", "coordinates": [ 133.96414, 34.678933 ] } },
{ "type": "Feature", "properties": { "ID": 3333330004570, "正式名称": "医療法人オーソネットワーク　たい矯正歯科", "機関区分": 3, "都道府県コード": 33, "市区町村コード": 101, "所在地": "岡山県岡山市北区青江５－１－１ライフプラザ青江３Ｆ", "緯度": 34.631549, "経度": 133.91784, "url": "https://www.iryou.teikyouseido.mhlw.go.jp/znk-web/juminkanja/S2430/initialize?prefCd=33&kikanCd=3330004570&kikanKbn=3", "url2": "http://www.tai-ortho.com", "内容": "医療法人オーソネットワーク　たい矯正歯科【3:歯科】岡山県岡山市北区青江５－１－１ライフプラザ青江３Ｆ" }, "geometry": { "type": "Point", "coordinates": [ 133.91784, 34.631549 ] } },
{ "type": "Feature", "properties": { "ID": 3333330004580, "正式名称": "たか歯科医院", "機関区分": 3, "都道府県コード": 33, "市区町村コード": 101, "所在地": "岡山県岡山市北区富原３９１０北村ビル２Ｆ", "緯度": 34.700068, "経度": 133.901506, "url": "https://www.iryou.teikyouseido.mhlw.go.jp/znk-web/juminkanja/S2430/initialize?prefCd=33&kikanCd=3330004580&kikanKbn=3", "url2": "https://www.taka-dent.com/", "内容": "たか歯科医院【3:歯科】岡山県岡山市北区富原３９１０北村ビル２Ｆ" }, "geometry": { "type": "Point", "coordinates": [ 133.901506, 34.700068 ] } },
{ "type": "Feature", "properties": { "ID": 3333330004590, "正式名称": "高島歯科医院", "機関区分": 3, "都道府県コード": 33, "市区町村コード": 102, "所在地": "岡山県岡山市中区今在家３００番地３", "緯度": 34.689015, "経度": 133.950668, "url": "https://www.iryou.teikyouseido.mhlw.go.jp/znk-web/juminkanja/S2430/initialize?prefCd=33&kikanCd=3330004590&kikanKbn=3", "url2": null, "内容": "高島歯科医院【3:歯科】岡山県岡山市中区今在家３００番地３" }, "geometry": { "type": "Point", "coordinates": [ 133.950668, 34.689015 ] } },
{ "type": "Feature", "properties": { "ID": 3333330004600, "正式名称": "たがしら歯科医院", "機関区分": 3, "都道府県コード": 33, "市区町村コード": 104, "所在地": "岡山県岡山市南区内尾４５５－３", "緯度": 34.597524, "経度": 133.858652, "url": "https://www.iryou.teikyouseido.mhlw.go.jp/znk-web/juminkanja/S2430/initialize?prefCd=33&kikanCd=3330004600&kikanKbn=3", "url2": null, "内容": "たがしら歯科医院【3:歯科】岡山県岡山市南区内尾４５５－３" }, "geometry": { "type": "Point", "coordinates": [ 133.858652, 34.597524 ] } },
{ "type": "Feature", "properties": { "ID": 3333330004610, "正式名称": "たかた歯科クリニック", "機関区分": 3, "都道府県コード": 33, "市区町村コード": 101, "所在地": "岡山県岡山市北区青江１－１－１２", "緯度": 34.637243, "経度": 133.918784, "url": "https://www.iryou.teikyouseido.mhlw.go.jp/znk-web/juminkanja/S2430/initialize?prefCd=33&kikanCd=3330004610&kikanKbn=3", "url2": null, "内容": "たかた歯科クリニック【3:歯科】岡山県岡山市北区青江１－１－１２" }, "geometry": { "type": "Point", "coordinates": [ 133.918784, 34.637243 ] } },
{ "type": "Feature", "properties": { "ID": 3333330004620, "正式名称": "高橋歯科診察所", "機関区分": 3, "都道府県コード": 33, "市区町村コード": 104, "所在地": "岡山県岡山市南区宗津９５９－４０", "緯度": 34.538003, "経度": 133.872652, "url": "https://www.iryou.teikyouseido.mhlw.go.jp/znk-web/juminkanja/S2430/initialize?prefCd=33&kikanCd=3330004620&kikanKbn=3", "url2": null, "内容": "高橋歯科診察所【3:歯科】岡山県岡山市南区宗津９５９－４０" }, "geometry": { "type": "Point", "coordinates": [ 133.872652, 34.538003 ] } },
{ "type": "Feature", "properties": { "ID": 3333330004630, "正式名称": "医療法人メディカルファミリー　髙原歯科", "機関区分": 3, "都道府県コード": 33, "市区町村コード": 103, "所在地": "岡山県岡山市東区西大寺中２－１８－２", "緯度": 34.655465, "経度": 134.033329, "url": "https://www.iryou.teikyouseido.mhlw.go.jp/znk-web/juminkanja/S2430/initialize?prefCd=33&kikanCd=3330004630&kikanKbn=3", "url2": "http://www.medical-family.com", "内容": "医療法人メディカルファミリー　髙原歯科【3:歯科】岡山県岡山市東区西大寺中２－１８－２" }, "geometry": { "type": "Point", "coordinates": [ 134.033329, 34.655465 ] } },
{ "type": "Feature", "properties": { "ID": 3333330004650, "正式名称": "医療法人　滝歯科医院", "機関区分": 3, "都道府県コード": 33, "市区町村コード": 101, "所在地": "岡山県岡山市北区広瀬町２－３１", "緯度": 34.675405, "経度": 133.928221, "url": "https://www.iryou.teikyouseido.mhlw.go.jp/znk-web/juminkanja/S2430/initialize?prefCd=33&kikanCd=3330004650&kikanKbn=3", "url2": "https://taki-dc.com/", "内容": "医療法人　滝歯科医院【3:歯科】岡山県岡山市北区広瀬町２－３１" }, "geometry": { "type": "Point", "coordinates": [ 133.928221, 34.675405 ] } },
{ "type": "Feature", "properties": { "ID": 3333330004660, "正式名称": "浦田歯科医院", "機関区分": 3, "都道府県コード": 33, "市区町村コード": 101, "所在地": "岡山県岡山市北区大供一丁目二番一号磯村ビル三階", "緯度": 34.656046, "経度": 133.919894, "url": "https://www.iryou.teikyouseido.mhlw.go.jp/znk-web/juminkanja/S2430/initialize?prefCd=33&kikanCd=3330004660&kikanKbn=3", "url2": null, "内容": "浦田歯科医院【3:歯科】岡山県岡山市北区大供一丁目二番一号磯村ビル三階" }, "geometry": { "type": "Point", "coordinates": [ 133.919894, 34.656046 ] } },
{ "type": "Feature", "properties": { "ID": 3333330004670, "正式名称": "田口歯科・矯正歯科クリニック", "機関区分": 3, "都道府県コード": 33, "市区町村コード": 101, "所在地": "岡山県岡山市北区津倉町１－４－７", "緯度": 34.669516, "経度": 133.908451, "url": "https://www.iryou.teikyouseido.mhlw.go.jp/znk-web/juminkanja/S2430/initialize?prefCd=33&kikanCd=3330004670&kikanKbn=3", "url2": null, "内容": "田口歯科・矯正歯科クリニック【3:歯科】岡山県岡山市北区津倉町１－４－７" }, "geometry": { "type": "Point", "coordinates": [ 133.908451, 34.669516 ] } },
{ "type": "Feature", "properties": { "ID": 3333330004690, "正式名称": "竹下歯科医院", "機関区分": 3, "都道府県コード": 33, "市区町村コード": 104, "所在地": "岡山県岡山市南区箕島１１８９－１２", "緯度": 34.609411, "経度": 133.857985, "url": "https://www.iryou.teikyouseido.mhlw.go.jp/znk-web/juminkanja/S2430/initialize?prefCd=33&kikanCd=3330004690&kikanKbn=3", "url2": "http://www.tsukubo.or.jp/dc/takeshita.html", "内容": "竹下歯科医院【3:歯科】岡山県岡山市南区箕島１１８９－１２" }, "geometry": { "type": "Point", "coordinates": [ 133.857985, 34.609411 ] } },
{ "type": "Feature", "properties": { "ID": 3333330004700, "正式名称": "竹谷歯科医院", "機関区分": 3, "都道府県コード": 33, "市区町村コード": 101, "所在地": "岡山県岡山市北区吉備津１０１６－１９", "緯度": 34.673292, "経度": 133.845706, "url": "https://www.iryou.teikyouseido.mhlw.go.jp/znk-web/juminkanja/S2430/initialize?prefCd=33&kikanCd=3330004700&kikanKbn=3", "url2": null, "内容": "竹谷歯科医院【3:歯科】岡山県岡山市北区吉備津１０１６－１９" }, "geometry": { "type": "Point", "coordinates": [ 133.845706, 34.673292 ] } },
{ "type": "Feature", "properties": { "ID": 3333330004720, "正式名称": "歯科たけむらクリニック", "機関区分": 3, "都道府県コード": 33, "市区町村コード": 104, "所在地": "岡山県岡山市南区福成１－１６６－５", "緯度": 34.615412, "経度": 133.934311, "url": "https://www.iryou.teikyouseido.mhlw.go.jp/znk-web/juminkanja/S2430/initialize?prefCd=33&kikanCd=3330004720&kikanKbn=3", "url2": "http://www.dental-t.net/", "内容": "歯科たけむらクリニック【3:歯科】岡山県岡山市南区福成１－１６６－５" }, "geometry": { "type": "Point", "coordinates": [ 133.934311, 34.615412 ] } },
{ "type": "Feature", "properties": { "ID": 3333330004730, "正式名称": "医療法人　まり会　多田歯科医院", "機関区分": 3, "都道府県コード": 33, "市区町村コード": 101, "所在地": "岡山県岡山市北区中仙道２丁目２７－８", "緯度": 34.6453, "経度": 133.882303, "url": "https://www.iryou.teikyouseido.mhlw.go.jp/znk-web/juminkanja/S2430/initialize?prefCd=33&kikanCd=3330004730&kikanKbn=3", "url2": "http://tadashika.net", "内容": "医療法人　まり会　多田歯科医院【3:歯科】岡山県岡山市北区中仙道２丁目２７－８" }, "geometry": { "type": "Point", "coordinates": [ 133.882303, 34.6453 ] } },
{ "type": "Feature", "properties": { "ID": 3333330004750, "正式名称": "たなか歯科医院", "機関区分": 3, "都道府県コード": 33, "市区町村コード": 103, "所在地": "岡山県岡山市東区東平島１２１９－１", "緯度": 34.71457, "経度": 134.048187, "url": "https://www.iryou.teikyouseido.mhlw.go.jp/znk-web/juminkanja/S2430/initialize?prefCd=33&kikanCd=3330004750&kikanKbn=3", "url2": null, "内容": "たなか歯科医院【3:歯科】岡山県岡山市東区東平島１２１９－１" }, "geometry": { "type": "Point", "coordinates": [ 134.048187, 34.71457 ] } },
{ "type": "Feature", "properties": { "ID": 3333330004760, "正式名称": "医療法人社団　田中矯正歯科医院", "機関区分": 3, "都道府県コード": 33, "市区町村コード": 101, "所在地": "岡山県岡山市北区本町６－３６第１セントラルビル６階", "緯度": 34.664462, "経度": 133.919644, "url": "https://www.iryou.teikyouseido.mhlw.go.jp/znk-web/juminkanja/S2430/initialize?prefCd=33&kikanCd=3330004760&kikanKbn=3", "url2": "http://www.tanaka-kyousei.com", "内容": "医療法人社団　田中矯正歯科医院【3:歯科】岡山県岡山市北区本町６－３６第１セントラルビル６階" }, "geometry": { "type": "Point", "coordinates": [ 133.919644, 34.664462 ] } },
{ "type": "Feature", "properties": { "ID": 3333330004770, "正式名称": "たにもと歯科", "機関区分": 3, "都道府県コード": 33, "市区町村コード": 101, "所在地": "岡山県岡山市北区中仙道５５－１２０", "緯度": 34.64588, "経度": 133.89262, "url": "https://www.iryou.teikyouseido.mhlw.go.jp/znk-web/juminkanja/S2430/initialize?prefCd=33&kikanCd=3330004770&kikanKbn=3", "url2": "http://www.waniwani.jp/", "内容": "たにもと歯科【3:歯科】岡山県岡山市北区中仙道５５－１２０" }, "geometry": { "type": "Point", "coordinates": [ 133.89262, 34.64588 ] } },
{ "type": "Feature", "properties": { "ID": 3333330004780, "正式名称": "たんぽぽ歯科医院", "機関区分": 3, "都道府県コード": 33, "市区町村コード": 101, "所在地": "岡山県岡山市北区中仙道１丁目１－３１虫明ビル１０３号室", "緯度": 34.647935, "経度": 133.890731, "url": "https://www.iryou.teikyouseido.mhlw.go.jp/znk-web/juminkanja/S2430/initialize?prefCd=33&kikanCd=3330004780&kikanKbn=3", "url2": null, "内容": "たんぽぽ歯科医院【3:歯科】岡山県岡山市北区中仙道１丁目１－３１虫明ビル１０３号室" }, "geometry": { "type": "Point", "coordinates": [ 133.890731, 34.647935 ] } },
{ "type": "Feature", "properties": { "ID": 3333330004790, "正式名称": "ちかつね歯科医院", "機関区分": 3, "都道府県コード": 33, "市区町村コード": 102, "所在地": "岡山県岡山市中区門田屋敷１－７－３４", "緯度": 34.65741, "経度": 133.939119, "url": "https://www.iryou.teikyouseido.mhlw.go.jp/znk-web/juminkanja/S2430/initialize?prefCd=33&kikanCd=3330004790&kikanKbn=3", "url2": "chikatsune-shika.com", "内容": "ちかつね歯科医院【3:歯科】岡山県岡山市中区門田屋敷１－７－３４" }, "geometry": { "type": "Point", "coordinates": [ 133.939119, 34.65741 ] } },
{ "type": "Feature", "properties": { "ID": 3333330004800, "正式名称": "ちはら歯科クリニック", "機関区分": 3, "都道府県コード": 33, "市区町村コード": 101, "所在地": "岡山県岡山市北区今６丁目８－１１", "緯度": 34.640714, "経度": 133.897091, "url": "https://www.iryou.teikyouseido.mhlw.go.jp/znk-web/juminkanja/S2430/initialize?prefCd=33&kikanCd=3330004800&kikanKbn=3", "url2": null, "内容": "ちはら歯科クリニック【3:歯科】岡山県岡山市北区今６丁目８－１１" }, "geometry": { "type": "Point", "coordinates": [ 133.897091, 34.640714 ] } },
{ "type": "Feature", "properties": { "ID": 3333330004810, "正式名称": "千原歯科クリニック", "機関区分": 3, "都道府県コード": 33, "市区町村コード": 101, "所在地": "岡山県岡山市北区青江３－２－２６", "緯度": 34.633493, "経度": 133.924034, "url": "https://www.iryou.teikyouseido.mhlw.go.jp/znk-web/juminkanja/S2430/initialize?prefCd=33&kikanCd=3330004810&kikanKbn=3", "url2": null, "内容": "千原歯科クリニック【3:歯科】岡山県岡山市北区青江３－２－２６" }, "geometry": { "type": "Point", "coordinates": [ 133.924034, 34.633493 ] } },
{ "type": "Feature", "properties": { "ID": 3333330004820, "正式名称": "医療法人　塚本歯科医院", "機関区分": 3, "都道府県コード": 33, "市区町村コード": 101, "所在地": "岡山県岡山市北区北方３－６－１６", "緯度": 34.689459, "経度": 133.932892, "url": "https://www.iryou.teikyouseido.mhlw.go.jp/znk-web/juminkanja/S2430/initialize?prefCd=33&kikanCd=3330004820&kikanKbn=3", "url2": "http://www.ne.jp/asahi/tsuka/dental/", "内容": "医療法人　塚本歯科医院【3:歯科】岡山県岡山市北区北方３－６－１６" }, "geometry": { "type": "Point", "coordinates": [ 133.932892, 34.689459 ] } },
{ "type": "Feature", "properties": { "ID": 3333330004840, "正式名称": "医療法人　津高台グリーン歯科", "機関区分": 3, "都道府県コード": 33, "市区町村コード": 101, "所在地": "岡山県岡山市北区津高１０１０－１", "緯度": 34.695124, "経度": 133.906311, "url": "https://www.iryou.teikyouseido.mhlw.go.jp/znk-web/juminkanja/S2430/initialize?prefCd=33&kikanCd=3330004840&kikanKbn=3", "url2": "https://www.tsudakadai-green-dc.com", "内容": "医療法人　津高台グリーン歯科【3:歯科】岡山県岡山市北区津高１０１０－１" }, "geometry": { "type": "Point", "coordinates": [ 133.906311, 34.695124 ] } },
{ "type": "Feature", "properties": { "ID": 3333330004850, "正式名称": "医療法人　津谷歯科医院", "機関区分": 3, "都道府県コード": 33, "市区町村コード": 102, "所在地": "岡山県岡山市中区海吉１８０７－１４", "緯度": 34.658658, "経度": 133.984389, "url": "https://www.iryou.teikyouseido.mhlw.go.jp/znk-web/juminkanja/S2430/initialize?prefCd=33&kikanCd=3330004850&kikanKbn=3", "url2": "http://tsutanishika.com", "内容": "医療法人　津谷歯科医院【3:歯科】岡山県岡山市中区海吉１８０７－１４" }, "geometry": { "type": "Point", "coordinates": [ 133.984389, 34.658658 ] } },
{ "type": "Feature", "properties": { "ID": 3333330004860, "正式名称": "土山歯科医院", "機関区分": 3, "都道府県コード": 33, "市区町村コード": 101, "所在地": "岡山県岡山市北区久米３２－１", "緯度": 34.644352, "経度": 133.870149, "url": "https://www.iryou.teikyouseido.mhlw.go.jp/znk-web/juminkanja/S2430/initialize?prefCd=33&kikanCd=3330004860&kikanKbn=3", "url2": null, "内容": "土山歯科医院【3:歯科】岡山県岡山市北区久米３２－１" }, "geometry": { "type": "Point", "coordinates": [ 133.870149, 34.644352 ] } },
{ "type": "Feature", "properties": { "ID": 3333330004870, "正式名称": "医療法人ＴＤＣ　岡山筒井歯科クリニック", "機関区分": 3, "都道府県コード": 33, "市区町村コード": 101, "所在地": "岡山県岡山市北区東島田町１－９－１", "緯度": 34.660767, "経度": 133.913089, "url": "https://www.iryou.teikyouseido.mhlw.go.jp/znk-web/juminkanja/S2430/initialize?prefCd=33&kikanCd=3330004870&kikanKbn=3", "url2": "http://www.tdcj.co.jp", "内容": "医療法人ＴＤＣ　岡山筒井歯科クリニック【3:歯科】岡山県岡山市北区東島田町１－９－１" }, "geometry": { "type": "Point", "coordinates": [ 133.913089, 34.660767 ] } },
{ "type": "Feature", "properties": { "ID": 3333330004880, "正式名称": "医療法人明生会歯科椿歯科クリニック", "機関区分": 3, "都道府県コード": 33, "市区町村コード": 101, "所在地": "岡山県岡山市北区錦町６－１７アウルスタイル錦町－Ⅱ－４階", "緯度": 34.662795, "経度": 133.919894, "url": "https://www.iryou.teikyouseido.mhlw.go.jp/znk-web/juminkanja/S2430/initialize?prefCd=33&kikanCd=3330004880&kikanKbn=3", "url2": "http://www.meiseikai.com", "内容": "医療法人明生会歯科椿歯科クリニック【3:歯科】岡山県岡山市北区錦町６－１７アウルスタイル錦町－Ⅱ－４階" }, "geometry": { "type": "Point", "coordinates": [ 133.919894, 34.662795 ] } },
{ "type": "Feature", "properties": { "ID": 3333330004890, "正式名称": "つぼうち歯科クリニック", "機関区分": 3, "都道府県コード": 33, "市区町村コード": 101, "所在地": "岡山県岡山市北区津島京町３－２－２０", "緯度": 34.684209, "経度": 133.90184, "url": "https://www.iryou.teikyouseido.mhlw.go.jp/znk-web/juminkanja/S2430/initialize?prefCd=33&kikanCd=3330004890&kikanKbn=3", "url2": null, "内容": "つぼうち歯科クリニック【3:歯科】岡山県岡山市北区津島京町３－２－２０" }, "geometry": { "type": "Point", "coordinates": [ 133.90184, 34.684209 ] } },
{ "type": "Feature", "properties": { "ID": 3333330004910, "正式名称": "寺尾歯科医院", "機関区分": 3, "都道府県コード": 33, "市区町村コード": 101, "所在地": "岡山県岡山市北区奉還町３－８－３", "緯度": 34.668794, "経度": 133.912034, "url": "https://www.iryou.teikyouseido.mhlw.go.jp/znk-web/juminkanja/S2430/initialize?prefCd=33&kikanCd=3330004910&kikanKbn=3", "url2": null, "内容": "寺尾歯科医院【3:歯科】岡山県岡山市北区奉還町３－８－３" }, "geometry": { "type": "Point", "coordinates": [ 133.912034, 34.668794 ] } },
{ "type": "Feature", "properties": { "ID": 3333330004920, "正式名称": "てらかど矯正歯科", "機関区分": 3, "都道府県コード": 33, "市区町村コード": 101, "所在地": "岡山県岡山市北区中山下１－１－１　グレースタワーⅢ２階", "緯度": 34.665184, "経度": 133.925783, "url": "https://www.iryou.teikyouseido.mhlw.go.jp/znk-web/juminkanja/S2430/initialize?prefCd=33&kikanCd=3330004920&kikanKbn=3", "url2": "http://www.smileaid.com", "内容": "てらかど矯正歯科【3:歯科】岡山県岡山市北区中山下１－１－１　グレースタワーⅢ２階" }, "geometry": { "type": "Point", "coordinates": [ 133.925783, 34.665184 ] } },
{ "type": "Feature", "properties": { "ID": 3333330004950, "正式名称": "医療法人光愛会　友澤歯科医院", "機関区分": 3, "都道府県コード": 33, "市区町村コード": 101, "所在地": "岡山県岡山市北区幸町３－９第２友沢ビル２階", "緯度": 34.662379, "経度": 133.922061, "url": "https://www.iryou.teikyouseido.mhlw.go.jp/znk-web/juminkanja/S2430/initialize?prefCd=33&kikanCd=3330004950&kikanKbn=3", "url2": "http://www.tomozawa-dental.com/", "内容": "医療法人光愛会　友澤歯科医院【3:歯科】岡山県岡山市北区幸町３－９第２友沢ビル２階" }, "geometry": { "type": "Point", "coordinates": [ 133.922061, 34.662379 ] } },
{ "type": "Feature", "properties": { "ID": 3333330004960, "正式名称": "トヨナリ歯科", "機関区分": 3, "都道府県コード": 33, "市区町村コード": 104, "所在地": "岡山県岡山市南区豊成３丁目２０番地１１０号", "緯度": 34.624911, "経度": 133.924812, "url": "https://www.iryou.teikyouseido.mhlw.go.jp/znk-web/juminkanja/S2430/initialize?prefCd=33&kikanCd=3330004960&kikanKbn=3", "url2": null, "内容": "トヨナリ歯科【3:歯科】岡山県岡山市南区豊成３丁目２０番地１１０号" }, "geometry": { "type": "Point", "coordinates": [ 133.924812, 34.624911 ] } },
{ "type": "Feature", "properties": { "ID": 3333330004970, "正式名称": "とよはま歯科", "機関区分": 3, "都道府県コード": 33, "市区町村コード": 104, "所在地": "岡山県岡山市南区豊浜町１－２１", "緯度": 34.634076, "経度": 133.931228, "url": "https://www.iryou.teikyouseido.mhlw.go.jp/znk-web/juminkanja/S2430/initialize?prefCd=33&kikanCd=3330004970&kikanKbn=3", "url2": null, "内容": "とよはま歯科【3:歯科】岡山県岡山市南区豊浜町１－２１" }, "geometry": { "type": "Point", "coordinates": [ 133.931228, 34.634076 ] } },
{ "type": "Feature", "properties": { "ID": 3333330004990, "正式名称": "Ｄｏｒｆナカムラ歯科", "機関区分": 3, "都道府県コード": 33, "市区町村コード": 101, "所在地": "岡山県岡山市北区津島京町１丁目１－２５", "緯度": 34.680459, "経度": 133.901423, "url": "https://www.iryou.teikyouseido.mhlw.go.jp/znk-web/juminkanja/S2430/initialize?prefCd=33&kikanCd=3330004990&kikanKbn=3", "url2": "http://www.dorf-nakamura.com../index.htm/", "内容": "Ｄｏｒｆナカムラ歯科【3:歯科】岡山県岡山市北区津島京町１丁目１－２５" }, "geometry": { "type": "Point", "coordinates": [ 133.901423, 34.680459 ] } },
{ "type": "Feature", "properties": { "ID": 3333330005000, "正式名称": "ドレミ歯科クリニック", "機関区分": 3, "都道府県コード": 33, "市区町村コード": 101, "所在地": "岡山県岡山市北区本町２－７　三和ビル１・２・３階", "緯度": 34.665961, "経度": 133.921394, "url": "https://www.iryou.teikyouseido.mhlw.go.jp/znk-web/juminkanja/S2430/initialize?prefCd=33&kikanCd=3330005000&kikanKbn=3", "url2": "http://www.dental-yoshida.jp/", "内容": "ドレミ歯科クリニック【3:歯科】岡山県岡山市北区本町２－７　三和ビル１・２・３階" }, "geometry": { "type": "Point", "coordinates": [ 133.921394, 34.665961 ] } },
{ "type": "Feature", "properties": { "ID": 3333330005010, "正式名称": "内藤歯科医院", "機関区分": 3, "都道府県コード": 33, "市区町村コード": 103, "所在地": "岡山県岡山市東区松新町１６９－１", "緯度": 34.658187, "経度": 134.006206, "url": "https://www.iryou.teikyouseido.mhlw.go.jp/znk-web/juminkanja/S2430/initialize?prefCd=33&kikanCd=3330005010&kikanKbn=3", "url2": "http://www.naitoshikaiin.com", "内容": "内藤歯科医院【3:歯科】岡山県岡山市東区松新町１６９－１" }, "geometry": { "type": "Point", "coordinates": [ 134.006206, 34.658187 ] } },
{ "type": "Feature", "properties": { "ID": 3333330005020, "正式名称": "ないとう歯科医院", "機関区分": 3, "都道府県コード": 33, "市区町村コード": 101, "所在地": "岡山県岡山市北区牟佐１０５４", "緯度": 34.725178, "経度": 133.980304, "url": "https://www.iryou.teikyouseido.mhlw.go.jp/znk-web/juminkanja/S2430/initialize?prefCd=33&kikanCd=3330005020&kikanKbn=3", "url2": "http://dc7110.cihp2.jp/", "内容": "ないとう歯科医院【3:歯科】岡山県岡山市北区牟佐１０５４" }, "geometry": { "type": "Point", "coordinates": [ 133.980304, 34.725178 ] } },
{ "type": "Feature", "properties": { "ID": 3333330005030, "正式名称": "医療法人社団清心会　中川歯科医院", "機関区分": 3, "都道府県コード": 33, "市区町村コード": 101, "所在地": "岡山県岡山市北区辛川市場３０９－１", "緯度": 34.685652, "経度": 133.865621, "url": "https://www.iryou.teikyouseido.mhlw.go.jp/znk-web/juminkanja/S2430/initialize?prefCd=33&kikanCd=3330005030&kikanKbn=3", "url2": "http://www.nakagawa-dc.jp", "内容": "医療法人社団清心会　中川歯科医院【3:歯科】岡山県岡山市北区辛川市場３０９－１" }, "geometry": { "type": "Point", "coordinates": [ 133.865621, 34.685652 ] } },
{ "type": "Feature", "properties": { "ID": 3333330005040, "正式名称": "医療法人健歯会中里歯科医院", "機関区分": 3, "都道府県コード": 33, "市区町村コード": 103, "所在地": "岡山県岡山市東区西大寺中野本町１番３０号", "緯度": 34.655243, "経度": 134.027607, "url": "https://www.iryou.teikyouseido.mhlw.go.jp/znk-web/juminkanja/S2430/initialize?prefCd=33&kikanCd=3330005040&kikanKbn=3", "url2": null, "内容": "医療法人健歯会中里歯科医院【3:歯科】岡山県岡山市東区西大寺中野本町１番３０号" }, "geometry": { "type": "Point", "coordinates": [ 134.027607, 34.655243 ] } },
{ "type": "Feature", "properties": { "ID": 3333330005060, "正式名称": "中山下歯科", "機関区分": 3, "都道府県コード": 33, "市区町村コード": 101, "所在地": "岡山県岡山市北区表町１－２－３４藤井ビル１階", "緯度": 34.663934, "経度": 133.928699, "url": "https://www.iryou.teikyouseido.mhlw.go.jp/znk-web/juminkanja/S2430/initialize?prefCd=33&kikanCd=3330005060&kikanKbn=3", "url2": "http://www.nakasange-dental.net", "内容": "中山下歯科【3:歯科】岡山県岡山市北区表町１－２－３４藤井ビル１階" }, "geometry": { "type": "Point", "coordinates": [ 133.928699, 34.663934 ] } },
{ "type": "Feature", "properties": { "ID": 3333330005070, "正式名称": "医療法人　中田歯科クリニック", "機関区分": 3, "都道府県コード": 33, "市区町村コード": 101, "所在地": "岡山県岡山市北区下足守１９１６－３番地", "緯度": 34.71712, "経度": 133.803486, "url": "https://www.iryou.teikyouseido.mhlw.go.jp/znk-web/juminkanja/S2430/initialize?prefCd=33&kikanCd=3330005070&kikanKbn=3", "url2": null, "内容": "医療法人　中田歯科クリニック【3:歯科】岡山県岡山市北区下足守１９１６－３番地" }, "geometry": { "type": "Point", "coordinates": [ 133.803486, 34.71712 ] } },
{ "type": "Feature", "properties": { "ID": 3333330005080, "正式名称": "なかたに歯科医院", "機関区分": 3, "都道府県コード": 33, "市区町村コード": 104, "所在地": "岡山県岡山市南区福田１９４－８", "緯度": 34.618328, "経度": 133.927451, "url": "https://www.iryou.teikyouseido.mhlw.go.jp/znk-web/juminkanja/S2430/initialize?prefCd=33&kikanCd=3330005080&kikanKbn=3", "url2": null, "内容": "なかたに歯科医院【3:歯科】岡山県岡山市南区福田１９４－８" }, "geometry": { "type": "Point", "coordinates": [ 133.927451, 34.618328 ] } },
{ "type": "Feature", "properties": { "ID": 3333330005090, "正式名称": "医療法人なかの歯科クリニック", "機関区分": 3, "都道府県コード": 33, "市区町村コード": 101, "所在地": "岡山県岡山市北区矢坂東町６－１", "緯度": 34.676487, "経度": 133.884814, "url": "https://www.iryou.teikyouseido.mhlw.go.jp/znk-web/juminkanja/S2430/initialize?prefCd=33&kikanCd=3330005090&kikanKbn=3", "url2": "http://www.nakanodent.com", "内容": "医療法人なかの歯科クリニック【3:歯科】岡山県岡山市北区矢坂東町６－１" }, "geometry": { "type": "Point", "coordinates": [ 133.884814, 34.676487 ] } },
{ "type": "Feature", "properties": { "ID": 3333330005100, "正式名称": "医療法人　優愛会　中原歯科", "機関区分": 3, "都道府県コード": 33, "市区町村コード": 101, "所在地": "岡山県岡山市北区磨屋町１０－５柳川ビル１階", "緯度": 34.66374, "経度": 133.925977, "url": "https://www.iryou.teikyouseido.mhlw.go.jp/znk-web/juminkanja/S2430/initialize?prefCd=33&kikanCd=3330005100&kikanKbn=3", "url2": null, "内容": "医療法人　優愛会　中原歯科【3:歯科】岡山県岡山市北区磨屋町１０－５柳川ビル１階" }, "geometry": { "type": "Point", "coordinates": [ 133.925977, 34.66374 ] } },
{ "type": "Feature", "properties": { "ID": 3333330005110, "正式名称": "なかぼ歯科クリニック", "機関区分": 3, "都道府県コード": 33, "市区町村コード": 104, "所在地": "岡山県岡山市南区西市８０６－７", "緯度": 34.633465, "経度": 133.904369, "url": "https://www.iryou.teikyouseido.mhlw.go.jp/znk-web/juminkanja/S2430/initialize?prefCd=33&kikanCd=3330005110&kikanKbn=3", "url2": "http://www.nakabo-dc.com", "内容": "なかぼ歯科クリニック【3:歯科】岡山県岡山市南区西市８０６－７" }, "geometry": { "type": "Point", "coordinates": [ 133.904369, 34.633465 ] } },
{ "type": "Feature", "properties": { "ID": 3333330005130, "正式名称": "医療法人　中村歯科医院", "機関区分": 3, "都道府県コード": 33, "市区町村コード": 102, "所在地": "岡山県岡山市中区海吉１７７４番地の１９", "緯度": 34.65863, "経度": 133.987611, "url": "https://www.iryou.teikyouseido.mhlw.go.jp/znk-web/juminkanja/S2430/initialize?prefCd=33&kikanCd=3330005130&kikanKbn=3", "url2": "http://www.nakamura-dc.biz", "内容": "医療法人　中村歯科医院【3:歯科】岡山県岡山市中区海吉１７７４番地の１９" }, "geometry": { "type": "Point", "coordinates": [ 133.987611, 34.65863 ] } },
{ "type": "Feature", "properties": { "ID": 3333330005140, "正式名称": "医療法人諄祐會中村歯科", "機関区分": 3, "都道府県コード": 33, "市区町村コード": 101, "所在地": "岡山県岡山市北区富田町２－６－１１", "緯度": 34.670933, "経度": 133.924894, "url": "https://www.iryou.teikyouseido.mhlw.go.jp/znk-web/juminkanja/S2430/initialize?prefCd=33&kikanCd=3330005140&kikanKbn=3", "url2": "https://shika-nakamura.jp", "内容": "医療法人諄祐會中村歯科【3:歯科】岡山県岡山市北区富田町２－６－１１" }, "geometry": { "type": "Point", "coordinates": [ 133.924894, 34.670933 ] } },
{ "type": "Feature", "properties": { "ID": 3333330005150, "正式名称": "なかよし矯正歯科クリニック", "機関区分": 3, "都道府県コード": 33, "市区町村コード": 102, "所在地": "岡山県岡山市中区東川原１５１－１", "緯度": 34.679636, "経度": 133.944377, "url": "https://www.iryou.teikyouseido.mhlw.go.jp/znk-web/juminkanja/S2430/initialize?prefCd=33&kikanCd=3330005150&kikanKbn=3", "url2": "http://www.744468.com", "内容": "なかよし矯正歯科クリニック【3:歯科】岡山県岡山市中区東川原１５１－１" }, "geometry": { "type": "Point", "coordinates": [ 133.944377, 34.679636 ] } },
{ "type": "Feature", "properties": { "ID": 3333330005160, "正式名称": "なつかわ歯科", "機関区分": 3, "都道府県コード": 33, "市区町村コード": 101, "所在地": "岡山県岡山市北区撫川１４７０－１", "緯度": 34.643434, "経度": 133.838874, "url": "https://www.iryou.teikyouseido.mhlw.go.jp/znk-web/juminkanja/S2430/initialize?prefCd=33&kikanCd=3330005160&kikanKbn=3", "url2": "https://www.natsukawa-dc.com/", "内容": "なつかわ歯科【3:歯科】岡山県岡山市北区撫川１４７０－１" }, "geometry": { "type": "Point", "coordinates": [ 133.838874, 34.643434 ] } },
{ "type": "Feature", "properties": { "ID": 3333330005170, "正式名称": "オオシマファミリー歯科", "機関区分": 3, "都道府県コード": 33, "市区町村コード": 101, "所在地": "岡山県岡山市北区蕃山町９－６", "緯度": 34.666073, "経度": 133.927643, "url": "https://www.iryou.teikyouseido.mhlw.go.jp/znk-web/juminkanja/S2430/initialize?prefCd=33&kikanCd=3330005170&kikanKbn=3", "url2": null, "内容": "オオシマファミリー歯科【3:歯科】岡山県岡山市北区蕃山町９－６" }, "geometry": { "type": "Point", "coordinates": [ 133.927643, 34.666073 ] } },
{ "type": "Feature", "properties": { "ID": 3333330005190, "正式名称": "西田歯科医院", "機関区分": 3, "都道府県コード": 33, "市区町村コード": 103, "所在地": "岡山県岡山市東区西大寺中１丁目１０番８号", "緯度": 34.654465, "経度": 134.034134, "url": "https://www.iryou.teikyouseido.mhlw.go.jp/znk-web/juminkanja/S2430/initialize?prefCd=33&kikanCd=3330005190&kikanKbn=3", "url2": null, "内容": "西田歯科医院【3:歯科】岡山県岡山市東区西大寺中１丁目１０番８号" }, "geometry": { "type": "Point", "coordinates": [ 134.034134, 34.654465 ] } },
{ "type": "Feature", "properties": { "ID": 3333330005210, "正式名称": "野上歯科医院", "機関区分": 3, "都道府県コード": 33, "市区町村コード": 101, "所在地": "岡山県岡山市北区西古松２－２２－１２", "緯度": 34.646824, "経度": 133.905674, "url": "https://www.iryou.teikyouseido.mhlw.go.jp/znk-web/juminkanja/S2430/initialize?prefCd=33&kikanCd=3330005210&kikanKbn=3", "url2": null, "内容": "野上歯科医院【3:歯科】岡山県岡山市北区西古松２－２２－１２" }, "geometry": { "type": "Point", "coordinates": [ 133.905674, 34.646824 ] } },
{ "type": "Feature", "properties": { "ID": 3333330005220, "正式名称": "医療法人のざき小児歯科", "機関区分": 3, "都道府県コード": 33, "市区町村コード": 102, "所在地": "岡山県岡山市中区八幡１９－８", "緯度": 34.687571, "経度": 133.946724, "url": "https://www.iryou.teikyouseido.mhlw.go.jp/znk-web/juminkanja/S2430/initialize?prefCd=33&kikanCd=3330005220&kikanKbn=3", "url2": "https://www.nozaki-dc.or.jp/", "内容": "医療法人のざき小児歯科【3:歯科】岡山県岡山市中区八幡１９－８" }, "geometry": { "type": "Point", "coordinates": [ 133.946724, 34.687571 ] } },
{ "type": "Feature", "properties": { "ID": 3333330005230, "正式名称": "信長歯科医院", "機関区分": 3, "都道府県コード": 33, "市区町村コード": 101, "所在地": "岡山県岡山市北区白石西新町９－１０３クリエイト２１", "緯度": 34.655378, "経度": 133.869816, "url": "https://www.iryou.teikyouseido.mhlw.go.jp/znk-web/juminkanja/S2430/initialize?prefCd=33&kikanCd=3330005230&kikanKbn=3", "url2": null, "内容": "信長歯科医院【3:歯科】岡山県岡山市北区白石西新町９－１０３クリエイト２１" }, "geometry": { "type": "Point", "coordinates": [ 133.869816, 34.655378 ] } },
{ "type": "Feature", "properties": { "ID": 3333330005240, "正式名称": "垪和歯科医院", "機関区分": 3, "都道府県コード": 33, "市区町村コード": 101, "所在地": "岡山県岡山市北区足守１６６４", "緯度": 34.72523, "経度": 133.805236, "url": "https://www.iryou.teikyouseido.mhlw.go.jp/znk-web/juminkanja/S2430/initialize?prefCd=33&kikanCd=3330005240&kikanKbn=3", "url2": null, "内容": "垪和歯科医院【3:歯科】岡山県岡山市北区足守１６６４" }, "geometry": { "type": "Point", "coordinates": [ 133.805236, 34.72523 ] } },
{ "type": "Feature", "properties": { "ID": 3333330005250, "正式名称": "芳賀北山歯科", "機関区分": 3, "都道府県コード": 33, "市区町村コード": 101, "所在地": "岡山県岡山市北区芳賀５１１２－１０３", "緯度": 34.706373, "経度": 133.877785, "url": "https://www.iryou.teikyouseido.mhlw.go.jp/znk-web/juminkanja/S2430/initialize?prefCd=33&kikanCd=3330005250&kikanKbn=3", "url2": null, "内容": "芳賀北山歯科【3:歯科】岡山県岡山市北区芳賀５１１２－１０３" }, "geometry": { "type": "Point", "coordinates": [ 133.877785, 34.706373 ] } },
{ "type": "Feature", "properties": { "ID": 3333330005260, "正式名称": "橋本歯科医院", "機関区分": 3, "都道府県コード": 33, "市区町村コード": 102, "所在地": "岡山県岡山市中区倉富２２３－１０", "緯度": 34.642687, "経度": 133.970724, "url": "https://www.iryou.teikyouseido.mhlw.go.jp/znk-web/juminkanja/S2430/initialize?prefCd=33&kikanCd=3330005260&kikanKbn=3", "url2": null, "内容": "橋本歯科医院【3:歯科】岡山県岡山市中区倉富２２３－１０" }, "geometry": { "type": "Point", "coordinates": [ 133.970724, 34.642687 ] } },
{ "type": "Feature", "properties": { "ID": 3333330005270, "正式名称": "服部歯科医院", "機関区分": 3, "都道府県コード": 33, "市区町村コード": 101, "所在地": "岡山県岡山市北区内山下２丁目３－６", "緯度": 34.661879, "経度": 133.93381, "url": "https://www.iryou.teikyouseido.mhlw.go.jp/znk-web/juminkanja/S2430/initialize?prefCd=33&kikanCd=3330005270&kikanKbn=3", "url2": null, "内容": "服部歯科医院【3:歯科】岡山県岡山市北区内山下２丁目３－６" }, "geometry": { "type": "Point", "coordinates": [ 133.93381, 34.661879 ] } },
{ "type": "Feature", "properties": { "ID": 3333330005280, "正式名称": "花田歯科医院", "機関区分": 3, "都道府県コード": 33, "市区町村コード": 102, "所在地": "岡山県岡山市中区乙多見３８４－８", "緯度": 34.681072, "経度": 133.980166, "url": "https://www.iryou.teikyouseido.mhlw.go.jp/znk-web/juminkanja/S2430/initialize?prefCd=33&kikanCd=3330005280&kikanKbn=3", "url2": "https://www.hanada-shika.com", "内容": "花田歯科医院【3:歯科】岡山県岡山市中区乙多見３８４－８" }, "geometry": { "type": "Point", "coordinates": [ 133.980166, 34.681072 ] } },
{ "type": "Feature", "properties": { "ID": 3333330005290, "正式名称": "医療法人社団華城会はなふさ歯科医院", "機関区分": 3, "都道府県コード": 33, "市区町村コード": 104, "所在地": "岡山県岡山市南区浦安本町７３－６", "緯度": 34.609246, "経度": 133.922368, "url": "https://www.iryou.teikyouseido.mhlw.go.jp/znk-web/juminkanja/S2430/initialize?prefCd=33&kikanCd=3330005290&kikanKbn=3", "url2": "http://www.8723dental.com/", "内容": "医療法人社団華城会はなふさ歯科医院【3:歯科】岡山県岡山市南区浦安本町７３－６" }, "geometry": { "type": "Point", "coordinates": [ 133.922368, 34.609246 ] } },
{ "type": "Feature", "properties": { "ID": 3333330005300, "正式名称": "医療法人みどり会　ハナフサデンタルクリニック", "機関区分": 3, "都道府県コード": 33, "市区町村コード": 104, "所在地": "岡山県岡山市南区福浜西町３－１３", "緯度": 34.619606, "経度": 133.942171, "url": "https://www.iryou.teikyouseido.mhlw.go.jp/znk-web/juminkanja/S2430/initialize?prefCd=33&kikanCd=3330005300&kikanKbn=3", "url2": "https://hanafusadental.net/", "内容": "医療法人みどり会　ハナフサデンタルクリニック【3:歯科】岡山県岡山市南区福浜西町３－１３" }, "geometry": { "type": "Point", "coordinates": [ 133.942171, 34.619606 ] } },
{ "type": "Feature", "properties": { "ID": 3333330005310, "正式名称": "医療法人樹徳会ハピー歯科クリニック", "機関区分": 3, "都道府県コード": 33, "市区町村コード": 103, "所在地": "岡山県岡山市東区西大寺南２丁目１－２", "緯度": 34.652438, "経度": 134.029996, "url": "https://www.iryou.teikyouseido.mhlw.go.jp/znk-web/juminkanja/S2430/initialize?prefCd=33&kikanCd=3330005310&kikanKbn=3", "url2": null, "内容": "医療法人樹徳会ハピー歯科クリニック【3:歯科】岡山県岡山市東区西大寺南２丁目１－２" }, "geometry": { "type": "Point", "coordinates": [ 134.029996, 34.652438 ] } },
{ "type": "Feature", "properties": { "ID": 3333330005320, "正式名称": "浜崎歯科医院", "機関区分": 3, "都道府県コード": 33, "市区町村コード": 101, "所在地": "岡山県岡山市北区磨屋町８－９湯浅ビル１０１", "緯度": 34.663045, "経度": 133.925338, "url": "https://www.iryou.teikyouseido.mhlw.go.jp/znk-web/juminkanja/S2430/initialize?prefCd=33&kikanCd=3330005320&kikanKbn=3", "url2": null, "内容": "浜崎歯科医院【3:歯科】岡山県岡山市北区磨屋町８－９湯浅ビル１０１" }, "geometry": { "type": "Point", "coordinates": [ 133.925338, 34.663045 ] } },
{ "type": "Feature", "properties": { "ID": 3333330005330, "正式名称": "浜田歯科医院", "機関区分": 3, "都道府県コード": 33, "市区町村コード": 101, "所在地": "岡山県岡山市北区今四丁目１３の３", "緯度": 34.643575, "経度": 133.89262, "url": "https://www.iryou.teikyouseido.mhlw.go.jp/znk-web/juminkanja/S2430/initialize?prefCd=33&kikanCd=3330005330&kikanKbn=3", "url2": null, "内容": "浜田歯科医院【3:歯科】岡山県岡山市北区今四丁目１３の３" }, "geometry": { "type": "Point", "coordinates": [ 133.89262, 34.643575 ] } },
{ "type": "Feature", "properties": { "ID": 3333330005340, "正式名称": "医療法人純耀会　はやし歯科医院", "機関区分": 3, "都道府県コード": 33, "市区町村コード": 102, "所在地": "岡山県岡山市中区長岡１９番地の３", "緯度": 34.68585, "経度": 133.984416, "url": "https://www.iryou.teikyouseido.mhlw.go.jp/znk-web/juminkanja/S2430/initialize?prefCd=33&kikanCd=3330005340&kikanKbn=3", "url2": null, "内容": "医療法人純耀会　はやし歯科医院【3:歯科】岡山県岡山市中区長岡１９番地の３" }, "geometry": { "type": "Point", "coordinates": [ 133.984416, 34.68585 ] } },
{ "type": "Feature", "properties": { "ID": 3333330005350, "正式名称": "林歯科医院", "機関区分": 3, "都道府県コード": 33, "市区町村コード": 104, "所在地": "岡山県岡山市南区妹尾１４４６－１", "緯度": 34.609911, "経度": 133.868623, "url": "https://www.iryou.teikyouseido.mhlw.go.jp/znk-web/juminkanja/S2430/initialize?prefCd=33&kikanCd=3330005350&kikanKbn=3", "url2": "http://www.tsukubo.or.jp/dc/hayashi_o.html", "内容": "林歯科医院【3:歯科】岡山県岡山市南区妹尾１４４６－１" }, "geometry": { "type": "Point", "coordinates": [ 133.868623, 34.609911 ] } },
{ "type": "Feature", "properties": { "ID": 3333330005370, "正式名称": "原尾島歯科", "機関区分": 3, "都道府県コード": 33, "市区町村コード": 102, "所在地": "岡山県岡山市中区原尾島３丁目１－３", "緯度": 34.670942, "経度": 133.94422, "url": "https://www.iryou.teikyouseido.mhlw.go.jp/znk-web/juminkanja/S2430/initialize?prefCd=33&kikanCd=3330005370&kikanKbn=3", "url2": "http://haraojimasika.net/", "内容": "原尾島歯科【3:歯科】岡山県岡山市中区原尾島３丁目１－３" }, "geometry": { "type": "Point", "coordinates": [ 133.94422, 34.670942 ] } },
{ "type": "Feature", "properties": { "ID": 3333330005380, "正式名称": "パルフェ歯科医院", "機関区分": 3, "都道府県コード": 33, "市区町村コード": 103, "所在地": "岡山県岡山市東区浅川４７２－６", "緯度": 34.708571, "経度": 134.070324, "url": "https://www.iryou.teikyouseido.mhlw.go.jp/znk-web/juminkanja/S2430/initialize?prefCd=33&kikanCd=3330005380&kikanKbn=3", "url2": null, "内容": "パルフェ歯科医院【3:歯科】岡山県岡山市東区浅川４７２－６" }, "geometry": { "type": "Point", "coordinates": [ 134.070324, 34.708571 ] } },
{ "type": "Feature", "properties": { "ID": 3333330005390, "正式名称": "医療法人緑風会　三宅ハロー歯科　小児歯科・矯正歯科", "機関区分": 3, "都道府県コード": 33, "市区町村コード": 104, "所在地": "岡山県岡山市南区大福３６９－８", "緯度": 34.620105, "経度": 133.874372, "url": "https://www.iryou.teikyouseido.mhlw.go.jp/znk-web/juminkanja/S2430/initialize?prefCd=33&kikanCd=3330005390&kikanKbn=3", "url2": "https://hello-miyakegroup.jp", "内容": "医療法人緑風会　三宅ハロー歯科　小児歯科・矯正歯科【3:歯科】岡山県岡山市南区大福３６９－８" }, "geometry": { "type": "Point", "coordinates": [ 133.874372, 34.620105 ] } },
{ "type": "Feature", "properties": { "ID": 3333330005430, "正式名称": "暈歯科医院", "機関区分": 3, "都道府県コード": 33, "市区町村コード": 102, "所在地": "岡山県岡山市中区福泊２５２－１", "緯度": 34.655992, "経度": 133.974917, "url": "https://www.iryou.teikyouseido.mhlw.go.jp/znk-web/juminkanja/S2430/initialize?prefCd=33&kikanCd=3330005430&kikanKbn=3", "url2": null, "内容": "暈歯科医院【3:歯科】岡山県岡山市中区福泊２５２－１" }, "geometry": { "type": "Point", "coordinates": [ 133.974917, 34.655992 ] } },
{ "type": "Feature", "properties": { "ID": 3333330005450, "正式名称": "医療法人　ひまわり小児歯科医院", "機関区分": 3, "都道府県コード": 33, "市区町村コード": 101, "所在地": "岡山県岡山市北区丸の内一丁目１４－１２小野アルミビル", "緯度": 34.662407, "経度": 133.931671, "url": "https://www.iryou.teikyouseido.mhlw.go.jp/znk-web/juminkanja/S2430/initialize?prefCd=33&kikanCd=3330005450&kikanKbn=3", "url2": "http://himawari-pedo.com/", "内容": "医療法人　ひまわり小児歯科医院【3:歯科】岡山県岡山市北区丸の内一丁目１４－１２小野アルミビル" }, "geometry": { "type": "Point", "coordinates": [ 133.931671, 34.662407 ] } },
{ "type": "Feature", "properties": { "ID": 3333330005460, "正式名称": "ひょうご歯科", "機関区分": 3, "都道府県コード": 33, "市区町村コード": 101, "所在地": "岡山県岡山市北区高柳東町１５－１５サンサイド山部Ⅱ１Ｆ", "緯度": 34.662406, "経度": 133.900285, "url": "https://www.iryou.teikyouseido.mhlw.go.jp/znk-web/juminkanja/S2430/initialize?prefCd=33&kikanCd=3330005460&kikanKbn=3", "url2": "https://www.hyogodentalclinic.com", "内容": "ひょうご歯科【3:歯科】岡山県岡山市北区高柳東町１５－１５サンサイド山部Ⅱ１Ｆ" }, "geometry": { "type": "Point", "coordinates": [ 133.900285, 34.662406 ] } },
{ "type": "Feature", "properties": { "ID": 3333330005470, "正式名称": "医療法人平井歯科医院", "機関区分": 3, "都道府県コード": 33, "市区町村コード": 102, "所在地": "岡山県岡山市中区平井５丁目７番４７－３号", "緯度": 34.637993, "経度": 133.943226, "url": "https://www.iryou.teikyouseido.mhlw.go.jp/znk-web/juminkanja/S2430/initialize?prefCd=33&kikanCd=3330005470&kikanKbn=3", "url2": null, "内容": "医療法人平井歯科医院【3:歯科】岡山県岡山市中区平井５丁目７番４７－３号" }, "geometry": { "type": "Point", "coordinates": [ 133.943226, 34.637993 ] } },
{ "type": "Feature", "properties": { "ID": 3333330005490, "正式名称": "ひらかわ歯科クリニック", "機関区分": 3, "都道府県コード": 33, "市区町村コード": 104, "所在地": "岡山県岡山市南区郡１０１０－１", "緯度": 34.580389, "経度": 133.959754, "url": "https://www.iryou.teikyouseido.mhlw.go.jp/znk-web/juminkanja/S2430/initialize?prefCd=33&kikanCd=3330005490&kikanKbn=3", "url2": null, "内容": "ひらかわ歯科クリニック【3:歯科】岡山県岡山市南区郡１０１０－１" }, "geometry": { "type": "Point", "coordinates": [ 133.959754, 34.580389 ] } },
{ "type": "Feature", "properties": { "ID": 3333330005500, "正式名称": "平松歯科", "機関区分": 3, "都道府県コード": 33, "市区町村コード": 104, "所在地": "岡山県岡山市南区大福１４５－３", "緯度": 34.62341, "経度": 133.881427, "url": "https://www.iryou.teikyouseido.mhlw.go.jp/znk-web/juminkanja/S2430/initialize?prefCd=33&kikanCd=3330005500&kikanKbn=3", "url2": "http://www.tsukubo.or.jp/dc/hiramatsu", "内容": "平松歯科【3:歯科】岡山県岡山市南区大福１４５－３" }, "geometry": { "type": "Point", "coordinates": [ 133.881427, 34.62341 ] } },
{ "type": "Feature", "properties": { "ID": 3333330005510, "正式名称": "広谷歯科クリニック", "機関区分": 3, "都道府県コード": 33, "市区町村コード": 103, "所在地": "岡山県岡山市東区広谷４７４－２７", "緯度": 34.657187, "経度": 134.017552, "url": "https://www.iryou.teikyouseido.mhlw.go.jp/znk-web/juminkanja/S2430/initialize?prefCd=33&kikanCd=3330005510&kikanKbn=3", "url2": "http://www.hirotani-shika.jp", "内容": "広谷歯科クリニック【3:歯科】岡山県岡山市東区広谷４７４－２７" }, "geometry": { "type": "Point", "coordinates": [ 134.017552, 34.657187 ] } },
{ "type": "Feature", "properties": { "ID": 3333330005520, "正式名称": "ファインデンタルクリニック", "機関区分": 3, "都道府県コード": 33, "市区町村コード": 104, "所在地": "岡山県岡山市南区古新田１１９９－８", "緯度": 34.624521, "経度": 133.872927, "url": "https://www.iryou.teikyouseido.mhlw.go.jp/znk-web/juminkanja/S2430/initialize?prefCd=33&kikanCd=3330005520&kikanKbn=3", "url2": null, "内容": "ファインデンタルクリニック【3:歯科】岡山県岡山市南区古新田１１９９－８" }, "geometry": { "type": "Point", "coordinates": [ 133.872927, 34.624521 ] } },
{ "type": "Feature", "properties": { "ID": 3333330005530, "正式名称": "ファミリー歯科", "機関区分": 3, "都道府県コード": 33, "市区町村コード": 103, "所在地": "岡山県岡山市東区西大寺中野５１１－１２", "緯度": 34.656382, "経度": 134.025941, "url": "https://www.iryou.teikyouseido.mhlw.go.jp/znk-web/juminkanja/S2430/initialize?prefCd=33&kikanCd=3330005530&kikanKbn=3", "url2": null, "内容": "ファミリー歯科【3:歯科】岡山県岡山市東区西大寺中野５１１－１２" }, "geometry": { "type": "Point", "coordinates": [ 134.025941, 34.656382 ] } },
{ "type": "Feature", "properties": { "ID": 3333330005540, "正式名称": "ファミリー岡崎歯科", "機関区分": 3, "都道府県コード": 33, "市区町村コード": 101, "所在地": "岡山県岡山市北区本町５－２０高島屋東館２階", "緯度": 34.664739, "経度": 133.920561, "url": "https://www.iryou.teikyouseido.mhlw.go.jp/znk-web/juminkanja/S2430/initialize?prefCd=33&kikanCd=3330005540&kikanKbn=3", "url2": null, "内容": "ファミリー岡崎歯科【3:歯科】岡山県岡山市北区本町５－２０高島屋東館２階" }, "geometry": { "type": "Point", "coordinates": [ 133.920561, 34.664739 ] } },
{ "type": "Feature", "properties": { "ID": 3333330005550, "正式名称": "ファミリー歯科　松永歯科医院", "機関区分": 3, "都道府県コード": 33, "市区町村コード": 103, "所在地": "岡山県岡山市東区目黒町６１番地", "緯度": 34.670102, "経度": 134.000165, "url": "https://www.iryou.teikyouseido.mhlw.go.jp/znk-web/juminkanja/S2430/initialize?prefCd=33&kikanCd=3330005550&kikanKbn=3", "url2": "http://dental-matsunaga.o.oo7.jp/", "内容": "ファミリー歯科　松永歯科医院【3:歯科】岡山県岡山市東区目黒町６１番地" }, "geometry": { "type": "Point", "coordinates": [ 134.000165, 34.670102 ] } },
{ "type": "Feature", "properties": { "ID": 3333330005570, "正式名称": "福井歯科", "機関区分": 3, "都道府県コード": 33, "市区町村コード": 103, "所在地": "岡山県岡山市東区瀬戸町下１９５", "緯度": 34.731457, "経度": 134.038798, "url": "https://www.iryou.teikyouseido.mhlw.go.jp/znk-web/juminkanja/S2430/initialize?prefCd=33&kikanCd=3330005570&kikanKbn=3", "url2": null, "内容": "福井歯科【3:歯科】岡山県岡山市東区瀬戸町下１９５" }, "geometry": { "type": "Point", "coordinates": [ 134.038798, 34.731457 ] } },
{ "type": "Feature", "properties": { "ID": 3333330005580, "正式名称": "ふくだ歯科医院", "機関区分": 3, "都道府県コード": 33, "市区町村コード": 101, "所在地": "岡山県岡山市北区錦町７－４福田ビル２Ｆ", "緯度": 34.663017, "経度": 133.920589, "url": "https://www.iryou.teikyouseido.mhlw.go.jp/znk-web/juminkanja/S2430/initialize?prefCd=33&kikanCd=3330005580&kikanKbn=3", "url2": "http://www.fukudashika.com", "内容": "ふくだ歯科医院【3:歯科】岡山県岡山市北区錦町７－４福田ビル２Ｆ" }, "geometry": { "type": "Point", "coordinates": [ 133.920589, 34.663017 ] } },
{ "type": "Feature", "properties": { "ID": 3333330005600, "正式名称": "藤井歯科診療所", "機関区分": 3, "都道府県コード": 33, "市区町村コード": 101, "所在地": "岡山県岡山市北区厚生町３丁目１－１５　岡山商工会議所内５階", "緯度": 34.656435, "経度": 133.91159, "url": "https://www.iryou.teikyouseido.mhlw.go.jp/znk-web/juminkanja/S2430/initialize?prefCd=33&kikanCd=3330005600&kikanKbn=3", "url2": null, "内容": "藤井歯科診療所【3:歯科】岡山県岡山市北区厚生町３丁目１－１５　岡山商工会議所内５階" }, "geometry": { "type": "Point", "coordinates": [ 133.91159, 34.656435 ] } },
{ "type": "Feature", "properties": { "ID": 3333330005610, "正式名称": "藤井歯科医院", "機関区分": 3, "都道府県コード": 33, "市区町村コード": 101, "所在地": "岡山県岡山市北区今５丁目１番２７号", "緯度": 34.646408, "経度": 133.897341, "url": "https://www.iryou.teikyouseido.mhlw.go.jp/znk-web/juminkanja/S2430/initialize?prefCd=33&kikanCd=3330005610&kikanKbn=3", "url2": null, "内容": "藤井歯科医院【3:歯科】岡山県岡山市北区今５丁目１番２７号" }, "geometry": { "type": "Point", "coordinates": [ 133.897341, 34.646408 ] } },
{ "type": "Feature", "properties": { "ID": 3333330005620, "正式名称": "藤井歯科大元上町診療所", "機関区分": 3, "都道府県コード": 33, "市区町村コード": 101, "所在地": "岡山県岡山市北区大元上町８－１５", "緯度": 34.649907, "経度": 133.898897, "url": "https://www.iryou.teikyouseido.mhlw.go.jp/znk-web/juminkanja/S2430/initialize?prefCd=33&kikanCd=3330005620&kikanKbn=3", "url2": null, "内容": "藤井歯科大元上町診療所【3:歯科】岡山県岡山市北区大元上町８－１５" }, "geometry": { "type": "Point", "coordinates": [ 133.898897, 34.649907 ] } },
{ "type": "Feature", "properties": { "ID": 3333330005630, "正式名称": "ふじさわ矯正歯科", "機関区分": 3, "都道府県コード": 33, "市区町村コード": 101, "所在地": "岡山県岡山市北区表町二丁目３－８ジェムシティ表町ビル２階", "緯度": 34.662184, "経度": 133.930116, "url": "https://www.iryou.teikyouseido.mhlw.go.jp/znk-web/juminkanja/S2430/initialize?prefCd=33&kikanCd=3330005630&kikanKbn=3", "url2": "https://www.fujisawa-ortho.com/", "内容": "ふじさわ矯正歯科【3:歯科】岡山県岡山市北区表町二丁目３－８ジェムシティ表町ビル２階" }, "geometry": { "type": "Point", "coordinates": [ 133.930116, 34.662184 ] } },
{ "type": "Feature", "properties": { "ID": 3333330005640, "正式名称": "藤田歯科医院", "機関区分": 3, "都道府県コード": 33, "市区町村コード": 104, "所在地": "岡山県岡山市南区福富中２丁目６－１", "緯度": 34.62255, "経度": 133.937644, "url": "https://www.iryou.teikyouseido.mhlw.go.jp/znk-web/juminkanja/S2430/initialize?prefCd=33&kikanCd=3330005640&kikanKbn=3", "url2": null, "内容": "藤田歯科医院【3:歯科】岡山県岡山市南区福富中２丁目６－１" }, "geometry": { "type": "Point", "coordinates": [ 133.937644, 34.62255 ] } },
{ "type": "Feature", "properties": { "ID": 3333330005650, "正式名称": "藤田歯科医院", "機関区分": 3, "都道府県コード": 33, "市区町村コード": 104, "所在地": "岡山県岡山市南区妹尾９５５－５", "緯度": 34.612133, "経度": 133.861512, "url": "https://www.iryou.teikyouseido.mhlw.go.jp/znk-web/juminkanja/S2430/initialize?prefCd=33&kikanCd=3330005650&kikanKbn=3", "url2": "http://www.tsukubo.or.jp/dc/fujita.html", "内容": "藤田歯科医院【3:歯科】岡山県岡山市南区妹尾９５５－５" }, "geometry": { "type": "Point", "coordinates": [ 133.861512, 34.612133 ] } },
{ "type": "Feature", "properties": { "ID": 3333330005660, "正式名称": "ふじわら歯科クリニック", "機関区分": 3, "都道府県コード": 33, "市区町村コード": 104, "所在地": "岡山県岡山市南区泉田４３７－６", "緯度": 34.626049, "経度": 133.905758, "url": "https://www.iryou.teikyouseido.mhlw.go.jp/znk-web/juminkanja/S2430/initialize?prefCd=33&kikanCd=3330005660&kikanKbn=3", "url2": "http://fujiwarasika.cihp2.jp", "内容": "ふじわら歯科クリニック【3:歯科】岡山県岡山市南区泉田４３７－６" }, "geometry": { "type": "Point", "coordinates": [ 133.905758, 34.626049 ] } },
{ "type": "Feature", "properties": { "ID": 3333330005680, "正式名称": "船橋歯科医院", "機関区分": 3, "都道府県コード": 33, "市区町村コード": 101, "所在地": "岡山県岡山市北区三門中町１－７", "緯度": 34.668266, "経度": 133.904257, "url": "https://www.iryou.teikyouseido.mhlw.go.jp/znk-web/juminkanja/S2430/initialize?prefCd=33&kikanCd=3330005680&kikanKbn=3", "url2": "http://www.funahashi-shika.com/", "内容": "船橋歯科医院【3:歯科】岡山県岡山市北区三門中町１－７" }, "geometry": { "type": "Point", "coordinates": [ 133.904257, 34.668266 ] } },
{ "type": "Feature", "properties": { "ID": 3333330005690, "正式名称": "医療法人社団プライムケア岡山", "機関区分": 3, "都道府県コード": 33, "市区町村コード": 104, "所在地": "岡山県岡山市南区植松５２３－４", "緯度": 34.551224, "経度": 133.827512, "url": "https://www.iryou.teikyouseido.mhlw.go.jp/znk-web/juminkanja/S2430/initialize?prefCd=33&kikanCd=3330005690&kikanKbn=3", "url2": "http://www.1182525.jp", "内容": "医療法人社団プライムケア岡山【3:歯科】岡山県岡山市南区植松５２３－４" }, "geometry": { "type": "Point", "coordinates": [ 133.827512, 34.551224 ] } },
{ "type": "Feature", "properties": { "ID": 3333330005700, "正式名称": "プリード歯科", "機関区分": 3, "都道府県コード": 33, "市区町村コード": 101, "所在地": "岡山県岡山市北区田中１４３－１１８", "緯度": 34.644935, "経度": 133.880621, "url": "https://www.iryou.teikyouseido.mhlw.go.jp/znk-web/juminkanja/S2430/initialize?prefCd=33&kikanCd=3330005700&kikanKbn=3", "url2": "http://www.pulido-dental.com", "内容": "プリード歯科【3:歯科】岡山県岡山市北区田中１４３－１１８" }, "geometry": { "type": "Point", "coordinates": [ 133.880621, 34.644935 ] } },
{ "type": "Feature", "properties": { "ID": 3333330005710, "正式名称": "医療法人フルーツ歯科医院", "機関区分": 3, "都道府県コード": 33, "市区町村コード": 102, "所在地": "岡山県岡山市中区東山２－１－６", "緯度": 34.655824, "経度": 133.942254, "url": "https://www.iryou.teikyouseido.mhlw.go.jp/znk-web/juminkanja/S2430/initialize?prefCd=33&kikanCd=3330005710&kikanKbn=3", "url2": null, "内容": "医療法人フルーツ歯科医院【3:歯科】岡山県岡山市中区東山２－１－６" }, "geometry": { "type": "Point", "coordinates": [ 133.942254, 34.655824 ] } },
{ "type": "Feature", "properties": { "ID": 3333330005720, "正式名称": "ふるぎょう歯科", "機関区分": 3, "都道府県コード": 33, "市区町村コード": 102, "所在地": "岡山県岡山市中区古京町一丁目２－１３", "緯度": 34.662629, "経度": 133.940587, "url": "https://www.iryou.teikyouseido.mhlw.go.jp/znk-web/juminkanja/S2430/initialize?prefCd=33&kikanCd=3330005720&kikanKbn=3", "url2": null, "内容": "ふるぎょう歯科【3:歯科】岡山県岡山市中区古京町一丁目２－１３" }, "geometry": { "type": "Point", "coordinates": [ 133.940587, 34.662629 ] } },
{ "type": "Feature", "properties": { "ID": 3333330005740, "正式名称": "ホワイト歯科", "機関区分": 3, "都道府県コード": 33, "市区町村コード": 102, "所在地": "岡山県岡山市中区国富７８１－１国富診療ビル１Ｆ", "緯度": 34.666351, "経度": 133.94367, "url": "https://www.iryou.teikyouseido.mhlw.go.jp/znk-web/juminkanja/S2430/initialize?prefCd=33&kikanCd=3330005740&kikanKbn=3", "url2": "http://white-shika.com/", "内容": "ホワイト歯科【3:歯科】岡山県岡山市中区国富７８１－１国富診療ビル１Ｆ" }, "geometry": { "type": "Point", "coordinates": [ 133.94367, 34.666351 ] } },
{ "type": "Feature", "properties": { "ID": 3333330005750, "正式名称": "医療法人本郷歯科医院", "機関区分": 3, "都道府県コード": 33, "市区町村コード": 101, "所在地": "岡山県岡山市北区御津金川７６２", "緯度": 34.798363, "経度": 133.932111, "url": "https://www.iryou.teikyouseido.mhlw.go.jp/znk-web/juminkanja/S2430/initialize?prefCd=33&kikanCd=3330005750&kikanKbn=3", "url2": null, "内容": "医療法人本郷歯科医院【3:歯科】岡山県岡山市北区御津金川７６２" }, "geometry": { "type": "Point", "coordinates": [ 133.932111, 34.798363 ] } },
{ "type": "Feature", "properties": { "ID": 3333330005760, "正式名称": "本郷歯科医院", "機関区分": 3, "都道府県コード": 33, "市区町村コード": 101, "所在地": "岡山県岡山市北区柳町２丁目６番２８号", "緯度": 34.65774, "経度": 133.919283, "url": "https://www.iryou.teikyouseido.mhlw.go.jp/znk-web/juminkanja/S2430/initialize?prefCd=33&kikanCd=3330005760&kikanKbn=3", "url2": null, "内容": "本郷歯科医院【3:歯科】岡山県岡山市北区柳町２丁目６番２８号" }, "geometry": { "type": "Point", "coordinates": [ 133.919283, 34.65774 ] } },
{ "type": "Feature", "properties": { "ID": 3333330005770, "正式名称": "医療法人ＳＨＴ", "機関区分": 3, "都道府県コード": 33, "市区町村コード": 101, "所在地": "岡山県岡山市北区今３－１－３５", "緯度": 34.649796, "経度": 133.893508, "url": "https://www.iryou.teikyouseido.mhlw.go.jp/znk-web/juminkanja/S2430/initialize?prefCd=33&kikanCd=3330005770&kikanKbn=3", "url2": "http://maki-dental.jp", "内容": "医療法人ＳＨＴ【3:歯科】岡山県岡山市北区今３－１－３５" }, "geometry": { "type": "Point", "coordinates": [ 133.893508, 34.649796 ] } },
{ "type": "Feature", "properties": { "ID": 3333330005780, "正式名称": "医療法人社団ＢＬＩＳＳ　政久歯科醫院", "機関区分": 3, "都道府県コード": 33, "市区町村コード": 101, "所在地": "岡山県岡山市北区表町１－５－１岡山シンフォニービル２Ｆ", "緯度": 34.662518, "経度": 133.929005, "url": "https://www.iryou.teikyouseido.mhlw.go.jp/znk-web/juminkanja/S2430/initialize?prefCd=33&kikanCd=3330005780&kikanKbn=3", "url2": "http://www.m-dental.net/", "内容": "医療法人社団ＢＬＩＳＳ　政久歯科醫院【3:歯科】岡山県岡山市北区表町１－５－１岡山シンフォニービル２Ｆ" }, "geometry": { "type": "Point", "coordinates": [ 133.929005, 34.662518 ] } },
{ "type": "Feature", "properties": { "ID": 3333330005800, "正式名称": "松尾歯科クリニック", "機関区分": 3, "都道府県コード": 33, "市区町村コード": 103, "所在地": "岡山県岡山市東区金岡東町一丁目１２－４０－１", "緯度": 34.643966, "経度": 134.026802, "url": "https://www.iryou.teikyouseido.mhlw.go.jp/znk-web/juminkanja/S2430/initialize?prefCd=33&kikanCd=3330005800&kikanKbn=3", "url2": "http://www.ssm-matsuo.jp", "内容": "松尾歯科クリニック【3:歯科】岡山県岡山市東区金岡東町一丁目１２－４０－１" }, "geometry": { "type": "Point", "coordinates": [ 134.026802, 34.643966 ] } },
{ "type": "Feature", "properties": { "ID": 3333330005810, "正式名称": "医療法人松友会松尾歯科医院", "機関区分": 3, "都道府県コード": 33, "市区町村コード": 103, "所在地": "岡山県岡山市東区西大寺浜１３７－１９", "緯度": 34.648994, "経度": 134.039745, "url": "https://www.iryou.teikyouseido.mhlw.go.jp/znk-web/juminkanja/S2430/initialize?prefCd=33&kikanCd=3330005810&kikanKbn=3", "url2": null, "内容": "医療法人松友会松尾歯科医院【3:歯科】岡山県岡山市東区西大寺浜１３７－１９" }, "geometry": { "type": "Point", "coordinates": [ 134.039745, 34.648994 ] } },
{ "type": "Feature", "properties": { "ID": 3333330005820, "正式名称": "松尾歯科医院", "機関区分": 3, "都道府県コード": 33, "市区町村コード": 102, "所在地": "岡山県岡山市中区中井二丁目１１番３５号", "緯度": 34.686099, "経度": 133.962056, "url": "https://www.iryou.teikyouseido.mhlw.go.jp/znk-web/juminkanja/S2430/initialize?prefCd=33&kikanCd=3330005820&kikanKbn=3", "url2": null, "内容": "松尾歯科医院【3:歯科】岡山県岡山市中区中井二丁目１１番３５号" }, "geometry": { "type": "Point", "coordinates": [ 133.962056, 34.686099 ] } },
{ "type": "Feature", "properties": { "ID": 3333330005830, "正式名称": "まつお歯科", "機関区分": 3, "都道府県コード": 33, "市区町村コード": 101, "所在地": "岡山県岡山市北区蕃山町３番３０号吉備システム蕃山町ビル４階", "緯度": 34.667323, "経度": 133.926532, "url": "https://www.iryou.teikyouseido.mhlw.go.jp/znk-web/juminkanja/S2430/initialize?prefCd=33&kikanCd=3330005830&kikanKbn=3", "url2": "http://www.matsuo-dental.jp", "内容": "まつお歯科【3:歯科】岡山県岡山市北区蕃山町３番３０号吉備システム蕃山町ビル４階" }, "geometry": { "type": "Point", "coordinates": [ 133.926532, 34.667323 ] } },
{ "type": "Feature", "properties": { "ID": 3333330005860, "正式名称": "みうら歯科医院", "機関区分": 3, "都道府県コード": 33, "市区町村コード": 102, "所在地": "岡山県岡山市中区四御神１３９－２０", "緯度": 34.690627, "経度": 133.979194, "url": "https://www.iryou.teikyouseido.mhlw.go.jp/znk-web/juminkanja/S2430/initialize?prefCd=33&kikanCd=3330005860&kikanKbn=3", "url2": null, "内容": "みうら歯科医院【3:歯科】岡山県岡山市中区四御神１３９－２０" }, "geometry": { "type": "Point", "coordinates": [ 133.979194, 34.690627 ] } },
{ "type": "Feature", "properties": { "ID": 3333330005870, "正式名称": "三浦歯科", "機関区分": 3, "都道府県コード": 33, "市区町村コード": 101, "所在地": "岡山県岡山市北区船頭町１０番地", "緯度": 34.650797, "経度": 133.928922, "url": "https://www.iryou.teikyouseido.mhlw.go.jp/znk-web/juminkanja/S2430/initialize?prefCd=33&kikanCd=3330005870&kikanKbn=3", "url2": "https://www.miuradc.com/", "内容": "三浦歯科【3:歯科】岡山県岡山市北区船頭町１０番地" }, "geometry": { "type": "Point", "coordinates": [ 133.928922, 34.650797 ] } },
{ "type": "Feature", "properties": { "ID": 3333330005880, "正式名称": "みつはし歯科医院", "機関区分": 3, "都道府県コード": 33, "市区町村コード": 104, "所在地": "岡山県岡山市南区並木町２－１３－１５", "緯度": 34.609718, "経度": 133.943561, "url": "https://www.iryou.teikyouseido.mhlw.go.jp/znk-web/juminkanja/S2430/initialize?prefCd=33&kikanCd=3330005880&kikanKbn=3", "url2": "http://mitsuhashi-dental.jp", "内容": "みつはし歯科医院【3:歯科】岡山県岡山市南区並木町２－１３－１５" }, "geometry": { "type": "Point", "coordinates": [ 133.943561, 34.609718 ] } },
{ "type": "Feature", "properties": { "ID": 3333330005890, "正式名称": "みどり歯科医院", "機関区分": 3, "都道府県コード": 33, "市区町村コード": 101, "所在地": "岡山県岡山市北区東古松３丁目６番１６号", "緯度": 34.645436, "経度": 133.913868, "url": "https://www.iryou.teikyouseido.mhlw.go.jp/znk-web/juminkanja/S2430/initialize?prefCd=33&kikanCd=3330005890&kikanKbn=3", "url2": null, "内容": "みどり歯科医院【3:歯科】岡山県岡山市北区東古松３丁目６番１６号" }, "geometry": { "type": "Point", "coordinates": [ 133.913868, 34.645436 ] } },
{ "type": "Feature", "properties": { "ID": 3333330005900, "正式名称": "緑川歯科医院", "機関区分": 3, "都道府県コード": 33, "市区町村コード": 101, "所在地": "岡山県岡山市北区駅元町１２－２３", "緯度": 34.665795, "経度": 133.915728, "url": "https://www.iryou.teikyouseido.mhlw.go.jp/znk-web/juminkanja/S2430/initialize?prefCd=33&kikanCd=3330005900&kikanKbn=3", "url2": "http://www.midorikawa-dc.jp/", "内容": "緑川歯科医院【3:歯科】岡山県岡山市北区駅元町１２－２３" }, "geometry": { "type": "Point", "coordinates": [ 133.915728, 34.665795 ] } },
{ "type": "Feature", "properties": { "ID": 3333330005910, "正式名称": "医療法人デンタルコスモス　ミフネ歯科医院", "機関区分": 3, "都道府県コード": 33, "市区町村コード": 103, "所在地": "岡山県岡山市東区益野町２３－９", "緯度": 34.658825, "経度": 133.99786, "url": "https://www.iryou.teikyouseido.mhlw.go.jp/znk-web/juminkanja/S2430/initialize?prefCd=33&kikanCd=3330005910&kikanKbn=3", "url2": null, "内容": "医療法人デンタルコスモス　ミフネ歯科医院【3:歯科】岡山県岡山市東区益野町２３－９" }, "geometry": { "type": "Point", "coordinates": [ 133.99786, 34.658825 ] } },
{ "type": "Feature", "properties": { "ID": 3333330005920, "正式名称": "ミムラ歯科医院", "機関区分": 3, "都道府県コード": 33, "市区町村コード": 104, "所在地": "岡山県岡山市南区泉田１丁目２番１２号", "緯度": 34.628632, "経度": 133.916812, "url": "https://www.iryou.teikyouseido.mhlw.go.jp/znk-web/juminkanja/S2430/initialize?prefCd=33&kikanCd=3330005920&kikanKbn=3", "url2": null, "内容": "ミムラ歯科医院【3:歯科】岡山県岡山市南区泉田１丁目２番１２号" }, "geometry": { "type": "Point", "coordinates": [ 133.916812, 34.628632 ] } },
{ "type": "Feature", "properties": { "ID": 3333330005940, "正式名称": "ミント歯科クリニック", "機関区分": 3, "都道府県コード": 33, "市区町村コード": 101, "所在地": "岡山県岡山市北区大和町１－１－３７横手ビル１Ｆ", "緯度": 34.67921, "経度": 133.925977, "url": "https://www.iryou.teikyouseido.mhlw.go.jp/znk-web/juminkanja/S2430/initialize?prefCd=33&kikanCd=3330005940&kikanKbn=3", "url2": "https://mint-dental-clinic.seesaa.net/", "内容": "ミント歯科クリニック【3:歯科】岡山県岡山市北区大和町１－１－３７横手ビル１Ｆ" }, "geometry": { "type": "Point", "coordinates": [ 133.925977, 34.67921 ] } },
{ "type": "Feature", "properties": { "ID": 3333330005950, "正式名称": "むしあけ歯科クリニック", "機関区分": 3, "都道府県コード": 33, "市区町村コード": 101, "所在地": "岡山県岡山市北区平和町３－３", "緯度": 34.664795, "経度": 133.924061, "url": "https://www.iryou.teikyouseido.mhlw.go.jp/znk-web/juminkanja/S2430/initialize?prefCd=33&kikanCd=3330005950&kikanKbn=3", "url2": null, "内容": "むしあけ歯科クリニック【3:歯科】岡山県岡山市北区平和町３－３" }, "geometry": { "type": "Point", "coordinates": [ 133.924061, 34.664795 ] } },
{ "type": "Feature", "properties": { "ID": 3333330005960, "正式名称": "メイプルデンタルクリニック", "機関区分": 3, "都道府県コード": 33, "市区町村コード": 101, "所在地": "岡山県岡山市北区御津宇垣１６８７－２", "緯度": 34.782504, "経度": 133.926612, "url": "https://www.iryou.teikyouseido.mhlw.go.jp/znk-web/juminkanja/S2430/initialize?prefCd=33&kikanCd=3330005960&kikanKbn=3", "url2": "http://www.maple-dental.com", "内容": "メイプルデンタルクリニック【3:歯科】岡山県岡山市北区御津宇垣１６８７－２" }, "geometry": { "type": "Point", "coordinates": [ 133.926612, 34.782504 ] } },
{ "type": "Feature", "properties": { "ID": 3333330005970, "正式名称": "医療法人メープル　メープル歯科クリニック", "機関区分": 3, "都道府県コード": 33, "市区町村コード": 104, "所在地": "岡山県岡山市南区浦安本町８５－８", "緯度": 34.607496, "経度": 133.91823, "url": "https://www.iryou.teikyouseido.mhlw.go.jp/znk-web/juminkanja/S2430/initialize?prefCd=33&kikanCd=3330005970&kikanKbn=3", "url2": null, "内容": "医療法人メープル　メープル歯科クリニック【3:歯科】岡山県岡山市南区浦安本町８５－８" }, "geometry": { "type": "Point", "coordinates": [ 133.91823, 34.607496 ] } },
{ "type": "Feature", "properties": { "ID": 3333330005980, "正式名称": "医療法人毛利歯科医院", "機関区分": 3, "都道府県コード": 33, "市区町村コード": 102, "所在地": "岡山県岡山市中区藤崎４０２－２", "緯度": 34.619718, "経度": 133.967725, "url": "https://www.iryou.teikyouseido.mhlw.go.jp/znk-web/juminkanja/S2430/initialize?prefCd=33&kikanCd=3330005980&kikanKbn=3", "url2": null, "内容": "医療法人毛利歯科医院【3:歯科】岡山県岡山市中区藤崎４０２－２" }, "geometry": { "type": "Point", "coordinates": [ 133.967725, 34.619718 ] } },
{ "type": "Feature", "properties": { "ID": 3333330005990, "正式名称": "医）モモデンタルクリニック", "機関区分": 3, "都道府県コード": 33, "市区町村コード": 101, "所在地": "岡山県岡山市北区駅元町１－５　ホテルグランヴィア岡山２Ｆ", "緯度": 34.663909, "経度": 133.917368, "url": "https://www.iryou.teikyouseido.mhlw.go.jp/znk-web/juminkanja/S2430/initialize?prefCd=33&kikanCd=3330005990&kikanKbn=3", "url2": "http://www.momo-dc.com", "内容": "医）モモデンタルクリニック【3:歯科】岡山県岡山市北区駅元町１－５　ホテルグランヴィア岡山２Ｆ" }, "geometry": { "type": "Point", "coordinates": [ 133.917368, 34.663909 ] } },
{ "type": "Feature", "properties": { "ID": 3333330006000, "正式名称": "森田歯科", "機関区分": 3, "都道府県コード": 33, "市区町村コード": 101, "所在地": "岡山県岡山市北区本町１０－２２本町マンションビル３階３０１号", "緯度": 34.664017, "経度": 133.920505, "url": "https://www.iryou.teikyouseido.mhlw.go.jp/znk-web/juminkanja/S2430/initialize?prefCd=33&kikanCd=3330006000&kikanKbn=3", "url2": "https://www.morita-dentaloffice.com", "内容": "森田歯科【3:歯科】岡山県岡山市北区本町１０－２２本町マンションビル３階３０１号" }, "geometry": { "type": "Point", "coordinates": [ 133.920505, 34.664017 ] } },
{ "type": "Feature", "properties": { "ID": 3333330006020, "正式名称": "医療法人光済会森本歯科医院", "機関区分": 3, "都道府県コード": 33, "市区町村コード": 101, "所在地": "岡山県岡山市北区野田屋町１－１－３", "緯度": 34.665989, "経度": 133.923033, "url": "https://www.iryou.teikyouseido.mhlw.go.jp/znk-web/juminkanja/S2430/initialize?prefCd=33&kikanCd=3330006020&kikanKbn=3", "url2": "http://www.morimoto-dental.net", "内容": "医療法人光済会森本歯科医院【3:歯科】岡山県岡山市北区野田屋町１－１－３" }, "geometry": { "type": "Point", "coordinates": [ 133.923033, 34.665989 ] } },
{ "type": "Feature", "properties": { "ID": 3333330006030, "正式名称": "矢尾デンタルクリニック", "機関区分": 3, "都道府県コード": 33, "市区町村コード": 101, "所在地": "岡山県岡山市北区庭瀬５４０", "緯度": 34.645657, "経度": 133.848096, "url": "https://www.iryou.teikyouseido.mhlw.go.jp/znk-web/juminkanja/S2430/initialize?prefCd=33&kikanCd=3330006030&kikanKbn=3", "url2": null, "内容": "矢尾デンタルクリニック【3:歯科】岡山県岡山市北区庭瀬５４０" }, "geometry": { "type": "Point", "coordinates": [ 133.848096, 34.645657 ] } },
{ "type": "Feature", "properties": { "ID": 3333330006040, "正式名称": "安井歯科クリニック", "機関区分": 3, "都道府県コード": 33, "市区町村コード": 102, "所在地": "岡山県岡山市中区門田屋敷１丁目９番３５号", "緯度": 34.656435, "経度": 133.939782, "url": "https://www.iryou.teikyouseido.mhlw.go.jp/znk-web/juminkanja/S2430/initialize?prefCd=33&kikanCd=3330006040&kikanKbn=3", "url2": "http://yasui.dentalmall.jp", "内容": "安井歯科クリニック【3:歯科】岡山県岡山市中区門田屋敷１丁目９番３５号" }, "geometry": { "type": "Point", "coordinates": [ 133.939782, 34.656435 ] } },
{ "type": "Feature", "properties": { "ID": 3333330006050, "正式名称": "矢吹歯科診療所", "機関区分": 3, "都道府県コード": 33, "市区町村コード": 101, "所在地": "岡山県岡山市北区内山下１丁目２－１１", "緯度": 34.661796, "経度": 133.931838, "url": "https://www.iryou.teikyouseido.mhlw.go.jp/znk-web/juminkanja/S2430/initialize?prefCd=33&kikanCd=3330006050&kikanKbn=3", "url2": null, "内容": "矢吹歯科診療所【3:歯科】岡山県岡山市北区内山下１丁目２－１１" }, "geometry": { "type": "Point", "coordinates": [ 133.931838, 34.661796 ] } },
{ "type": "Feature", "properties": { "ID": 3333330006060, "正式名称": "矢部歯科医院", "機関区分": 3, "都道府県コード": 33, "市区町村コード": 103, "所在地": "岡山県岡山市東区中尾２９４番１", "緯度": 34.699793, "経度": 134.02269, "url": "https://www.iryou.teikyouseido.mhlw.go.jp/znk-web/juminkanja/S2430/initialize?prefCd=33&kikanCd=3330006060&kikanKbn=3", "url2": null, "内容": "矢部歯科医院【3:歯科】岡山県岡山市東区中尾２９４番１" }, "geometry": { "type": "Point", "coordinates": [ 134.02269, 34.699793 ] } },
{ "type": "Feature", "properties": { "ID": 3333330006070, "正式名称": "山口歯科医院", "機関区分": 3, "都道府県コード": 33, "市区町村コード": 101, "所在地": "岡山県岡山市北区奉還町１丁目１２番１０号", "緯度": 34.669211, "経度": 133.918533, "url": "https://www.iryou.teikyouseido.mhlw.go.jp/znk-web/juminkanja/S2430/initialize?prefCd=33&kikanCd=3330006070&kikanKbn=3", "url2": null, "内容": "山口歯科医院【3:歯科】岡山県岡山市北区奉還町１丁目１２番１０号" }, "geometry": { "type": "Point", "coordinates": [ 133.918533, 34.669211 ] } },
{ "type": "Feature", "properties": { "ID": 3333330006080, "正式名称": "山下歯科医院", "機関区分": 3, "都道府県コード": 33, "市区町村コード": 104, "所在地": "岡山県岡山市南区箕島２０１２", "緯度": 34.611855, "経度": 133.852346, "url": "https://www.iryou.teikyouseido.mhlw.go.jp/znk-web/juminkanja/S2430/initialize?prefCd=33&kikanCd=3330006080&kikanKbn=3", "url2": "http://www.yamashita-dent.com", "内容": "山下歯科医院【3:歯科】岡山県岡山市南区箕島２０１２" }, "geometry": { "type": "Point", "coordinates": [ 133.852346, 34.611855 ] } },
{ "type": "Feature", "properties": { "ID": 3333330006100, "正式名称": "やまだ歯科医院", "機関区分": 3, "都道府県コード": 33, "市区町村コード": 101, "所在地": "岡山県岡山市北区下中野３３８－１２４アースビルⅢ", "緯度": 34.640992, "経度": 133.905396, "url": "https://www.iryou.teikyouseido.mhlw.go.jp/znk-web/juminkanja/S2430/initialize?prefCd=33&kikanCd=3330006100&kikanKbn=3", "url2": null, "内容": "やまだ歯科医院【3:歯科】岡山県岡山市北区下中野３３８－１２４アースビルⅢ" }, "geometry": { "type": "Point", "coordinates": [ 133.905396, 34.640992 ] } },
{ "type": "Feature", "properties": { "ID": 3333330006110, "正式名称": "山本歯科医院", "機関区分": 3, "都道府県コード": 33, "市区町村コード": 101, "所在地": "岡山県岡山市北区伊福町２－１５－２７", "緯度": 34.673572, "経度": 133.915172, "url": "https://www.iryou.teikyouseido.mhlw.go.jp/znk-web/juminkanja/S2430/initialize?prefCd=33&kikanCd=3330006110&kikanKbn=3", "url2": "https://www.yamamoto-dentaloffice.com", "内容": "山本歯科医院【3:歯科】岡山県岡山市北区伊福町２－１５－２７" }, "geometry": { "type": "Point", "coordinates": [ 133.915172, 34.673572 ] } },
{ "type": "Feature", "properties": { "ID": 3333330006120, "正式名称": "山本歯科クリニック", "機関区分": 3, "都道府県コード": 33, "市区町村コード": 102, "所在地": "岡山県岡山市中区浜３５５", "緯度": 34.671295, "経度": 133.939781, "url": "https://www.iryou.teikyouseido.mhlw.go.jp/znk-web/juminkanja/S2430/initialize?prefCd=33&kikanCd=3330006120&kikanKbn=3", "url2": "http://www.yamamoto-dc.info/", "内容": "山本歯科クリニック【3:歯科】岡山県岡山市中区浜３５５" }, "geometry": { "type": "Point", "coordinates": [ 133.939781, 34.671295 ] } },
{ "type": "Feature", "properties": { "ID": 3333330006130, "正式名称": "やまもと小児歯科・矯正歯科クリニック", "機関区分": 3, "都道府県コード": 33, "市区町村コード": 101, "所在地": "岡山県岡山市北区北長瀬表町二丁目５番１２号", "緯度": 34.650907, "経度": 133.888481, "url": "https://www.iryou.teikyouseido.mhlw.go.jp/znk-web/juminkanja/S2430/initialize?prefCd=33&kikanCd=3330006130&kikanKbn=3", "url2": "http://www.yamamoto-shika.com", "内容": "やまもと小児歯科・矯正歯科クリニック【3:歯科】岡山県岡山市北区北長瀬表町二丁目５番１２号" }, "geometry": { "type": "Point", "coordinates": [ 133.888481, 34.650907 ] } },
{ "type": "Feature", "properties": { "ID": 3333330006140, "正式名称": "湯浅歯科医院", "機関区分": 3, "都道府県コード": 33, "市区町村コード": 101, "所在地": "岡山県岡山市北区中山下１－８－４５ＮＴＴクレド岡山ビル８階", "緯度": 34.662879, "経度": 133.926783, "url": "https://www.iryou.teikyouseido.mhlw.go.jp/znk-web/juminkanja/S2430/initialize?prefCd=33&kikanCd=3330006140&kikanKbn=3", "url2": null, "内容": "湯浅歯科医院【3:歯科】岡山県岡山市北区中山下１－８－４５ＮＴＴクレド岡山ビル８階" }, "geometry": { "type": "Point", "coordinates": [ 133.926783, 34.662879 ] } },
{ "type": "Feature", "properties": { "ID": 3333330006150, "正式名称": "友愛歯科内田", "機関区分": 3, "都道府県コード": 33, "市区町村コード": 104, "所在地": "岡山県岡山市南区西市５９１－２４", "緯度": 34.633354, "経度": 133.89612, "url": "https://www.iryou.teikyouseido.mhlw.go.jp/znk-web/juminkanja/S2430/initialize?prefCd=33&kikanCd=3330006150&kikanKbn=3", "url2": null, "内容": "友愛歯科内田【3:歯科】岡山県岡山市南区西市５９１－２４" }, "geometry": { "type": "Point", "coordinates": [ 133.89612, 34.633354 ] } },
{ "type": "Feature", "properties": { "ID": 3333330006160, "正式名称": "医療法人　社団　豊生会　湯原歯科医院", "機関区分": 3, "都道府県コード": 33, "市区町村コード": 103, "所在地": "岡山県岡山市東区西大寺中野１３７－１１", "緯度": 34.657826, "経度": 134.029746, "url": "https://www.iryou.teikyouseido.mhlw.go.jp/znk-web/juminkanja/S2430/initialize?prefCd=33&kikanCd=3330006160&kikanKbn=3", "url2": "http://www.yuhara.info", "内容": "医療法人　社団　豊生会　湯原歯科医院【3:歯科】岡山県岡山市東区西大寺中野１３７－１１" }, "geometry": { "type": "Point", "coordinates": [ 134.029746, 34.657826 ] } },
{ "type": "Feature", "properties": { "ID": 3333330006180, "正式名称": "横山歯科医院", "機関区分": 3, "都道府県コード": 33, "市区町村コード": 104, "所在地": "岡山県岡山市南区千鳥町２２－８", "緯度": 34.612885, "経度": 133.948727, "url": "https://www.iryou.teikyouseido.mhlw.go.jp/znk-web/juminkanja/S2430/initialize?prefCd=33&kikanCd=3330006180&kikanKbn=3", "url2": null, "内容": "横山歯科医院【3:歯科】岡山県岡山市南区千鳥町２２－８" }, "geometry": { "type": "Point", "coordinates": [ 133.948727, 34.612885 ] } },
{ "type": "Feature", "properties": { "ID": 3333330006200, "正式名称": "医療法人碧水会横山歯科医院", "機関区分": 3, "都道府県コード": 33, "市区町村コード": 101, "所在地": "岡山県岡山市北区南方２丁目１－２６", "緯度": 34.673322, "経度": 133.92206, "url": "https://www.iryou.teikyouseido.mhlw.go.jp/znk-web/juminkanja/S2430/initialize?prefCd=33&kikanCd=3330006200&kikanKbn=3", "url2": "http://yokoyama-doc.com", "内容": "医療法人碧水会横山歯科医院【3:歯科】岡山県岡山市北区南方２丁目１－２６" }, "geometry": { "type": "Point", "coordinates": [ 133.92206, 34.673322 ] } },
{ "type": "Feature", "properties": { "ID": 3333330006210, "正式名称": "医療法人吉崎歯科", "機関区分": 3, "都道府県コード": 33, "市区町村コード": 103, "所在地": "岡山県岡山市東区瀬戸町瀬戸７８－５", "緯度": 34.735401, "経度": 134.039687, "url": "https://www.iryou.teikyouseido.mhlw.go.jp/znk-web/juminkanja/S2430/initialize?prefCd=33&kikanCd=3330006210&kikanKbn=3", "url2": "http://www.yoshizaki-dental.com/", "内容": "医療法人吉崎歯科【3:歯科】岡山県岡山市東区瀬戸町瀬戸７８－５" }, "geometry": { "type": "Point", "coordinates": [ 134.039687, 34.735401 ] } },
{ "type": "Feature", "properties": { "ID": 3333330006220, "正式名称": "吉田歯科医院", "機関区分": 3, "都道府県コード": 33, "市区町村コード": 102, "所在地": "岡山県岡山市中区円山１０２３", "緯度": 34.655797, "経度": 133.97339, "url": "https://www.iryou.teikyouseido.mhlw.go.jp/znk-web/juminkanja/S2430/initialize?prefCd=33&kikanCd=3330006220&kikanKbn=3", "url2": null, "内容": "吉田歯科医院【3:歯科】岡山県岡山市中区円山１０２３" }, "geometry": { "type": "Point", "coordinates": [ 133.97339, 34.655797 ] } },
{ "type": "Feature", "properties": { "ID": 3333330006230, "正式名称": "吉田歯科医院", "機関区分": 3, "都道府県コード": 33, "市区町村コード": 101, "所在地": "岡山県岡山市北区錦町１－１６", "緯度": 34.663212, "経度": 133.920117, "url": "https://www.iryou.teikyouseido.mhlw.go.jp/znk-web/juminkanja/S2430/initialize?prefCd=33&kikanCd=3330006230&kikanKbn=3", "url2": "http://okayama-yoshidadc.com/", "内容": "吉田歯科医院【3:歯科】岡山県岡山市北区錦町１－１６" }, "geometry": { "type": "Point", "coordinates": [ 133.920117, 34.663212 ] } },
{ "type": "Feature", "properties": { "ID": 3333330006240, "正式名称": "吉田歯科医院", "機関区分": 3, "都道府県コード": 33, "市区町村コード": 102, "所在地": "岡山県岡山市中区雄町３０８－４", "緯度": 34.68621, "経度": 133.973472, "url": "https://www.iryou.teikyouseido.mhlw.go.jp/znk-web/juminkanja/S2430/initialize?prefCd=33&kikanCd=3330006240&kikanKbn=3", "url2": null, "内容": "吉田歯科医院【3:歯科】岡山県岡山市中区雄町３０８－４" }, "geometry": { "type": "Point", "coordinates": [ 133.973472, 34.68621 ] } },
{ "type": "Feature", "properties": { "ID": 3333330006250, "正式名称": "吉久歯科医院", "機関区分": 3, "都道府県コード": 33, "市区町村コード": 101, "所在地": "岡山県岡山市北区三門中町４－３１", "緯度": 34.668794, "経度": 133.904395, "url": "https://www.iryou.teikyouseido.mhlw.go.jp/znk-web/juminkanja/S2430/initialize?prefCd=33&kikanCd=3330006250&kikanKbn=3", "url2": null, "内容": "吉久歯科医院【3:歯科】岡山県岡山市北区三門中町４－３１" }, "geometry": { "type": "Point", "coordinates": [ 133.904395, 34.668794 ] } },
{ "type": "Feature", "properties": { "ID": 3333330006260, "正式名称": "リーブル歯科", "機関区分": 3, "都道府県コード": 33, "市区町村コード": 101, "所在地": "岡山県岡山市北区北長瀬表町２－３－６青江ビル１Ｆ", "緯度": 34.650518, "経度": 133.890258, "url": "https://www.iryou.teikyouseido.mhlw.go.jp/znk-web/juminkanja/S2430/initialize?prefCd=33&kikanCd=3330006260&kikanKbn=3", "url2": "http://libredc.com/", "内容": "リーブル歯科【3:歯科】岡山県岡山市北区北長瀬表町２－３－６青江ビル１Ｆ" }, "geometry": { "type": "Point", "coordinates": [ 133.890258, 34.650518 ] } },
{ "type": "Feature", "properties": { "ID": 3333330006270, "正式名称": "医療法人メロディ　わかさハーモニー歯科", "機関区分": 3, "都道府県コード": 33, "市区町村コード": 101, "所在地": "岡山県岡山市北区平野５３４－１５", "緯度": 34.646601, "経度": 133.861122, "url": "https://www.iryou.teikyouseido.mhlw.go.jp/znk-web/juminkanja/S2430/initialize?prefCd=33&kikanCd=3330006270&kikanKbn=3", "url2": "https://www.harmony-dent.com", "内容": "医療法人メロディ　わかさハーモニー歯科【3:歯科】岡山県岡山市北区平野５３４－１５" }, "geometry": { "type": "Point", "coordinates": [ 133.861122, 34.646601 ] } },
{ "type": "Feature", "properties": { "ID": 3333330006280, "正式名称": "わかば歯科医院", "機関区分": 3, "都道府県コード": 33, "市区町村コード": 104, "所在地": "岡山県岡山市南区若葉町２８－３２", "緯度": 34.608524, "経度": 133.948532, "url": "https://www.iryou.teikyouseido.mhlw.go.jp/znk-web/juminkanja/S2430/initialize?prefCd=33&kikanCd=3330006280&kikanKbn=3", "url2": null, "内容": "わかば歯科医院【3:歯科】岡山県岡山市南区若葉町２８－３２" }, "geometry": { "type": "Point", "coordinates": [ 133.948532, 34.608524 ] } },
{ "type": "Feature", "properties": { "ID": 3333330006290, "正式名称": "脇本歯科医院", "機関区分": 3, "都道府県コード": 33, "市区町村コード": 102, "所在地": "岡山県岡山市中区山崎３１２－９３", "緯度": 34.65177, "経度": 133.968113, "url": "https://www.iryou.teikyouseido.mhlw.go.jp/znk-web/juminkanja/S2430/initialize?prefCd=33&kikanCd=3330006290&kikanKbn=3", "url2": null, "内容": "脇本歯科医院【3:歯科】岡山県岡山市中区山崎３１２－９３" }, "geometry": { "type": "Point", "coordinates": [ 133.968113, 34.65177 ] } },
{ "type": "Feature", "properties": { "ID": 3333330006300, "正式名称": "脇本歯科医院", "機関区分": 3, "都道府県コード": 33, "市区町村コード": 101, "所在地": "岡山県岡山市北区西花尻１２３９－１", "緯度": 34.652684, "経度": 133.855984, "url": "https://www.iryou.teikyouseido.mhlw.go.jp/znk-web/juminkanja/S2430/initialize?prefCd=33&kikanCd=3330006300&kikanKbn=3", "url2": "https://wakimoto-dc.sakura.ne.jp/", "内容": "脇本歯科医院【3:歯科】岡山県岡山市北区西花尻１２３９－１" }, "geometry": { "type": "Point", "coordinates": [ 133.855984, 34.652684 ] } },
{ "type": "Feature", "properties": { "ID": 3333330006310, "正式名称": "和気歯科医院", "機関区分": 3, "都道府県コード": 33, "市区町村コード": 104, "所在地": "岡山県岡山市南区新保１３１８－１０", "緯度": 34.634104, "経度": 133.906952, "url": "https://www.iryou.teikyouseido.mhlw.go.jp/znk-web/juminkanja/S2430/initialize?prefCd=33&kikanCd=3330006310&kikanKbn=3", "url2": "http://www.wake-clinic-com/", "内容": "和気歯科医院【3:歯科】岡山県岡山市南区新保１３１８－１０" }, "geometry": { "type": "Point", "coordinates": [ 133.906952, 34.634104 ] } },
{ "type": "Feature", "properties": { "ID": 3333330006320, "正式名称": "和気歯科医院", "機関区分": 3, "都道府県コード": 33, "市区町村コード": 101, "所在地": "岡山県岡山市北区清輝橋２－３－６", "緯度": 34.650574, "経度": 133.925033, "url": "https://www.iryou.teikyouseido.mhlw.go.jp/znk-web/juminkanja/S2430/initialize?prefCd=33&kikanCd=3330006320&kikanKbn=3", "url2": null, "内容": "和気歯科医院【3:歯科】岡山県岡山市北区清輝橋２－３－６" }, "geometry": { "type": "Point", "coordinates": [ 133.925033, 34.650574 ] } },
{ "type": "Feature", "properties": { "ID": 3333330006330, "正式名称": "渡里歯科医院", "機関区分": 3, "都道府県コード": 33, "市区町村コード": 102, "所在地": "岡山県岡山市中区中井４３６－１", "緯度": 34.686682, "経度": 133.958529, "url": "https://www.iryou.teikyouseido.mhlw.go.jp/znk-web/juminkanja/S2430/initialize?prefCd=33&kikanCd=3330006330&kikanKbn=3", "url2": null, "内容": "渡里歯科医院【3:歯科】岡山県岡山市中区中井４３６－１" }, "geometry": { "type": "Point", "coordinates": [ 133.958529, 34.686682 ] } },
{ "type": "Feature", "properties": { "ID": 3333330006340, "正式名称": "医療法人ゆたか　わたなべ歯科クリニック", "機関区分": 3, "都道府県コード": 33, "市区町村コード": 104, "所在地": "岡山県岡山市南区東畦１１２－１０", "緯度": 34.60755, "経度": 133.8719, "url": "https://www.iryou.teikyouseido.mhlw.go.jp/znk-web/juminkanja/S2430/initialize?prefCd=33&kikanCd=3330006340&kikanKbn=3", "url2": "http://www.watanabe-dent.com", "内容": "医療法人ゆたか　わたなべ歯科クリニック【3:歯科】岡山県岡山市南区東畦１１２－１０" }, "geometry": { "type": "Point", "coordinates": [ 133.8719, 34.60755 ] } },
{ "type": "Feature", "properties": { "ID": 3333330006350, "正式名称": "あい歯科クリニック", "機関区分": 3, "都道府県コード": 33, "市区町村コード": 202, "所在地": "岡山県倉敷市児島小川１丁目６番７号", "緯度": 34.469981, "経度": 133.806216, "url": "https://www.iryou.teikyouseido.mhlw.go.jp/znk-web/juminkanja/S2430/initialize?prefCd=33&kikanCd=3330006350&kikanKbn=3", "url2": null, "内容": "あい歯科クリニック【3:歯科】岡山県倉敷市児島小川１丁目６番７号" }, "geometry": { "type": "Point", "coordinates": [ 133.806216, 34.469981 ] } },
{ "type": "Feature", "properties": { "ID": 3333330006360, "正式名称": "医療法人　あおき歯科医院", "機関区分": 3, "都道府県コード": 33, "市区町村コード": 202, "所在地": "岡山県倉敷市宮前３２６－４８", "緯度": 34.612409, "経度": 133.766021, "url": "https://www.iryou.teikyouseido.mhlw.go.jp/znk-web/juminkanja/S2430/initialize?prefCd=33&kikanCd=3330006360&kikanKbn=3", "url2": "http://aokidc.dentalmall.jp/", "内容": "医療法人　あおき歯科医院【3:歯科】岡山県倉敷市宮前３２６－４８" }, "geometry": { "type": "Point", "coordinates": [ 133.766021, 34.612409 ] } },
{ "type": "Feature", "properties": { "ID": 3333330006370, "正式名称": "あおば歯科医院", "機関区分": 3, "都道府県コード": 33, "市区町村コード": 202, "所在地": "岡山県倉敷市水江１５９８－８０", "緯度": 34.597604, "経度": 133.744662, "url": "https://www.iryou.teikyouseido.mhlw.go.jp/znk-web/juminkanja/S2430/initialize?prefCd=33&kikanCd=3330006370&kikanKbn=3", "url2": null, "内容": "あおば歯科医院【3:歯科】岡山県倉敷市水江１５９８－８０" }, "geometry": { "type": "Point", "coordinates": [ 133.744662, 34.597604 ] } },
{ "type": "Feature", "properties": { "ID": 3333330006380, "正式名称": "あかさき歯科医院", "機関区分": 3, "都道府県コード": 33, "市区町村コード": 202, "所在地": "岡山県倉敷市菰池１丁目１０９７－２", "緯度": 34.455354, "経度": 133.794862, "url": "https://www.iryou.teikyouseido.mhlw.go.jp/znk-web/juminkanja/S2430/initialize?prefCd=33&kikanCd=3330006380&kikanKbn=3", "url2": null, "内容": "あかさき歯科医院【3:歯科】岡山県倉敷市菰池１丁目１０９７－２" }, "geometry": { "type": "Point", "coordinates": [ 133.794862, 34.455354 ] } },
{ "type": "Feature", "properties": { "ID": 3333330006390, "正式名称": "あかざわ歯科医院", "機関区分": 3, "都道府県コード": 33, "市区町村コード": 202, "所在地": "岡山県倉敷市福島６９０－２", "緯度": 34.601021, "経度": 133.781881, "url": "https://www.iryou.teikyouseido.mhlw.go.jp/znk-web/juminkanja/S2430/initialize?prefCd=33&kikanCd=3330006390&kikanKbn=3", "url2": null, "内容": "あかざわ歯科医院【3:歯科】岡山県倉敷市福島６９０－２" }, "geometry": { "type": "Point", "coordinates": [ 133.781881, 34.601021 ] } },
{ "type": "Feature", "properties": { "ID": 3333330006400, "正式名称": "医療法人あかり歯科クリニック", "機関区分": 3, "都道府県コード": 33, "市区町村コード": 202, "所在地": "岡山県倉敷市児島駅前１丁目１３－１", "緯度": 34.461732, "経度": 133.805022, "url": "https://www.iryou.teikyouseido.mhlw.go.jp/znk-web/juminkanja/S2430/initialize?prefCd=33&kikanCd=3330006400&kikanKbn=3", "url2": "http://www.akari-dc.com", "内容": "医療法人あかり歯科クリニック【3:歯科】岡山県倉敷市児島駅前１丁目１３－１" }, "geometry": { "type": "Point", "coordinates": [ 133.805022, 34.461732 ] } },
{ "type": "Feature", "properties": { "ID": 3333330006410, "正式名称": "アキラ歯科診療所", "機関区分": 3, "都道府県コード": 33, "市区町村コード": 202, "所在地": "岡山県倉敷市児島上の町１丁目１１－２０ー３", "緯度": 34.468982, "経度": 133.818743, "url": "https://www.iryou.teikyouseido.mhlw.go.jp/znk-web/juminkanja/S2430/initialize?prefCd=33&kikanCd=3330006410&kikanKbn=3", "url2": null, "内容": "アキラ歯科診療所【3:歯科】岡山県倉敷市児島上の町１丁目１１－２０ー３" }, "geometry": { "type": "Point", "coordinates": [ 133.818743, 34.468982 ] } },
{ "type": "Feature", "properties": { "ID": 3333330006420, "正式名称": "あさき歯科医院", "機関区分": 3, "都道府県コード": 33, "市区町村コード": 202, "所在地": "岡山県倉敷市松島１０６１－１", "緯度": 34.628019, "経度": 133.805239, "url": "https://www.iryou.teikyouseido.mhlw.go.jp/znk-web/juminkanja/S2430/initialize?prefCd=33&kikanCd=3330006420&kikanKbn=3", "url2": null, "内容": "あさき歯科医院【3:歯科】岡山県倉敷市松島１０６１－１" }, "geometry": { "type": "Point", "coordinates": [ 133.805239, 34.628019 ] } },
{ "type": "Feature", "properties": { "ID": 3333330006430, "正式名称": "医療法人　阿知歯科医院", "機関区分": 3, "都道府県コード": 33, "市区町村コード": 202, "所在地": "岡山県倉敷市鶴形１－２－２", "緯度": 34.601327, "経度": 133.769215, "url": "https://www.iryou.teikyouseido.mhlw.go.jp/znk-web/juminkanja/S2430/initialize?prefCd=33&kikanCd=3330006430&kikanKbn=3", "url2": "https://www.achishika.com/", "内容": "医療法人　阿知歯科医院【3:歯科】岡山県倉敷市鶴形１－２－２" }, "geometry": { "type": "Point", "coordinates": [ 133.769215, 34.601327 ] } },
{ "type": "Feature", "properties": { "ID": 3333330006440, "正式名称": "医療法人水仁会　あゆみ歯科クリニック", "機関区分": 3, "都道府県コード": 33, "市区町村コード": 202, "所在地": "岡山県倉敷市白楽町３９－８", "緯度": 34.591689, "経度": 133.763938, "url": "https://www.iryou.teikyouseido.mhlw.go.jp/znk-web/juminkanja/S2430/initialize?prefCd=33&kikanCd=3330006440&kikanKbn=3", "url2": null, "内容": "医療法人水仁会　あゆみ歯科クリニック【3:歯科】岡山県倉敷市白楽町３９－８" }, "geometry": { "type": "Point", "coordinates": [ 133.763938, 34.591689 ] } },
{ "type": "Feature", "properties": { "ID": 3333330006450, "正式名称": "ありい歯科医院", "機関区分": 3, "都道府県コード": 33, "市区町村コード": 202, "所在地": "岡山県倉敷市真備町有井２７０－２", "緯度": 34.638543, "経度": 133.705192, "url": "https://www.iryou.teikyouseido.mhlw.go.jp/znk-web/juminkanja/S2430/initialize?prefCd=33&kikanCd=3330006450&kikanKbn=3", "url2": null, "内容": "ありい歯科医院【3:歯科】岡山県倉敷市真備町有井２７０－２" }, "geometry": { "type": "Point", "coordinates": [ 133.705192, 34.638543 ] } },
{ "type": "Feature", "properties": { "ID": 3333330006460, "正式名称": "いくま歯科", "機関区分": 3, "都道府県コード": 33, "市区町村コード": 202, "所在地": "岡山県倉敷市白楽町５８８", "緯度": 34.589134, "経度": 133.767382, "url": "https://www.iryou.teikyouseido.mhlw.go.jp/znk-web/juminkanja/S2430/initialize?prefCd=33&kikanCd=3330006460&kikanKbn=3", "url2": null, "内容": "いくま歯科【3:歯科】岡山県倉敷市白楽町５８８" }, "geometry": { "type": "Point", "coordinates": [ 133.767382, 34.589134 ] } },
{ "type": "Feature", "properties": { "ID": 3333330006470, "正式名称": "石井歯科医院", "機関区分": 3, "都道府県コード": 33, "市区町村コード": 202, "所在地": "岡山県倉敷市児島田の口５丁目７番３０号", "緯度": 34.471788, "経度": 133.847185, "url": "https://www.iryou.teikyouseido.mhlw.go.jp/znk-web/juminkanja/S2430/initialize?prefCd=33&kikanCd=3330006470&kikanKbn=3", "url2": null, "内容": "石井歯科医院【3:歯科】岡山県倉敷市児島田の口５丁目７番３０号" }, "geometry": { "type": "Point", "coordinates": [ 133.847185, 34.471788 ] } },
{ "type": "Feature", "properties": { "ID": 3333330006480, "正式名称": "イシイ矯正歯科クリニック", "機関区分": 3, "都道府県コード": 33, "市区町村コード": 202, "所在地": "岡山県倉敷市昭和２－１－１ホワイトスクエア３Ｆ", "緯度": 34.60241, "経度": 133.769021, "url": "https://www.iryou.teikyouseido.mhlw.go.jp/znk-web/juminkanja/S2430/initialize?prefCd=33&kikanCd=3330006480&kikanKbn=3", "url2": "http://www.402-141.com", "内容": "イシイ矯正歯科クリニック【3:歯科】岡山県倉敷市昭和２－１－１ホワイトスクエア３Ｆ" }, "geometry": { "type": "Point", "coordinates": [ 133.769021, 34.60241 ] } },
{ "type": "Feature", "properties": { "ID": 3333330006490, "正式名称": "石田歯科医院", "機関区分": 3, "都道府県コード": 33, "市区町村コード": 202, "所在地": "岡山県倉敷市玉島中央町１丁目２２番４３号", "緯度": 34.542387, "経度": 133.669726, "url": "https://www.iryou.teikyouseido.mhlw.go.jp/znk-web/juminkanja/S2430/initialize?prefCd=33&kikanCd=3330006490&kikanKbn=3", "url2": "http://www.ishida-dc.net/", "内容": "石田歯科医院【3:歯科】岡山県倉敷市玉島中央町１丁目２２番４３号" }, "geometry": { "type": "Point", "coordinates": [ 133.669726, 34.542387 ] } },
{ "type": "Feature", "properties": { "ID": 3333330006510, "正式名称": "医療法人皓歯会　逸見歯科医院", "機関区分": 3, "都道府県コード": 33, "市区町村コード": 202, "所在地": "岡山県倉敷市阿知３丁目１－１３", "緯度": 34.600327, "経度": 133.766216, "url": "https://www.iryou.teikyouseido.mhlw.go.jp/znk-web/juminkanja/S2430/initialize?prefCd=33&kikanCd=3330006510&kikanKbn=3", "url2": "http://henmi-dental-clinic.com/", "内容": "医療法人皓歯会　逸見歯科医院【3:歯科】岡山県倉敷市阿知３丁目１－１３" }, "geometry": { "type": "Point", "coordinates": [ 133.766216, 34.600327 ] } },
{ "type": "Feature", "properties": { "ID": 3333330006520, "正式名称": "医療法人社団　井手歯科医院", "機関区分": 3, "都道府県コード": 33, "市区町村コード": 202, "所在地": "岡山県倉敷市玉島勇崎１００９－５", "緯度": 34.519389, "経度": 133.6532, "url": "https://www.iryou.teikyouseido.mhlw.go.jp/znk-web/juminkanja/S2430/initialize?prefCd=33&kikanCd=3330006520&kikanKbn=3", "url2": "http:ide-shika.jp", "内容": "医療法人社団　井手歯科医院【3:歯科】岡山県倉敷市玉島勇崎１００９－５" }, "geometry": { "type": "Point", "coordinates": [ 133.6532, 34.519389 ] } },
{ "type": "Feature", "properties": { "ID": 3333330006530, "正式名称": "稲垣歯科医院", "機関区分": 3, "都道府県コード": 33, "市区町村コード": 202, "所在地": "岡山県倉敷市老松町４－６－２６", "緯度": 34.594577, "経度": 133.758939, "url": "https://www.iryou.teikyouseido.mhlw.go.jp/znk-web/juminkanja/S2430/initialize?prefCd=33&kikanCd=3330006530&kikanKbn=3", "url2": null, "内容": "稲垣歯科医院【3:歯科】岡山県倉敷市老松町４－６－２６" }, "geometry": { "type": "Point", "coordinates": [ 133.758939, 34.594577 ] } },
{ "type": "Feature", "properties": { "ID": 3333330006540, "正式名称": "稲田歯科医院", "機関区分": 3, "都道府県コード": 33, "市区町村コード": 202, "所在地": "岡山県倉敷市西尾１３７－１", "緯度": 34.656238, "経度": 133.822848, "url": "https://www.iryou.teikyouseido.mhlw.go.jp/znk-web/juminkanja/S2430/initialize?prefCd=33&kikanCd=3330006540&kikanKbn=3", "url2": null, "内容": "稲田歯科医院【3:歯科】岡山県倉敷市西尾１３７－１" }, "geometry": { "type": "Point", "coordinates": [ 133.822848, 34.656238 ] } },
{ "type": "Feature", "properties": { "ID": 3333330006550, "正式名称": "医療法人　今兼歯科医院", "機関区分": 3, "都道府県コード": 33, "市区町村コード": 202, "所在地": "岡山県倉敷市神田４丁目３－３０", "緯度": 34.544638, "経度": 133.729832, "url": "https://www.iryou.teikyouseido.mhlw.go.jp/znk-web/juminkanja/S2430/initialize?prefCd=33&kikanCd=3330006550&kikanKbn=3", "url2": "http://imagane-dc.com/", "内容": "医療法人　今兼歯科医院【3:歯科】岡山県倉敷市神田４丁目３－３０" }, "geometry": { "type": "Point", "coordinates": [ 133.729832, 34.544638 ] } },
{ "type": "Feature", "properties": { "ID": 3333330006560, "正式名称": "上野歯科医院", "機関区分": 3, "都道府県コード": 33, "市区町村コード": 202, "所在地": "岡山県倉敷市児島駅前１丁目１０２番地", "緯度": 34.466037, "経度": 133.803244, "url": "https://www.iryou.teikyouseido.mhlw.go.jp/znk-web/juminkanja/S2430/initialize?prefCd=33&kikanCd=3330006560&kikanKbn=3", "url2": null, "内容": "上野歯科医院【3:歯科】岡山県倉敷市児島駅前１丁目１０２番地" }, "geometry": { "type": "Point", "coordinates": [ 133.803244, 34.466037 ] } },
{ "type": "Feature", "properties": { "ID": 3333330006570, "正式名称": "ウエノ歯科医院", "機関区分": 3, "都道府県コード": 33, "市区町村コード": 202, "所在地": "岡山県倉敷市児島下の町４－７－７３－１", "緯度": 34.47912, "経度": 133.819298, "url": "https://www.iryou.teikyouseido.mhlw.go.jp/znk-web/juminkanja/S2430/initialize?prefCd=33&kikanCd=3330006570&kikanKbn=3", "url2": null, "内容": "ウエノ歯科医院【3:歯科】岡山県倉敷市児島下の町４－７－７３－１" }, "geometry": { "type": "Point", "coordinates": [ 133.819298, 34.47912 ] } },
{ "type": "Feature", "properties": { "ID": 3333330006580, "正式名称": "うえむら歯科医院", "機関区分": 3, "都道府県コード": 33, "市区町村コード": 202, "所在地": "岡山県倉敷市藤戸町藤戸２－１２", "緯度": 34.561582, "経度": 133.806435, "url": "https://www.iryou.teikyouseido.mhlw.go.jp/znk-web/juminkanja/S2430/initialize?prefCd=33&kikanCd=3330006580&kikanKbn=3", "url2": "http://uemurashika.net/", "内容": "うえむら歯科医院【3:歯科】岡山県倉敷市藤戸町藤戸２－１２" }, "geometry": { "type": "Point", "coordinates": [ 133.806435, 34.561582 ] } },
{ "type": "Feature", "properties": { "ID": 3333330006590, "正式名称": "植村歯科", "機関区分": 3, "都道府県コード": 33, "市区町村コード": 202, "所在地": "岡山県倉敷市真備町川辺８９４－１", "緯度": 34.641849, "経度": 133.720968, "url": "https://www.iryou.teikyouseido.mhlw.go.jp/znk-web/juminkanja/S2430/initialize?prefCd=33&kikanCd=3330006590&kikanKbn=3", "url2": null, "内容": "植村歯科【3:歯科】岡山県倉敷市真備町川辺８９４－１" }, "geometry": { "type": "Point", "coordinates": [ 133.720968, 34.641849 ] } },
{ "type": "Feature", "properties": { "ID": 3333330006600, "正式名称": "うじごう歯科医院", "機関区分": 3, "都道府県コード": 33, "市区町村コード": 202, "所在地": "岡山県倉敷市中庄４１４", "緯度": 34.617353, "経度": 133.78863, "url": "https://www.iryou.teikyouseido.mhlw.go.jp/znk-web/juminkanja/S2430/initialize?prefCd=33&kikanCd=3330006600&kikanKbn=3", "url2": "http://www.ujigou-dental.com", "内容": "うじごう歯科医院【3:歯科】岡山県倉敷市中庄４１４" }, "geometry": { "type": "Point", "coordinates": [ 133.78863, 34.617353 ] } },
{ "type": "Feature", "properties": { "ID": 3333330006610, "正式名称": "宇野歯科医院", "機関区分": 3, "都道府県コード": 33, "市区町村コード": 202, "所在地": "岡山県倉敷市西阿知町１０４５－２", "緯度": 34.586855, "経度": 133.728414, "url": "https://www.iryou.teikyouseido.mhlw.go.jp/znk-web/juminkanja/S2430/initialize?prefCd=33&kikanCd=3330006610&kikanKbn=3", "url2": null, "内容": "宇野歯科医院【3:歯科】岡山県倉敷市西阿知町１０４５－２" }, "geometry": { "type": "Point", "coordinates": [ 133.728414, 34.586855 ] } },
{ "type": "Feature", "properties": { "ID": 3333330006630, "正式名称": "大上歯科医院", "機関区分": 3, "都道府県コード": 33, "市区町村コード": 202, "所在地": "岡山県倉敷市林５６６－５", "緯度": 34.538974, "経度": 133.812713, "url": "https://www.iryou.teikyouseido.mhlw.go.jp/znk-web/juminkanja/S2430/initialize?prefCd=33&kikanCd=3330006630&kikanKbn=3", "url2": null, "内容": "大上歯科医院【3:歯科】岡山県倉敷市林５６６－５" }, "geometry": { "type": "Point", "coordinates": [ 133.812713, 34.538974 ] } },
{ "type": "Feature", "properties": { "ID": 3333330006650, "正式名称": "大嶋歯科医院", "機関区分": 3, "都道府県コード": 33, "市区町村コード": 202, "所在地": "岡山県倉敷市児島赤崎３－２－３", "緯度": 34.457621, "経度": 133.79669, "url": "https://www.iryou.teikyouseido.mhlw.go.jp/znk-web/juminkanja/S2430/initialize?prefCd=33&kikanCd=3330006650&kikanKbn=3", "url2": null, "内容": "大嶋歯科医院【3:歯科】岡山県倉敷市児島赤崎３－２－３" }, "geometry": { "type": "Point", "coordinates": [ 133.79669, 34.457621 ] } },
{ "type": "Feature", "properties": { "ID": 3333330006660, "正式名称": "おおしま歯科医院", "機関区分": 3, "都道府県コード": 33, "市区町村コード": 202, "所在地": "岡山県倉敷市玉島阿賀崎１の３の５", "緯度": 34.548553, "経度": 133.674809, "url": "https://www.iryou.teikyouseido.mhlw.go.jp/znk-web/juminkanja/S2430/initialize?prefCd=33&kikanCd=3330006660&kikanKbn=3", "url2": "http://oshima-dc.ne.jp", "内容": "おおしま歯科医院【3:歯科】岡山県倉敷市玉島阿賀崎１の３の５" }, "geometry": { "type": "Point", "coordinates": [ 133.674809, 34.548553 ] } },
{ "type": "Feature", "properties": { "ID": 3333330006670, "正式名称": "大嶋歯科クリニック", "機関区分": 3, "都道府県コード": 33, "市区町村コード": 202, "所在地": "岡山県倉敷市児島元浜町１６９", "緯度": 34.458594, "経度": 133.804439, "url": "https://www.iryou.teikyouseido.mhlw.go.jp/znk-web/juminkanja/S2430/initialize?prefCd=33&kikanCd=3330006670&kikanKbn=3", "url2": null, "内容": "大嶋歯科クリニック【3:歯科】岡山県倉敷市児島元浜町１６９" }, "geometry": { "type": "Point", "coordinates": [ 133.804439, 34.458594 ] } },
{ "type": "Feature", "properties": { "ID": 3333330006680, "正式名称": "医療法人　養和　太田歯科医院", "機関区分": 3, "都道府県コード": 33, "市区町村コード": 202, "所在地": "岡山県倉敷市中庄３５９４－２６", "緯度": 34.626269, "経度": 133.803878, "url": "https://www.iryou.teikyouseido.mhlw.go.jp/znk-web/juminkanja/S2430/initialize?prefCd=33&kikanCd=3330006680&kikanKbn=3", "url2": "http://ota-dental.jp/", "内容": "医療法人　養和　太田歯科医院【3:歯科】岡山県倉敷市中庄３５９４－２６" }, "geometry": { "type": "Point", "coordinates": [ 133.803878, 34.626269 ] } },
{ "type": "Feature", "properties": { "ID": 3333330006690, "正式名称": "医療法人　大髙歯科医院", "機関区分": 3, "都道府県コード": 33, "市区町村コード": 202, "所在地": "岡山県倉敷市大島４１２－５", "緯度": 34.603827, "経度": 133.778548, "url": "https://www.iryou.teikyouseido.mhlw.go.jp/znk-web/juminkanja/S2430/initialize?prefCd=33&kikanCd=3330006690&kikanKbn=3", "url2": null, "内容": "医療法人　大髙歯科医院【3:歯科】岡山県倉敷市大島４１２－５" }, "geometry": { "type": "Point", "coordinates": [ 133.778548, 34.603827 ] } },
{ "type": "Feature", "properties": { "ID": 3333330006700, "正式名称": "大瀧歯科医院", "機関区分": 3, "都道府県コード": 33, "市区町村コード": 202, "所在地": "岡山県倉敷市下津井吹上２－１－４０", "緯度": 34.437568, "経度": 133.801551, "url": "https://www.iryou.teikyouseido.mhlw.go.jp/znk-web/juminkanja/S2430/initialize?prefCd=33&kikanCd=3330006700&kikanKbn=3", "url2": null, "内容": "大瀧歯科医院【3:歯科】岡山県倉敷市下津井吹上２－１－４０" }, "geometry": { "type": "Point", "coordinates": [ 133.801551, 34.437568 ] } },
{ "type": "Feature", "properties": { "ID": 3333330006710, "正式名称": "医療法人おおもり歯科", "機関区分": 3, "都道府県コード": 33, "市区町村コード": 202, "所在地": "岡山県倉敷市八軒屋２２８－１", "緯度": 34.575774, "経度": 133.788631, "url": "https://www.iryou.teikyouseido.mhlw.go.jp/znk-web/juminkanja/S2430/initialize?prefCd=33&kikanCd=3330006710&kikanKbn=3", "url2": "https://oomori-shika.com", "内容": "医療法人おおもり歯科【3:歯科】岡山県倉敷市八軒屋２２８－１" }, "geometry": { "type": "Point", "coordinates": [ 133.788631, 34.575774 ] } },
{ "type": "Feature", "properties": { "ID": 3333330006720, "正式名称": "おおやま歯科医院", "機関区分": 3, "都道府県コード": 33, "市区町村コード": 202, "所在地": "岡山県倉敷市北畝５丁目２－１８", "緯度": 34.53625, "経度": 133.752052, "url": "https://www.iryou.teikyouseido.mhlw.go.jp/znk-web/juminkanja/S2430/initialize?prefCd=33&kikanCd=3330006720&kikanKbn=3", "url2": "http://www.oyama-dental-clinic.com/", "内容": "おおやま歯科医院【3:歯科】岡山県倉敷市北畝５丁目２－１８" }, "geometry": { "type": "Point", "coordinates": [ 133.752052, 34.53625 ] } },
{ "type": "Feature", "properties": { "ID": 3333330006730, "正式名称": "岡田歯科医院", "機関区分": 3, "都道府県コード": 33, "市区町村コード": 202, "所在地": "岡山県倉敷市玉島１－６－４３", "緯度": 34.54572, "経度": 133.676447, "url": "https://www.iryou.teikyouseido.mhlw.go.jp/znk-web/juminkanja/S2430/initialize?prefCd=33&kikanCd=3330006730&kikanKbn=3", "url2": null, "内容": "岡田歯科医院【3:歯科】岡山県倉敷市玉島１－６－４３" }, "geometry": { "type": "Point", "coordinates": [ 133.676447, 34.54572 ] } },
{ "type": "Feature", "properties": { "ID": 3333330006740, "正式名称": "医療法人　おがた歯科クリニック", "機関区分": 3, "都道府県コード": 33, "市区町村コード": 202, "所在地": "岡山県倉敷市田ノ上９３８－３", "緯度": 34.587467, "経度": 133.757522, "url": "https://www.iryou.teikyouseido.mhlw.go.jp/znk-web/juminkanja/S2430/initialize?prefCd=33&kikanCd=3330006740&kikanKbn=3", "url2": "http://www.ogatadental-clinic.com/", "内容": "医療法人　おがた歯科クリニック【3:歯科】岡山県倉敷市田ノ上９３８－３" }, "geometry": { "type": "Point", "coordinates": [ 133.757522, 34.587467 ] } },
{ "type": "Feature", "properties": { "ID": 3333330006750, "正式名称": "おかもと歯科医院", "機関区分": 3, "都道府県コード": 33, "市区町村コード": 202, "所在地": "岡山県倉敷市福田町古新田８２１－４９", "緯度": 34.538112, "経度": 133.767856, "url": "https://www.iryou.teikyouseido.mhlw.go.jp/znk-web/juminkanja/S2430/initialize?prefCd=33&kikanCd=3330006750&kikanKbn=3", "url2": "http://www.okamotodc.com", "内容": "おかもと歯科医院【3:歯科】岡山県倉敷市福田町古新田８２１－４９" }, "geometry": { "type": "Point", "coordinates": [ 133.767856, 34.538112 ] } },
{ "type": "Feature", "properties": { "ID": 3333330006760, "正式名称": "奥野歯科クリニック", "機関区分": 3, "都道府県コード": 33, "市区町村コード": 202, "所在地": "岡山県倉敷市幸町６－１７", "緯度": 34.605937, "経度": 133.774298, "url": "https://www.iryou.teikyouseido.mhlw.go.jp/znk-web/juminkanja/S2430/initialize?prefCd=33&kikanCd=3330006760&kikanKbn=3", "url2": "http://www.okuno-shika.jp", "内容": "奥野歯科クリニック【3:歯科】岡山県倉敷市幸町６－１７" }, "geometry": { "type": "Point", "coordinates": [ 133.774298, 34.605937 ] } },
{ "type": "Feature", "properties": { "ID": 3333330006770, "正式名称": "小郷歯科医院", "機関区分": 3, "都道府県コード": 33, "市区町村コード": 202, "所在地": "岡山県倉敷市下庄１１４３－２", "緯度": 34.63388, "経度": 133.824987, "url": "https://www.iryou.teikyouseido.mhlw.go.jp/znk-web/juminkanja/S2430/initialize?prefCd=33&kikanCd=3330006770&kikanKbn=3", "url2": "http://www.tsukubo.or.jp/dc/ogo.html", "内容": "小郷歯科医院【3:歯科】岡山県倉敷市下庄１１４３－２" }, "geometry": { "type": "Point", "coordinates": [ 133.824987, 34.63388 ] } },
{ "type": "Feature", "properties": { "ID": 3333330006780, "正式名称": "おさき歯科", "機関区分": 3, "都道府県コード": 33, "市区町村コード": 202, "所在地": "岡山県倉敷市児島田の口４－１１－１", "緯度": 34.474898, "経度": 133.845824, "url": "https://www.iryou.teikyouseido.mhlw.go.jp/znk-web/juminkanja/S2430/initialize?prefCd=33&kikanCd=3330006780&kikanKbn=3", "url2": null, "内容": "おさき歯科【3:歯科】岡山県倉敷市児島田の口４－１１－１" }, "geometry": { "type": "Point", "coordinates": [ 133.845824, 34.474898 ] } },
{ "type": "Feature", "properties": { "ID": 3333330006790, "正式名称": "小野歯科医院", "機関区分": 3, "都道府県コード": 33, "市区町村コード": 202, "所在地": "岡山県倉敷市藤戸町天城２２２５番地", "緯度": 34.561582, "経度": 133.812296, "url": "https://www.iryou.teikyouseido.mhlw.go.jp/znk-web/juminkanja/S2430/initialize?prefCd=33&kikanCd=3330006790&kikanKbn=3", "url2": "https://www.ono-dentalhouse.jp", "内容": "小野歯科医院【3:歯科】岡山県倉敷市藤戸町天城２２２５番地" }, "geometry": { "type": "Point", "coordinates": [ 133.812296, 34.561582 ] } },
{ "type": "Feature", "properties": { "ID": 3333330006800, "正式名称": "ＯＨＡＮＡ　デンタルクリニック", "機関区分": 3, "都道府県コード": 33, "市区町村コード": 202, "所在地": "岡山県倉敷市堀南７８５番地の５", "緯度": 34.570386, "経度": 133.760106, "url": "https://www.iryou.teikyouseido.mhlw.go.jp/znk-web/juminkanja/S2430/initialize?prefCd=33&kikanCd=3330006800&kikanKbn=3", "url2": null, "内容": "ＯＨＡＮＡ　デンタルクリニック【3:歯科】岡山県倉敷市堀南７８５番地の５" }, "geometry": { "type": "Point", "coordinates": [ 133.760106, 34.570386 ] } },
{ "type": "Feature", "properties": { "ID": 3333330006820, "正式名称": "かどの歯科医院", "機関区分": 3, "都道府県コード": 33, "市区町村コード": 202, "所在地": "岡山県倉敷市連島町西之浦５８３－２", "緯度": 34.548109, "経度": 133.716388, "url": "https://www.iryou.teikyouseido.mhlw.go.jp/znk-web/juminkanja/S2430/initialize?prefCd=33&kikanCd=3330006820&kikanKbn=3", "url2": "http://kadono-dental.jp", "内容": "かどの歯科医院【3:歯科】岡山県倉敷市連島町西之浦５８３－２" }, "geometry": { "type": "Point", "coordinates": [ 133.716388, 34.548109 ] } },
{ "type": "Feature", "properties": { "ID": 3333330006830, "正式名称": "川上歯科医院", "機関区分": 3, "都道府県コード": 33, "市区町村コード": 202, "所在地": "岡山県倉敷市沖新町９０－１", "緯度": 34.583106, "経度": 133.755689, "url": "https://www.iryou.teikyouseido.mhlw.go.jp/znk-web/juminkanja/S2430/initialize?prefCd=33&kikanCd=3330006830&kikanKbn=3", "url2": null, "内容": "川上歯科医院【3:歯科】岡山県倉敷市沖新町９０－１" }, "geometry": { "type": "Point", "coordinates": [ 133.755689, 34.583106 ] } },
{ "type": "Feature", "properties": { "ID": 3333330006840, "正式名称": "川西歯科医院", "機関区分": 3, "都道府県コード": 33, "市区町村コード": 202, "所在地": "岡山県倉敷市新倉敷駅前２丁目１３番地", "緯度": 34.56446, "経度": 133.679934, "url": "https://www.iryou.teikyouseido.mhlw.go.jp/znk-web/juminkanja/S2430/initialize?prefCd=33&kikanCd=3330006840&kikanKbn=3", "url2": "http://www.kawanishi-dc.jp/", "内容": "川西歯科医院【3:歯科】岡山県倉敷市新倉敷駅前２丁目１３番地" }, "geometry": { "type": "Point", "coordinates": [ 133.679934, 34.56446 ] } },
{ "type": "Feature", "properties": { "ID": 3333330006850, "正式名称": "きたもと歯科", "機関区分": 3, "都道府県コード": 33, "市区町村コード": 202, "所在地": "岡山県倉敷市西阿知町１１７－６", "緯度": 34.594938, "経度": 133.739496, "url": "https://www.iryou.teikyouseido.mhlw.go.jp/znk-web/juminkanja/S2430/initialize?prefCd=33&kikanCd=3330006850&kikanKbn=3", "url2": null, "内容": "きたもと歯科【3:歯科】岡山県倉敷市西阿知町１１７－６" }, "geometry": { "type": "Point", "coordinates": [ 133.739496, 34.594938 ] } },
{ "type": "Feature", "properties": { "ID": 3333330006860, "正式名称": "吉川歯科医院", "機関区分": 3, "都道府県コード": 33, "市区町村コード": 202, "所在地": "岡山県倉敷市玉島阿賀崎１－２－２７", "緯度": 34.549081, "経度": 133.674086, "url": "https://www.iryou.teikyouseido.mhlw.go.jp/znk-web/juminkanja/S2430/initialize?prefCd=33&kikanCd=3330006860&kikanKbn=3", "url2": "https://kikkawa-dental.jp/", "内容": "吉川歯科医院【3:歯科】岡山県倉敷市玉島阿賀崎１－２－２７" }, "geometry": { "type": "Point", "coordinates": [ 133.674086, 34.549081 ] } },
{ "type": "Feature", "properties": { "ID": 3333330006870, "正式名称": "杉村歯科医院", "機関区分": 3, "都道府県コード": 33, "市区町村コード": 202, "所在地": "岡山県倉敷市川西町２０－１", "緯度": 34.596994, "経度": 133.766521, "url": "https://www.iryou.teikyouseido.mhlw.go.jp/znk-web/juminkanja/S2430/initialize?prefCd=33&kikanCd=3330006870&kikanKbn=3", "url2": "tps://kimura-shikaiin.info", "内容": "杉村歯科医院【3:歯科】岡山県倉敷市川西町２０－１" }, "geometry": { "type": "Point", "coordinates": [ 133.766521, 34.596994 ] } },
{ "type": "Feature", "properties": { "ID": 3333330006880, "正式名称": "医療法人　きもと・まなべ歯科クリニック", "機関区分": 3, "都道府県コード": 33, "市区町村コード": 202, "所在地": "岡山県倉敷市上東３５８－５", "緯度": 34.649017, "経度": 133.831236, "url": "https://www.iryou.teikyouseido.mhlw.go.jp/znk-web/juminkanja/S2430/initialize?prefCd=33&kikanCd=3330006880&kikanKbn=3", "url2": "http://www.kimo-mana-dc.com", "内容": "医療法人　きもと・まなべ歯科クリニック【3:歯科】岡山県倉敷市上東３５８－５" }, "geometry": { "type": "Point", "coordinates": [ 133.831236, 34.649017 ] } },
{ "type": "Feature", "properties": { "ID": 3333330006890, "正式名称": "杉山歯科医院", "機関区分": 3, "都道府県コード": 33, "市区町村コード": 202, "所在地": "岡山県倉敷市連島町鶴新田１３５３－３", "緯度": 34.540305, "経度": 133.721749, "url": "https://www.iryou.teikyouseido.mhlw.go.jp/znk-web/juminkanja/S2430/initialize?prefCd=33&kikanCd=3330006890&kikanKbn=3", "url2": null, "内容": "杉山歯科医院【3:歯科】岡山県倉敷市連島町鶴新田１３５３－３" }, "geometry": { "type": "Point", "coordinates": [ 133.721749, 34.540305 ] } },
{ "type": "Feature", "properties": { "ID": 3333330006900, "正式名称": "草地歯科医院", "機関区分": 3, "都道府県コード": 33, "市区町村コード": 202, "所在地": "岡山県倉敷市玉島勇崎１７４番地の６", "緯度": 34.524694, "経度": 133.64634, "url": "https://www.iryou.teikyouseido.mhlw.go.jp/znk-web/juminkanja/S2430/initialize?prefCd=33&kikanCd=3330006900&kikanKbn=3", "url2": "http://takisawa.web.infoseek.co.jp/sub6_kobetu_kaiin/g07_kusati/g07_kusati.html", "内容": "草地歯科医院【3:歯科】岡山県倉敷市玉島勇崎１７４番地の６" }, "geometry": { "type": "Point", "coordinates": [ 133.64634, 34.524694 ] } },
{ "type": "Feature", "properties": { "ID": 3333330006910, "正式名称": "くらうち歯科医院", "機関区分": 3, "都道府県コード": 33, "市区町村コード": 202, "所在地": "岡山県倉敷市吉岡４６１－２", "緯度": 34.568997, "経度": 133.763995, "url": "https://www.iryou.teikyouseido.mhlw.go.jp/znk-web/juminkanja/S2430/initialize?prefCd=33&kikanCd=3330006910&kikanKbn=3", "url2": null, "内容": "くらうち歯科医院【3:歯科】岡山県倉敷市吉岡４６１－２" }, "geometry": { "type": "Point", "coordinates": [ 133.763995, 34.568997 ] } },
{ "type": "Feature", "properties": { "ID": 3333330006920, "正式名称": "倉敷歯科衛生センター診療所", "機関区分": 3, "都道府県コード": 33, "市区町村コード": 202, "所在地": "岡山県倉敷市昭和２丁目２－１７", "緯度": 34.602965, "経度": 133.772493, "url": "https://www.iryou.teikyouseido.mhlw.go.jp/znk-web/juminkanja/S2430/initialize?prefCd=33&kikanCd=3330006920&kikanKbn=3", "url2": "http://www.kuradent.jp/", "内容": "倉敷歯科衛生センター診療所【3:歯科】岡山県倉敷市昭和２丁目２－１７" }, "geometry": { "type": "Point", "coordinates": [ 133.772493, 34.602965 ] } },
{ "type": "Feature", "properties": { "ID": 3333330006930, "正式名称": "グリーン歯科クリニック倉敷　おとなこども歯科・矯正歯科", "機関区分": 3, "都道府県コード": 33, "市区町村コード": 202, "所在地": "岡山県倉敷市水江１番地イオン倉敷ショッピングセンター内", "緯度": 34.603604, "経度": 133.745078, "url": "https://www.iryou.teikyouseido.mhlw.go.jp/znk-web/juminkanja/S2430/initialize?prefCd=33&kikanCd=3330006930&kikanKbn=3", "url2": "http://www.green-dc.com/", "内容": "グリーン歯科クリニック倉敷　おとなこども歯科・矯正歯科【3:歯科】岡山県倉敷市水江１番地イオン倉敷ショッピングセンター内" }, "geometry": { "type": "Point", "coordinates": [ 133.745078, 34.603604 ] } },
{ "type": "Feature", "properties": { "ID": 3333330006950, "正式名称": "黒住歯科", "機関区分": 3, "都道府県コード": 33, "市区町村コード": 202, "所在地": "岡山県倉敷市玉島柏島１５８０－１", "緯度": 34.532638, "経度": 133.660755, "url": "https://www.iryou.teikyouseido.mhlw.go.jp/znk-web/juminkanja/S2430/initialize?prefCd=33&kikanCd=3330006950&kikanKbn=3", "url2": "https://kurosumi.jp/", "内容": "黒住歯科【3:歯科】岡山県倉敷市玉島柏島１５８０－１" }, "geometry": { "type": "Point", "coordinates": [ 133.660755, 34.532638 ] } },
{ "type": "Feature", "properties": { "ID": 3333330006960, "正式名称": "桑木歯科医院", "機関区分": 3, "都道府県コード": 33, "市区町村コード": 202, "所在地": "岡山県倉敷市真備町尾崎９６６－２", "緯度": 34.623794, "経度": 133.679167, "url": "https://www.iryou.teikyouseido.mhlw.go.jp/znk-web/juminkanja/S2430/initialize?prefCd=33&kikanCd=3330006960&kikanKbn=3", "url2": null, "内容": "桑木歯科医院【3:歯科】岡山県倉敷市真備町尾崎９６６－２" }, "geometry": { "type": "Point", "coordinates": [ 133.679167, 34.623794 ] } },
{ "type": "Feature", "properties": { "ID": 3333330006970, "正式名称": "桑鶴歯科医院", "機関区分": 3, "都道府県コード": 33, "市区町村コード": 202, "所在地": "岡山県倉敷市中島８２７－１", "緯度": 34.579579, "経度": 133.740718, "url": "https://www.iryou.teikyouseido.mhlw.go.jp/znk-web/juminkanja/S2430/initialize?prefCd=33&kikanCd=3330006970&kikanKbn=3", "url2": "https://www.kuwatsuru-dc.jp/", "内容": "桑鶴歯科医院【3:歯科】岡山県倉敷市中島８２７－１" }, "geometry": { "type": "Point", "coordinates": [ 133.740718, 34.579579 ] } },
{ "type": "Feature", "properties": { "ID": 3333330006980, "正式名称": "医療法人　ごう歯科医院", "機関区分": 3, "都道府県コード": 33, "市区町村コード": 202, "所在地": "岡山県倉敷市中庄６１１－２", "緯度": 34.622547, "経度": 133.790546, "url": "https://www.iryou.teikyouseido.mhlw.go.jp/znk-web/juminkanja/S2430/initialize?prefCd=33&kikanCd=3330006980&kikanKbn=3", "url2": "http://www.go-dc.jp/", "内容": "医療法人　ごう歯科医院【3:歯科】岡山県倉敷市中庄６１１－２" }, "geometry": { "type": "Point", "coordinates": [ 133.790546, 34.622547 ] } },
{ "type": "Feature", "properties": { "ID": 3333330006990, "正式名称": "香西歯科クリニック", "機関区分": 3, "都道府県コード": 33, "市区町村コード": 202, "所在地": "岡山県倉敷市玉島柏島９２０－９０", "緯度": 34.532749, "経度": 133.662421, "url": "https://www.iryou.teikyouseido.mhlw.go.jp/znk-web/juminkanja/S2430/initialize?prefCd=33&kikanCd=3330006990&kikanKbn=3", "url2": null, "内容": "香西歯科クリニック【3:歯科】岡山県倉敷市玉島柏島９２０－９０" }, "geometry": { "type": "Point", "coordinates": [ 133.662421, 34.532749 ] } },
{ "type": "Feature", "properties": { "ID": 3333330007000, "正式名称": "医療生協　児島歯科診療所", "機関区分": 3, "都道府県コード": 33, "市区町村コード": 202, "所在地": "岡山県倉敷市児島小川町３６８２－７", "緯度": 34.466751, "経度": 133.812239, "url": "https://www.iryou.teikyouseido.mhlw.go.jp/znk-web/juminkanja/S2430/initialize?prefCd=33&kikanCd=3330007000&kikanKbn=3", "url2": "https://www.kura-sika.jp/", "内容": "医療生協　児島歯科診療所【3:歯科】岡山県倉敷市児島小川町３６８２－７" }, "geometry": { "type": "Point", "coordinates": [ 133.812239, 34.466751 ] } },
{ "type": "Feature", "properties": { "ID": 3333330007010, "正式名称": "駒井歯科クリニック", "機関区分": 3, "都道府県コード": 33, "市区町村コード": 202, "所在地": "岡山県倉敷市児島味野２－２－３９曙タクシービル３階", "緯度": 34.46837, "経度": 133.802911, "url": "https://www.iryou.teikyouseido.mhlw.go.jp/znk-web/juminkanja/S2430/initialize?prefCd=33&kikanCd=3330007010&kikanKbn=3", "url2": null, "内容": "駒井歯科クリニック【3:歯科】岡山県倉敷市児島味野２－２－３９曙タクシービル３階" }, "geometry": { "type": "Point", "coordinates": [ 133.802911, 34.46837 ] } },
{ "type": "Feature", "properties": { "ID": 3333330007020, "正式名称": "こみやま歯科", "機関区分": 3, "都道府県コード": 33, "市区町村コード": 202, "所在地": "岡山県倉敷市中庄１５９９", "緯度": 34.613465, "経度": 133.792907, "url": "https://www.iryou.teikyouseido.mhlw.go.jp/znk-web/juminkanja/S2430/initialize?prefCd=33&kikanCd=3330007020&kikanKbn=3", "url2": null, "内容": "こみやま歯科【3:歯科】岡山県倉敷市中庄１５９９" }, "geometry": { "type": "Point", "coordinates": [ 133.792907, 34.613465 ] } },
{ "type": "Feature", "properties": { "ID": 3333330007030, "正式名称": "小山歯科医院", "機関区分": 3, "都道府県コード": 33, "市区町村コード": 202, "所在地": "岡山県倉敷市玉島長尾４－１４９－７", "緯度": 34.565329, "経度": 133.686446, "url": "https://www.iryou.teikyouseido.mhlw.go.jp/znk-web/juminkanja/S2430/initialize?prefCd=33&kikanCd=3330007030&kikanKbn=3", "url2": null, "内容": "小山歯科医院【3:歯科】岡山県倉敷市玉島長尾４－１４９－７" }, "geometry": { "type": "Point", "coordinates": [ 133.686446, 34.565329 ] } },
{ "type": "Feature", "properties": { "ID": 3333330007040, "正式名称": "医療法人六峯会　近藤歯科医院", "機関区分": 3, "都道府県コード": 33, "市区町村コード": 202, "所在地": "岡山県倉敷市新田２７８０－１", "緯度": 34.57483, "経度": 133.776049, "url": "https://www.iryou.teikyouseido.mhlw.go.jp/znk-web/juminkanja/S2430/initialize?prefCd=33&kikanCd=3330007040&kikanKbn=3", "url2": "http://mutu.jp", "内容": "医療法人六峯会　近藤歯科医院【3:歯科】岡山県倉敷市新田２７８０－１" }, "geometry": { "type": "Point", "coordinates": [ 133.776049, 34.57483 ] } },
{ "type": "Feature", "properties": { "ID": 3333330007050, "正式名称": "医療法人康和会近藤歯科クリニック", "機関区分": 3, "都道府県コード": 33, "市区町村コード": 202, "所在地": "岡山県倉敷市帯高６１７－１６", "緯度": 34.583524, "経度": 133.807907, "url": "https://www.iryou.teikyouseido.mhlw.go.jp/znk-web/juminkanja/S2430/initialize?prefCd=33&kikanCd=3330007050&kikanKbn=3", "url2": "http://kowa-kondodental.com", "内容": "医療法人康和会近藤歯科クリニック【3:歯科】岡山県倉敷市帯高６１７－１６" }, "geometry": { "type": "Point", "coordinates": [ 133.807907, 34.583524 ] } },
{ "type": "Feature", "properties": { "ID": 3333330007060, "正式名称": "医療法人　斎藤歯科クリニック", "機関区分": 3, "都道府県コード": 33, "市区町村コード": 202, "所在地": "岡山県倉敷市東富井８７９番地の４", "緯度": 34.575468, "経度": 133.755689, "url": "https://www.iryou.teikyouseido.mhlw.go.jp/znk-web/juminkanja/S2430/initialize?prefCd=33&kikanCd=3330007060&kikanKbn=3", "url2": "http://www.dental-saito.com/", "内容": "医療法人　斎藤歯科クリニック【3:歯科】岡山県倉敷市東富井８７９番地の４" }, "geometry": { "type": "Point", "coordinates": [ 133.755689, 34.575468 ] } },
{ "type": "Feature", "properties": { "ID": 3333330007070, "正式名称": "医療法人　ＭＤＣ", "機関区分": 3, "都道府県コード": 33, "市区町村コード": 202, "所在地": "岡山県倉敷市連島町鶴新田５７３－６", "緯度": 34.538721, "経度": 133.713917, "url": "https://www.iryou.teikyouseido.mhlw.go.jp/znk-web/juminkanja/S2430/initialize?prefCd=33&kikanCd=3330007070&kikanKbn=3", "url2": "https://mizutama-dental.net/", "内容": "医療法人　ＭＤＣ【3:歯科】岡山県倉敷市連島町鶴新田５７３－６" }, "geometry": { "type": "Point", "coordinates": [ 133.713917, 34.538721 ] } },
{ "type": "Feature", "properties": { "ID": 3333330007080, "正式名称": "さえき歯科医院", "機関区分": 3, "都道府県コード": 33, "市区町村コード": 202, "所在地": "岡山県倉敷市広江５丁目２－３１", "緯度": 34.524586, "経度": 133.78055, "url": "https://www.iryou.teikyouseido.mhlw.go.jp/znk-web/juminkanja/S2430/initialize?prefCd=33&kikanCd=3330007080&kikanKbn=3", "url2": "https://www.saekidental.com", "内容": "さえき歯科医院【3:歯科】岡山県倉敷市広江５丁目２－３１" }, "geometry": { "type": "Point", "coordinates": [ 133.78055, 34.524586 ] } },
{ "type": "Feature", "properties": { "ID": 3333330007100, "正式名称": "さくら歯科クリニック", "機関区分": 3, "都道府県コード": 33, "市区町村コード": 202, "所在地": "岡山県倉敷市矢部５３７－１", "緯度": 34.664515, "経度": 133.819487, "url": "https://www.iryou.teikyouseido.mhlw.go.jp/znk-web/juminkanja/S2430/initialize?prefCd=33&kikanCd=3330007100&kikanKbn=3", "url2": null, "内容": "さくら歯科クリニック【3:歯科】岡山県倉敷市矢部５３７－１" }, "geometry": { "type": "Point", "coordinates": [ 133.819487, 34.664515 ] } },
{ "type": "Feature", "properties": { "ID": 3333330007110, "正式名称": "さとう歯科クリニック", "機関区分": 3, "都道府県コード": 33, "市区町村コード": 202, "所在地": "岡山県倉敷市玉島八島１７３７－７", "緯度": 34.561301, "経度": 133.660754, "url": "https://www.iryou.teikyouseido.mhlw.go.jp/znk-web/juminkanja/S2430/initialize?prefCd=33&kikanCd=3330007110&kikanKbn=3", "url2": "http://ww5.enjoy.ne.jp/~sato.d/", "内容": "さとう歯科クリニック【3:歯科】岡山県倉敷市玉島八島１７３７－７" }, "geometry": { "type": "Point", "coordinates": [ 133.660754, 34.561301 ] } },
{ "type": "Feature", "properties": { "ID": 3333330007120, "正式名称": "医療法人康聖会さわき歯科医院", "機関区分": 3, "都道府県コード": 33, "市区町村コード": 202, "所在地": "岡山県倉敷市玉島１６９７－１", "緯度": 34.553497, "経度": 133.681391, "url": "https://www.iryou.teikyouseido.mhlw.go.jp/znk-web/juminkanja/S2430/initialize?prefCd=33&kikanCd=3330007120&kikanKbn=3", "url2": null, "内容": "医療法人康聖会さわき歯科医院【3:歯科】岡山県倉敷市玉島１６９７－１" }, "geometry": { "type": "Point", "coordinates": [ 133.681391, 34.553497 ] } },
{ "type": "Feature", "properties": { "ID": 3333330007130, "正式名称": "三愛歯科クリニック", "機関区分": 3, "都道府県コード": 33, "市区町村コード": 202, "所在地": "岡山県倉敷市川入６８６－１", "緯度": 34.606965, "経度": 133.760938, "url": "https://www.iryou.teikyouseido.mhlw.go.jp/znk-web/juminkanja/S2430/initialize?prefCd=33&kikanCd=3330007130&kikanKbn=3", "url2": null, "内容": "三愛歯科クリニック【3:歯科】岡山県倉敷市川入６８６－１" }, "geometry": { "type": "Point", "coordinates": [ 133.760938, 34.606965 ] } },
{ "type": "Feature", "properties": { "ID": 3333330007140, "正式名称": "しおつ歯科医院", "機関区分": 3, "都道府県コード": 33, "市区町村コード": 202, "所在地": "岡山県倉敷市林２１８３－１", "緯度": 34.535641, "経度": 133.810325, "url": "https://www.iryou.teikyouseido.mhlw.go.jp/znk-web/juminkanja/S2430/initialize?prefCd=33&kikanCd=3330007140&kikanKbn=3", "url2": "http://www.shiotsu-dental.com/", "内容": "しおつ歯科医院【3:歯科】岡山県倉敷市林２１８３－１" }, "geometry": { "type": "Point", "coordinates": [ 133.810325, 34.535641 ] } },
{ "type": "Feature", "properties": { "ID": 3333330007150, "正式名称": "しばさき歯科医院", "機関区分": 3, "都道府県コード": 33, "市区町村コード": 202, "所在地": "岡山県倉敷市西阿知町西原９４０－１", "緯度": 34.581356, "経度": 133.721248, "url": "https://www.iryou.teikyouseido.mhlw.go.jp/znk-web/juminkanja/S2430/initialize?prefCd=33&kikanCd=3330007150&kikanKbn=3", "url2": "http://www.shibasaki-dc.jp", "内容": "しばさき歯科医院【3:歯科】岡山県倉敷市西阿知町西原９４０－１" }, "geometry": { "type": "Point", "coordinates": [ 133.721248, 34.581356 ] } },
{ "type": "Feature", "properties": { "ID": 3333330007160, "正式名称": "医療法人　柴田歯科医院", "機関区分": 3, "都道府県コード": 33, "市区町村コード": 202, "所在地": "岡山県倉敷市中島１３７２－３", "緯度": 34.57744, "経度": 133.727914, "url": "https://www.iryou.teikyouseido.mhlw.go.jp/znk-web/juminkanja/S2430/initialize?prefCd=33&kikanCd=3330007160&kikanKbn=3", "url2": "http://www.shibata-d.or.jp", "内容": "医療法人　柴田歯科医院【3:歯科】岡山県倉敷市中島１３７２－３" }, "geometry": { "type": "Point", "coordinates": [ 133.727914, 34.57744 ] } },
{ "type": "Feature", "properties": { "ID": 3333330007170, "正式名称": "しみず歯科クリニック", "機関区分": 3, "都道府県コード": 33, "市区町村コード": 202, "所在地": "岡山県倉敷市北畝１－９－２０", "緯度": 34.537111, "経度": 133.748664, "url": "https://www.iryou.teikyouseido.mhlw.go.jp/znk-web/juminkanja/S2430/initialize?prefCd=33&kikanCd=3330007170&kikanKbn=3", "url2": null, "内容": "しみず歯科クリニック【3:歯科】岡山県倉敷市北畝１－９－２０" }, "geometry": { "type": "Point", "coordinates": [ 133.748664, 34.537111 ] } },
{ "type": "Feature", "properties": { "ID": 3333330007180, "正式名称": "正道歯科医院", "機関区分": 3, "都道府県コード": 33, "市区町村コード": 202, "所在地": "岡山県倉敷市玉島１５５０－１", "緯度": 34.54722, "経度": 133.677253, "url": "https://www.iryou.teikyouseido.mhlw.go.jp/znk-web/juminkanja/S2430/initialize?prefCd=33&kikanCd=3330007180&kikanKbn=3", "url2": "http://www.seidou-dental.com/", "内容": "正道歯科医院【3:歯科】岡山県倉敷市玉島１５５０－１" }, "geometry": { "type": "Point", "coordinates": [ 133.677253, 34.54722 ] } },
{ "type": "Feature", "properties": { "ID": 3333330007190, "正式名称": "医療法人　正畠歯科医院", "機関区分": 3, "都道府県コード": 33, "市区町村コード": 202, "所在地": "岡山県倉敷市中央２丁目１８－８", "緯度": 34.593633, "経度": 133.767993, "url": "https://www.iryou.teikyouseido.mhlw.go.jp/znk-web/juminkanja/S2430/initialize?prefCd=33&kikanCd=3330007190&kikanKbn=3", "url2": "http://www.shobatake.com", "内容": "医療法人　正畠歯科医院【3:歯科】岡山県倉敷市中央２丁目１８－８" }, "geometry": { "type": "Point", "coordinates": [ 133.767993, 34.593633 ] } },
{ "type": "Feature", "properties": { "ID": 3333330007200, "正式名称": "白神歯科医院", "機関区分": 3, "都道府県コード": 33, "市区町村コード": 202, "所在地": "岡山県倉敷市中島２３３－３", "緯度": 34.586106, "経度": 133.740052, "url": "https://www.iryou.teikyouseido.mhlw.go.jp/znk-web/juminkanja/S2430/initialize?prefCd=33&kikanCd=3330007200&kikanKbn=3", "url2": null, "内容": "白神歯科医院【3:歯科】岡山県倉敷市中島２３３－３" }, "geometry": { "type": "Point", "coordinates": [ 133.740052, 34.586106 ] } },
{ "type": "Feature", "properties": { "ID": 3333330007210, "正式名称": "白神歯科医院", "機関区分": 3, "都道府県コード": 33, "市区町村コード": 202, "所在地": "岡山県倉敷市玉島柏島７６７－６", "緯度": 34.536221, "経度": 133.667004, "url": "https://www.iryou.teikyouseido.mhlw.go.jp/znk-web/juminkanja/S2430/initialize?prefCd=33&kikanCd=3330007210&kikanKbn=3", "url2": null, "内容": "白神歯科医院【3:歯科】岡山県倉敷市玉島柏島７６７－６" }, "geometry": { "type": "Point", "coordinates": [ 133.667004, 34.536221 ] } },
{ "type": "Feature", "properties": { "ID": 3333330007220, "正式名称": "医療法人しんくら歯科医院", "機関区分": 3, "都道府県コード": 33, "市区町村コード": 202, "所在地": "岡山県倉敷市新倉敷駅前５丁目２１２番地", "緯度": 34.558404, "経度": 133.678113, "url": "https://www.iryou.teikyouseido.mhlw.go.jp/znk-web/juminkanja/S2430/initialize?prefCd=33&kikanCd=3330007220&kikanKbn=3", "url2": "http://www.sinkura.com", "内容": "医療法人しんくら歯科医院【3:歯科】岡山県倉敷市新倉敷駅前５丁目２１２番地" }, "geometry": { "type": "Point", "coordinates": [ 133.678113, 34.558404 ] } },
{ "type": "Feature", "properties": { "ID": 3333330007230, "正式名称": "しんご歯科", "機関区分": 3, "都道府県コード": 33, "市区町村コード": 202, "所在地": "岡山県倉敷市新田２６０５－５", "緯度": 34.575552, "経度": 133.772966, "url": "https://www.iryou.teikyouseido.mhlw.go.jp/znk-web/juminkanja/S2430/initialize?prefCd=33&kikanCd=3330007230&kikanKbn=3", "url2": "http://shingo-dc.com", "内容": "しんご歯科【3:歯科】岡山県倉敷市新田２６０５－５" }, "geometry": { "type": "Point", "coordinates": [ 133.772966, 34.575552 ] } },
{ "type": "Feature", "properties": { "ID": 3333330007240, "正式名称": "すごう歯科医院", "機関区分": 3, "都道府県コード": 33, "市区町村コード": 202, "所在地": "岡山県倉敷市西坂１７１８－６", "緯度": 34.62613, "経度": 133.776242, "url": "https://www.iryou.teikyouseido.mhlw.go.jp/znk-web/juminkanja/S2430/initialize?prefCd=33&kikanCd=3330007240&kikanKbn=3", "url2": null, "内容": "すごう歯科医院【3:歯科】岡山県倉敷市西坂１７１８－６" }, "geometry": { "type": "Point", "coordinates": [ 133.776242, 34.62613 ] } },
{ "type": "Feature", "properties": { "ID": 3333330007250, "正式名称": "医療法人須藤歯科診療所", "機関区分": 3, "都道府県コード": 33, "市区町村コード": 202, "所在地": "岡山県倉敷市児島唐琴３－５－１１", "緯度": 34.470871, "経度": 133.865044, "url": "https://www.iryou.teikyouseido.mhlw.go.jp/znk-web/juminkanja/S2430/initialize?prefCd=33&kikanCd=3330007250&kikanKbn=3", "url2": "http://www.s-dental.cc/", "内容": "医療法人須藤歯科診療所【3:歯科】岡山県倉敷市児島唐琴３－５－１１" }, "geometry": { "type": "Point", "coordinates": [ 133.865044, 34.470871 ] } },
{ "type": "Feature", "properties": { "ID": 3333330007260, "正式名称": "医療法人東風会スマイル歯科クリニック", "機関区分": 3, "都道府県コード": 33, "市区町村コード": 202, "所在地": "岡山県倉敷市堀南６２８－１２", "緯度": 34.578496, "経度": 133.756328, "url": "https://www.iryou.teikyouseido.mhlw.go.jp/znk-web/juminkanja/S2430/initialize?prefCd=33&kikanCd=3330007260&kikanKbn=3", "url2": "http://www.tofukai.or.jp", "内容": "医療法人東風会スマイル歯科クリニック【3:歯科】岡山県倉敷市堀南６２８－１２" }, "geometry": { "type": "Point", "coordinates": [ 133.756328, 34.578496 ] } },
{ "type": "Feature", "properties": { "ID": 3333330007280, "正式名称": "医療生協　玉島歯科診療所", "機関区分": 3, "都道府県コード": 33, "市区町村コード": 202, "所在地": "岡山県倉敷市玉島柏島５４１８－４", "緯度": 34.526944, "経度": 133.662088, "url": "https://www.iryou.teikyouseido.mhlw.go.jp/znk-web/juminkanja/S2430/initialize?prefCd=33&kikanCd=3330007280&kikanKbn=3", "url2": "http://www.kura-sika.jp/tamashima.html", "内容": "医療生協　玉島歯科診療所【3:歯科】岡山県倉敷市玉島柏島５４１８－４" }, "geometry": { "type": "Point", "coordinates": [ 133.662088, 34.526944 ] } },
{ "type": "Feature", "properties": { "ID": 3333330007290, "正式名称": "倉敷医療生活協同組合　真備歯科診療所", "機関区分": 3, "都道府県コード": 33, "市区町村コード": 202, "所在地": "岡山県倉敷市真備町川辺２０９５－１", "緯度": 34.635599, "経度": 133.71408, "url": "https://www.iryou.teikyouseido.mhlw.go.jp/znk-web/juminkanja/S2430/initialize?prefCd=33&kikanCd=3330007290&kikanKbn=3", "url2": "http://www.kura-sika.jp/", "内容": "倉敷医療生活協同組合　真備歯科診療所【3:歯科】岡山県倉敷市真備町川辺２０９５－１" }, "geometry": { "type": "Point", "coordinates": [ 133.71408, 34.635599 ] } },
{ "type": "Feature", "properties": { "ID": 3333330007300, "正式名称": "医療生協　水島歯科診療所", "機関区分": 3, "都道府県コード": 33, "市区町村コード": 202, "所在地": "岡山県倉敷市水島南春日町１１－２０", "緯度": 34.543694, "経度": 133.742192, "url": "https://www.iryou.teikyouseido.mhlw.go.jp/znk-web/juminkanja/S2430/initialize?prefCd=33&kikanCd=3330007300&kikanKbn=3", "url2": "http://www.kura-sika.jp/", "内容": "医療生協　水島歯科診療所【3:歯科】岡山県倉敷市水島南春日町１１－２０" }, "geometry": { "type": "Point", "coordinates": [ 133.742192, 34.543694 ] } },
{ "type": "Feature", "properties": { "ID": 3333330007310, "正式名称": "妹尾歯科医院", "機関区分": 3, "都道府県コード": 33, "市区町村コード": 202, "所在地": "岡山県倉敷市松島２８９－３", "緯度": 34.634352, "経度": 133.812321, "url": "https://www.iryou.teikyouseido.mhlw.go.jp/znk-web/juminkanja/S2430/initialize?prefCd=33&kikanCd=3330007310&kikanKbn=3", "url2": "http://tsukubo.or.jp/dc/senoo.html", "内容": "妹尾歯科医院【3:歯科】岡山県倉敷市松島２８９－３" }, "geometry": { "type": "Point", "coordinates": [ 133.812321, 34.634352 ] } },
{ "type": "Feature", "properties": { "ID": 3333330007320, "正式名称": "第二宮尾歯科", "機関区分": 3, "都道府県コード": 33, "市区町村コード": 202, "所在地": "岡山県倉敷市玉島八島１８１０－１", "緯度": 34.563023, "経度": 133.657004, "url": "https://www.iryou.teikyouseido.mhlw.go.jp/znk-web/juminkanja/S2430/initialize?prefCd=33&kikanCd=3330007320&kikanKbn=3", "url2": null, "内容": "第二宮尾歯科【3:歯科】岡山県倉敷市玉島八島１８１０－１" }, "geometry": { "type": "Point", "coordinates": [ 133.657004, 34.563023 ] } },
{ "type": "Feature", "properties": { "ID": 3333330007340, "正式名称": "たかつか歯科クリニック", "機関区分": 3, "都道府県コード": 33, "市区町村コード": 202, "所在地": "岡山県倉敷市吉岡５３７－２１", "緯度": 34.570663, "経度": 133.764106, "url": "https://www.iryou.teikyouseido.mhlw.go.jp/znk-web/juminkanja/S2430/initialize?prefCd=33&kikanCd=3330007340&kikanKbn=3", "url2": "https://www.6480.info", "内容": "たかつか歯科クリニック【3:歯科】岡山県倉敷市吉岡５３７－２１" }, "geometry": { "type": "Point", "coordinates": [ 133.764106, 34.570663 ] } },
{ "type": "Feature", "properties": { "ID": 3333330007350, "正式名称": "髙森歯科", "機関区分": 3, "都道府県コード": 33, "市区町村コード": 202, "所在地": "岡山県倉敷市児島下の町４－１０－７２", "緯度": 34.482647, "経度": 133.813632, "url": "https://www.iryou.teikyouseido.mhlw.go.jp/znk-web/juminkanja/S2430/initialize?prefCd=33&kikanCd=3330007350&kikanKbn=3", "url2": null, "内容": "髙森歯科【3:歯科】岡山県倉敷市児島下の町４－１０－７２" }, "geometry": { "type": "Point", "coordinates": [ 133.813632, 34.482647 ] } },
{ "type": "Feature", "properties": { "ID": 3333330007360, "正式名称": "滝下歯科", "機関区分": 3, "都道府県コード": 33, "市区町村コード": 202, "所在地": "岡山県倉敷市児島柳田町６２２－３", "緯度": 34.490562, "経度": 133.80066, "url": "https://www.iryou.teikyouseido.mhlw.go.jp/znk-web/juminkanja/S2430/initialize?prefCd=33&kikanCd=3330007360&kikanKbn=3", "url2": null, "内容": "滝下歯科【3:歯科】岡山県倉敷市児島柳田町６２２－３" }, "geometry": { "type": "Point", "coordinates": [ 133.80066, 34.490562 ] } },
{ "type": "Feature", "properties": { "ID": 3333330007370, "正式名称": "たけの歯科クリニック", "機関区分": 3, "都道府県コード": 33, "市区町村コード": 202, "所在地": "岡山県倉敷市帯高６８７－２", "緯度": 34.580386, "経度": 133.819295, "url": "https://www.iryou.teikyouseido.mhlw.go.jp/znk-web/juminkanja/S2430/initialize?prefCd=33&kikanCd=3330007370&kikanKbn=3", "url2": "http://www.takeno-dc.jp/", "内容": "たけの歯科クリニック【3:歯科】岡山県倉敷市帯高６８７－２" }, "geometry": { "type": "Point", "coordinates": [ 133.819295, 34.580386 ] } },
{ "type": "Feature", "properties": { "ID": 3333330007380, "正式名称": "たけまさ歯科", "機関区分": 3, "都道府県コード": 33, "市区町村コード": 202, "所在地": "岡山県倉敷市船穂町船穂１８２５", "緯度": 34.584633, "経度": 133.701444, "url": "https://www.iryou.teikyouseido.mhlw.go.jp/znk-web/juminkanja/S2430/initialize?prefCd=33&kikanCd=3330007380&kikanKbn=3", "url2": "http://www.dr-navi.jp/top/detail.php?kid=33&cid=2462", "内容": "たけまさ歯科【3:歯科】岡山県倉敷市船穂町船穂１８２５" }, "geometry": { "type": "Point", "coordinates": [ 133.701444, 34.584633 ] } },
{ "type": "Feature", "properties": { "ID": 3333330007390, "正式名称": "タナベ歯科クリニック", "機関区分": 3, "都道府県コード": 33, "市区町村コード": 202, "所在地": "岡山県倉敷市西中新田５５２番４", "緯度": 34.584717, "経度": 133.769855, "url": "https://www.iryou.teikyouseido.mhlw.go.jp/znk-web/juminkanja/S2430/initialize?prefCd=33&kikanCd=3330007390&kikanKbn=3", "url2": "https://www.tanabe-shika-clinic.com", "内容": "タナベ歯科クリニック【3:歯科】岡山県倉敷市西中新田５５２番４" }, "geometry": { "type": "Point", "coordinates": [ 133.769855, 34.584717 ] } },
{ "type": "Feature", "properties": { "ID": 3333330007410, "正式名称": "田村歯科医院", "機関区分": 3, "都道府県コード": 33, "市区町村コード": 202, "所在地": "岡山県倉敷市玉島乙島７０３", "緯度": 34.527861, "経度": 133.673504, "url": "https://www.iryou.teikyouseido.mhlw.go.jp/znk-web/juminkanja/S2430/initialize?prefCd=33&kikanCd=3330007410&kikanKbn=3", "url2": null, "内容": "田村歯科医院【3:歯科】岡山県倉敷市玉島乙島７０３" }, "geometry": { "type": "Point", "coordinates": [ 133.673504, 34.527861 ] } },
{ "type": "Feature", "properties": { "ID": 3333330007420, "正式名称": "つねみつ歯科医院", "機関区分": 3, "都道府県コード": 33, "市区町村コード": 202, "所在地": "岡山県倉敷市黒崎６５－３", "緯度": 34.602355, "経度": 133.785797, "url": "https://www.iryou.teikyouseido.mhlw.go.jp/znk-web/juminkanja/S2430/initialize?prefCd=33&kikanCd=3330007420&kikanKbn=3", "url2": null, "内容": "つねみつ歯科医院【3:歯科】岡山県倉敷市黒崎６５－３" }, "geometry": { "type": "Point", "coordinates": [ 133.785797, 34.602355 ] } },
{ "type": "Feature", "properties": { "ID": 3333330007430, "正式名称": "てらち歯科医院", "機関区分": 3, "都道府県コード": 33, "市区町村コード": 202, "所在地": "岡山県倉敷市南畝７丁目１－３６", "緯度": 34.521447, "経度": 133.752691, "url": "https://www.iryou.teikyouseido.mhlw.go.jp/znk-web/juminkanja/S2430/initialize?prefCd=33&kikanCd=3330007430&kikanKbn=3", "url2": null, "内容": "てらち歯科医院【3:歯科】岡山県倉敷市南畝７丁目１－３６" }, "geometry": { "type": "Point", "coordinates": [ 133.752691, 34.521447 ] } },
{ "type": "Feature", "properties": { "ID": 3333330007440, "正式名称": "十川歯科医院", "機関区分": 3, "都道府県コード": 33, "市区町村コード": 202, "所在地": "岡山県倉敷市児島駅前１－５５", "緯度": 34.465482, "経度": 133.803883, "url": "https://www.iryou.teikyouseido.mhlw.go.jp/znk-web/juminkanja/S2430/initialize?prefCd=33&kikanCd=3330007440&kikanKbn=3", "url2": null, "内容": "十川歯科医院【3:歯科】岡山県倉敷市児島駅前１－５５" }, "geometry": { "type": "Point", "coordinates": [ 133.803883, 34.465482 ] } },
{ "type": "Feature", "properties": { "ID": 3333330007450, "正式名称": "とよす歯科医院", "機関区分": 3, "都道府県コード": 33, "市区町村コード": 202, "所在地": "岡山県倉敷市西田２２７－６", "緯度": 34.595384, "経度": 133.80849, "url": "https://www.iryou.teikyouseido.mhlw.go.jp/znk-web/juminkanja/S2430/initialize?prefCd=33&kikanCd=3330007450&kikanKbn=3", "url2": null, "内容": "とよす歯科医院【3:歯科】岡山県倉敷市西田２２７－６" }, "geometry": { "type": "Point", "coordinates": [ 133.80849, 34.595384 ] } },
{ "type": "Feature", "properties": { "ID": 3333330007460, "正式名称": "鳥越歯科医院", "機関区分": 3, "都道府県コード": 33, "市区町村コード": 202, "所在地": "岡山県倉敷市西阿知町９８２－２１", "緯度": 34.587189, "経度": 133.730108, "url": "https://www.iryou.teikyouseido.mhlw.go.jp/znk-web/juminkanja/S2430/initialize?prefCd=33&kikanCd=3330007460&kikanKbn=3", "url2": null, "内容": "鳥越歯科医院【3:歯科】岡山県倉敷市西阿知町９８２－２１" }, "geometry": { "type": "Point", "coordinates": [ 133.730108, 34.587189 ] } },
{ "type": "Feature", "properties": { "ID": 3333330007470, "正式名称": "鳥越歯科クリニック", "機関区分": 3, "都道府県コード": 33, "市区町村コード": 202, "所在地": "岡山県倉敷市玉島乙島６７６３－５", "緯度": 34.53736, "経度": 133.684142, "url": "https://www.iryou.teikyouseido.mhlw.go.jp/znk-web/juminkanja/S2430/initialize?prefCd=33&kikanCd=3330007470&kikanKbn=3", "url2": null, "内容": "鳥越歯科クリニック【3:歯科】岡山県倉敷市玉島乙島６７６３－５" }, "geometry": { "type": "Point", "coordinates": [ 133.684142, 34.53736 ] } },
{ "type": "Feature", "properties": { "ID": 3333330007480, "正式名称": "長尾歯科医院", "機関区分": 3, "都道府県コード": 33, "市区町村コード": 202, "所在地": "岡山県倉敷市玉島爪崎４１９－３", "緯度": 34.566245, "経度": 133.676641, "url": "https://www.iryou.teikyouseido.mhlw.go.jp/znk-web/juminkanja/S2430/initialize?prefCd=33&kikanCd=3330007480&kikanKbn=3", "url2": null, "内容": "長尾歯科医院【3:歯科】岡山県倉敷市玉島爪崎４１９－３" }, "geometry": { "type": "Point", "coordinates": [ 133.676641, 34.566245 ] } },
{ "type": "Feature", "properties": { "ID": 3333330007490, "正式名称": "中田歯科", "機関区分": 3, "都道府県コード": 33, "市区町村コード": 202, "所在地": "岡山県倉敷市松島１１５４－２マルナカマスカット店２Ｆ", "緯度": 34.627741, "経度": 133.802434, "url": "https://www.iryou.teikyouseido.mhlw.go.jp/znk-web/juminkanja/S2430/initialize?prefCd=33&kikanCd=3330007490&kikanKbn=3", "url2": null, "内容": "中田歯科【3:歯科】岡山県倉敷市松島１１５４－２マルナカマスカット店２Ｆ" }, "geometry": { "type": "Point", "coordinates": [ 133.802434, 34.627741 ] } },
{ "type": "Feature", "properties": { "ID": 3333330007500, "正式名称": "中塚歯科医院", "機関区分": 3, "都道府県コード": 33, "市区町村コード": 202, "所在地": "岡山県倉敷市児島小川７－２－５３", "緯度": 34.482119, "経度": 133.799494, "url": "https://www.iryou.teikyouseido.mhlw.go.jp/znk-web/juminkanja/S2430/initialize?prefCd=33&kikanCd=3330007500&kikanKbn=3", "url2": "https://caloo.jp/hospitals/detail/3330011243", "内容": "中塚歯科医院【3:歯科】岡山県倉敷市児島小川７－２－５３" }, "geometry": { "type": "Point", "coordinates": [ 133.799494, 34.482119 ] } },
{ "type": "Feature", "properties": { "ID": 3333330007510, "正式名称": "中塚歯科医院", "機関区分": 3, "都道府県コード": 33, "市区町村コード": 202, "所在地": "岡山県倉敷市児島小川町３６７７－３６", "緯度": 34.467982, "経度": 133.813549, "url": "https://www.iryou.teikyouseido.mhlw.go.jp/znk-web/juminkanja/S2430/initialize?prefCd=33&kikanCd=3330007510&kikanKbn=3", "url2": null, "内容": "中塚歯科医院【3:歯科】岡山県倉敷市児島小川町３６７７－３６" }, "geometry": { "type": "Point", "coordinates": [ 133.813549, 34.467982 ] } },
{ "type": "Feature", "properties": { "ID": 3333330007520, "正式名称": "医療法人　あるきデンタルおふぃす", "機関区分": 3, "都道府県コード": 33, "市区町村コード": 202, "所在地": "岡山県倉敷市有城４８－１", "緯度": 34.568303, "経度": 133.801852, "url": "https://www.iryou.teikyouseido.mhlw.go.jp/znk-web/juminkanja/S2430/initialize?prefCd=33&kikanCd=3330007520&kikanKbn=3", "url2": "https://www.nagayama-d-o.com/", "内容": "医療法人　あるきデンタルおふぃす【3:歯科】岡山県倉敷市有城４８－１" }, "geometry": { "type": "Point", "coordinates": [ 133.801852, 34.568303 ] } },
{ "type": "Feature", "properties": { "ID": 3333330007530, "正式名称": "名木田歯科医院", "機関区分": 3, "都道府県コード": 33, "市区町村コード": 202, "所在地": "岡山県倉敷市水島東常盤町４－７", "緯度": 34.532445, "経度": 133.741081, "url": "https://www.iryou.teikyouseido.mhlw.go.jp/znk-web/juminkanja/S2430/initialize?prefCd=33&kikanCd=3330007530&kikanKbn=3", "url2": null, "内容": "名木田歯科医院【3:歯科】岡山県倉敷市水島東常盤町４－７" }, "geometry": { "type": "Point", "coordinates": [ 133.741081, 34.532445 ] } },
{ "type": "Feature", "properties": { "ID": 3333330007540, "正式名称": "ナツアキ歯科", "機関区分": 3, "都道府県コード": 33, "市区町村コード": 202, "所在地": "岡山県倉敷市高須賀１８７－１", "緯度": 34.588107, "経度": 133.820878, "url": "https://www.iryou.teikyouseido.mhlw.go.jp/znk-web/juminkanja/S2430/initialize?prefCd=33&kikanCd=3330007540&kikanKbn=3", "url2": null, "内容": "ナツアキ歯科【3:歯科】岡山県倉敷市高須賀１８７－１" }, "geometry": { "type": "Point", "coordinates": [ 133.820878, 34.588107 ] } },
{ "type": "Feature", "properties": { "ID": 3333330007550, "正式名称": "難波歯科医院", "機関区分": 3, "都道府県コード": 33, "市区町村コード": 202, "所在地": "岡山県倉敷市児島味野１丁目７番１０号", "緯度": 34.46987, "経度": 133.804466, "url": "https://www.iryou.teikyouseido.mhlw.go.jp/znk-web/juminkanja/S2430/initialize?prefCd=33&kikanCd=3330007550&kikanKbn=3", "url2": "http://dental-namba.com", "内容": "難波歯科医院【3:歯科】岡山県倉敷市児島味野１丁目７番１０号" }, "geometry": { "type": "Point", "coordinates": [ 133.804466, 34.46987 ] } },
{ "type": "Feature", "properties": { "ID": 3333330007570, "正式名称": "難波歯科医院", "機関区分": 3, "都道府県コード": 33, "市区町村コード": 202, "所在地": "岡山県倉敷市東富井４３２－１", "緯度": 34.576968, "経度": 133.749134, "url": "https://www.iryou.teikyouseido.mhlw.go.jp/znk-web/juminkanja/S2430/initialize?prefCd=33&kikanCd=3330007570&kikanKbn=3", "url2": null, "内容": "難波歯科医院【3:歯科】岡山県倉敷市東富井４３２－１" }, "geometry": { "type": "Point", "coordinates": [ 133.749134, 34.576968 ] } },
{ "type": "Feature", "properties": { "ID": 3333330007580, "正式名称": "西歯科医院", "機関区分": 3, "都道府県コード": 33, "市区町村コード": 202, "所在地": "岡山県倉敷市新倉敷駅前５丁目１２８", "緯度": 34.561301, "経度": 133.677419, "url": "https://www.iryou.teikyouseido.mhlw.go.jp/znk-web/juminkanja/S2430/initialize?prefCd=33&kikanCd=3330007580&kikanKbn=3", "url2": null, "内容": "西歯科医院【3:歯科】岡山県倉敷市新倉敷駅前５丁目１２８" }, "geometry": { "type": "Point", "coordinates": [ 133.677419, 34.561301 ] } },
{ "type": "Feature", "properties": { "ID": 3333330007590, "正式名称": "にしおか歯科", "機関区分": 3, "都道府県コード": 33, "市区町村コード": 202, "所在地": "岡山県倉敷市茶屋町１６５９番地", "緯度": 34.581636, "経度": 133.827016, "url": "https://www.iryou.teikyouseido.mhlw.go.jp/znk-web/juminkanja/S2430/initialize?prefCd=33&kikanCd=3330007590&kikanKbn=3", "url2": null, "内容": "にしおか歯科【3:歯科】岡山県倉敷市茶屋町１６５９番地" }, "geometry": { "type": "Point", "coordinates": [ 133.827016, 34.581636 ] } },
{ "type": "Feature", "properties": { "ID": 3333330007600, "正式名称": "沼本歯科医院", "機関区分": 3, "都道府県コード": 33, "市区町村コード": 202, "所在地": "岡山県倉敷市児島田の口１丁目９番１４号", "緯度": 34.476731, "経度": 133.834769, "url": "https://www.iryou.teikyouseido.mhlw.go.jp/znk-web/juminkanja/S2430/initialize?prefCd=33&kikanCd=3330007600&kikanKbn=3", "url2": null, "内容": "沼本歯科医院【3:歯科】岡山県倉敷市児島田の口１丁目９番１４号" }, "geometry": { "type": "Point", "coordinates": [ 133.834769, 34.476731 ] } },
{ "type": "Feature", "properties": { "ID": 3333330007610, "正式名称": "沼本歯科医院", "機関区分": 3, "都道府県コード": 33, "市区町村コード": 202, "所在地": "岡山県倉敷市笹沖２６－３", "緯度": 34.575746, "経度": 133.758745, "url": "https://www.iryou.teikyouseido.mhlw.go.jp/znk-web/juminkanja/S2430/initialize?prefCd=33&kikanCd=3330007610&kikanKbn=3", "url2": null, "内容": "沼本歯科医院【3:歯科】岡山県倉敷市笹沖２６－３" }, "geometry": { "type": "Point", "coordinates": [ 133.758745, 34.575746 ] } },
{ "type": "Feature", "properties": { "ID": 3333330007620, "正式名称": "野瀬歯科医院", "機関区分": 3, "都道府県コード": 33, "市区町村コード": 202, "所在地": "岡山県倉敷市白楽町３９９－１", "緯度": 34.588495, "経度": 133.770882, "url": "https://www.iryou.teikyouseido.mhlw.go.jp/znk-web/juminkanja/S2430/initialize?prefCd=33&kikanCd=3330007620&kikanKbn=3", "url2": null, "内容": "野瀬歯科医院【3:歯科】岡山県倉敷市白楽町３９９－１" }, "geometry": { "type": "Point", "coordinates": [ 133.770882, 34.588495 ] } },
{ "type": "Feature", "properties": { "ID": 3333330007630, "正式名称": "医療法人のむら矯正歯科", "機関区分": 3, "都道府県コード": 33, "市区町村コード": 202, "所在地": "岡山県倉敷市昭和２－１－３９", "緯度": 34.602827, "経度": 133.771048, "url": "https://www.iryou.teikyouseido.mhlw.go.jp/znk-web/juminkanja/S2430/initialize?prefCd=33&kikanCd=3330007630&kikanKbn=3", "url2": "http://www.nomura-oc.com", "内容": "医療法人のむら矯正歯科【3:歯科】岡山県倉敷市昭和２－１－３９" }, "geometry": { "type": "Point", "coordinates": [ 133.771048, 34.602827 ] } },
{ "type": "Feature", "properties": { "ID": 3333330007640, "正式名称": "ハート歯科クリニック", "機関区分": 3, "都道府県コード": 33, "市区町村コード": 202, "所在地": "岡山県倉敷市昭和１丁目３－２", "緯度": 34.605437, "経度": 133.771215, "url": "https://www.iryou.teikyouseido.mhlw.go.jp/znk-web/juminkanja/S2430/initialize?prefCd=33&kikanCd=3330007640&kikanKbn=3", "url2": "http://nttbj.itp.ne.jp/0864217440/index.html?Media_cate=populer&svc=1303", "内容": "ハート歯科クリニック【3:歯科】岡山県倉敷市昭和１丁目３－２" }, "geometry": { "type": "Point", "coordinates": [ 133.771215, 34.605437 ] } },
{ "type": "Feature", "properties": { "ID": 3333330007660, "正式名称": "橋本歯科医院", "機関区分": 3, "都道府県コード": 33, "市区町村コード": 202, "所在地": "岡山県倉敷市児島下の町１０丁目３７６－５４", "緯度": 34.474731, "経度": 133.829019, "url": "https://www.iryou.teikyouseido.mhlw.go.jp/znk-web/juminkanja/S2430/initialize?prefCd=33&kikanCd=3330007660&kikanKbn=3", "url2": null, "内容": "橋本歯科医院【3:歯科】岡山県倉敷市児島下の町１０丁目３７６－５４" }, "geometry": { "type": "Point", "coordinates": [ 133.829019, 34.474731 ] } },
{ "type": "Feature", "properties": { "ID": 3333330007670, "正式名称": "医療法人　太陽会　橋本歯科医院", "機関区分": 3, "都道府県コード": 33, "市区町村コード": 202, "所在地": "岡山県倉敷市阿知２－１２－８", "緯度": 34.599993, "経度": 133.769299, "url": "https://www.iryou.teikyouseido.mhlw.go.jp/znk-web/juminkanja/S2430/initialize?prefCd=33&kikanCd=3330007670&kikanKbn=3", "url2": "http://www.taiyoukai.info", "内容": "医療法人　太陽会　橋本歯科医院【3:歯科】岡山県倉敷市阿知２－１２－８" }, "geometry": { "type": "Point", "coordinates": [ 133.769299, 34.599993 ] } },
{ "type": "Feature", "properties": { "ID": 3333330007680, "正式名称": "医療法人社団　四葉会　ハッピー歯科クリニック", "機関区分": 3, "都道府県コード": 33, "市区町村コード": 202, "所在地": "岡山県倉敷市寿町４－４　倉敷駅北口前Ｌ＆Ｆスクエア２階", "緯度": 34.603243, "経度": 133.766271, "url": "https://www.iryou.teikyouseido.mhlw.go.jp/znk-web/juminkanja/S2430/initialize?prefCd=33&kikanCd=3330007680&kikanKbn=3", "url2": "http://www.happyshika.com", "内容": "医療法人社団　四葉会　ハッピー歯科クリニック【3:歯科】岡山県倉敷市寿町４－４　倉敷駅北口前Ｌ＆Ｆスクエア２階" }, "geometry": { "type": "Point", "coordinates": [ 133.766271, 34.603243 ] } },
{ "type": "Feature", "properties": { "ID": 3333330007690, "正式名称": "浜田歯科医院", "機関区分": 3, "都道府県コード": 33, "市区町村コード": 202, "所在地": "岡山県倉敷市山地１３７４－３", "緯度": 34.649739, "経度": 133.817432, "url": "https://www.iryou.teikyouseido.mhlw.go.jp/znk-web/juminkanja/S2430/initialize?prefCd=33&kikanCd=3330007690&kikanKbn=3", "url2": "http://www.tsukubo.or.jp./dc/hamada.html", "内容": "浜田歯科医院【3:歯科】岡山県倉敷市山地１３７４－３" }, "geometry": { "type": "Point", "coordinates": [ 133.817432, 34.649739 ] } },
{ "type": "Feature", "properties": { "ID": 3333330007700, "正式名称": "早瀬歯科医院", "機関区分": 3, "都道府県コード": 33, "市区町村コード": 202, "所在地": "岡山県倉敷市連島町西之浦３８０", "緯度": 34.550859, "経度": 133.716444, "url": "https://www.iryou.teikyouseido.mhlw.go.jp/znk-web/juminkanja/S2430/initialize?prefCd=33&kikanCd=3330007700&kikanKbn=3", "url2": null, "内容": "早瀬歯科医院【3:歯科】岡山県倉敷市連島町西之浦３８０" }, "geometry": { "type": "Point", "coordinates": [ 133.716444, 34.550859 ] } },
{ "type": "Feature", "properties": { "ID": 3333330007710, "正式名称": "早瀬歯科医院", "機関区分": 3, "都道府県コード": 33, "市区町村コード": 202, "所在地": "岡山県倉敷市幸町１１－５", "緯度": 34.604243, "経度": 133.77527, "url": "https://www.iryou.teikyouseido.mhlw.go.jp/znk-web/juminkanja/S2430/initialize?prefCd=33&kikanCd=3330007710&kikanKbn=3", "url2": null, "内容": "早瀬歯科医院【3:歯科】岡山県倉敷市幸町１１－５" }, "geometry": { "type": "Point", "coordinates": [ 133.77527, 34.604243 ] } },
{ "type": "Feature", "properties": { "ID": 3333330007720, "正式名称": "早瀬歯科医院", "機関区分": 3, "都道府県コード": 33, "市区町村コード": 202, "所在地": "岡山県倉敷市水島東栄町２－１０", "緯度": 34.536306, "経度": 133.742914, "url": "https://www.iryou.teikyouseido.mhlw.go.jp/znk-web/juminkanja/S2430/initialize?prefCd=33&kikanCd=3330007720&kikanKbn=3", "url2": null, "内容": "早瀬歯科医院【3:歯科】岡山県倉敷市水島東栄町２－１０" }, "geometry": { "type": "Point", "coordinates": [ 133.742914, 34.536306 ] } },
{ "type": "Feature", "properties": { "ID": 3333330007730, "正式名称": "東原歯科医院", "機関区分": 3, "都道府県コード": 33, "市区町村コード": 202, "所在地": "岡山県倉敷市下庄４６９－７", "緯度": 34.639962, "経度": 133.824515, "url": "https://www.iryou.teikyouseido.mhlw.go.jp/znk-web/juminkanja/S2430/initialize?prefCd=33&kikanCd=3330007730&kikanKbn=3", "url2": "http://www.tsukubo.or.jp/dc/higashihara.html", "内容": "東原歯科医院【3:歯科】岡山県倉敷市下庄４６９－７" }, "geometry": { "type": "Point", "coordinates": [ 133.824515, 34.639962 ] } },
{ "type": "Feature", "properties": { "ID": 3333330007740, "正式名称": "医療法人ひじや矯正歯科", "機関区分": 3, "都道府県コード": 33, "市区町村コード": 202, "所在地": "岡山県倉敷市阿知３丁目１３－１", "緯度": 34.60016, "経度": 133.767521, "url": "https://www.iryou.teikyouseido.mhlw.go.jp/znk-web/juminkanja/S2430/initialize?prefCd=33&kikanCd=3330007740&kikanKbn=3", "url2": "http://www.hijiyaortho.com", "内容": "医療法人ひじや矯正歯科【3:歯科】岡山県倉敷市阿知３丁目１３－１" }, "geometry": { "type": "Point", "coordinates": [ 133.767521, 34.60016 ] } },
{ "type": "Feature", "properties": { "ID": 3333330007750, "正式名称": "ひまわり歯科クリニック", "機関区分": 3, "都道府県コード": 33, "市区町村コード": 202, "所在地": "岡山県倉敷市西阿知町西原８２７－２", "緯度": 34.586077, "経度": 133.722275, "url": "https://www.iryou.teikyouseido.mhlw.go.jp/znk-web/juminkanja/S2430/initialize?prefCd=33&kikanCd=3330007750&kikanKbn=3", "url2": "http://www.tofukai.or.jp/clinic/himawari1.html", "内容": "ひまわり歯科クリニック【3:歯科】岡山県倉敷市西阿知町西原８２７－２" }, "geometry": { "type": "Point", "coordinates": [ 133.722275, 34.586077 ] } },
{ "type": "Feature", "properties": { "ID": 3333330007760, "正式名称": "平川　歯科医院", "機関区分": 3, "都道府県コード": 33, "市区町村コード": 202, "所在地": "岡山県倉敷市児島赤崎１－１６－２６", "緯度": 34.459621, "経度": 133.800717, "url": "https://www.iryou.teikyouseido.mhlw.go.jp/znk-web/juminkanja/S2430/initialize?prefCd=33&kikanCd=3330007760&kikanKbn=3", "url2": null, "内容": "平川　歯科医院【3:歯科】岡山県倉敷市児島赤崎１－１６－２６" }, "geometry": { "type": "Point", "coordinates": [ 133.800717, 34.459621 ] } },
{ "type": "Feature", "properties": { "ID": 3333330007770, "正式名称": "平田歯科医院", "機関区分": 3, "都道府県コード": 33, "市区町村コード": 202, "所在地": "岡山県倉敷市玉島黒崎５５８８－１", "緯度": 34.503279, "経度": 133.634869, "url": "https://www.iryou.teikyouseido.mhlw.go.jp/znk-web/juminkanja/S2430/initialize?prefCd=33&kikanCd=3330007770&kikanKbn=3", "url2": "http://www.hirata-dc1992.jp", "内容": "平田歯科医院【3:歯科】岡山県倉敷市玉島黒崎５５８８－１" }, "geometry": { "type": "Point", "coordinates": [ 133.634869, 34.503279 ] } },
{ "type": "Feature", "properties": { "ID": 3333330007780, "正式名称": "医療法人ＱＯＬ　ファミール歯科", "機関区分": 3, "都道府県コード": 33, "市区町村コード": 202, "所在地": "岡山県倉敷市林１７３－１", "緯度": 34.546112, "経度": 133.819407, "url": "https://www.iryou.teikyouseido.mhlw.go.jp/znk-web/juminkanja/S2430/initialize?prefCd=33&kikanCd=3330007780&kikanKbn=3", "url2": "http://www.famille-dc.jp", "内容": "医療法人ＱＯＬ　ファミール歯科【3:歯科】岡山県倉敷市林１７３－１" }, "geometry": { "type": "Point", "coordinates": [ 133.819407, 34.546112 ] } },
{ "type": "Feature", "properties": { "ID": 3333330007790, "正式名称": "福富歯科医院", "機関区分": 3, "都道府県コード": 33, "市区町村コード": 202, "所在地": "岡山県倉敷市連島町連島４６７", "緯度": 34.554498, "経度": 133.745219, "url": "https://www.iryou.teikyouseido.mhlw.go.jp/znk-web/juminkanja/S2430/initialize?prefCd=33&kikanCd=3330007790&kikanKbn=3", "url2": "http://www.fukutomi-shika.com/", "内容": "福富歯科医院【3:歯科】岡山県倉敷市連島町連島４６７" }, "geometry": { "type": "Point", "coordinates": [ 133.745219, 34.554498 ] } },
{ "type": "Feature", "properties": { "ID": 3333330007810, "正式名称": "藤原歯科医院", "機関区分": 3, "都道府県コード": 33, "市区町村コード": 202, "所在地": "岡山県倉敷市児島味野１－１３－３０", "緯度": 34.473398, "経度": 133.803133, "url": "https://www.iryou.teikyouseido.mhlw.go.jp/znk-web/juminkanja/S2430/initialize?prefCd=33&kikanCd=3330007810&kikanKbn=3", "url2": null, "内容": "藤原歯科医院【3:歯科】岡山県倉敷市児島味野１－１３－３０" }, "geometry": { "type": "Point", "coordinates": [ 133.803133, 34.473398 ] } },
{ "type": "Feature", "properties": { "ID": 3333330007820, "正式名称": "医療法人　正見会　藤原歯科医院", "機関区分": 3, "都道府県コード": 33, "市区町村コード": 202, "所在地": "岡山県倉敷市連島中央１丁目１‐１０", "緯度": 34.546212, "経度": 133.731596, "url": "https://www.iryou.teikyouseido.mhlw.go.jp/znk-web/juminkanja/S2430/initialize?prefCd=33&kikanCd=3330007820&kikanKbn=3", "url2": "http://www.fujiwarashika.jp/", "内容": "医療法人　正見会　藤原歯科医院【3:歯科】岡山県倉敷市連島中央１丁目１‐１０" }, "geometry": { "type": "Point", "coordinates": [ 133.731596, 34.546212 ] } },
{ "type": "Feature", "properties": { "ID": 3333330007830, "正式名称": "ふなびき歯科", "機関区分": 3, "都道府県コード": 33, "市区町村コード": 202, "所在地": "岡山県倉敷市水島南亀島町１８－２２", "緯度": 34.529834, "経度": 133.724471, "url": "https://www.iryou.teikyouseido.mhlw.go.jp/znk-web/juminkanja/S2430/initialize?prefCd=33&kikanCd=3330007830&kikanKbn=3", "url2": "http://www.fkdc.net", "内容": "ふなびき歯科【3:歯科】岡山県倉敷市水島南亀島町１８－２２" }, "geometry": { "type": "Point", "coordinates": [ 133.724471, 34.529834 ] } },
{ "type": "Feature", "properties": { "ID": 3333330007840, "正式名称": "フラワー歯科", "機関区分": 3, "都道府県コード": 33, "市区町村コード": 202, "所在地": "岡山県倉敷市茶屋町４７７－１４", "緯度": 34.575303, "経度": 133.825961, "url": "https://www.iryou.teikyouseido.mhlw.go.jp/znk-web/juminkanja/S2430/initialize?prefCd=33&kikanCd=3330007840&kikanKbn=3", "url2": null, "内容": "フラワー歯科【3:歯科】岡山県倉敷市茶屋町４７７－１４" }, "geometry": { "type": "Point", "coordinates": [ 133.825961, 34.575303 ] } },
{ "type": "Feature", "properties": { "ID": 3333330007850, "正式名称": "古谷歯科医院", "機関区分": 3, "都道府県コード": 33, "市区町村コード": 202, "所在地": "岡山県倉敷市児島小川１－３－５", "緯度": 34.468704, "経度": 133.809688, "url": "https://www.iryou.teikyouseido.mhlw.go.jp/znk-web/juminkanja/S2430/initialize?prefCd=33&kikanCd=3330007850&kikanKbn=3", "url2": "http://www.furutanidental.jp/", "内容": "古谷歯科医院【3:歯科】岡山県倉敷市児島小川１－３－５" }, "geometry": { "type": "Point", "coordinates": [ 133.809688, 34.468704 ] } },
{ "type": "Feature", "properties": { "ID": 3333330007880, "正式名称": "マーメイド歯科クリニック", "機関区分": 3, "都道府県コード": 33, "市区町村コード": 202, "所在地": "岡山県倉敷市大内１２３９－９", "緯度": 34.60427, "経度": 133.750967, "url": "https://www.iryou.teikyouseido.mhlw.go.jp/znk-web/juminkanja/S2430/initialize?prefCd=33&kikanCd=3330007880&kikanKbn=3", "url2": "http://www.mermaid-shika.com/", "内容": "マーメイド歯科クリニック【3:歯科】岡山県倉敷市大内１２３９－９" }, "geometry": { "type": "Point", "coordinates": [ 133.750967, 34.60427 ] } },
{ "type": "Feature", "properties": { "ID": 3333330007890, "正式名称": "まがみ歯科クリニック", "機関区分": 3, "都道府県コード": 33, "市区町村コード": 202, "所在地": "岡山県倉敷市連島中央４丁目７－７", "緯度": 34.54861, "経度": 133.729276, "url": "https://www.iryou.teikyouseido.mhlw.go.jp/znk-web/juminkanja/S2430/initialize?prefCd=33&kikanCd=3330007890&kikanKbn=3", "url2": null, "内容": "まがみ歯科クリニック【3:歯科】岡山県倉敷市連島中央４丁目７－７" }, "geometry": { "type": "Point", "coordinates": [ 133.729276, 34.54861 ] } },
{ "type": "Feature", "properties": { "ID": 3333330007900, "正式名称": "マスカット歯科医院", "機関区分": 3, "都道府県コード": 33, "市区町村コード": 202, "所在地": "岡山県倉敷市鳥羽４６０－２", "緯度": 34.621159, "経度": 133.80835, "url": "https://www.iryou.teikyouseido.mhlw.go.jp/znk-web/juminkanja/S2430/initialize?prefCd=33&kikanCd=3330007900&kikanKbn=3", "url2": null, "内容": "マスカット歯科医院【3:歯科】岡山県倉敷市鳥羽４６０－２" }, "geometry": { "type": "Point", "coordinates": [ 133.80835, 34.621159 ] } },
{ "type": "Feature", "properties": { "ID": 3333330007940, "正式名称": "松岡歯科医院", "機関区分": 3, "都道府県コード": 33, "市区町村コード": 202, "所在地": "岡山県倉敷市連島中央１－５－２０", "緯度": 34.548221, "経度": 133.736303, "url": "https://www.iryou.teikyouseido.mhlw.go.jp/znk-web/juminkanja/S2430/initialize?prefCd=33&kikanCd=3330007940&kikanKbn=3", "url2": null, "内容": "松岡歯科医院【3:歯科】岡山県倉敷市連島中央１－５－２０" }, "geometry": { "type": "Point", "coordinates": [ 133.736303, 34.548221 ] } },
{ "type": "Feature", "properties": { "ID": 3333330007950, "正式名称": "松原歯科医院", "機関区分": 3, "都道府県コード": 33, "市区町村コード": 202, "所在地": "岡山県倉敷市幸町１５－１８", "緯度": 34.602771, "経度": 133.777298, "url": "https://www.iryou.teikyouseido.mhlw.go.jp/znk-web/juminkanja/S2430/initialize?prefCd=33&kikanCd=3330007950&kikanKbn=3", "url2": null, "内容": "松原歯科医院【3:歯科】岡山県倉敷市幸町１５－１８" }, "geometry": { "type": "Point", "coordinates": [ 133.777298, 34.602771 ] } },
{ "type": "Feature", "properties": { "ID": 3333330007960, "正式名称": "松三歯科医院", "機関区分": 3, "都道府県コード": 33, "市区町村コード": 202, "所在地": "岡山県倉敷市児島上の町３－１－４１", "緯度": 34.489646, "経度": 133.816798, "url": "https://www.iryou.teikyouseido.mhlw.go.jp/znk-web/juminkanja/S2430/initialize?prefCd=33&kikanCd=3330007960&kikanKbn=3", "url2": null, "内容": "松三歯科医院【3:歯科】岡山県倉敷市児島上の町３－１－４１" }, "geometry": { "type": "Point", "coordinates": [ 133.816798, 34.489646 ] } },
{ "type": "Feature", "properties": { "ID": 3333330007970, "正式名称": "まつもと歯科クリニック", "機関区分": 3, "都道府県コード": 33, "市区町村コード": 202, "所在地": "岡山県倉敷市生坂１３４－１", "緯度": 34.632518, "経度": 133.784296, "url": "https://www.iryou.teikyouseido.mhlw.go.jp/znk-web/juminkanja/S2430/initialize?prefCd=33&kikanCd=3330007970&kikanKbn=3", "url2": "http://matsu-dc.net", "内容": "まつもと歯科クリニック【3:歯科】岡山県倉敷市生坂１３４－１" }, "geometry": { "type": "Point", "coordinates": [ 133.784296, 34.632518 ] } },
{ "type": "Feature", "properties": { "ID": 3333330007980, "正式名称": "丸石歯科・矯正歯科", "機関区分": 3, "都道府県コード": 33, "市区町村コード": 202, "所在地": "岡山県倉敷市沖３１－５", "緯度": 34.590133, "経度": 133.750551, "url": "https://www.iryou.teikyouseido.mhlw.go.jp/znk-web/juminkanja/S2430/initialize?prefCd=33&kikanCd=3330007980&kikanKbn=3", "url2": "maruishi-dc.com", "内容": "丸石歯科・矯正歯科【3:歯科】岡山県倉敷市沖３１－５" }, "geometry": { "type": "Point", "coordinates": [ 133.750551, 34.590133 ] } },
{ "type": "Feature", "properties": { "ID": 3333330007990, "正式名称": "三上歯科医院", "機関区分": 3, "都道府県コード": 33, "市区町村コード": 202, "所在地": "岡山県倉敷市鶴形１－５－３", "緯度": 34.600688, "経度": 133.770132, "url": "https://www.iryou.teikyouseido.mhlw.go.jp/znk-web/juminkanja/S2430/initialize?prefCd=33&kikanCd=3330007990&kikanKbn=3", "url2": "http://www.0951mikamidentalcliniccom/", "内容": "三上歯科医院【3:歯科】岡山県倉敷市鶴形１－５－３" }, "geometry": { "type": "Point", "coordinates": [ 133.770132, 34.600688 ] } },
{ "type": "Feature", "properties": { "ID": 3333330008000, "正式名称": "水川歯科医院", "機関区分": 3, "都道府県コード": 33, "市区町村コード": 202, "所在地": "岡山県倉敷市真備町箭田１１９０", "緯度": 34.630599, "経度": 133.692082, "url": "https://www.iryou.teikyouseido.mhlw.go.jp/znk-web/juminkanja/S2430/initialize?prefCd=33&kikanCd=3330008000&kikanKbn=3", "url2": null, "内容": "水川歯科医院【3:歯科】岡山県倉敷市真備町箭田１１９０" }, "geometry": { "type": "Point", "coordinates": [ 133.692082, 34.630599 ] } },
{ "type": "Feature", "properties": { "ID": 3333330008010, "正式名称": "三宅歯科医院", "機関区分": 3, "都道府県コード": 33, "市区町村コード": 202, "所在地": "岡山県倉敷市阿知３－１９－８", "緯度": 34.59741, "経度": 133.768271, "url": "https://www.iryou.teikyouseido.mhlw.go.jp/znk-web/juminkanja/S2430/initialize?prefCd=33&kikanCd=3330008010&kikanKbn=3", "url2": null, "内容": "三宅歯科医院【3:歯科】岡山県倉敷市阿知３－１９－８" }, "geometry": { "type": "Point", "coordinates": [ 133.768271, 34.59741 ] } },
{ "type": "Feature", "properties": { "ID": 3333330008020, "正式名称": "三宅歯科", "機関区分": 3, "都道府県コード": 33, "市区町村コード": 202, "所在地": "岡山県倉敷市加須山５７９－４", "緯度": 34.586024, "経度": 133.79963, "url": "https://www.iryou.teikyouseido.mhlw.go.jp/znk-web/juminkanja/S2430/initialize?prefCd=33&kikanCd=3330008020&kikanKbn=3", "url2": null, "内容": "三宅歯科【3:歯科】岡山県倉敷市加須山５７９－４" }, "geometry": { "type": "Point", "coordinates": [ 133.79963, 34.586024 ] } },
{ "type": "Feature", "properties": { "ID": 3333330008040, "正式名称": "宮本歯科医院", "機関区分": 3, "都道府県コード": 33, "市区町村コード": 202, "所在地": "岡山県倉敷市真備町川辺字宮の後２４５－４", "緯度": 34.64346, "経度": 133.719329, "url": "https://www.iryou.teikyouseido.mhlw.go.jp/znk-web/juminkanja/S2430/initialize?prefCd=33&kikanCd=3330008040&kikanKbn=3", "url2": "https://www.miyamotodent.com/", "内容": "宮本歯科医院【3:歯科】岡山県倉敷市真備町川辺字宮の後２４５－４" }, "geometry": { "type": "Point", "coordinates": [ 133.719329, 34.64346 ] } },
{ "type": "Feature", "properties": { "ID": 3333330008060, "正式名称": "森歯科医院", "機関区分": 3, "都道府県コード": 33, "市区町村コード": 202, "所在地": "岡山県倉敷市鶴形１丁目４番１４号", "緯度": 34.600993, "経度": 133.770798, "url": "https://www.iryou.teikyouseido.mhlw.go.jp/znk-web/juminkanja/S2430/initialize?prefCd=33&kikanCd=3330008060&kikanKbn=3", "url2": "https://www.morident.com/", "内容": "森歯科医院【3:歯科】岡山県倉敷市鶴形１丁目４番１４号" }, "geometry": { "type": "Point", "coordinates": [ 133.770798, 34.600993 ] } },
{ "type": "Feature", "properties": { "ID": 3333330008070, "正式名称": "医療法人社団東風会　守屋歯科医院", "機関区分": 3, "都道府県コード": 33, "市区町村コード": 202, "所在地": "岡山県倉敷市連島町矢柄５８５９", "緯度": 34.551554, "経度": 133.73022, "url": "https://www.iryou.teikyouseido.mhlw.go.jp/znk-web/juminkanja/S2430/initialize?prefCd=33&kikanCd=3330008070&kikanKbn=3", "url2": "http://tofukai.or.jp", "内容": "医療法人社団東風会　守屋歯科医院【3:歯科】岡山県倉敷市連島町矢柄５８５９" }, "geometry": { "type": "Point", "coordinates": [ 133.73022, 34.551554 ] } },
{ "type": "Feature", "properties": { "ID": 3333330008080, "正式名称": "もりやま歯科医院", "機関区分": 3, "都道府県コード": 33, "市区町村コード": 202, "所在地": "岡山県倉敷市児島上の町２丁目２－４３－２", "緯度": 34.489785, "経度": 133.811576, "url": "https://www.iryou.teikyouseido.mhlw.go.jp/znk-web/juminkanja/S2430/initialize?prefCd=33&kikanCd=3330008080&kikanKbn=3", "url2": null, "内容": "もりやま歯科医院【3:歯科】岡山県倉敷市児島上の町２丁目２－４３－２" }, "geometry": { "type": "Point", "coordinates": [ 133.811576, 34.489785 ] } },
{ "type": "Feature", "properties": { "ID": 3333330008090, "正式名称": "やない歯科医院", "機関区分": 3, "都道府県コード": 33, "市区町村コード": 202, "所在地": "岡山県倉敷市中庄３５２０－１", "緯度": 34.622492, "経度": 133.805184, "url": "https://www.iryou.teikyouseido.mhlw.go.jp/znk-web/juminkanja/S2430/initialize?prefCd=33&kikanCd=3330008090&kikanKbn=3", "url2": null, "内容": "やない歯科医院【3:歯科】岡山県倉敷市中庄３５２０－１" }, "geometry": { "type": "Point", "coordinates": [ 133.805184, 34.622492 ] } },
{ "type": "Feature", "properties": { "ID": 3333330008100, "正式名称": "薮内歯科", "機関区分": 3, "都道府県コード": 33, "市区町村コード": 202, "所在地": "岡山県倉敷市浜町２－１０－２９", "緯度": 34.60927, "経度": 133.77177, "url": "https://www.iryou.teikyouseido.mhlw.go.jp/znk-web/juminkanja/S2430/initialize?prefCd=33&kikanCd=3330008100&kikanKbn=3", "url2": null, "内容": "薮内歯科【3:歯科】岡山県倉敷市浜町２－１０－２９" }, "geometry": { "type": "Point", "coordinates": [ 133.77177, 34.60927 ] } },
{ "type": "Feature", "properties": { "ID": 3333330008110, "正式名称": "矢部歯科医院", "機関区分": 3, "都道府県コード": 33, "市区町村コード": 202, "所在地": "岡山県倉敷市連島中央５丁目３１－２", "緯度": 34.551803, "経度": 133.713694, "url": "https://www.iryou.teikyouseido.mhlw.go.jp/znk-web/juminkanja/S2430/initialize?prefCd=33&kikanCd=3330008110&kikanKbn=3", "url2": "https://www.e-yabe-shika.com/", "内容": "矢部歯科医院【3:歯科】岡山県倉敷市連島中央５丁目３１－２" }, "geometry": { "type": "Point", "coordinates": [ 133.713694, 34.551803 ] } },
{ "type": "Feature", "properties": { "ID": 3333330008120, "正式名称": "山田歯科医院", "機関区分": 3, "都道府県コード": 33, "市区町村コード": 202, "所在地": "岡山県倉敷市吉岡５６１－１５", "緯度": 34.569553, "経度": 133.772049, "url": "https://www.iryou.teikyouseido.mhlw.go.jp/znk-web/juminkanja/S2430/initialize?prefCd=33&kikanCd=3330008120&kikanKbn=3", "url2": null, "内容": "山田歯科医院【3:歯科】岡山県倉敷市吉岡５６１－１５" }, "geometry": { "type": "Point", "coordinates": [ 133.772049, 34.569553 ] } },
{ "type": "Feature", "properties": { "ID": 3333330008130, "正式名称": "山脇歯科医院", "機関区分": 3, "都道府県コード": 33, "市区町村コード": 202, "所在地": "岡山県倉敷市八王寺町３７－２０", "緯度": 34.600687, "経度": 133.750411, "url": "https://www.iryou.teikyouseido.mhlw.go.jp/znk-web/juminkanja/S2430/initialize?prefCd=33&kikanCd=3330008130&kikanKbn=3", "url2": "http://www.yamawaki-dc.jp/index.html", "内容": "山脇歯科医院【3:歯科】岡山県倉敷市八王寺町３７－２０" }, "geometry": { "type": "Point", "coordinates": [ 133.750411, 34.600687 ] } },
{ "type": "Feature", "properties": { "ID": 3333330008140, "正式名称": "横見歯科医院", "機関区分": 3, "都道府県コード": 33, "市区町村コード": 202, "所在地": "岡山県倉敷市福田町古新田１２０９番地４７号", "緯度": 34.531918, "経度": 133.762968, "url": "https://www.iryou.teikyouseido.mhlw.go.jp/znk-web/juminkanja/S2430/initialize?prefCd=33&kikanCd=3330008140&kikanKbn=3", "url2": null, "内容": "横見歯科医院【3:歯科】岡山県倉敷市福田町古新田１２０９番地４７号" }, "geometry": { "type": "Point", "coordinates": [ 133.762968, 34.531918 ] } },
{ "type": "Feature", "properties": { "ID": 3333330008150, "正式名称": "医療法人　米田歯科医院", "機関区分": 3, "都道府県コード": 33, "市区町村コード": 202, "所在地": "岡山県倉敷市北畝５丁目１７－４７", "緯度": 34.53875, "経度": 133.75208, "url": "https://www.iryou.teikyouseido.mhlw.go.jp/znk-web/juminkanja/S2430/initialize?prefCd=33&kikanCd=3330008150&kikanKbn=3", "url2": "https://dc-yoneda.com", "内容": "医療法人　米田歯科医院【3:歯科】岡山県倉敷市北畝５丁目１７－４７" }, "geometry": { "type": "Point", "coordinates": [ 133.75208, 34.53875 ] } },
{ "type": "Feature", "properties": { "ID": 3333330008160, "正式名称": "ランバート矯正歯科", "機関区分": 3, "都道府県コード": 33, "市区町村コード": 202, "所在地": "岡山県倉敷市松島９７６－４", "緯度": 34.630713, "経度": 133.8066, "url": "https://www.iryou.teikyouseido.mhlw.go.jp/znk-web/juminkanja/S2430/initialize?prefCd=33&kikanCd=3330008160&kikanKbn=3", "url2": "http://www.lambert.jp", "内容": "ランバート矯正歯科【3:歯科】岡山県倉敷市松島９７６－４" }, "geometry": { "type": "Point", "coordinates": [ 133.8066, 34.630713 ] } },
{ "type": "Feature", "properties": { "ID": 3333330008170, "正式名称": "医療法人録屋馬越歯科医院", "機関区分": 3, "都道府県コード": 33, "市区町村コード": 202, "所在地": "岡山県倉敷市福田町古新田２３８", "緯度": 34.544194, "経度": 133.759579, "url": "https://www.iryou.teikyouseido.mhlw.go.jp/znk-web/juminkanja/S2430/initialize?prefCd=33&kikanCd=3330008170&kikanKbn=3", "url2": "https://sites.google.com/view/umakoshi-dental-clinic/", "内容": "医療法人録屋馬越歯科医院【3:歯科】岡山県倉敷市福田町古新田２３８" }, "geometry": { "type": "Point", "coordinates": [ 133.759579, 34.544194 ] } },
{ "type": "Feature", "properties": { "ID": 3333330008180, "正式名称": "和井田歯科医院", "機関区分": 3, "都道府県コード": 33, "市区町村コード": 202, "所在地": "岡山県倉敷市児島下の町２－１－６３", "緯度": 34.469954, "経度": 133.820132, "url": "https://www.iryou.teikyouseido.mhlw.go.jp/znk-web/juminkanja/S2430/initialize?prefCd=33&kikanCd=3330008180&kikanKbn=3", "url2": null, "内容": "和井田歯科医院【3:歯科】岡山県倉敷市児島下の町２－１－６３" }, "geometry": { "type": "Point", "coordinates": [ 133.820132, 34.469954 ] } },
{ "type": "Feature", "properties": { "ID": 3333330008200, "正式名称": "若林歯科医院", "機関区分": 3, "都道府県コード": 33, "市区町村コード": 202, "所在地": "岡山県倉敷市幸町１４－２７", "緯度": 34.604521, "経度": 133.777076, "url": "https://www.iryou.teikyouseido.mhlw.go.jp/znk-web/juminkanja/S2430/initialize?prefCd=33&kikanCd=3330008200&kikanKbn=3", "url2": "http://wakabayashi-dc.com/", "内容": "若林歯科医院【3:歯科】岡山県倉敷市幸町１４－２７" }, "geometry": { "type": "Point", "coordinates": [ 133.777076, 34.604521 ] } },
{ "type": "Feature", "properties": { "ID": 3333330008210, "正式名称": "（医療法人）渡辺歯科医院", "機関区分": 3, "都道府県コード": 33, "市区町村コード": 202, "所在地": "岡山県倉敷市東町４－１８", "緯度": 34.596633, "経度": 133.777492, "url": "https://www.iryou.teikyouseido.mhlw.go.jp/znk-web/juminkanja/S2430/initialize?prefCd=33&kikanCd=3330008210&kikanKbn=3", "url2": "http://watanabe-do.jp/", "内容": "（医療法人）渡辺歯科医院【3:歯科】岡山県倉敷市東町４－１８" }, "geometry": { "type": "Point", "coordinates": [ 133.777492, 34.596633 ] } },
{ "type": "Feature", "properties": { "ID": 3333330008230, "正式名称": "わたなべ歯科クリニック", "機関区分": 3, "都道府県コード": 33, "市区町村コード": 202, "所在地": "岡山県倉敷市新倉敷駅前３丁目２６番地", "緯度": 34.564496, "経度": 133.682169, "url": "https://www.iryou.teikyouseido.mhlw.go.jp/znk-web/juminkanja/S2430/initialize?prefCd=33&kikanCd=3330008230&kikanKbn=3", "url2": "https://watanabe-dental-shinkura.com", "内容": "わたなべ歯科クリニック【3:歯科】岡山県倉敷市新倉敷駅前３丁目２６番地" }, "geometry": { "type": "Point", "coordinates": [ 133.682169, 34.564496 ] } },
{ "type": "Feature", "properties": { "ID": 3333330008240, "正式名称": "はしもと歯科医院", "機関区分": 3, "都道府県コード": 33, "市区町村コード": 204, "所在地": "岡山県玉野市長尾３５５－１", "緯度": 34.493925, "経度": 133.889541, "url": "https://www.iryou.teikyouseido.mhlw.go.jp/znk-web/juminkanja/S2430/initialize?prefCd=33&kikanCd=3330008240&kikanKbn=3", "url2": null, "内容": "はしもと歯科医院【3:歯科】岡山県玉野市長尾３５５－１" }, "geometry": { "type": "Point", "coordinates": [ 133.889541, 34.493925 ] } },
{ "type": "Feature", "properties": { "ID": 3333330008250, "正式名称": "髙宮歯科医院", "機関区分": 3, "都道府県コード": 33, "市区町村コード": 213, "所在地": "岡山県赤磐市高屋３６７－５", "緯度": 34.756953, "経度": 134.021993, "url": "https://www.iryou.teikyouseido.mhlw.go.jp/znk-web/juminkanja/S2430/initialize?prefCd=33&kikanCd=3330008250&kikanKbn=3", "url2": null, "内容": "髙宮歯科医院【3:歯科】岡山県赤磐市高屋３６７－５" }, "geometry": { "type": "Point", "coordinates": [ 134.021993, 34.756953 ] } },
{ "type": "Feature", "properties": { "ID": 3333330008260, "正式名称": "かめのこう歯科", "機関区分": 3, "都道府県コード": 33, "市区町村コード": 666, "所在地": "岡山県久米郡美咲町原田１１９２－３", "緯度": 34.994758, "経度": 133.961408, "url": "https://www.iryou.teikyouseido.mhlw.go.jp/znk-web/juminkanja/S2430/initialize?prefCd=33&kikanCd=3330008260&kikanKbn=3", "url2": null, "内容": "かめのこう歯科【3:歯科】岡山県久米郡美咲町原田１１９２－３" }, "geometry": { "type": "Point", "coordinates": [ 133.961408, 34.994758 ] } },
{ "type": "Feature", "properties": { "ID": 3333330008270, "正式名称": "ミムラ歯科", "機関区分": 3, "都道府県コード": 33, "市区町村コード": 622, "所在地": "岡山県勝田郡勝央町岡３７－１１", "緯度": 35.036285, "経度": 134.122642, "url": "https://www.iryou.teikyouseido.mhlw.go.jp/znk-web/juminkanja/S2430/initialize?prefCd=33&kikanCd=3330008270&kikanKbn=3", "url2": "https://mimura-dent.com/", "内容": "ミムラ歯科【3:歯科】岡山県勝田郡勝央町岡３７－１１" }, "geometry": { "type": "Point", "coordinates": [ 134.122642, 35.036285 ] } },
{ "type": "Feature", "properties": { "ID": 3333330008280, "正式名称": "Ｋデンタルクリニック", "機関区分": 3, "都道府県コード": 33, "市区町村コード": 101, "所在地": "岡山県岡山市北区伊福町", "緯度": 34.668128, "経度": 133.917617, "url": "https://www.iryou.teikyouseido.mhlw.go.jp/znk-web/juminkanja/S2430/initialize?prefCd=33&kikanCd=3330008280&kikanKbn=3", "url2": "http://kdentalclinic.com/", "内容": "Ｋデンタルクリニック【3:歯科】岡山県岡山市北区伊福町" }, "geometry": { "type": "Point", "coordinates": [ 133.917617, 34.668128 ] } },
{ "type": "Feature", "properties": { "ID": 3333330008290, "正式名称": "イエスデンタルクリニック", "機関区分": 3, "都道府県コード": 33, "市区町村コード": 104, "所在地": "岡山県岡山市南区東畦１５５－１－１０１", "緯度": 34.608106, "経度": 133.872039, "url": "https://www.iryou.teikyouseido.mhlw.go.jp/znk-web/juminkanja/S2430/initialize?prefCd=33&kikanCd=3330008290&kikanKbn=3", "url2": "http://www.watanabe-dent.com/", "内容": "イエスデンタルクリニック【3:歯科】岡山県岡山市南区東畦１５５－１－１０１" }, "geometry": { "type": "Point", "coordinates": [ 133.872039, 34.608106 ] } },
{ "type": "Feature", "properties": { "ID": 3333330008300, "正式名称": "こうなんファミリィ歯科", "機関区分": 3, "都道府県コード": 33, "市区町村コード": 104, "所在地": "岡山県岡山市南区福吉町３－１", "緯度": 34.615051, "経度": 133.949977, "url": "https://www.iryou.teikyouseido.mhlw.go.jp/znk-web/juminkanja/S2430/initialize?prefCd=33&kikanCd=3330008300&kikanKbn=3", "url2": "http://www.konan-family.com/", "内容": "こうなんファミリィ歯科【3:歯科】岡山県岡山市南区福吉町３－１" }, "geometry": { "type": "Point", "coordinates": [ 133.949977, 34.615051 ] } },
{ "type": "Feature", "properties": { "ID": 3333330008310, "正式名称": "どいデンタルクリニック", "機関区分": 3, "都道府県コード": 33, "市区町村コード": 101, "所在地": "岡山県岡山市北区納所２５４－１", "緯度": 34.660794, "経度": 133.836207, "url": "https://www.iryou.teikyouseido.mhlw.go.jp/znk-web/juminkanja/S2430/initialize?prefCd=33&kikanCd=3330008310&kikanKbn=3", "url2": "http://doi-dental-clinic.com/", "内容": "どいデンタルクリニック【3:歯科】岡山県岡山市北区納所２５４－１" }, "geometry": { "type": "Point", "coordinates": [ 133.836207, 34.660794 ] } },
{ "type": "Feature", "properties": { "ID": 3333330008330, "正式名称": "よし歯科医院", "機関区分": 3, "都道府県コード": 33, "市区町村コード": 202, "所在地": "岡山県倉敷市粒浦６９２－２０", "緯度": 34.566248, "経度": 133.791714, "url": "https://www.iryou.teikyouseido.mhlw.go.jp/znk-web/juminkanja/S2430/initialize?prefCd=33&kikanCd=3330008330&kikanKbn=3", "url2": null, "内容": "よし歯科医院【3:歯科】岡山県倉敷市粒浦６９２－２０" }, "geometry": { "type": "Point", "coordinates": [ 133.791714, 34.566248 ] } },
{ "type": "Feature", "properties": { "ID": 3333330008340, "正式名称": "かわいデンタルクリニック", "機関区分": 3, "都道府県コード": 33, "市区町村コード": 101, "所在地": "岡山県岡山市北区野殿東町１－３５岡山クリニックモール２階", "緯度": 34.658434, "経度": 133.882009, "url": "https://www.iryou.teikyouseido.mhlw.go.jp/znk-web/juminkanja/S2430/initialize?prefCd=33&kikanCd=3330008340&kikanKbn=3", "url2": "http://www.kawaidental.com/", "内容": "かわいデンタルクリニック【3:歯科】岡山県岡山市北区野殿東町１－３５岡山クリニックモール２階" }, "geometry": { "type": "Point", "coordinates": [ 133.882009, 34.658434 ] } },
{ "type": "Feature", "properties": { "ID": 3333330008350, "正式名称": "ふせや歯科医院", "機関区分": 3, "都道府県コード": 33, "市区町村コード": 102, "所在地": "岡山県岡山市中区門田屋敷本町１－１４", "緯度": 34.655963, "経度": 133.937643, "url": "https://www.iryou.teikyouseido.mhlw.go.jp/znk-web/juminkanja/S2430/initialize?prefCd=33&kikanCd=3330008350&kikanKbn=3", "url2": "http://www.fuseya-dc.com/", "内容": "ふせや歯科医院【3:歯科】岡山県岡山市中区門田屋敷本町１－１４" }, "geometry": { "type": "Point", "coordinates": [ 133.937643, 34.655963 ] } },
{ "type": "Feature", "properties": { "ID": 3333330008360, "正式名称": "とも歯科クリニック", "機関区分": 3, "都道府県コード": 33, "市区町村コード": 102, "所在地": "岡山県岡山市中区西川原７５－６", "緯度": 34.680571, "経度": 133.940947, "url": "https://www.iryou.teikyouseido.mhlw.go.jp/znk-web/juminkanja/S2430/initialize?prefCd=33&kikanCd=3330008360&kikanKbn=3", "url2": "https://www.tomo-den.com", "内容": "とも歯科クリニック【3:歯科】岡山県岡山市中区西川原７５－６" }, "geometry": { "type": "Point", "coordinates": [ 133.940947, 34.680571 ] } },
{ "type": "Feature", "properties": { "ID": 3333330008370, "正式名称": "ともゆう歯科", "機関区分": 3, "都道府県コード": 33, "市区町村コード": 104, "所在地": "岡山県岡山市南区福富西２－２５－２２", "緯度": 34.620828, "経度": 133.932783, "url": "https://www.iryou.teikyouseido.mhlw.go.jp/znk-web/juminkanja/S2430/initialize?prefCd=33&kikanCd=3330008370&kikanKbn=3", "url2": "http://www.tomoyou.net/", "内容": "ともゆう歯科【3:歯科】岡山県岡山市南区福富西２－２５－２２" }, "geometry": { "type": "Point", "coordinates": [ 133.932783, 34.620828 ] } },
{ "type": "Feature", "properties": { "ID": 3333330008380, "正式名称": "タクトファミリーデンタルクリニック", "機関区分": 3, "都道府県コード": 33, "市区町村コード": 104, "所在地": "岡山県岡山市南区泉田３９７－１１", "緯度": 34.625744, "経度": 133.908646, "url": "https://www.iryou.teikyouseido.mhlw.go.jp/znk-web/juminkanja/S2430/initialize?prefCd=33&kikanCd=3330008380&kikanKbn=3", "url2": "http://tact-dc.com/", "内容": "タクトファミリーデンタルクリニック【3:歯科】岡山県岡山市南区泉田３９７－１１" }, "geometry": { "type": "Point", "coordinates": [ 133.908646, 34.625744 ] } },
{ "type": "Feature", "properties": { "ID": 3333330008390, "正式名称": "もりすえ歯科クリニック", "機関区分": 3, "都道府県コード": 33, "市区町村コード": 101, "所在地": "岡山県岡山市北区駅元町１５－１　リットシティビル１階", "緯度": 34.666214, "経度": 133.916243, "url": "https://www.iryou.teikyouseido.mhlw.go.jp/znk-web/juminkanja/S2430/initialize?prefCd=33&kikanCd=3330008390&kikanKbn=3", "url2": null, "内容": "もりすえ歯科クリニック【3:歯科】岡山県岡山市北区駅元町１５－１　リットシティビル１階" }, "geometry": { "type": "Point", "coordinates": [ 133.916243, 34.666214 ] } },
{ "type": "Feature", "properties": { "ID": 3333330008410, "正式名称": "Ｉ　ＤＥＮＴＡＬ　ＣＬＩＮＩＣ", "機関区分": 3, "都道府県コード": 33, "市区町村コード": 101, "所在地": "岡山県岡山市北区東中央町１－１５１Ｆ", "緯度": 34.655967, "経度": 133.926596, "url": "https://www.iryou.teikyouseido.mhlw.go.jp/znk-web/juminkanja/S2430/initialize?prefCd=33&kikanCd=3330008410&kikanKbn=3", "url2": "http://www.i-dental.biz", "内容": "Ｉ　ＤＥＮＴＡＬ　ＣＬＩＮＩＣ【3:歯科】岡山県岡山市北区東中央町１－１５１Ｆ" }, "geometry": { "type": "Point", "coordinates": [ 133.926596, 34.655967 ] } },
{ "type": "Feature", "properties": { "ID": 3333330008420, "正式名称": "みよりなのはな歯科", "機関区分": 3, "都道府県コード": 33, "市区町村コード": 208, "所在地": "岡山県総社市清音三因１１４－４", "緯度": 34.652876, "経度": 133.744771, "url": "https://www.iryou.teikyouseido.mhlw.go.jp/znk-web/juminkanja/S2430/initialize?prefCd=33&kikanCd=3330008420&kikanKbn=3", "url2": null, "内容": "みよりなのはな歯科【3:歯科】岡山県総社市清音三因１１４－４" }, "geometry": { "type": "Point", "coordinates": [ 133.744771, 34.652876 ] } },
{ "type": "Feature", "properties": { "ID": 3333330008430, "正式名称": "さくらみち歯科クリニック", "機関区分": 3, "都道府県コード": 33, "市区町村コード": 102, "所在地": "岡山県岡山市中区浜２－６－２２", "緯度": 34.669295, "経度": 133.937254, "url": "https://www.iryou.teikyouseido.mhlw.go.jp/znk-web/juminkanja/S2430/initialize?prefCd=33&kikanCd=3330008430&kikanKbn=3", "url2": "http://www.sakuramichi-shika.com", "内容": "さくらみち歯科クリニック【3:歯科】岡山県岡山市中区浜２－６－２２" }, "geometry": { "type": "Point", "coordinates": [ 133.937254, 34.669295 ] } },
{ "type": "Feature", "properties": { "ID": 3333330008440, "正式名称": "マエダデンタルクリニック", "機関区分": 3, "都道府県コード": 33, "市区町村コード": 101, "所在地": "岡山県岡山市北区津島西坂１－１－２７", "緯度": 34.68231, "経度": 133.906314, "url": "https://www.iryou.teikyouseido.mhlw.go.jp/znk-web/juminkanja/S2430/initialize?prefCd=33&kikanCd=3330008440&kikanKbn=3", "url2": "http://www.maeda0505.com", "内容": "マエダデンタルクリニック【3:歯科】岡山県岡山市北区津島西坂１－１－２７" }, "geometry": { "type": "Point", "coordinates": [ 133.906314, 34.68231 ] } },
{ "type": "Feature", "properties": { "ID": 3333330008450, "正式名称": "医療法人　緑健会　はまざき歯科医院", "機関区分": 3, "都道府県コード": 33, "市区町村コード": 102, "所在地": "岡山県岡山市中区八幡４１－１", "緯度": 34.68621, "経度": 133.94753, "url": "https://www.iryou.teikyouseido.mhlw.go.jp/znk-web/juminkanja/S2430/initialize?prefCd=33&kikanCd=3330008450&kikanKbn=3", "url2": "http://www.hamazaki-dental.com", "内容": "医療法人　緑健会　はまざき歯科医院【3:歯科】岡山県岡山市中区八幡４１－１" }, "geometry": { "type": "Point", "coordinates": [ 133.94753, 34.68621 ] } },
{ "type": "Feature", "properties": { "ID": 3333330008460, "正式名称": "はせがわ歯科", "機関区分": 3, "都道府県コード": 33, "市区町村コード": 205, "所在地": "岡山県笠岡市生江浜２０６４－１", "緯度": 34.511247, "経度": 133.486549, "url": "https://www.iryou.teikyouseido.mhlw.go.jp/znk-web/juminkanja/S2430/initialize?prefCd=33&kikanCd=3330008460&kikanKbn=3", "url2": "http://hasegawadental.net", "内容": "はせがわ歯科【3:歯科】岡山県笠岡市生江浜２０６４－１" }, "geometry": { "type": "Point", "coordinates": [ 133.486549, 34.511247 ] } },
{ "type": "Feature", "properties": { "ID": 3333330008480, "正式名称": "くわき矯正歯科クリニック", "機関区分": 3, "都道府県コード": 33, "市区町村コード": 202, "所在地": "岡山県倉敷市堀南８１０－１", "緯度": 34.571358, "経度": 133.757245, "url": "https://www.iryou.teikyouseido.mhlw.go.jp/znk-web/juminkanja/S2430/initialize?prefCd=33&kikanCd=3330008480&kikanKbn=3", "url2": "http://www.kuwaki-kyousei.com", "内容": "くわき矯正歯科クリニック【3:歯科】岡山県倉敷市堀南８１０－１" }, "geometry": { "type": "Point", "coordinates": [ 133.757245, 34.571358 ] } },
{ "type": "Feature", "properties": { "ID": 3333330008500, "正式名称": "茶屋町みやけ歯科医院", "機関区分": 3, "都道府県コード": 33, "市区町村コード": 202, "所在地": "岡山県倉敷市茶屋町４４７－１フローリアンコート茶屋町駅前１階", "緯度": 34.576664, "経度": 133.826155, "url": "https://www.iryou.teikyouseido.mhlw.go.jp/znk-web/juminkanja/S2430/initialize?prefCd=33&kikanCd=3330008500&kikanKbn=3", "url2": "http://miyake-dental-clinic.com/", "内容": "茶屋町みやけ歯科医院【3:歯科】岡山県倉敷市茶屋町４４７－１フローリアンコート茶屋町駅前１階" }, "geometry": { "type": "Point", "coordinates": [ 133.826155, 34.576664 ] } },
{ "type": "Feature", "properties": { "ID": 3333330008510, "正式名称": "にわせ歯科クリニック", "機関区分": 3, "都道府県コード": 33, "市区町村コード": 101, "所在地": "岡山県岡山市北区平野９９７－１", "緯度": 34.646379, "経度": 133.858095, "url": "https://www.iryou.teikyouseido.mhlw.go.jp/znk-web/juminkanja/S2430/initialize?prefCd=33&kikanCd=3330008510&kikanKbn=3", "url2": "http://niwaseshika.com", "内容": "にわせ歯科クリニック【3:歯科】岡山県岡山市北区平野９９７－１" }, "geometry": { "type": "Point", "coordinates": [ 133.858095, 34.646379 ] } },
{ "type": "Feature", "properties": { "ID": 3333330008520, "正式名称": "あかざわ歯科クリニック", "機関区分": 3, "都道府県コード": 33, "市区町村コード": 202, "所在地": "岡山県倉敷市茶屋町１１０６－７", "緯度": 34.576581, "経度": 133.836627, "url": "https://www.iryou.teikyouseido.mhlw.go.jp/znk-web/juminkanja/S2430/initialize?prefCd=33&kikanCd=3330008520&kikanKbn=3", "url2": "http://www.akazawa-dtc.com", "内容": "あかざわ歯科クリニック【3:歯科】岡山県倉敷市茶屋町１１０６－７" }, "geometry": { "type": "Point", "coordinates": [ 133.836627, 34.576581 ] } },
{ "type": "Feature", "properties": { "ID": 3333330008530, "正式名称": "山内歯科医院", "機関区分": 3, "都道府県コード": 33, "市区町村コード": 202, "所在地": "岡山県倉敷市有城５９３", "緯度": 34.573803, "経度": 133.793492, "url": "https://www.iryou.teikyouseido.mhlw.go.jp/znk-web/juminkanja/S2430/initialize?prefCd=33&kikanCd=3330008530&kikanKbn=3", "url2": null, "内容": "山内歯科医院【3:歯科】岡山県倉敷市有城５９３" }, "geometry": { "type": "Point", "coordinates": [ 133.793492, 34.573803 ] } },
{ "type": "Feature", "properties": { "ID": 3333330008540, "正式名称": "きらら歯科", "機関区分": 3, "都道府県コード": 33, "市区町村コード": 101, "所在地": "岡山県岡山市北区清輝橋２－２－２２", "緯度": 34.651198, "経度": 133.924308, "url": "https://www.iryou.teikyouseido.mhlw.go.jp/znk-web/juminkanja/S2430/initialize?prefCd=33&kikanCd=3330008540&kikanKbn=3", "url2": "http://www.okayama-kiraradc.com", "内容": "きらら歯科【3:歯科】岡山県岡山市北区清輝橋２－２－２２" }, "geometry": { "type": "Point", "coordinates": [ 133.924308, 34.651198 ] } },
{ "type": "Feature", "properties": { "ID": 3333330008550, "正式名称": "医療法人社団悠希会北原歯科クリニック", "機関区分": 3, "都道府県コード": 33, "市区町村コード": 101, "所在地": "岡山県岡山市北区大元１－１１－１", "緯度": 34.645075, "経度": 133.903063, "url": "https://www.iryou.teikyouseido.mhlw.go.jp/znk-web/juminkanja/S2430/initialize?prefCd=33&kikanCd=3330008550&kikanKbn=3", "url2": "https://www.kitahara-dental.jp/", "内容": "医療法人社団悠希会北原歯科クリニック【3:歯科】岡山県岡山市北区大元１－１１－１" }, "geometry": { "type": "Point", "coordinates": [ 133.903063, 34.645075 ] } },
{ "type": "Feature", "properties": { "ID": 3333330008560, "正式名称": "うえき矯正歯科", "機関区分": 3, "都道府県コード": 33, "市区町村コード": 102, "所在地": "岡山県岡山市中区円山７６－１", "緯度": 34.653575, "経度": 133.968946, "url": "https://www.iryou.teikyouseido.mhlw.go.jp/znk-web/juminkanja/S2430/initialize?prefCd=33&kikanCd=3330008560&kikanKbn=3", "url2": "https://www.ueki-doc.com/", "内容": "うえき矯正歯科【3:歯科】岡山県岡山市中区円山７６－１" }, "geometry": { "type": "Point", "coordinates": [ 133.968946, 34.653575 ] } },
{ "type": "Feature", "properties": { "ID": 3333330008570, "正式名称": "草野歯科医院", "機関区分": 3, "都道府県コード": 33, "市区町村コード": 101, "所在地": "岡山県岡山市北区野田屋町２－７－１３", "緯度": 34.66735, "経度": 133.925171, "url": "https://www.iryou.teikyouseido.mhlw.go.jp/znk-web/juminkanja/S2430/initialize?prefCd=33&kikanCd=3330008570&kikanKbn=3", "url2": "http://kusano-dc.jp/", "内容": "草野歯科医院【3:歯科】岡山県岡山市北区野田屋町２－７－１３" }, "geometry": { "type": "Point", "coordinates": [ 133.925171, 34.66735 ] } },
{ "type": "Feature", "properties": { "ID": 3333330008580, "正式名称": "たむら歯科クリニック", "機関区分": 3, "都道府県コード": 33, "市区町村コード": 202, "所在地": "岡山県倉敷市玉島乙島６７１２－５", "緯度": 34.538977, "経度": 133.683424, "url": "https://www.iryou.teikyouseido.mhlw.go.jp/znk-web/juminkanja/S2430/initialize?prefCd=33&kikanCd=3330008580&kikanKbn=3", "url2": "http://shika-tamura.com/", "内容": "たむら歯科クリニック【3:歯科】岡山県倉敷市玉島乙島６７１２－５" }, "geometry": { "type": "Point", "coordinates": [ 133.683424, 34.538977 ] } },
{ "type": "Feature", "properties": { "ID": 3333330008590, "正式名称": "柳デンタルクリニック", "機関区分": 3, "都道府県コード": 33, "市区町村コード": 101, "所在地": "岡山県岡山市北区駅元町２２－１８くすの木ビル２Ｆ", "緯度": 34.6671, "経度": 133.916589, "url": "https://www.iryou.teikyouseido.mhlw.go.jp/znk-web/juminkanja/S2430/initialize?prefCd=33&kikanCd=3330008590&kikanKbn=3", "url2": "http://www.yanagi-dental.com/", "内容": "柳デンタルクリニック【3:歯科】岡山県岡山市北区駅元町２２－１８くすの木ビル２Ｆ" }, "geometry": { "type": "Point", "coordinates": [ 133.916589, 34.6671 ] } },
{ "type": "Feature", "properties": { "ID": 3333330008600, "正式名称": "たかぎ歯科クリニック", "機関区分": 3, "都道府県コード": 33, "市区町村コード": 103, "所在地": "岡山県岡山市東区西大寺１００４－２プリベールＭ１Ｆ", "緯度": 34.660604, "経度": 134.041578, "url": "https://www.iryou.teikyouseido.mhlw.go.jp/znk-web/juminkanja/S2430/initialize?prefCd=33&kikanCd=3330008600&kikanKbn=3", "url2": "http://www.takagi-dent.jp/", "内容": "たかぎ歯科クリニック【3:歯科】岡山県岡山市東区西大寺１００４－２プリベールＭ１Ｆ" }, "geometry": { "type": "Point", "coordinates": [ 134.041578, 34.660604 ] } },
{ "type": "Feature", "properties": { "ID": 3333330008620, "正式名称": "うしろ歯科クリニック", "機関区分": 3, "都道府県コード": 33, "市区町村コード": 104, "所在地": "岡山県岡山市南区築港元町３－９", "緯度": 34.606797, "経度": 133.949045, "url": "https://www.iryou.teikyouseido.mhlw.go.jp/znk-web/juminkanja/S2430/initialize?prefCd=33&kikanCd=3330008620&kikanKbn=3", "url2": "http://www.ussie.org/", "内容": "うしろ歯科クリニック【3:歯科】岡山県岡山市南区築港元町３－９" }, "geometry": { "type": "Point", "coordinates": [ 133.949045, 34.606797 ] } },
{ "type": "Feature", "properties": { "ID": 3333330008630, "正式名称": "おおしま歯科クリニック", "機関区分": 3, "都道府県コード": 33, "市区町村コード": 101, "所在地": "岡山県岡山市北区楢津３１７－１２", "緯度": 34.680626, "経度": 133.886813, "url": "https://www.iryou.teikyouseido.mhlw.go.jp/znk-web/juminkanja/S2430/initialize?prefCd=33&kikanCd=3330008630&kikanKbn=3", "url2": null, "内容": "おおしま歯科クリニック【3:歯科】岡山県岡山市北区楢津３１７－１２" }, "geometry": { "type": "Point", "coordinates": [ 133.886813, 34.680626 ] } },
{ "type": "Feature", "properties": { "ID": 3333330008640, "正式名称": "くれいし歯科クリニック西川原院", "機関区分": 3, "都道府県コード": 33, "市区町村コード": 102, "所在地": "岡山県岡山市中区西川原１－１２－２４先", "緯度": 34.679096, "経度": 133.938125, "url": "https://www.iryou.teikyouseido.mhlw.go.jp/znk-web/juminkanja/S2430/initialize?prefCd=33&kikanCd=3330008640&kikanKbn=3", "url2": "http://www.kureishi.net/", "内容": "くれいし歯科クリニック西川原院【3:歯科】岡山県岡山市中区西川原１－１２－２４先" }, "geometry": { "type": "Point", "coordinates": [ 133.938125, 34.679096 ] } },
{ "type": "Feature", "properties": { "ID": 3333330008650, "正式名称": "ちゅうりっぷ歯科", "機関区分": 3, "都道府県コード": 33, "市区町村コード": 101, "所在地": "岡山県岡山市北区下中野７１７－１０４", "緯度": 34.634187, "経度": 133.89437, "url": "https://www.iryou.teikyouseido.mhlw.go.jp/znk-web/juminkanja/S2430/initialize?prefCd=33&kikanCd=3330008650&kikanKbn=3", "url2": "http://chulip-dc.com/", "内容": "ちゅうりっぷ歯科【3:歯科】岡山県岡山市北区下中野７１７－１０４" }, "geometry": { "type": "Point", "coordinates": [ 133.89437, 34.634187 ] } },
{ "type": "Feature", "properties": { "ID": 3333330008660, "正式名称": "クローバー歯科クリニック", "機関区分": 3, "都道府県コード": 33, "市区町村コード": 202, "所在地": "岡山県倉敷市玉島上成５７９－４", "緯度": 34.562524, "経度": 133.68889, "url": "https://www.iryou.teikyouseido.mhlw.go.jp/znk-web/juminkanja/S2430/initialize?prefCd=33&kikanCd=3330008660&kikanKbn=3", "url2": "http://www.clover-dental.jp", "内容": "クローバー歯科クリニック【3:歯科】岡山県倉敷市玉島上成５７９－４" }, "geometry": { "type": "Point", "coordinates": [ 133.68889, 34.562524 ] } },
{ "type": "Feature", "properties": { "ID": 3333330008670, "正式名称": "一般社団法人岡山市歯科医師会　岡山市休日急患歯科診療所", "機関区分": 3, "都道府県コード": 33, "市区町村コード": 101, "所在地": "岡山県岡山市北区東中央町３－１４　旧岡山市立市民病院別館１Ｆ", "緯度": 34.654852, "経度": 133.927366, "url": "https://www.iryou.teikyouseido.mhlw.go.jp/znk-web/juminkanja/S2430/initialize?prefCd=33&kikanCd=3330008670&kikanKbn=3", "url2": "https://happychan.jp/", "内容": "一般社団法人岡山市歯科医師会　岡山市休日急患歯科診療所【3:歯科】岡山県岡山市北区東中央町３－１４　旧岡山市立市民病院別館１Ｆ" }, "geometry": { "type": "Point", "coordinates": [ 133.927366, 34.654852 ] } },
{ "type": "Feature", "properties": { "ID": 3333330008680, "正式名称": "こしむねファミリー歯科医院", "機関区分": 3, "都道府県コード": 33, "市区町村コード": 213, "所在地": "岡山県赤磐市五日市１０７－１", "緯度": 34.774479, "経度": 134.011994, "url": "https://www.iryou.teikyouseido.mhlw.go.jp/znk-web/juminkanja/S2430/initialize?prefCd=33&kikanCd=3330008680&kikanKbn=3", "url2": "http://www.kfdc6480.com", "内容": "こしむねファミリー歯科医院【3:歯科】岡山県赤磐市五日市１０７－１" }, "geometry": { "type": "Point", "coordinates": [ 134.011994, 34.774479 ] } },
{ "type": "Feature", "properties": { "ID": 3333330008690, "正式名称": "あいが歯科クリニック", "機関区分": 3, "都道府県コード": 33, "市区町村コード": 204, "所在地": "岡山県玉野市長尾６１４－２", "緯度": 34.497674, "経度": 133.889625, "url": "https://www.iryou.teikyouseido.mhlw.go.jp/znk-web/juminkanja/S2430/initialize?prefCd=33&kikanCd=3330008690&kikanKbn=3", "url2": "http://www.aiga-shika.com/", "内容": "あいが歯科クリニック【3:歯科】岡山県玉野市長尾６１４－２" }, "geometry": { "type": "Point", "coordinates": [ 133.889625, 34.497674 ] } },
{ "type": "Feature", "properties": { "ID": 3333330008700, "正式名称": "そのだ歯科医院", "機関区分": 3, "都道府県コード": 33, "市区町村コード": 204, "所在地": "岡山県玉野市和田３丁目２８－７", "緯度": 34.465512, "経度": 133.921262, "url": "https://www.iryou.teikyouseido.mhlw.go.jp/znk-web/juminkanja/S2430/initialize?prefCd=33&kikanCd=3330008700&kikanKbn=3", "url2": null, "内容": "そのだ歯科医院【3:歯科】岡山県玉野市和田３丁目２８－７" }, "geometry": { "type": "Point", "coordinates": [ 133.921262, 34.465512 ] } },
{ "type": "Feature", "properties": { "ID": 3333330008710, "正式名称": "本多歯科医院", "機関区分": 3, "都道府県コード": 33, "市区町村コード": 214, "所在地": "岡山県真庭市上水田３８２６－１", "緯度": 34.96781, "経度": 133.64852, "url": "https://www.iryou.teikyouseido.mhlw.go.jp/znk-web/juminkanja/S2430/initialize?prefCd=33&kikanCd=3330008710&kikanKbn=3", "url2": null, "内容": "本多歯科医院【3:歯科】岡山県真庭市上水田３８２６－１" }, "geometry": { "type": "Point", "coordinates": [ 133.64852, 34.96781 ] } },
{ "type": "Feature", "properties": { "ID": 3333330008720, "正式名称": "医療法人　なんば矯正歯科クリニック", "機関区分": 3, "都道府県コード": 33, "市区町村コード": 101, "所在地": "岡山県岡山市北区伊福町４丁目５－１８", "緯度": 34.674486, "経度": 133.91082, "url": "https://www.iryou.teikyouseido.mhlw.go.jp/znk-web/juminkanja/S2430/initialize?prefCd=33&kikanCd=3330008720&kikanKbn=3", "url2": "https://www.nanba-shika.com/", "内容": "医療法人　なんば矯正歯科クリニック【3:歯科】岡山県岡山市北区伊福町４丁目５－１８" }, "geometry": { "type": "Point", "coordinates": [ 133.91082, 34.674486 ] } },
{ "type": "Feature", "properties": { "ID": 3333330008730, "正式名称": "いしだ駅前歯科", "機関区分": 3, "都道府県コード": 33, "市区町村コード": 202, "所在地": "岡山県倉敷市新倉敷駅前４－６２－１", "緯度": 34.561135, "経度": 133.680474, "url": "https://www.iryou.teikyouseido.mhlw.go.jp/znk-web/juminkanja/S2430/initialize?prefCd=33&kikanCd=3330008730&kikanKbn=3", "url2": "http://ishida-ekimae.com/", "内容": "いしだ駅前歯科【3:歯科】岡山県倉敷市新倉敷駅前４－６２－１" }, "geometry": { "type": "Point", "coordinates": [ 133.680474, 34.561135 ] } },
{ "type": "Feature", "properties": { "ID": 3333330008740, "正式名称": "おかの歯科医院", "機関区分": 3, "都道府県コード": 33, "市区町村コード": 202, "所在地": "岡山県倉敷市羽島７５５－１", "緯度": 34.597189, "経度": 133.784214, "url": "https://www.iryou.teikyouseido.mhlw.go.jp/znk-web/juminkanja/S2430/initialize?prefCd=33&kikanCd=3330008740&kikanKbn=3", "url2": "okano-dc.com", "内容": "おかの歯科医院【3:歯科】岡山県倉敷市羽島７５５－１" }, "geometry": { "type": "Point", "coordinates": [ 133.784214, 34.597189 ] } },
{ "type": "Feature", "properties": { "ID": 3333330008750, "正式名称": "アリオ倉敷デンタルオフィス", "機関区分": 3, "都道府県コード": 33, "市区町村コード": 202, "所在地": "岡山県倉敷市寿町１２－２アリオ倉敷１階", "緯度": 34.602354, "経度": 133.765132, "url": "https://www.iryou.teikyouseido.mhlw.go.jp/znk-web/juminkanja/S2430/initialize?prefCd=33&kikanCd=3330008750&kikanKbn=3", "url2": null, "内容": "アリオ倉敷デンタルオフィス【3:歯科】岡山県倉敷市寿町１２－２アリオ倉敷１階" }, "geometry": { "type": "Point", "coordinates": [ 133.765132, 34.602354 ] } },
{ "type": "Feature", "properties": { "ID": 3333330008760, "正式名称": "医療法人　笑生会　たんじフレンド歯科", "機関区分": 3, "都道府県コード": 33, "市区町村コード": 101, "所在地": "岡山県岡山市北区一宮１３９－１", "緯度": 34.677237, "経度": 133.874842, "url": "https://www.iryou.teikyouseido.mhlw.go.jp/znk-web/juminkanja/S2430/initialize?prefCd=33&kikanCd=3330008760&kikanKbn=3", "url2": "http://tanjifriend.com/portfolio/test/", "内容": "医療法人　笑生会　たんじフレンド歯科【3:歯科】岡山県岡山市北区一宮１３９－１" }, "geometry": { "type": "Point", "coordinates": [ 133.874842, 34.677237 ] } },
{ "type": "Feature", "properties": { "ID": 3333330008770, "正式名称": "鏡野町国民健康保険奥津歯科診療所", "機関区分": 3, "都道府県コード": 33, "市区町村コード": 606, "所在地": "岡山県苫田郡鏡野町女原９０－１", "緯度": 35.17818, "経度": 133.907406, "url": "https://www.iryou.teikyouseido.mhlw.go.jp/znk-web/juminkanja/S2430/initialize?prefCd=33&kikanCd=3330008770&kikanKbn=3", "url2": null, "内容": "鏡野町国民健康保険奥津歯科診療所【3:歯科】岡山県苫田郡鏡野町女原９０－１" }, "geometry": { "type": "Point", "coordinates": [ 133.907406, 35.17818 ] } },
{ "type": "Feature", "properties": { "ID": 3333330008780, "正式名称": "医療法人優心会　山陽大塚歯科医院", "機関区分": 3, "都道府県コード": 33, "市区町村コード": 103, "所在地": "岡山県岡山市東区瀬戸町笹岡１２８４", "緯度": 34.735039, "経度": 134.03341, "url": "https://www.iryou.teikyouseido.mhlw.go.jp/znk-web/juminkanja/S2430/initialize?prefCd=33&kikanCd=3330008780&kikanKbn=3", "url2": "http://www.yusinkai.or.jp", "内容": "医療法人優心会　山陽大塚歯科医院【3:歯科】岡山県岡山市東区瀬戸町笹岡１２８４" }, "geometry": { "type": "Point", "coordinates": [ 134.03341, 34.735039 ] } },
{ "type": "Feature", "properties": { "ID": 3333330008790, "正式名称": "岡山Ｙ’ｓ小児・矯正歯科", "機関区分": 3, "都道府県コード": 33, "市区町村コード": 102, "所在地": "岡山県岡山市中区倉田５０８－２１", "緯度": 34.631105, "経度": 133.958447, "url": "https://www.iryou.teikyouseido.mhlw.go.jp/znk-web/juminkanja/S2430/initialize?prefCd=33&kikanCd=3330008790&kikanKbn=3", "url2": "http://www.okayamays.com", "内容": "岡山Ｙ’ｓ小児・矯正歯科【3:歯科】岡山県岡山市中区倉田５０８－２１" }, "geometry": { "type": "Point", "coordinates": [ 133.958447, 34.631105 ] } },
{ "type": "Feature", "properties": { "ID": 3333330008800, "正式名称": "小川えりファミリー歯科", "機関区分": 3, "都道府県コード": 33, "市区町村コード": 202, "所在地": "岡山県倉敷市連島５丁目１－３８", "緯度": 34.549826, "経度": 133.736774, "url": "https://www.iryou.teikyouseido.mhlw.go.jp/znk-web/juminkanja/S2430/initialize?prefCd=33&kikanCd=3330008800&kikanKbn=3", "url2": "https://itp.ne.jp", "内容": "小川えりファミリー歯科【3:歯科】岡山県倉敷市連島５丁目１－３８" }, "geometry": { "type": "Point", "coordinates": [ 133.736774, 34.549826 ] } },
{ "type": "Feature", "properties": { "ID": 3333330008810, "正式名称": "医療法人　早靖会　すずらん歯科クリニック", "機関区分": 3, "都道府県コード": 33, "市区町村コード": 202, "所在地": "岡山県倉敷市茶屋町１７６４－５", "緯度": 34.587246, "経度": 133.827322, "url": "https://www.iryou.teikyouseido.mhlw.go.jp/znk-web/juminkanja/S2430/initialize?prefCd=33&kikanCd=3330008810&kikanKbn=3", "url2": null, "内容": "医療法人　早靖会　すずらん歯科クリニック【3:歯科】岡山県倉敷市茶屋町１７６４－５" }, "geometry": { "type": "Point", "coordinates": [ 133.827322, 34.587246 ] } },
{ "type": "Feature", "properties": { "ID": 3333330008820, "正式名称": "医療法人社団　東風会　デンタルサロン　ハビーナ", "機関区分": 3, "都道府県コード": 33, "市区町村コード": 202, "所在地": "岡山県倉敷市阿知１－７－２くらしきシティプラザ西ビル３Ｆ", "緯度": 34.600854, "経度": 133.765632, "url": "https://www.iryou.teikyouseido.mhlw.go.jp/znk-web/juminkanja/S2430/initialize?prefCd=33&kikanCd=3330008820&kikanKbn=3", "url2": "http://haviena.com/index.html", "内容": "医療法人社団　東風会　デンタルサロン　ハビーナ【3:歯科】岡山県倉敷市阿知１－７－２くらしきシティプラザ西ビル３Ｆ" }, "geometry": { "type": "Point", "coordinates": [ 133.765632, 34.600854 ] } },
{ "type": "Feature", "properties": { "ID": 3333330008830, "正式名称": "さくら歯科クリニック", "機関区分": 3, "都道府県コード": 33, "市区町村コード": 207, "所在地": "岡山県井原市井原町３２５３－１", "緯度": 34.607625, "経度": 133.453493, "url": "https://www.iryou.teikyouseido.mhlw.go.jp/znk-web/juminkanja/S2430/initialize?prefCd=33&kikanCd=3330008830&kikanKbn=3", "url2": "http://www.sakuradennt.net/", "内容": "さくら歯科クリニック【3:歯科】岡山県井原市井原町３２５３－１" }, "geometry": { "type": "Point", "coordinates": [ 133.453493, 34.607625 ] } },
{ "type": "Feature", "properties": { "ID": 3333330008840, "正式名称": "せのおファミリー歯科", "機関区分": 3, "都道府県コード": 33, "市区町村コード": 104, "所在地": "岡山県岡山市南区箕島１３９７番地１", "緯度": 34.611105, "経度": 133.857735, "url": "https://www.iryou.teikyouseido.mhlw.go.jp/znk-web/juminkanja/S2430/initialize?prefCd=33&kikanCd=3330008840&kikanKbn=3", "url2": "http://senoo-fdc.com", "内容": "せのおファミリー歯科【3:歯科】岡山県岡山市南区箕島１３９７番地１" }, "geometry": { "type": "Point", "coordinates": [ 133.857735, 34.611105 ] } },
{ "type": "Feature", "properties": { "ID": 3333330008850, "正式名称": "おひさま歯科クリニック", "機関区分": 3, "都道府県コード": 33, "市区町村コード": 202, "所在地": "岡山県倉敷市水江１４１９－２－２", "緯度": 34.593299, "経度": 133.740801, "url": "https://www.iryou.teikyouseido.mhlw.go.jp/znk-web/juminkanja/S2430/initialize?prefCd=33&kikanCd=3330008850&kikanKbn=3", "url2": "https://ohisamadclinic.com/", "内容": "おひさま歯科クリニック【3:歯科】岡山県倉敷市水江１４１９－２－２" }, "geometry": { "type": "Point", "coordinates": [ 133.740801, 34.593299 ] } },
{ "type": "Feature", "properties": { "ID": 3333330008860, "正式名称": "大供四ツ葉歯科クリニック", "機関区分": 3, "都道府県コード": 33, "市区町村コード": 101, "所在地": "岡山県岡山市北区大供本町７０２－１０", "緯度": 34.65399, "経度": 133.912479, "url": "https://www.iryou.teikyouseido.mhlw.go.jp/znk-web/juminkanja/S2430/initialize?prefCd=33&kikanCd=3330008860&kikanKbn=3", "url2": "http://www.yotsubashika.com", "内容": "大供四ツ葉歯科クリニック【3:歯科】岡山県岡山市北区大供本町７０２－１０" }, "geometry": { "type": "Point", "coordinates": [ 133.912479, 34.65399 ] } },
{ "type": "Feature", "properties": { "ID": 3333330008870, "正式名称": "あさひ歯科クリニック", "機関区分": 3, "都道府県コード": 33, "市区町村コード": 203, "所在地": "岡山県津山市高野本郷２４３５－１", "緯度": 35.071335, "経度": 134.056369, "url": "https://www.iryou.teikyouseido.mhlw.go.jp/znk-web/juminkanja/S2430/initialize?prefCd=33&kikanCd=3330008870&kikanKbn=3", "url2": null, "内容": "あさひ歯科クリニック【3:歯科】岡山県津山市高野本郷２４３５－１" }, "geometry": { "type": "Point", "coordinates": [ 134.056369, 35.071335 ] } },
{ "type": "Feature", "properties": { "ID": 3333330008880, "正式名称": "そうた歯科医院", "機関区分": 3, "都道府県コード": 33, "市区町村コード": 101, "所在地": "岡山県岡山市北区尾上１２１－１", "緯度": 34.667516, "経度": 133.867371, "url": "https://www.iryou.teikyouseido.mhlw.go.jp/znk-web/juminkanja/S2430/initialize?prefCd=33&kikanCd=3330008880&kikanKbn=3", "url2": null, "内容": "そうた歯科医院【3:歯科】岡山県岡山市北区尾上１２１－１" }, "geometry": { "type": "Point", "coordinates": [ 133.867371, 34.667516 ] } },
{ "type": "Feature", "properties": { "ID": 3333330008890, "正式名称": "連島あさの歯科", "機関区分": 3, "都道府県コード": 33, "市区町村コード": 202, "所在地": "岡山県倉敷市神田４丁目１０－２５", "緯度": 34.545193, "経度": 133.728582, "url": "https://www.iryou.teikyouseido.mhlw.go.jp/znk-web/juminkanja/S2430/initialize?prefCd=33&kikanCd=3330008890&kikanKbn=3", "url2": "http://www.tsurajima-asano-dc.jp/", "内容": "連島あさの歯科【3:歯科】岡山県倉敷市神田４丁目１０－２５" }, "geometry": { "type": "Point", "coordinates": [ 133.728582, 34.545193 ] } },
{ "type": "Feature", "properties": { "ID": 3333330008900, "正式名称": "はちまん歯科", "機関区分": 3, "都道府県コード": 33, "市区町村コード": 202, "所在地": "岡山県倉敷市玉島１９２２－６", "緯度": 34.555608, "経度": 133.680225, "url": "https://www.iryou.teikyouseido.mhlw.go.jp/znk-web/juminkanja/S2430/initialize?prefCd=33&kikanCd=3330008900&kikanKbn=3", "url2": "http://www.hachiman-d.com", "内容": "はちまん歯科【3:歯科】岡山県倉敷市玉島１９２２－６" }, "geometry": { "type": "Point", "coordinates": [ 133.680225, 34.555608 ] } },
{ "type": "Feature", "properties": { "ID": 3333330008910, "正式名称": "セントラル歯科・矯正歯科", "機関区分": 3, "都道府県コード": 33, "市区町村コード": 205, "所在地": "岡山県笠岡市笠岡２６２９－１", "緯度": 34.506359, "経度": 133.502964, "url": "https://www.iryou.teikyouseido.mhlw.go.jp/znk-web/juminkanja/S2430/initialize?prefCd=33&kikanCd=3330008910&kikanKbn=3", "url2": "http://www.kasaoka-central.jp/", "内容": "セントラル歯科・矯正歯科【3:歯科】岡山県笠岡市笠岡２６２９－１" }, "geometry": { "type": "Point", "coordinates": [ 133.502964, 34.506359 ] } },
{ "type": "Feature", "properties": { "ID": 3333330008920, "正式名称": "こころ歯クリニック", "機関区分": 3, "都道府県コード": 33, "市区町村コード": 103, "所在地": "岡山県岡山市東区瀬戸町下１８８－１", "緯度": 34.732179, "経度": 134.038187, "url": "https://www.iryou.teikyouseido.mhlw.go.jp/znk-web/juminkanja/S2430/initialize?prefCd=33&kikanCd=3330008920&kikanKbn=3", "url2": "http://www.cocoroha.in", "内容": "こころ歯クリニック【3:歯科】岡山県岡山市東区瀬戸町下１８８－１" }, "geometry": { "type": "Point", "coordinates": [ 134.038187, 34.732179 ] } },
{ "type": "Feature", "properties": { "ID": 3333330008930, "正式名称": "すぎやまデンタルクリニック", "機関区分": 3, "都道府県コード": 33, "市区町村コード": 104, "所在地": "岡山県岡山市南区新保１３１４‐２ディアリオＣ", "緯度": 34.635742, "経度": 133.907924, "url": "https://www.iryou.teikyouseido.mhlw.go.jp/znk-web/juminkanja/S2430/initialize?prefCd=33&kikanCd=3330008930&kikanKbn=3", "url2": "http://www.sugiyama-dent.com/", "内容": "すぎやまデンタルクリニック【3:歯科】岡山県岡山市南区新保１３１４‐２ディアリオＣ" }, "geometry": { "type": "Point", "coordinates": [ 133.907924, 34.635742 ] } },
{ "type": "Feature", "properties": { "ID": 3333330008940, "正式名称": "小山歯科医院", "機関区分": 3, "都道府県コード": 33, "市区町村コード": 663, "所在地": "岡山県久米郡久米南町下弓削１１５３番地", "緯度": 34.925016, "経度": 133.959021, "url": "https://www.iryou.teikyouseido.mhlw.go.jp/znk-web/juminkanja/S2430/initialize?prefCd=33&kikanCd=3330008940&kikanKbn=3", "url2": "https://www.koyama-dc.com", "内容": "小山歯科医院【3:歯科】岡山県久米郡久米南町下弓削１１５３番地" }, "geometry": { "type": "Point", "coordinates": [ 133.959021, 34.925016 ] } },
{ "type": "Feature", "properties": { "ID": 3333330008950, "正式名称": "武並デンタルクリニック", "機関区分": 3, "都道府県コード": 33, "市区町村コード": 209, "所在地": "岡山県高梁市下谷町５０３８－１", "緯度": 34.783775, "経度": 133.616667, "url": "https://www.iryou.teikyouseido.mhlw.go.jp/znk-web/juminkanja/S2430/initialize?prefCd=33&kikanCd=3330008950&kikanKbn=3", "url2": "http://www.takenami-dc.com", "内容": "武並デンタルクリニック【3:歯科】岡山県高梁市下谷町５０３８－１" }, "geometry": { "type": "Point", "coordinates": [ 133.616667, 34.783775 ] } },
{ "type": "Feature", "properties": { "ID": 3333330008960, "正式名称": "はなみずきデンタルクリニック", "機関区分": 3, "都道府県コード": 33, "市区町村コード": 101, "所在地": "岡山県岡山市北区平野２８５－２", "緯度": 34.642814, "経度": 133.855658, "url": "https://www.iryou.teikyouseido.mhlw.go.jp/znk-web/juminkanja/S2430/initialize?prefCd=33&kikanCd=3330008960&kikanKbn=3", "url2": "https://hanamizukidc.jimdofree.com/", "内容": "はなみずきデンタルクリニック【3:歯科】岡山県岡山市北区平野２８５－２" }, "geometry": { "type": "Point", "coordinates": [ 133.855658, 34.642814 ] } },
{ "type": "Feature", "properties": { "ID": 3333330008970, "正式名称": "しらひげ歯科クリニック", "機関区分": 3, "都道府県コード": 33, "市区町村コード": 102, "所在地": "岡山県岡山市中区原尾島３－８－５２", "緯度": 34.670462, "経度": 133.945253, "url": "https://www.iryou.teikyouseido.mhlw.go.jp/znk-web/juminkanja/S2430/initialize?prefCd=33&kikanCd=3330008970&kikanKbn=3", "url2": "http://www.hige-hige.com/", "内容": "しらひげ歯科クリニック【3:歯科】岡山県岡山市中区原尾島３－８－５２" }, "geometry": { "type": "Point", "coordinates": [ 133.945253, 34.670462 ] } },
{ "type": "Feature", "properties": { "ID": 3333330008980, "正式名称": "立花歯科", "機関区分": 3, "都道府県コード": 33, "市区町村コード": 102, "所在地": "岡山県岡山市中区中納言町７－２１", "緯度": 34.658435, "経度": 133.938282, "url": "https://www.iryou.teikyouseido.mhlw.go.jp/znk-web/juminkanja/S2430/initialize?prefCd=33&kikanCd=3330008980&kikanKbn=3", "url2": null, "内容": "立花歯科【3:歯科】岡山県岡山市中区中納言町７－２１" }, "geometry": { "type": "Point", "coordinates": [ 133.938282, 34.658435 ] } },
{ "type": "Feature", "properties": { "ID": 3333330008990, "正式名称": "ひらかわ歯科こども歯科クリニック", "機関区分": 3, "都道府県コード": 33, "市区町村コード": 102, "所在地": "岡山県岡山市中区高島新屋敷７１５－１", "緯度": 34.687543, "経度": 133.956335, "url": "https://www.iryou.teikyouseido.mhlw.go.jp/znk-web/juminkanja/S2430/initialize?prefCd=33&kikanCd=3330008990&kikanKbn=3", "url2": "https://www.hirakawa-dc.com", "内容": "ひらかわ歯科こども歯科クリニック【3:歯科】岡山県岡山市中区高島新屋敷７１５－１" }, "geometry": { "type": "Point", "coordinates": [ 133.956335, 34.687543 ] } },
{ "type": "Feature", "properties": { "ID": 3333330009000, "正式名称": "イマムラデンタルクリニック", "機関区分": 3, "都道府県コード": 33, "市区町村コード": 101, "所在地": "岡山県岡山市北区今２丁目９－１４", "緯度": 34.646713, "経度": 133.896008, "url": "https://www.iryou.teikyouseido.mhlw.go.jp/znk-web/juminkanja/S2430/initialize?prefCd=33&kikanCd=3330009000&kikanKbn=3", "url2": "http://www.i-dc.info/", "内容": "イマムラデンタルクリニック【3:歯科】岡山県岡山市北区今２丁目９－１４" }, "geometry": { "type": "Point", "coordinates": [ 133.896008, 34.646713 ] } },
{ "type": "Feature", "properties": { "ID": 3333330009010, "正式名称": "矢掛駅前宮尾歯科クリニック", "機関区分": 3, "都道府県コード": 33, "市区町村コード": 461, "所在地": "岡山県小田郡矢掛町矢掛２５２７－６", "緯度": 34.628448, "経度": 133.589637, "url": "https://www.iryou.teikyouseido.mhlw.go.jp/znk-web/juminkanja/S2430/initialize?prefCd=33&kikanCd=3330009010&kikanKbn=3", "url2": "http://www.miyao-dental.jp/", "内容": "矢掛駅前宮尾歯科クリニック【3:歯科】岡山県小田郡矢掛町矢掛２５２７－６" }, "geometry": { "type": "Point", "coordinates": [ 133.589637, 34.628448 ] } },
{ "type": "Feature", "properties": { "ID": 3333330009020, "正式名称": "足立歯科クリニック", "機関区分": 3, "都道府県コード": 33, "市区町村コード": 202, "所在地": "岡山県倉敷市西阿知町１０３２番１", "緯度": 34.589355, "経度": 133.727108, "url": "https://www.iryou.teikyouseido.mhlw.go.jp/znk-web/juminkanja/S2430/initialize?prefCd=33&kikanCd=3330009020&kikanKbn=3", "url2": "http://www.dental-adachi.com", "内容": "足立歯科クリニック【3:歯科】岡山県倉敷市西阿知町１０３２番１" }, "geometry": { "type": "Point", "coordinates": [ 133.727108, 34.589355 ] } },
{ "type": "Feature", "properties": { "ID": 3333330009030, "正式名称": "駅前町歯科診療所", "機関区分": 3, "都道府県コード": 33, "市区町村コード": 101, "所在地": "岡山県岡山市北区駅前町１－６－２０", "緯度": 34.666731, "経度": 133.92164, "url": "https://www.iryou.teikyouseido.mhlw.go.jp/znk-web/juminkanja/S2430/initialize?prefCd=33&kikanCd=3330009030&kikanKbn=3", "url2": "http://ekimaechoshika.com", "内容": "駅前町歯科診療所【3:歯科】岡山県岡山市北区駅前町１－６－２０" }, "geometry": { "type": "Point", "coordinates": [ 133.92164, 34.666731 ] } },
{ "type": "Feature", "properties": { "ID": 3333330009040, "正式名称": "医療法人宝歯会　岡山スマイル歯科小児歯科医院", "機関区分": 3, "都道府県コード": 33, "市区町村コード": 101, "所在地": "岡山県岡山市北区下石井１丁目２番１号", "緯度": 34.66199, "経度": 133.917644, "url": "https://www.iryou.teikyouseido.mhlw.go.jp/znk-web/juminkanja/S2430/initialize?prefCd=33&kikanCd=3330009040&kikanKbn=3", "url2": "http://www.kajiwara-shika.jp/", "内容": "医療法人宝歯会　岡山スマイル歯科小児歯科医院【3:歯科】岡山県岡山市北区下石井１丁目２番１号" }, "geometry": { "type": "Point", "coordinates": [ 133.917644, 34.66199 ] } },
{ "type": "Feature", "properties": { "ID": 3333330009050, "正式名称": "福田歯科クリニック・口腔外科", "機関区分": 3, "都道府県コード": 33, "市区町村コード": 102, "所在地": "岡山県岡山市中区中島１９０－１", "緯度": 34.683988, "経度": 133.948947, "url": "https://www.iryou.teikyouseido.mhlw.go.jp/znk-web/juminkanja/S2430/initialize?prefCd=33&kikanCd=3330009050&kikanKbn=3", "url2": "http://www.fukudadental.jp", "内容": "福田歯科クリニック・口腔外科【3:歯科】岡山県岡山市中区中島１９０－１" }, "geometry": { "type": "Point", "coordinates": [ 133.948947, 34.683988 ] } },
{ "type": "Feature", "properties": { "ID": 3333330009060, "正式名称": "みどりフレンド歯科", "機関区分": 3, "都道府県コード": 33, "市区町村コード": 202, "所在地": "岡山県倉敷市玉島乙島６９７５－１", "緯度": 34.535388, "経度": 133.681475, "url": "https://www.iryou.teikyouseido.mhlw.go.jp/znk-web/juminkanja/S2430/initialize?prefCd=33&kikanCd=3330009060&kikanKbn=3", "url2": "http://tanjifriend.com/midori/", "内容": "みどりフレンド歯科【3:歯科】岡山県倉敷市玉島乙島６９７５－１" }, "geometry": { "type": "Point", "coordinates": [ 133.681475, 34.535388 ] } },
{ "type": "Feature", "properties": { "ID": 3333330009070, "正式名称": "歯科にしきどクリニック", "機関区分": 3, "都道府県コード": 33, "市区町村コード": 202, "所在地": "岡山県倉敷市吉岡２２４－４", "緯度": 34.567552, "経度": 133.768699, "url": "https://www.iryou.teikyouseido.mhlw.go.jp/znk-web/juminkanja/S2430/initialize?prefCd=33&kikanCd=3330009070&kikanKbn=3", "url2": "http://www.nishikido-dental-clinic.com", "内容": "歯科にしきどクリニック【3:歯科】岡山県倉敷市吉岡２２４－４" }, "geometry": { "type": "Point", "coordinates": [ 133.768699, 34.567552 ] } },
{ "type": "Feature", "properties": { "ID": 3333330009080, "正式名称": "そらまめ歯科", "機関区分": 3, "都道府県コード": 33, "市区町村コード": 101, "所在地": "岡山県岡山市北区辰巳２８－１１２", "緯度": 34.639492, "経度": 133.88612, "url": "https://www.iryou.teikyouseido.mhlw.go.jp/znk-web/juminkanja/S2430/initialize?prefCd=33&kikanCd=3330009080&kikanKbn=3", "url2": "http://www7b.biglobe.ne.jp/~soramame8054895/", "内容": "そらまめ歯科【3:歯科】岡山県岡山市北区辰巳２８－１１２" }, "geometry": { "type": "Point", "coordinates": [ 133.88612, 34.639492 ] } },
{ "type": "Feature", "properties": { "ID": 3333330009090, "正式名称": "二階歯科クリニック", "機関区分": 3, "都道府県コード": 33, "市区町村コード": 213, "所在地": "岡山県赤磐市西中１１９１", "緯度": 34.766396, "経度": 134.005439, "url": "https://www.iryou.teikyouseido.mhlw.go.jp/znk-web/juminkanja/S2430/initialize?prefCd=33&kikanCd=3330009090&kikanKbn=3", "url2": null, "内容": "二階歯科クリニック【3:歯科】岡山県赤磐市西中１１９１" }, "geometry": { "type": "Point", "coordinates": [ 134.005439, 34.766396 ] } },
{ "type": "Feature", "properties": { "ID": 3333330009100, "正式名称": "医療法人心和会Ｗｅｌｃｏｍｅ　Ｄｅｎｔａｌ　Ｃｌｉｎｉｃ", "機関区分": 3, "都道府県コード": 33, "市区町村コード": 101, "所在地": "岡山県岡山市北区奥田１－８－１９", "緯度": 34.644823, "経度": 133.924773, "url": "https://www.iryou.teikyouseido.mhlw.go.jp/znk-web/juminkanja/S2430/initialize?prefCd=33&kikanCd=3330009100&kikanKbn=3", "url2": "http://www.welcome-d.com", "内容": "医療法人心和会Ｗｅｌｃｏｍｅ　Ｄｅｎｔａｌ　Ｃｌｉｎｉｃ【3:歯科】岡山県岡山市北区奥田１－８－１９" }, "geometry": { "type": "Point", "coordinates": [ 133.924773, 34.644823 ] } },
{ "type": "Feature", "properties": { "ID": 3333330009110, "正式名称": "草ヶ部歯科診療所", "機関区分": 3, "都道府県コード": 33, "市区町村コード": 103, "所在地": "岡山県岡山市東区草ヶ部９１３－１２", "緯度": 34.71382, "経度": 134.035882, "url": "https://www.iryou.teikyouseido.mhlw.go.jp/znk-web/juminkanja/S2430/initialize?prefCd=33&kikanCd=3330009110&kikanKbn=3", "url2": "http://e-g-life.jp/kusakabe/", "内容": "草ヶ部歯科診療所【3:歯科】岡山県岡山市東区草ヶ部９１３－１２" }, "geometry": { "type": "Point", "coordinates": [ 134.035882, 34.71382 ] } },
{ "type": "Feature", "properties": { "ID": 3333330009120, "正式名称": "ひらた歯科クリニック", "機関区分": 3, "都道府県コード": 33, "市区町村コード": 202, "所在地": "岡山県倉敷市新田１３１０－１０", "緯度": 34.586245, "経度": 133.777354, "url": "https://www.iryou.teikyouseido.mhlw.go.jp/znk-web/juminkanja/S2430/initialize?prefCd=33&kikanCd=3330009120&kikanKbn=3", "url2": "http://hirata-dc1992.com", "内容": "ひらた歯科クリニック【3:歯科】岡山県倉敷市新田１３１０－１０" }, "geometry": { "type": "Point", "coordinates": [ 133.777354, 34.586245 ] } },
{ "type": "Feature", "properties": { "ID": 3333330009130, "正式名称": "医療法人社団花夢会じんの矯正歯科", "機関区分": 3, "都道府県コード": 33, "市区町村コード": 101, "所在地": "岡山県岡山市北区野田屋町１－７－１７千代田生命ビル３階", "緯度": 34.665906, "経度": 133.924949, "url": "https://www.iryou.teikyouseido.mhlw.go.jp/znk-web/juminkanja/S2430/initialize?prefCd=33&kikanCd=3330009130&kikanKbn=3", "url2": "http://www.kyoseishika.jp/", "内容": "医療法人社団花夢会じんの矯正歯科【3:歯科】岡山県岡山市北区野田屋町１－７－１７千代田生命ビル３階" }, "geometry": { "type": "Point", "coordinates": [ 133.924949, 34.665906 ] } },
{ "type": "Feature", "properties": { "ID": 3333330009140, "正式名称": "医療法人社団華城会　東児はなふさ歯科医院", "機関区分": 3, "都道府県コード": 33, "市区町村コード": 204, "所在地": "岡山県玉野市北方５２８－２", "緯度": 34.566058, "経度": 134.019611, "url": "https://www.iryou.teikyouseido.mhlw.go.jp/znk-web/juminkanja/S2430/initialize?prefCd=33&kikanCd=3330009140&kikanKbn=3", "url2": "http://touji.8723dental.com/", "内容": "医療法人社団華城会　東児はなふさ歯科医院【3:歯科】岡山県玉野市北方５２８－２" }, "geometry": { "type": "Point", "coordinates": [ 134.019611, 34.566058 ] } },
{ "type": "Feature", "properties": { "ID": 3333330009150, "正式名称": "うねつぼ歯科", "機関区分": 3, "都道府県コード": 33, "市区町村コード": 104, "所在地": "岡山県岡山市南区藤田５６０－５３２", "緯度": 34.588192, "経度": 133.887594, "url": "https://www.iryou.teikyouseido.mhlw.go.jp/znk-web/juminkanja/S2430/initialize?prefCd=33&kikanCd=3330009150&kikanKbn=3", "url2": "http://www.unetsubo-dental.jp/", "内容": "うねつぼ歯科【3:歯科】岡山県岡山市南区藤田５６０－５３２" }, "geometry": { "type": "Point", "coordinates": [ 133.887594, 34.588192 ] } },
{ "type": "Feature", "properties": { "ID": 3333330009160, "正式名称": "りんご歯科", "機関区分": 3, "都道府県コード": 33, "市区町村コード": 202, "所在地": "岡山県倉敷市水島相生町９－１８", "緯度": 34.550304, "経度": 133.749163, "url": "https://www.iryou.teikyouseido.mhlw.go.jp/znk-web/juminkanja/S2430/initialize?prefCd=33&kikanCd=3330009160&kikanKbn=3", "url2": "http://holisticdental.web.fc2.com/", "内容": "りんご歯科【3:歯科】岡山県倉敷市水島相生町９－１８" }, "geometry": { "type": "Point", "coordinates": [ 133.749163, 34.550304 ] } },
{ "type": "Feature", "properties": { "ID": 3333330009170, "正式名称": "ナイス歯科クリニック", "機関区分": 3, "都道府県コード": 33, "市区町村コード": 104, "所在地": "岡山県岡山市南区泉田３２６－２１", "緯度": 34.623827, "経度": 133.909785, "url": "https://www.iryou.teikyouseido.mhlw.go.jp/znk-web/juminkanja/S2430/initialize?prefCd=33&kikanCd=3330009170&kikanKbn=3", "url2": "http://www.yoisika.jp", "内容": "ナイス歯科クリニック【3:歯科】岡山県岡山市南区泉田３２６－２１" }, "geometry": { "type": "Point", "coordinates": [ 133.909785, 34.623827 ] } },
{ "type": "Feature", "properties": { "ID": 3333330009180, "正式名称": "かなお矯正・小児歯科クリニック", "機関区分": 3, "都道府県コード": 33, "市区町村コード": 101, "所在地": "岡山県岡山市北区田益１２９６－１", "緯度": 34.711252, "経度": 133.900803, "url": "https://www.iryou.teikyouseido.mhlw.go.jp/znk-web/juminkanja/S2430/initialize?prefCd=33&kikanCd=3330009180&kikanKbn=3", "url2": "http://www.hahahahaha.jp", "内容": "かなお矯正・小児歯科クリニック【3:歯科】岡山県岡山市北区田益１２９６－１" }, "geometry": { "type": "Point", "coordinates": [ 133.900803, 34.711252 ] } },
{ "type": "Feature", "properties": { "ID": 3333330009190, "正式名称": "たなか歯科", "機関区分": 3, "都道府県コード": 33, "市区町村コード": 207, "所在地": "岡山県井原市下出部町１丁目３３－４", "緯度": 34.587917, "経度": 133.443519, "url": "https://www.iryou.teikyouseido.mhlw.go.jp/znk-web/juminkanja/S2430/initialize?prefCd=33&kikanCd=3330009190&kikanKbn=3", "url2": null, "内容": "たなか歯科【3:歯科】岡山県井原市下出部町１丁目３３－４" }, "geometry": { "type": "Point", "coordinates": [ 133.443519, 34.587917 ] } },
{ "type": "Feature", "properties": { "ID": 3333330009200, "正式名称": "コープ倉田歯科", "機関区分": 3, "都道府県コード": 33, "市区町村コード": 102, "所在地": "岡山県岡山市中区倉田６８０－１", "緯度": 34.634938, "経度": 133.95342, "url": "https://www.iryou.teikyouseido.mhlw.go.jp/znk-web/juminkanja/S2430/initialize?prefCd=33&kikanCd=3330009200&kikanKbn=3", "url2": "http://www.okayama-health.coop/", "内容": "コープ倉田歯科【3:歯科】岡山県岡山市中区倉田６８０－１" }, "geometry": { "type": "Point", "coordinates": [ 133.95342, 34.634938 ] } },
{ "type": "Feature", "properties": { "ID": 3333330009210, "正式名称": "じん歯科・まや矯正歯科クリニック", "機関区分": 3, "都道府県コード": 33, "市区町村コード": 104, "所在地": "岡山県岡山市南区妹尾３３８８", "緯度": 34.619945, "経度": 133.871719, "url": "https://www.iryou.teikyouseido.mhlw.go.jp/znk-web/juminkanja/S2430/initialize?prefCd=33&kikanCd=3330009210&kikanKbn=3", "url2": "http://www.jin-shika.jp/", "内容": "じん歯科・まや矯正歯科クリニック【3:歯科】岡山県岡山市南区妹尾３３８８" }, "geometry": { "type": "Point", "coordinates": [ 133.871719, 34.619945 ] } },
{ "type": "Feature", "properties": { "ID": 3333330009220, "正式名称": "医療法人社団爽凛会ふじおか歯科・矯正歯科", "機関区分": 3, "都道府県コード": 33, "市区町村コード": 101, "所在地": "岡山県岡山市北区国体町１－１１－１Ｆ", "緯度": 34.671638, "経度": 133.918735, "url": "https://www.iryou.teikyouseido.mhlw.go.jp/znk-web/juminkanja/S2430/initialize?prefCd=33&kikanCd=3330009220&kikanKbn=3", "url2": "http://fujioka-dc.jp", "内容": "医療法人社団爽凛会ふじおか歯科・矯正歯科【3:歯科】岡山県岡山市北区国体町１－１１－１Ｆ" }, "geometry": { "type": "Point", "coordinates": [ 133.918735, 34.671638 ] } },
{ "type": "Feature", "properties": { "ID": 3333330009230, "正式名称": "医療法人オーラルビューティー＆ヘルスケア　大前歯科医院", "機関区分": 3, "都道府県コード": 33, "市区町村コード": 203, "所在地": "岡山県津山市小田中１４４３－７", "緯度": 35.062612, "経度": 133.987792, "url": "https://www.iryou.teikyouseido.mhlw.go.jp/znk-web/juminkanja/S2430/initialize?prefCd=33&kikanCd=3330009230&kikanKbn=3", "url2": null, "内容": "医療法人オーラルビューティー＆ヘルスケア　大前歯科医院【3:歯科】岡山県津山市小田中１４４３－７" }, "geometry": { "type": "Point", "coordinates": [ 133.987792, 35.062612 ] } },
{ "type": "Feature", "properties": { "ID": 3333330009240, "正式名称": "医療法人オーラルビューティー＆ヘルスケア　北歯科医院", "機関区分": 3, "都道府県コード": 33, "市区町村コード": 203, "所在地": "岡山県津山市中北下１２６９－９", "緯度": 35.059666, "経度": 133.898717, "url": "https://www.iryou.teikyouseido.mhlw.go.jp/znk-web/juminkanja/S2430/initialize?prefCd=33&kikanCd=3330009240&kikanKbn=3", "url2": "http://www.kita-dental.com/", "内容": "医療法人オーラルビューティー＆ヘルスケア　北歯科医院【3:歯科】岡山県津山市中北下１２６９－９" }, "geometry": { "type": "Point", "coordinates": [ 133.898717, 35.059666 ] } },
{ "type": "Feature", "properties": { "ID": 3333330009250, "正式名称": "おまち子ども歯科", "機関区分": 3, "都道府県コード": 33, "市区町村コード": 102, "所在地": "岡山県岡山市中区雄町３１８－７", "緯度": 34.686571, "経度": 133.974944, "url": "https://www.iryou.teikyouseido.mhlw.go.jp/znk-web/juminkanja/S2430/initialize?prefCd=33&kikanCd=3330009250&kikanKbn=3", "url2": "https://www.omachi-ks.jp", "内容": "おまち子ども歯科【3:歯科】岡山県岡山市中区雄町３１８－７" }, "geometry": { "type": "Point", "coordinates": [ 133.974944, 34.686571 ] } },
{ "type": "Feature", "properties": { "ID": 3333330009260, "正式名称": "オアシス歯科", "機関区分": 3, "都道府県コード": 33, "市区町村コード": 202, "所在地": "岡山県倉敷市水島高砂町３－１１", "緯度": 34.530195, "経度": 133.736165, "url": "https://www.iryou.teikyouseido.mhlw.go.jp/znk-web/juminkanja/S2430/initialize?prefCd=33&kikanCd=3330009260&kikanKbn=3", "url2": "http://oasis-dental.net/", "内容": "オアシス歯科【3:歯科】岡山県倉敷市水島高砂町３－１１" }, "geometry": { "type": "Point", "coordinates": [ 133.736165, 34.530195 ] } },
{ "type": "Feature", "properties": { "ID": 3333330009270, "正式名称": "西阿知クォーツ歯科クリニック", "機関区分": 3, "都道府県コード": 33, "市区町村コード": 202, "所在地": "岡山県倉敷市西阿知町５８６－３", "緯度": 34.593829, "経度": 133.736417, "url": "https://www.iryou.teikyouseido.mhlw.go.jp/znk-web/juminkanja/S2430/initialize?prefCd=33&kikanCd=3330009270&kikanKbn=3", "url2": "http://nishi-qdc.com", "内容": "西阿知クォーツ歯科クリニック【3:歯科】岡山県倉敷市西阿知町５８６－３" }, "geometry": { "type": "Point", "coordinates": [ 133.736417, 34.593829 ] } },
{ "type": "Feature", "properties": { "ID": 3333330009280, "正式名称": "おおつか歯科医院", "機関区分": 3, "都道府県コード": 33, "市区町村コード": 209, "所在地": "岡山県高梁市成羽町下原４９１", "緯度": 34.784273, "経度": 133.546174, "url": "https://www.iryou.teikyouseido.mhlw.go.jp/znk-web/juminkanja/S2430/initialize?prefCd=33&kikanCd=3330009280&kikanKbn=3", "url2": null, "内容": "おおつか歯科医院【3:歯科】岡山県高梁市成羽町下原４９１" }, "geometry": { "type": "Point", "coordinates": [ 133.546174, 34.784273 ] } },
{ "type": "Feature", "properties": { "ID": 3333330009300, "正式名称": "いとう歯科クリニック", "機関区分": 3, "都道府県コード": 33, "市区町村コード": 643, "所在地": "岡山県英田郡西粟倉村長尾１０２６－４", "緯度": 35.16419, "経度": 134.335229, "url": "https://www.iryou.teikyouseido.mhlw.go.jp/znk-web/juminkanja/S2430/initialize?prefCd=33&kikanCd=3330009300&kikanKbn=3", "url2": null, "内容": "いとう歯科クリニック【3:歯科】岡山県英田郡西粟倉村長尾１０２６－４" }, "geometry": { "type": "Point", "coordinates": [ 134.335229, 35.16419 ] } },
{ "type": "Feature", "properties": { "ID": 3333330009310, "正式名称": "こども・おとな　おかもと歯科", "機関区分": 3, "都道府県コード": 33, "市区町村コード": 101, "所在地": "岡山県岡山市北区辰巳６－１０２", "緯度": 34.641569, "経度": 133.890005, "url": "https://www.iryou.teikyouseido.mhlw.go.jp/znk-web/juminkanja/S2430/initialize?prefCd=33&kikanCd=3330009310&kikanKbn=3", "url2": "http://www.kodomo-otona-okamoto.com", "内容": "こども・おとな　おかもと歯科【3:歯科】岡山県岡山市北区辰巳６－１０２" }, "geometry": { "type": "Point", "coordinates": [ 133.890005, 34.641569 ] } },
{ "type": "Feature", "properties": { "ID": 3333330009320, "正式名称": "医療生協　阿新歯科診療所", "機関区分": 3, "都道府県コード": 33, "市区町村コード": 210, "所在地": "岡山県新見市新見７３６－２", "緯度": 34.981388, "経度": 133.471397, "url": "https://www.iryou.teikyouseido.mhlw.go.jp/znk-web/juminkanja/S2430/initialize?prefCd=33&kikanCd=3330009320&kikanKbn=3", "url2": "http://www.kura-sika.jp/ashin.html", "内容": "医療生協　阿新歯科診療所【3:歯科】岡山県新見市新見７３６－２" }, "geometry": { "type": "Point", "coordinates": [ 133.471397, 34.981388 ] } },
{ "type": "Feature", "properties": { "ID": 3333330009330, "正式名称": "はら　こども・ファミリー歯科", "機関区分": 3, "都道府県コード": 33, "市区町村コード": 214, "所在地": "岡山県真庭市久世５８－７", "緯度": 35.084687, "経度": 133.75086, "url": "https://www.iryou.teikyouseido.mhlw.go.jp/znk-web/juminkanja/S2430/initialize?prefCd=33&kikanCd=3330009330&kikanKbn=3", "url2": null, "内容": "はら　こども・ファミリー歯科【3:歯科】岡山県真庭市久世５８－７" }, "geometry": { "type": "Point", "coordinates": [ 133.75086, 35.084687 ] } },
{ "type": "Feature", "properties": { "ID": 3333330009340, "正式名称": "ネストデンタルクリニック", "機関区分": 3, "都道府県コード": 33, "市区町村コード": 101, "所在地": "岡山県岡山市北区平田１０７－１３７", "緯度": 34.636535, "経度": 133.888584, "url": "https://www.iryou.teikyouseido.mhlw.go.jp/znk-web/juminkanja/S2430/initialize?prefCd=33&kikanCd=3330009340&kikanKbn=3", "url2": "http://www.nestdental.jp", "内容": "ネストデンタルクリニック【3:歯科】岡山県岡山市北区平田１０７－１３７" }, "geometry": { "type": "Point", "coordinates": [ 133.888584, 34.636535 ] } },
{ "type": "Feature", "properties": { "ID": 3333330009350, "正式名称": "はる歯科クリニック", "機関区分": 3, "都道府県コード": 33, "市区町村コード": 101, "所在地": "岡山県岡山市北区西花尻１１７９番地１", "緯度": 34.65541, "経度": 133.858904, "url": "https://www.iryou.teikyouseido.mhlw.go.jp/znk-web/juminkanja/S2430/initialize?prefCd=33&kikanCd=3330009350&kikanKbn=3", "url2": null, "内容": "はる歯科クリニック【3:歯科】岡山県岡山市北区西花尻１１７９番地１" }, "geometry": { "type": "Point", "coordinates": [ 133.858904, 34.65541 ] } },
{ "type": "Feature", "properties": { "ID": 3333330009360, "正式名称": "むかえ歯科・小児歯科", "機関区分": 3, "都道府県コード": 33, "市区町村コード": 208, "所在地": "岡山県総社市井手字古項１０６６－３", "緯度": 34.678771, "経度": 133.765725, "url": "https://www.iryou.teikyouseido.mhlw.go.jp/znk-web/juminkanja/S2430/initialize?prefCd=33&kikanCd=3330009360&kikanKbn=3", "url2": "http://www.mukae-dc.jp/", "内容": "むかえ歯科・小児歯科【3:歯科】岡山県総社市井手字古項１０６６－３" }, "geometry": { "type": "Point", "coordinates": [ 133.765725, 34.678771 ] } },
{ "type": "Feature", "properties": { "ID": 3333330009370, "正式名称": "あや矯正歯科", "機関区分": 3, "都道府県コード": 33, "市区町村コード": 101, "所在地": "岡山県岡山市北区今二丁目７－１ＫＵⅡビル２Ｆ", "緯度": 34.64821, "経度": 133.898085, "url": "https://www.iryou.teikyouseido.mhlw.go.jp/znk-web/juminkanja/S2430/initialize?prefCd=33&kikanCd=3330009370&kikanKbn=3", "url2": "http://www.aya-kyousei.com", "内容": "あや矯正歯科【3:歯科】岡山県岡山市北区今二丁目７－１ＫＵⅡビル２Ｆ" }, "geometry": { "type": "Point", "coordinates": [ 133.898085, 34.64821 ] } },
{ "type": "Feature", "properties": { "ID": 3333330009380, "正式名称": "さとう歯科クリニック", "機関区分": 3, "都道府県コード": 33, "市区町村コード": 104, "所在地": "岡山県岡山市南区妹尾１３８０－３", "緯度": 34.609927, "経度": 133.866546, "url": "https://www.iryou.teikyouseido.mhlw.go.jp/znk-web/juminkanja/S2430/initialize?prefCd=33&kikanCd=3330009380&kikanKbn=3", "url2": "http://www.satoshika-senoo.com", "内容": "さとう歯科クリニック【3:歯科】岡山県岡山市南区妹尾１３８０－３" }, "geometry": { "type": "Point", "coordinates": [ 133.866546, 34.609927 ] } },
{ "type": "Feature", "properties": { "ID": 3333330009390, "正式名称": "このうち歯科", "機関区分": 3, "都道府県コード": 33, "市区町村コード": 101, "所在地": "岡山県岡山市北区津高３８６－４", "緯度": 34.699857, "経度": 133.904254, "url": "https://www.iryou.teikyouseido.mhlw.go.jp/znk-web/juminkanja/S2430/initialize?prefCd=33&kikanCd=3330009390&kikanKbn=3", "url2": "http://www.konouchi-shika.jp", "内容": "このうち歯科【3:歯科】岡山県岡山市北区津高３８６－４" }, "geometry": { "type": "Point", "coordinates": [ 133.904254, 34.699857 ] } },
{ "type": "Feature", "properties": { "ID": 3333330009400, "正式名称": "ＬＩＥＢＥ　Ｄｅｎｔａｌ　Ｃｌｉｎｉｃ", "機関区分": 3, "都道府県コード": 33, "市区町村コード": 102, "所在地": "岡山県岡山市中区関１５７－１", "緯度": 34.675652, "経度": 133.974957, "url": "https://www.iryou.teikyouseido.mhlw.go.jp/znk-web/juminkanja/S2430/initialize?prefCd=33&kikanCd=3330009400&kikanKbn=3", "url2": "http://www.liebedc.com/", "内容": "ＬＩＥＢＥ　Ｄｅｎｔａｌ　Ｃｌｉｎｉｃ【3:歯科】岡山県岡山市中区関１５７－１" }, "geometry": { "type": "Point", "coordinates": [ 133.974957, 34.675652 ] } },
{ "type": "Feature", "properties": { "ID": 3333330009410, "正式名称": "紅陽台歯科医院", "機関区分": 3, "都道府県コード": 33, "市区町村コード": 104, "所在地": "岡山県岡山市南区西紅陽台３－１－１２１", "緯度": 34.543504, "経度": 133.890609, "url": "https://www.iryou.teikyouseido.mhlw.go.jp/znk-web/juminkanja/S2430/initialize?prefCd=33&kikanCd=3330009410&kikanKbn=3", "url2": null, "内容": "紅陽台歯科医院【3:歯科】岡山県岡山市南区西紅陽台３－１－１２１" }, "geometry": { "type": "Point", "coordinates": [ 133.890609, 34.543504 ] } },
{ "type": "Feature", "properties": { "ID": 3333330009420, "正式名称": "かすやま歯科クリニック", "機関区分": 3, "都道府県コード": 33, "市区町村コード": 101, "所在地": "岡山県岡山市北区学南町二丁目５番２３号", "緯度": 34.682487, "経度": 133.921256, "url": "https://www.iryou.teikyouseido.mhlw.go.jp/znk-web/juminkanja/S2430/initialize?prefCd=33&kikanCd=3330009420&kikanKbn=3", "url2": "https://kasuyama-dental.com/", "内容": "かすやま歯科クリニック【3:歯科】岡山県岡山市北区学南町二丁目５番２３号" }, "geometry": { "type": "Point", "coordinates": [ 133.921256, 34.682487 ] } },
{ "type": "Feature", "properties": { "ID": 3333330009430, "正式名称": "医療法人社団萌真会　石原歯科医院", "機関区分": 3, "都道府県コード": 33, "市区町村コード": 103, "所在地": "岡山県岡山市東区目黒町２８－３", "緯度": 34.668123, "経度": 133.999879, "url": "https://www.iryou.teikyouseido.mhlw.go.jp/znk-web/juminkanja/S2430/initialize?prefCd=33&kikanCd=3330009430&kikanKbn=3", "url2": "http://www.ishihara-dc.net", "内容": "医療法人社団萌真会　石原歯科医院【3:歯科】岡山県岡山市東区目黒町２８－３" }, "geometry": { "type": "Point", "coordinates": [ 133.999879, 34.668123 ] } },
{ "type": "Feature", "properties": { "ID": 3333330009450, "正式名称": "きらり歯科クリニック", "機関区分": 3, "都道府県コード": 33, "市区町村コード": 101, "所在地": "岡山県岡山市北区高柳西町１７－３７", "緯度": 34.66223, "経度": 133.898733, "url": "https://www.iryou.teikyouseido.mhlw.go.jp/znk-web/juminkanja/S2430/initialize?prefCd=33&kikanCd=3330009450&kikanKbn=3", "url2": "http://kirari-dent.com/", "内容": "きらり歯科クリニック【3:歯科】岡山県岡山市北区高柳西町１７－３７" }, "geometry": { "type": "Point", "coordinates": [ 133.898733, 34.66223 ] } },
{ "type": "Feature", "properties": { "ID": 3333330009460, "正式名称": "よしもと歯科医院", "機関区分": 3, "都道府県コード": 33, "市区町村コード": 202, "所在地": "岡山県倉敷市浜ノ茶屋２４８－１", "緯度": 34.613867, "経度": 133.769774, "url": "https://www.iryou.teikyouseido.mhlw.go.jp/znk-web/juminkanja/S2430/initialize?prefCd=33&kikanCd=3330009460&kikanKbn=3", "url2": "http://wwwa.yoshimoto086shika454kurashiki4618kurashiki.com", "内容": "よしもと歯科医院【3:歯科】岡山県倉敷市浜ノ茶屋２４８－１" }, "geometry": { "type": "Point", "coordinates": [ 133.769774, 34.613867 ] } },
{ "type": "Feature", "properties": { "ID": 3333330009470, "正式名称": "もりもと歯科クリニック", "機関区分": 3, "都道府県コード": 33, "市区町村コード": 102, "所在地": "岡山県岡山市中区高屋３４１－６", "緯度": 34.675005, "経度": 133.968775, "url": "https://www.iryou.teikyouseido.mhlw.go.jp/znk-web/juminkanja/S2430/initialize?prefCd=33&kikanCd=3330009470&kikanKbn=3", "url2": "https://morimoto-dc.com/", "内容": "もりもと歯科クリニック【3:歯科】岡山県岡山市中区高屋３４１－６" }, "geometry": { "type": "Point", "coordinates": [ 133.968775, 34.675005 ] } },
{ "type": "Feature", "properties": { "ID": 3333330009480, "正式名称": "ゆずりは歯科クリニック", "機関区分": 3, "都道府県コード": 33, "市区町村コード": 102, "所在地": "岡山県岡山市中区江崎８２－１", "緯度": 34.628082, "経度": 133.958932, "url": "https://www.iryou.teikyouseido.mhlw.go.jp/znk-web/juminkanja/S2430/initialize?prefCd=33&kikanCd=3330009480&kikanKbn=3", "url2": "https://yuzuriha-dc.com", "内容": "ゆずりは歯科クリニック【3:歯科】岡山県岡山市中区江崎８２－１" }, "geometry": { "type": "Point", "coordinates": [ 133.958932, 34.628082 ] } },
{ "type": "Feature", "properties": { "ID": 3333330009490, "正式名称": "医療法人社団プライムケア岡山　プライムケアデンタル西大寺", "機関区分": 3, "都道府県コード": 33, "市区町村コード": 103, "所在地": "岡山県岡山市東区西大寺南１丁目１－２１", "緯度": 34.652109, "経度": 134.027458, "url": "https://www.iryou.teikyouseido.mhlw.go.jp/znk-web/juminkanja/S2430/initialize?prefCd=33&kikanCd=3330009490&kikanKbn=3", "url2": "http://www.sdj1182525.com", "内容": "医療法人社団プライムケア岡山　プライムケアデンタル西大寺【3:歯科】岡山県岡山市東区西大寺南１丁目１－２１" }, "geometry": { "type": "Point", "coordinates": [ 134.027458, 34.652109 ] } },
{ "type": "Feature", "properties": { "ID": 3333330009500, "正式名称": "みむら歯科", "機関区分": 3, "都道府県コード": 33, "市区町村コード": 606, "所在地": "岡山県苫田郡鏡野町沖６０－５", "緯度": 35.093784, "経度": 133.94803, "url": "https://www.iryou.teikyouseido.mhlw.go.jp/znk-web/juminkanja/S2430/initialize?prefCd=33&kikanCd=3330009500&kikanKbn=3", "url2": "http://www.mimuradc.com", "内容": "みむら歯科【3:歯科】岡山県苫田郡鏡野町沖６０－５" }, "geometry": { "type": "Point", "coordinates": [ 133.94803, 35.093784 ] } },
{ "type": "Feature", "properties": { "ID": 3333330009510, "正式名称": "たかこ歯科", "機関区分": 3, "都道府県コード": 33, "市区町村コード": 205, "所在地": "岡山県笠岡市西大島新田１１１番地１", "緯度": 34.492306, "経度": 133.530748, "url": "https://www.iryou.teikyouseido.mhlw.go.jp/znk-web/juminkanja/S2430/initialize?prefCd=33&kikanCd=3330009510&kikanKbn=3", "url2": "http://www.takakodentalclinic.com", "内容": "たかこ歯科【3:歯科】岡山県笠岡市西大島新田１１１番地１" }, "geometry": { "type": "Point", "coordinates": [ 133.530748, 34.492306 ] } },
{ "type": "Feature", "properties": { "ID": 3333330009530, "正式名称": "かやはら歯科・小児歯科", "機関区分": 3, "都道府県コード": 33, "市区町村コード": 101, "所在地": "岡山県岡山市北区白石２７９－３", "緯度": 34.653604, "経度": 133.869219, "url": "https://www.iryou.teikyouseido.mhlw.go.jp/znk-web/juminkanja/S2430/initialize?prefCd=33&kikanCd=3330009530&kikanKbn=3", "url2": "https://www.kayahara-dc.com/", "内容": "かやはら歯科・小児歯科【3:歯科】岡山県岡山市北区白石２７９－３" }, "geometry": { "type": "Point", "coordinates": [ 133.869219, 34.653604 ] } },
{ "type": "Feature", "properties": { "ID": 3333330009540, "正式名称": "かさおかフレンド歯科", "機関区分": 3, "都道府県コード": 33, "市区町村コード": 205, "所在地": "岡山県笠岡市富岡２３０－３", "緯度": 34.497588, "経度": 133.526283, "url": "https://www.iryou.teikyouseido.mhlw.go.jp/znk-web/juminkanja/S2430/initialize?prefCd=33&kikanCd=3330009540&kikanKbn=3", "url2": null, "内容": "かさおかフレンド歯科【3:歯科】岡山県笠岡市富岡２３０－３" }, "geometry": { "type": "Point", "coordinates": [ 133.526283, 34.497588 ] } },
{ "type": "Feature", "properties": { "ID": 3333330009550, "正式名称": "リーフ歯科クリニック", "機関区分": 3, "都道府県コード": 33, "市区町村コード": 104, "所在地": "岡山県岡山市南区泉田３丁目２－１５", "緯度": 34.626197, "経度": 133.919248, "url": "https://www.iryou.teikyouseido.mhlw.go.jp/znk-web/juminkanja/S2430/initialize?prefCd=33&kikanCd=3330009550&kikanKbn=3", "url2": "https://www.leafdentalclinic.com/", "内容": "リーフ歯科クリニック【3:歯科】岡山県岡山市南区泉田３丁目２－１５" }, "geometry": { "type": "Point", "coordinates": [ 133.919248, 34.626197 ] } },
{ "type": "Feature", "properties": { "ID": 3333330009560, "正式名称": "こうやま歯科こども歯科", "機関区分": 3, "都道府県コード": 33, "市区町村コード": 203, "所在地": "岡山県津山市東一宮１１－２", "緯度": 35.094091, "経度": 134.001561, "url": "https://www.iryou.teikyouseido.mhlw.go.jp/znk-web/juminkanja/S2430/initialize?prefCd=33&kikanCd=3330009560&kikanKbn=3", "url2": "https://kouyama-dc-tsuyama.com/", "内容": "こうやま歯科こども歯科【3:歯科】岡山県津山市東一宮１１－２" }, "geometry": { "type": "Point", "coordinates": [ 134.001561, 35.094091 ] } },
{ "type": "Feature", "properties": { "ID": 3333330009570, "正式名称": "ひかり歯科クリニック", "機関区分": 3, "都道府県コード": 33, "市区町村コード": 202, "所在地": "岡山県倉敷市北畝５丁目２０－５６", "緯度": 34.540228, "経度": 133.754652, "url": "https://www.iryou.teikyouseido.mhlw.go.jp/znk-web/juminkanja/S2430/initialize?prefCd=33&kikanCd=3330009570&kikanKbn=3", "url2": "https://www.hikaridental.net/", "内容": "ひかり歯科クリニック【3:歯科】岡山県倉敷市北畝５丁目２０－５６" }, "geometry": { "type": "Point", "coordinates": [ 133.754652, 34.540228 ] } },
{ "type": "Feature", "properties": { "ID": 3333330009580, "正式名称": "医療法人社団オリオン歯科クリニック", "機関区分": 3, "都道府県コード": 33, "市区町村コード": 461, "所在地": "岡山県小田郡矢掛町矢掛１８７８", "緯度": 34.623211, "経度": 133.594973, "url": "https://www.iryou.teikyouseido.mhlw.go.jp/znk-web/juminkanja/S2430/initialize?prefCd=33&kikanCd=3330009580&kikanKbn=3", "url2": "https://www.dc-orion.com", "内容": "医療法人社団オリオン歯科クリニック【3:歯科】岡山県小田郡矢掛町矢掛１８７８" }, "geometry": { "type": "Point", "coordinates": [ 133.594973, 34.623211 ] } },
{ "type": "Feature", "properties": { "ID": 3333330009590, "正式名称": "秋山歯科", "機関区分": 3, "都道府県コード": 33, "市区町村コード": 203, "所在地": "岡山県津山市川崎７５１", "緯度": 35.064858, "経度": 134.021472, "url": "https://www.iryou.teikyouseido.mhlw.go.jp/znk-web/juminkanja/S2430/initialize?prefCd=33&kikanCd=3330009590&kikanKbn=3", "url2": "http://www.akiyama-dental-clinic.com", "内容": "秋山歯科【3:歯科】岡山県津山市川崎７５１" }, "geometry": { "type": "Point", "coordinates": [ 134.021472, 35.064858 ] } },
{ "type": "Feature", "properties": { "ID": 3333330009600, "正式名称": "みつ星歯科クリニック", "機関区分": 3, "都道府県コード": 33, "市区町村コード": 101, "所在地": "岡山県岡山市北区北長瀬表町２－１７－８０", "緯度": 34.652472, "経度": 133.887504, "url": "https://www.iryou.teikyouseido.mhlw.go.jp/znk-web/juminkanja/S2430/initialize?prefCd=33&kikanCd=3330009600&kikanKbn=3", "url2": "https://www.mitsuboshi-shika.com/", "内容": "みつ星歯科クリニック【3:歯科】岡山県岡山市北区北長瀬表町２－１７－８０" }, "geometry": { "type": "Point", "coordinates": [ 133.887504, 34.652472 ] } },
{ "type": "Feature", "properties": { "ID": 3333330009610, "正式名称": "もみの木歯科クリニック", "機関区分": 3, "都道府県コード": 33, "市区町村コード": 104, "所在地": "岡山県岡山市南区松浜町８番１１号", "緯度": 34.612248, "経度": 133.9424, "url": "https://www.iryou.teikyouseido.mhlw.go.jp/znk-web/juminkanja/S2430/initialize?prefCd=33&kikanCd=3330009610&kikanKbn=3", "url2": "https://www.mominoki-dental.com", "内容": "もみの木歯科クリニック【3:歯科】岡山県岡山市南区松浜町８番１１号" }, "geometry": { "type": "Point", "coordinates": [ 133.9424, 34.612248 ] } },
{ "type": "Feature", "properties": { "ID": 3333330009620, "正式名称": "まつしま歯科", "機関区分": 3, "都道府県コード": 33, "市区町村コード": 101, "所在地": "岡山県岡山市北区青江５－１－１ライフプラザ青江２Ｆ", "緯度": 34.631582, "経度": 133.917889, "url": "https://www.iryou.teikyouseido.mhlw.go.jp/znk-web/juminkanja/S2430/initialize?prefCd=33&kikanCd=3330009620&kikanKbn=3", "url2": "https://matsushima-shika.jp", "内容": "まつしま歯科【3:歯科】岡山県岡山市北区青江５－１－１ライフプラザ青江２Ｆ" }, "geometry": { "type": "Point", "coordinates": [ 133.917889, 34.631582 ] } },
{ "type": "Feature", "properties": { "ID": 3333330009630, "正式名称": "はすのは歯科", "機関区分": 3, "都道府県コード": 33, "市区町村コード": 202, "所在地": "岡山県倉敷市連島町鶴新田１８８６－１", "緯度": 34.536302, "経度": 133.716109, "url": "https://www.iryou.teikyouseido.mhlw.go.jp/znk-web/juminkanja/S2430/initialize?prefCd=33&kikanCd=3330009630&kikanKbn=3", "url2": "https://www.hasunoha-dc.com/", "内容": "はすのは歯科【3:歯科】岡山県倉敷市連島町鶴新田１８８６－１" }, "geometry": { "type": "Point", "coordinates": [ 133.716109, 34.536302 ] } },
{ "type": "Feature", "properties": { "ID": 3333330009640, "正式名称": "歯科池田医院", "機関区分": 3, "都道府県コード": 33, "市区町村コード": 101, "所在地": "岡山県岡山市北区野殿東町３－２７", "緯度": 34.660408, "経度": 133.881939, "url": "https://www.iryou.teikyouseido.mhlw.go.jp/znk-web/juminkanja/S2430/initialize?prefCd=33&kikanCd=3330009640&kikanKbn=3", "url2": "https://okayama-ikeda-dental.com", "内容": "歯科池田医院【3:歯科】岡山県岡山市北区野殿東町３－２７" }, "geometry": { "type": "Point", "coordinates": [ 133.881939, 34.660408 ] } },
{ "type": "Feature", "properties": { "ID": 3333330009660, "正式名称": "ふくしま矯正歯科", "機関区分": 3, "都道府県コード": 33, "市区町村コード": 202, "所在地": "岡山県倉敷市阿知１丁目６番１０号", "緯度": 34.601934, "経度": 133.767774, "url": "https://www.iryou.teikyouseido.mhlw.go.jp/znk-web/juminkanja/S2430/initialize?prefCd=33&kikanCd=3330009660&kikanKbn=3", "url2": "https://www.fukushima-kyousei.com/", "内容": "ふくしま矯正歯科【3:歯科】岡山県倉敷市阿知１丁目６番１０号" }, "geometry": { "type": "Point", "coordinates": [ 133.767774, 34.601934 ] } },
{ "type": "Feature", "properties": { "ID": 3333330009670, "正式名称": "さんべ歯科クリニック", "機関区分": 3, "都道府県コード": 33, "市区町村コード": 101, "所在地": "岡山県岡山市北区問屋町２１－１０４問屋町クリニックモール", "緯度": 34.64265, "経度": 133.887394, "url": "https://www.iryou.teikyouseido.mhlw.go.jp/znk-web/juminkanja/S2430/initialize?prefCd=33&kikanCd=3330009670&kikanKbn=3", "url2": "https://sanbe-dc.jp", "内容": "さんべ歯科クリニック【3:歯科】岡山県岡山市北区問屋町２１－１０４問屋町クリニックモール" }, "geometry": { "type": "Point", "coordinates": [ 133.887394, 34.64265 ] } },
{ "type": "Feature", "properties": { "ID": 3333330009680, "正式名称": "Ｏｒｔｈｏｄｏｎｔｉｃ　Ｃｌｉｎｉｃ　ＢＯＳＣＯ", "機関区分": 3, "都道府県コード": 33, "市区町村コード": 101, "所在地": "岡山県岡山市北区津島南１丁目１－２", "緯度": 34.681676, "経度": 133.914173, "url": "https://www.iryou.teikyouseido.mhlw.go.jp/znk-web/juminkanja/S2430/initialize?prefCd=33&kikanCd=3330009680&kikanKbn=3", "url2": "http://www.ortho-bosco.com", "内容": "Ｏｒｔｈｏｄｏｎｔｉｃ　Ｃｌｉｎｉｃ　ＢＯＳＣＯ【3:歯科】岡山県岡山市北区津島南１丁目１－２" }, "geometry": { "type": "Point", "coordinates": [ 133.914173, 34.681676 ] } },
{ "type": "Feature", "properties": { "ID": 3333330009690, "正式名称": "城下歯科・矯正歯科", "機関区分": 3, "都道府県コード": 33, "市区町村コード": 101, "所在地": "岡山県岡山市北区丸の内１－１－８－１Ｆ", "緯度": 34.665532, "経度": 133.930843, "url": "https://www.iryou.teikyouseido.mhlw.go.jp/znk-web/juminkanja/S2430/initialize?prefCd=33&kikanCd=3330009690&kikanKbn=3", "url2": "http://www.shiroshita-shika.com", "内容": "城下歯科・矯正歯科【3:歯科】岡山県岡山市北区丸の内１－１－８－１Ｆ" }, "geometry": { "type": "Point", "coordinates": [ 133.930843, 34.665532 ] } },
{ "type": "Feature", "properties": { "ID": 3333330009700, "正式名称": "はなふさこどもデンタルクリニック", "機関区分": 3, "都道府県コード": 33, "市区町村コード": 104, "所在地": "岡山県岡山市南区浦安本町５１番地１", "緯度": 34.610993, "経度": 133.923442, "url": "https://www.iryou.teikyouseido.mhlw.go.jp/znk-web/juminkanja/S2430/initialize?prefCd=33&kikanCd=3330009700&kikanKbn=3", "url2": "https://kids.8723dental.com/", "内容": "はなふさこどもデンタルクリニック【3:歯科】岡山県岡山市南区浦安本町５１番地１" }, "geometry": { "type": "Point", "coordinates": [ 133.923442, 34.610993 ] } },
{ "type": "Feature", "properties": { "ID": 3333330009710, "正式名称": "塚本歯科", "機関区分": 3, "都道府県コード": 33, "市区町村コード": 205, "所在地": "岡山県笠岡市笠岡３６５４－３", "緯度": 34.519329, "経度": 133.512473, "url": "https://www.iryou.teikyouseido.mhlw.go.jp/znk-web/juminkanja/S2430/initialize?prefCd=33&kikanCd=3330009710&kikanKbn=3", "url2": "https://tsukamoto-dental-office.com/", "内容": "塚本歯科【3:歯科】岡山県笠岡市笠岡３６５４－３" }, "geometry": { "type": "Point", "coordinates": [ 133.512473, 34.519329 ] } },
{ "type": "Feature", "properties": { "ID": 3333330009720, "正式名称": "すずき歯科クリニック", "機関区分": 3, "都道府県コード": 33, "市区町村コード": 211, "所在地": "岡山県備前市香登本８９８－１", "緯度": 34.731424, "経度": 134.124755, "url": "https://www.iryou.teikyouseido.mhlw.go.jp/znk-web/juminkanja/S2430/initialize?prefCd=33&kikanCd=3330009720&kikanKbn=3", "url2": "http://www.suzukishikaclinic.com", "内容": "すずき歯科クリニック【3:歯科】岡山県備前市香登本８９８－１" }, "geometry": { "type": "Point", "coordinates": [ 134.124755, 34.731424 ] } },
{ "type": "Feature", "properties": { "ID": 3333330009730, "正式名称": "金山デンタルクリニック", "機関区分": 3, "都道府県コード": 33, "市区町村コード": 101, "所在地": "岡山県岡山市北区辰巳２３－１０６", "緯度": 34.642822, "経度": 133.886766, "url": "https://www.iryou.teikyouseido.mhlw.go.jp/znk-web/juminkanja/S2430/initialize?prefCd=33&kikanCd=3330009730&kikanKbn=3", "url2": "http://kanayama-dent.com", "内容": "金山デンタルクリニック【3:歯科】岡山県岡山市北区辰巳２３－１０６" }, "geometry": { "type": "Point", "coordinates": [ 133.886766, 34.642822 ] } },
{ "type": "Feature", "properties": { "ID": 3333330009740, "正式名称": "きれいわ歯科", "機関区分": 3, "都道府県コード": 33, "市区町村コード": 101, "所在地": "岡山県岡山市北区津島京町１－５０－１", "緯度": 34.679868, "経度": 133.900218, "url": "https://www.iryou.teikyouseido.mhlw.go.jp/znk-web/juminkanja/S2430/initialize?prefCd=33&kikanCd=3330009740&kikanKbn=3", "url2": "https://www.kireiwashika.com", "内容": "きれいわ歯科【3:歯科】岡山県岡山市北区津島京町１－５０－１" }, "geometry": { "type": "Point", "coordinates": [ 133.900218, 34.679868 ] } },
{ "type": "Feature", "properties": { "ID": 3333330009750, "正式名称": "カルスト台歯科診療所", "機関区分": 3, "都道府県コード": 33, "市区町村コード": 210, "所在地": "岡山県新見市土橋（その他）１１０９－１", "緯度": 34.959159, "経度": 133.546032, "url": "https://www.iryou.teikyouseido.mhlw.go.jp/znk-web/juminkanja/S2430/initialize?prefCd=33&kikanCd=3330009750&kikanKbn=3", "url2": null, "内容": "カルスト台歯科診療所【3:歯科】岡山県新見市土橋（その他）１１０９－１" }, "geometry": { "type": "Point", "coordinates": [ 133.546032, 34.959159 ] } },
{ "type": "Feature", "properties": { "ID": 3333330009760, "正式名称": "西岡歯科医院", "機関区分": 3, "都道府県コード": 33, "市区町村コード": 213, "所在地": "岡山県赤磐市桜が丘東６－６－２８０", "緯度": 34.789176, "経度": 134.04197, "url": "https://www.iryou.teikyouseido.mhlw.go.jp/znk-web/juminkanja/S2430/initialize?prefCd=33&kikanCd=3330009760&kikanKbn=3", "url2": null, "内容": "西岡歯科医院【3:歯科】岡山県赤磐市桜が丘東６－６－２８０" }, "geometry": { "type": "Point", "coordinates": [ 134.04197, 34.789176 ] } },
{ "type": "Feature", "properties": { "ID": 3333330009770, "正式名称": "医療法人社団Ｎａｔｕｒｅ　桃のはな歯科クリニック", "機関区分": 3, "都道府県コード": 33, "市区町村コード": 213, "所在地": "岡山県赤磐市中島４１－１", "緯度": 34.762424, "経度": 134.030625, "url": "https://www.iryou.teikyouseido.mhlw.go.jp/znk-web/juminkanja/S2430/initialize?prefCd=33&kikanCd=3330009770&kikanKbn=3", "url2": "https://momohana-clinic.com/", "内容": "医療法人社団Ｎａｔｕｒｅ　桃のはな歯科クリニック【3:歯科】岡山県赤磐市中島４１－１" }, "geometry": { "type": "Point", "coordinates": [ 134.030625, 34.762424 ] } },
{ "type": "Feature", "properties": { "ID": 3333330009780, "正式名称": "高梁市国民健康保険成羽病院附属川上歯科診療所", "機関区分": 3, "都道府県コード": 33, "市区町村コード": 209, "所在地": "岡山県高梁市川上町地頭２３４０番地", "緯度": 34.733554, "経度": 133.480055, "url": "https://www.iryou.teikyouseido.mhlw.go.jp/znk-web/juminkanja/S2430/initialize?prefCd=33&kikanCd=3330009780&kikanKbn=3", "url2": "http://www.asahigawasou.or.jp/", "内容": "高梁市国民健康保険成羽病院附属川上歯科診療所【3:歯科】岡山県高梁市川上町地頭２３４０番地" }, "geometry": { "type": "Point", "coordinates": [ 133.480055, 34.733554 ] } },
{ "type": "Feature", "properties": { "ID": 3333330009790, "正式名称": "岡山みなみ歯科クリニック", "機関区分": 3, "都道府県コード": 33, "市区町村コード": 104, "所在地": "岡山県岡山市南区築港新町１－１７－１５", "緯度": 34.604746, "経度": 133.940762, "url": "https://www.iryou.teikyouseido.mhlw.go.jp/znk-web/juminkanja/S2430/initialize?prefCd=33&kikanCd=3330009790&kikanKbn=3", "url2": "https://www.okayama-southdc.com", "内容": "岡山みなみ歯科クリニック【3:歯科】岡山県岡山市南区築港新町１－１７－１５" }, "geometry": { "type": "Point", "coordinates": [ 133.940762, 34.604746 ] } },
{ "type": "Feature", "properties": { "ID": 3333330009800, "正式名称": "海のもりデンタルクリニック", "機関区分": 3, "都道府県コード": 33, "市区町村コード": 204, "所在地": "岡山県玉野市宇野４－１０－１０玉野土建ビル３階", "緯度": 34.482424, "経度": 133.94034, "url": "https://www.iryou.teikyouseido.mhlw.go.jp/znk-web/juminkanja/S2430/initialize?prefCd=33&kikanCd=3330009800&kikanKbn=3", "url2": "https://uminomori-dc.com", "内容": "海のもりデンタルクリニック【3:歯科】岡山県玉野市宇野４－１０－１０玉野土建ビル３階" }, "geometry": { "type": "Point", "coordinates": [ 133.94034, 34.482424 ] } },
{ "type": "Feature", "properties": { "ID": 3333330009810, "正式名称": "Ｄａｉｓｙ　Ｄｅｎｔａｌ　Ｃｌｉｎｉｃ", "機関区分": 3, "都道府県コード": 33, "市区町村コード": 101, "所在地": "岡山県岡山市北区津島本町３－２３", "緯度": 34.686611, "経度": 133.910754, "url": "https://www.iryou.teikyouseido.mhlw.go.jp/znk-web/juminkanja/S2430/initialize?prefCd=33&kikanCd=3330009810&kikanKbn=3", "url2": "http://daisy2020.com", "内容": "Ｄａｉｓｙ　Ｄｅｎｔａｌ　Ｃｌｉｎｉｃ【3:歯科】岡山県岡山市北区津島本町３－２３" }, "geometry": { "type": "Point", "coordinates": [ 133.910754, 34.686611 ] } },
{ "type": "Feature", "properties": { "ID": 3333330009820, "正式名称": "ここ歯科・おやこ歯科クリニック", "機関区分": 3, "都道府県コード": 33, "市区町村コード": 202, "所在地": "岡山県倉敷市西阿知町３８３番１", "緯度": 34.595565, "経度": 133.736387, "url": "https://www.iryou.teikyouseido.mhlw.go.jp/znk-web/juminkanja/S2430/initialize?prefCd=33&kikanCd=3330009820&kikanKbn=3", "url2": "https://www.coco-shika.net", "内容": "ここ歯科・おやこ歯科クリニック【3:歯科】岡山県倉敷市西阿知町３８３番１" }, "geometry": { "type": "Point", "coordinates": [ 133.736387, 34.595565 ] } },
{ "type": "Feature", "properties": { "ID": 3333330009830, "正式名称": "竹北歯科・矯正歯科クリニック", "機関区分": 3, "都道府県コード": 33, "市区町村コード": 204, "所在地": "岡山県玉野市田井５－３－１３", "緯度": 34.51812, "経度": 133.951376, "url": "https://www.iryou.teikyouseido.mhlw.go.jp/znk-web/juminkanja/S2430/initialize?prefCd=33&kikanCd=3330009830&kikanKbn=3", "url2": "https://takekita.com/", "内容": "竹北歯科・矯正歯科クリニック【3:歯科】岡山県玉野市田井５－３－１３" }, "geometry": { "type": "Point", "coordinates": [ 133.951376, 34.51812 ] } },
{ "type": "Feature", "properties": { "ID": 3333330009840, "正式名称": "とし歯科クリニック", "機関区分": 3, "都道府県コード": 33, "市区町村コード": 101, "所在地": "岡山県岡山市北区田中５９９－８", "緯度": 34.639399, "経度": 133.882547, "url": "https://www.iryou.teikyouseido.mhlw.go.jp/znk-web/juminkanja/S2430/initialize?prefCd=33&kikanCd=3330009840&kikanKbn=3", "url2": "https://104-shika.com/", "内容": "とし歯科クリニック【3:歯科】岡山県岡山市北区田中５９９－８" }, "geometry": { "type": "Point", "coordinates": [ 133.882547, 34.639399 ] } },
{ "type": "Feature", "properties": { "ID": 3333330009850, "正式名称": "ひだまり歯科", "機関区分": 3, "都道府県コード": 33, "市区町村コード": 101, "所在地": "岡山県岡山市北区下中野１２１４－５", "緯度": 34.638108, "経度": 133.898934, "url": "https://www.iryou.teikyouseido.mhlw.go.jp/znk-web/juminkanja/S2430/initialize?prefCd=33&kikanCd=3330009850&kikanKbn=3", "url2": "https://hidamari-okayama.jp", "内容": "ひだまり歯科【3:歯科】岡山県岡山市北区下中野１２１４－５" }, "geometry": { "type": "Point", "coordinates": [ 133.898934, 34.638108 ] } },
{ "type": "Feature", "properties": { "ID": 3333330009860, "正式名称": "えまキッズデンタルクリニック", "機関区分": 3, "都道府県コード": 33, "市区町村コード": 102, "所在地": "岡山県岡山市中区倉益１６２－２", "緯度": 34.645504, "経度": 133.974374, "url": "https://www.iryou.teikyouseido.mhlw.go.jp/znk-web/juminkanja/S2430/initialize?prefCd=33&kikanCd=3330009860&kikanKbn=3", "url2": "http://ema-kdc.jp", "内容": "えまキッズデンタルクリニック【3:歯科】岡山県岡山市中区倉益１６２－２" }, "geometry": { "type": "Point", "coordinates": [ 133.974374, 34.645504 ] } },
{ "type": "Feature", "properties": { "ID": 3333330009870, "正式名称": "あかりデンタルクリニック", "機関区分": 3, "都道府県コード": 33, "市区町村コード": 101, "所在地": "岡山県岡山市北区西辛川６５７－１", "緯度": 34.678133, "経度": 133.852136, "url": "https://www.iryou.teikyouseido.mhlw.go.jp/znk-web/juminkanja/S2430/initialize?prefCd=33&kikanCd=3330009870&kikanKbn=3", "url2": "https://akari-dentalclinic.jp/", "内容": "あかりデンタルクリニック【3:歯科】岡山県岡山市北区西辛川６５７－１" }, "geometry": { "type": "Point", "coordinates": [ 133.852136, 34.678133 ] } },
{ "type": "Feature", "properties": { "ID": 3333330009880, "正式名称": "岡山ヒルトップ歯科", "機関区分": 3, "都道府県コード": 33, "市区町村コード": 102, "所在地": "岡山県岡山市中区湊１３６２－３", "緯度": 34.64707, "経度": 133.953315, "url": "https://www.iryou.teikyouseido.mhlw.go.jp/znk-web/juminkanja/S2430/initialize?prefCd=33&kikanCd=3330009880&kikanKbn=3", "url2": "https://www.hilltopdent.com/", "内容": "岡山ヒルトップ歯科【3:歯科】岡山県岡山市中区湊１３６２－３" }, "geometry": { "type": "Point", "coordinates": [ 133.953315, 34.64707 ] } },
{ "type": "Feature", "properties": { "ID": 3333330009890, "正式名称": "Ｗｉｓｔｅｒｉａ　ｄｅｎｔａｌ　ｏｆｆｉｃｅ", "機関区分": 3, "都道府県コード": 33, "市区町村コード": 202, "所在地": "岡山県倉敷市二子２０１－１", "緯度": 34.638917, "経度": 133.812209, "url": "https://www.iryou.teikyouseido.mhlw.go.jp/znk-web/juminkanja/S2430/initialize?prefCd=33&kikanCd=3330009890&kikanKbn=3", "url2": "https://www.wisteria-dental-office.com", "内容": "Ｗｉｓｔｅｒｉａ　ｄｅｎｔａｌ　ｏｆｆｉｃｅ【3:歯科】岡山県倉敷市二子２０１－１" }, "geometry": { "type": "Point", "coordinates": [ 133.812209, 34.638917 ] } },
{ "type": "Feature", "properties": { "ID": 3333330009900, "正式名称": "ロッソ矯正歯科", "機関区分": 3, "都道府県コード": 33, "市区町村コード": 202, "所在地": "岡山県倉敷市新田３２０６－３", "緯度": 34.5748, "経度": 133.780962, "url": "https://www.iryou.teikyouseido.mhlw.go.jp/znk-web/juminkanja/S2430/initialize?prefCd=33&kikanCd=3330009900&kikanKbn=3", "url2": "https://rosso-ortho.com/", "内容": "ロッソ矯正歯科【3:歯科】岡山県倉敷市新田３２０６－３" }, "geometry": { "type": "Point", "coordinates": [ 133.780962, 34.5748 ] } },
{ "type": "Feature", "properties": { "ID": 3333330009910, "正式名称": "ひさとみ歯科クリニック", "機関区分": 3, "都道府県コード": 33, "市区町村コード": 212, "所在地": "岡山県瀬戸内市長船町土師３１３－１", "緯度": 34.699707, "経度": 134.10221, "url": "https://www.iryou.teikyouseido.mhlw.go.jp/znk-web/juminkanja/S2430/initialize?prefCd=33&kikanCd=3330009910&kikanKbn=3", "url2": "https://www.hisatomishika.com", "内容": "ひさとみ歯科クリニック【3:歯科】岡山県瀬戸内市長船町土師３１３－１" }, "geometry": { "type": "Point", "coordinates": [ 134.10221, 34.699707 ] } },
{ "type": "Feature", "properties": { "ID": 3333330009920, "正式名称": "きずな歯科クリニック", "機関区分": 3, "都道府県コード": 33, "市区町村コード": 101, "所在地": "岡山県岡山市北区西古松２２５－７", "緯度": 34.644623, "経度": 133.910336, "url": "https://www.iryou.teikyouseido.mhlw.go.jp/znk-web/juminkanja/S2430/initialize?prefCd=33&kikanCd=3330009920&kikanKbn=3", "url2": "https://kizuna-dent.com/", "内容": "きずな歯科クリニック【3:歯科】岡山県岡山市北区西古松２２５－７" }, "geometry": { "type": "Point", "coordinates": [ 133.910336, 34.644623 ] } },
{ "type": "Feature", "properties": { "ID": 3333330009930, "正式名称": "もり歯科クリニック", "機関区分": 3, "都道府県コード": 33, "市区町村コード": 202, "所在地": "岡山県倉敷市新田２７６１－１０", "緯度": 34.573666, "経度": 133.777823, "url": "https://www.iryou.teikyouseido.mhlw.go.jp/znk-web/juminkanja/S2430/initialize?prefCd=33&kikanCd=3330009930&kikanKbn=3", "url2": "https://mori-dental-kurashiki.com", "内容": "もり歯科クリニック【3:歯科】岡山県倉敷市新田２７６１－１０" }, "geometry": { "type": "Point", "coordinates": [ 133.777823, 34.573666 ] } },
{ "type": "Feature", "properties": { "ID": 3333330009950, "正式名称": "北長瀬こども矯正歯科", "機関区分": 3, "都道府県コード": 33, "市区町村コード": 101, "所在地": "岡山県岡山市北区中仙道１－１９－１８", "緯度": 34.648473, "経度": 133.889219, "url": "https://www.iryou.teikyouseido.mhlw.go.jp/znk-web/juminkanja/S2430/initialize?prefCd=33&kikanCd=3330009950&kikanKbn=3", "url2": "https://kitanagase-kids.com/", "内容": "北長瀬こども矯正歯科【3:歯科】岡山県岡山市北区中仙道１－１９－１８" }, "geometry": { "type": "Point", "coordinates": [ 133.889219, 34.648473 ] } },
{ "type": "Feature", "properties": { "ID": 3333330009970, "正式名称": "おさふねフレンド歯科", "機関区分": 3, "都道府県コード": 33, "市区町村コード": 212, "所在地": "岡山県瀬戸内市長船町服部字窪５１２－１２", "緯度": 34.706009, "経度": 134.103117, "url": "https://www.iryou.teikyouseido.mhlw.go.jp/znk-web/juminkanja/S2430/initialize?prefCd=33&kikanCd=3330009970&kikanKbn=3", "url2": null, "内容": "おさふねフレンド歯科【3:歯科】岡山県瀬戸内市長船町服部字窪５１２－１２" }, "geometry": { "type": "Point", "coordinates": [ 134.103117, 34.706009 ] } },
{ "type": "Feature", "properties": { "ID": 3333330009980, "正式名称": "医療法人たくふう会　すがわら歯科", "機関区分": 3, "都道府県コード": 33, "市区町村コード": 101, "所在地": "岡山県岡山市北区下伊福１丁目７－２２", "緯度": 34.667914, "経度": 133.906541, "url": "https://www.iryou.teikyouseido.mhlw.go.jp/znk-web/juminkanja/S2430/initialize?prefCd=33&kikanCd=3330009980&kikanKbn=3", "url2": "https://sugawara-dent.jp/", "内容": "医療法人たくふう会　すがわら歯科【3:歯科】岡山県岡山市北区下伊福１丁目７－２２" }, "geometry": { "type": "Point", "coordinates": [ 133.906541, 34.667914 ] } },
{ "type": "Feature", "properties": { "ID": 3333330010020, "正式名称": "にこデンタルクリニック", "機関区分": 3, "都道府県コード": 33, "市区町村コード": 102, "所在地": "岡山県岡山市中区国府市場６３－６", "緯度": 34.691254, "経度": 133.958671, "url": "https://www.iryou.teikyouseido.mhlw.go.jp/znk-web/juminkanja/S2430/initialize?prefCd=33&kikanCd=3330010020&kikanKbn=3", "url2": "https://nicodent.jp", "内容": "にこデンタルクリニック【3:歯科】岡山県岡山市中区国府市場６３－６" }, "geometry": { "type": "Point", "coordinates": [ 133.958671, 34.691254 ] } },
{ "type": "Feature", "properties": { "ID": 3333330010030, "正式名称": "岡野歯科・小児歯科クリニック", "機関区分": 3, "都道府県コード": 33, "市区町村コード": 103, "所在地": "岡山県岡山市東区西大寺中２－１３－１", "緯度": 34.656345, "経度": 134.032889, "url": "https://www.iryou.teikyouseido.mhlw.go.jp/znk-web/juminkanja/S2430/initialize?prefCd=33&kikanCd=3330010030&kikanKbn=3", "url2": "https://www.bing.com/ck/a?!&&p=81798d4e4a69cadcJmltdHM9MTY3MDk3NjAwMCZpZ3VpZD0wNDJiYWUzMy1kOTZkLTZjY2QtM2E4YS1iZWI3ZDgxMTZkNGQmaW5zaWQ9NTE4MQ&ptn=3&hsh=3&fclid=042bae33-d96d-6ccd-3a8a-beb7d8116d4d&psq=%e5%b2%a1%e9%87%8e%e6%ad%af%e7%a7%91%e3%83%bb%e5%b0%8f%", "内容": "岡野歯科・小児歯科クリニック【3:歯科】岡山県岡山市東区西大寺中２－１３－１" }, "geometry": { "type": "Point", "coordinates": [ 134.032889, 34.656345 ] } },
{ "type": "Feature", "properties": { "ID": 3333330010050, "正式名称": "総社みなみ歯科", "機関区分": 3, "都道府県コード": 33, "市区町村コード": 208, "所在地": "岡山県総社市駅南１－２９－１", "緯度": 34.665907, "経度": 133.739395, "url": "https://www.iryou.teikyouseido.mhlw.go.jp/znk-web/juminkanja/S2430/initialize?prefCd=33&kikanCd=3330010050&kikanKbn=3", "url2": "souja-minami.com", "内容": "総社みなみ歯科【3:歯科】岡山県総社市駅南１－２９－１" }, "geometry": { "type": "Point", "coordinates": [ 133.739395, 34.665907 ] } },
{ "type": "Feature", "properties": { "ID": 3333330010060, "正式名称": "のぞみデンタルクリニック", "機関区分": 3, "都道府県コード": 33, "市区町村コード": 202, "所在地": "岡山県倉敷市玉島１７０１－７", "緯度": 34.55298, "経度": 133.68119, "url": "https://www.iryou.teikyouseido.mhlw.go.jp/znk-web/juminkanja/S2430/initialize?prefCd=33&kikanCd=3330010060&kikanKbn=3", "url2": "https://www.nozomi-dental.com/", "内容": "のぞみデンタルクリニック【3:歯科】岡山県倉敷市玉島１７０１－７" }, "geometry": { "type": "Point", "coordinates": [ 133.68119, 34.55298 ] } },
{ "type": "Feature", "properties": { "ID": 3333330010070, "正式名称": "みらい歯科", "機関区分": 3, "都道府県コード": 33, "市区町村コード": 104, "所在地": "岡山県岡山市南区新保１６１５－１７", "緯度": 34.637428, "経度": 133.906296, "url": "https://www.iryou.teikyouseido.mhlw.go.jp/znk-web/juminkanja/S2430/initialize?prefCd=33&kikanCd=3330010070&kikanKbn=3", "url2": "https://miraidental-okayama.com/", "内容": "みらい歯科【3:歯科】岡山県岡山市南区新保１６１５－１７" }, "geometry": { "type": "Point", "coordinates": [ 133.906296, 34.637428 ] } },
{ "type": "Feature", "properties": { "ID": 3333330010080, "正式名称": "医療法人笑生会すまいるフレンド歯科", "機関区分": 3, "都道府県コード": 33, "市区町村コード": 101, "所在地": "岡山県岡山市北区東古松５丁目２番５１号", "緯度": 34.646225, "経度": 133.91687, "url": "https://www.iryou.teikyouseido.mhlw.go.jp/znk-web/juminkanja/S2430/initialize?prefCd=33&kikanCd=3330010080&kikanKbn=3", "url2": "https://higashifurumatsu.jp/", "内容": "医療法人笑生会すまいるフレンド歯科【3:歯科】岡山県岡山市北区東古松５丁目２番５１号" }, "geometry": { "type": "Point", "coordinates": [ 133.91687, 34.646225 ] } },
{ "type": "Feature", "properties": { "ID": 3333330010100, "正式名称": "みかもファミリー歯科", "機関区分": 3, "都道府県コード": 33, "市区町村コード": 202, "所在地": "岡山県倉敷市中島８９３－１", "緯度": 34.581157, "経度": 133.735803, "url": "https://www.iryou.teikyouseido.mhlw.go.jp/znk-web/juminkanja/S2430/initialize?prefCd=33&kikanCd=3330010100&kikanKbn=3", "url2": "https://www.mikamo-dental.com/", "内容": "みかもファミリー歯科【3:歯科】岡山県倉敷市中島８９３－１" }, "geometry": { "type": "Point", "coordinates": [ 133.735803, 34.581157 ] } },
{ "type": "Feature", "properties": { "ID": 3333330010110, "正式名称": "大森歯科医院", "機関区分": 3, "都道府県コード": 33, "市区町村コード": 208, "所在地": "岡山県総社市井手４１１－１", "緯度": 34.678771, "経度": 133.765725, "url": "https://www.iryou.teikyouseido.mhlw.go.jp/znk-web/juminkanja/S2430/initialize?prefCd=33&kikanCd=3330010110&kikanKbn=3", "url2": "https://www.omorishika-soja.net/", "内容": "大森歯科医院【3:歯科】岡山県総社市井手４１１－１" }, "geometry": { "type": "Point", "coordinates": [ 133.765725, 34.678771 ] } },
{ "type": "Feature", "properties": { "ID": 3333330010120, "正式名称": "レブリ歯科クリニック", "機関区分": 3, "都道府県コード": 33, "市区町村コード": 212, "所在地": "岡山県瀬戸内市邑久町豊原１２３－７", "緯度": 34.643994, "経度": 134.093654, "url": "https://www.iryou.teikyouseido.mhlw.go.jp/znk-web/juminkanja/S2430/initialize?prefCd=33&kikanCd=3330010120&kikanKbn=3", "url2": "https://lebre-dental.com/", "内容": "レブリ歯科クリニック【3:歯科】岡山県瀬戸内市邑久町豊原１２３－７" }, "geometry": { "type": "Point", "coordinates": [ 134.093654, 34.643994 ] } },
{ "type": "Feature", "properties": { "ID": 3333330010130, "正式名称": "おびえ歯科クリニック", "機関区分": 3, "都道府県コード": 33, "市区町村コード": 202, "所在地": "岡山県倉敷市中帯江２４－３", "緯度": 34.595265, "経度": 133.802065, "url": "https://www.iryou.teikyouseido.mhlw.go.jp/znk-web/juminkanja/S2430/initialize?prefCd=33&kikanCd=3330010130&kikanKbn=3", "url2": "https://obie-dental.jp", "内容": "おびえ歯科クリニック【3:歯科】岡山県倉敷市中帯江２４－３" }, "geometry": { "type": "Point", "coordinates": [ 133.802065, 34.595265 ] } },
{ "type": "Feature", "properties": { "ID": 3333330010140, "正式名称": "ならづ歯科・矯正歯科", "機関区分": 3, "都道府県コード": 33, "市区町村コード": 101, "所在地": "岡山県岡山市北区楢津１０３６－１", "緯度": 34.689064, "経度": 133.876028, "url": "https://www.iryou.teikyouseido.mhlw.go.jp/znk-web/juminkanja/S2430/initialize?prefCd=33&kikanCd=3330010140&kikanKbn=3", "url2": "https://www.narazu-shika.com/", "内容": "ならづ歯科・矯正歯科【3:歯科】岡山県岡山市北区楢津１０３６－１" }, "geometry": { "type": "Point", "coordinates": [ 133.876028, 34.689064 ] } },
{ "type": "Feature", "properties": { "ID": 3333330010170, "正式名称": "みやき歯科クリニック", "機関区分": 3, "都道府県コード": 33, "市区町村コード": 101, "所在地": "岡山県岡山市北区北長瀬表町３－７－２マーガレットテラス１階", "緯度": 34.649995, "経度": 133.883828, "url": "https://www.iryou.teikyouseido.mhlw.go.jp/znk-web/juminkanja/S2430/initialize?prefCd=33&kikanCd=3330010170&kikanKbn=3", "url2": "https://www.miyaki-dental.com/", "内容": "みやき歯科クリニック【3:歯科】岡山県岡山市北区北長瀬表町３－７－２マーガレットテラス１階" }, "geometry": { "type": "Point", "coordinates": [ 133.883828, 34.649995 ] } },
{ "type": "Feature", "properties": { "ID": 3333330010220, "正式名称": "ＡＬＯＨＡごうだ歯科", "機関区分": 3, "都道府県コード": 33, "市区町村コード": 104, "所在地": "岡山県岡山市南区新保６６１－１", "緯度": 34.631994, "経度": 133.906366, "url": "https://www.iryou.teikyouseido.mhlw.go.jp/znk-web/juminkanja/S2430/initialize?prefCd=33&kikanCd=3330010220&kikanKbn=3", "url2": null, "内容": "ＡＬＯＨＡごうだ歯科【3:歯科】岡山県岡山市南区新保６６１－１" }, "geometry": { "type": "Point", "coordinates": [ 133.906366, 34.631994 ] } },
{ "type": "Feature", "properties": { "ID": 3333330010230, "正式名称": "ここのは歯科クリニック", "機関区分": 3, "都道府県コード": 33, "市区町村コード": 202, "所在地": "岡山県倉敷市上東１２５３－５", "緯度": 34.644494, "経度": 133.819548, "url": "https://www.iryou.teikyouseido.mhlw.go.jp/znk-web/juminkanja/S2430/initialize?prefCd=33&kikanCd=3330010230&kikanKbn=3", "url2": "https://www.coconoha-dental.com/", "内容": "ここのは歯科クリニック【3:歯科】岡山県倉敷市上東１２５３－５" }, "geometry": { "type": "Point", "coordinates": [ 133.819548, 34.644494 ] } }
]
}
