{
"type": "FeatureCollection",
"name": "geo_33_認知症対応型共同生活介護",
"crs": { "type": "name", "properties": { "name": "urn:ogc:def:crs:OGC:1.3:CRS84" } },
"features": [
{ "type": "Feature", "properties": { "内容": "グループホーム　矢坂本陣【認知症対応型共同生活介護】岡山県岡山市北区矢坂東町３－１８", "url": "https://www.kaigokensaku.mhlw.go.jp/33/index.php?action_kouhyou_detail_004_kani=true&JigyosyoCd=3370101713-00&ServiceCd=320&Type=search", "url2": "http://www.okayama-junshinkai.co.jp" }, "geometry": { "type": "Point", "coordinates": [ 133.885971700000027, 34.6764503 ] } },
{ "type": "Feature", "properties": { "内容": "グループホーム平津【認知症対応型共同生活介護】岡山県岡山市北区楢津３１０－１", "url": "https://www.kaigokensaku.mhlw.go.jp/33/index.php?action_kouhyou_detail_004_kani=true&JigyosyoCd=3370104824-00&ServiceCd=320&Type=search", "url2": "http://www.okayama-junshinkai.co.jp" }, "geometry": { "type": "Point", "coordinates": [ 133.8869436, 34.6797583 ] } },
{ "type": "Feature", "properties": { "内容": "グループホーム楽し愛【認知症対応型共同生活介護】岡山県岡山市北区吉宗７０６", "url": "https://www.kaigokensaku.mhlw.go.jp/33/index.php?action_kouhyou_detail_004_kani=true&JigyosyoCd=3390102550-00&ServiceCd=320&Type=search", "url2": "https://www.okayama-junshinkai.co.jp/" }, "geometry": { "type": "Point", "coordinates": [ 133.912673399999989, 34.7392032 ] } },
{ "type": "Feature", "properties": { "内容": "グループホームいやしの家富田町【認知症対応型共同生活介護】岡山県岡山市北区富田町一丁目４－５", "url": "https://www.kaigokensaku.mhlw.go.jp/33/index.php?action_kouhyou_detail_004_kani=true&JigyosyoCd=3370105151-00&ServiceCd=320&Type=search", "url2": "http://www.medicament.jp/index.html" }, "geometry": { "type": "Point", "coordinates": [ 133.922964900000011, 34.6709382 ] } },
{ "type": "Feature", "properties": { "内容": "グループホーム風和里【認知症対応型共同生活介護】岡山県岡山市北区大窪７４５－１", "url": "https://www.kaigokensaku.mhlw.go.jp/33/index.php?action_kouhyou_detail_004_kani=true&JigyosyoCd=3370107561-00&ServiceCd=320&Type=search", "url2": null }, "geometry": { "type": "Point", "coordinates": [ 133.857557499999984, 34.6919643 ] } },
{ "type": "Feature", "properties": { "内容": "グループホーム自悠のいえ【認知症対応型共同生活介護】岡山県岡山市北区原1241", "url": "https://www.kaigokensaku.mhlw.go.jp/33/index.php?action_kouhyou_detail_004_kani=true&JigyosyoCd=3390100646-00&ServiceCd=320&Type=search", "url2": null }, "geometry": { "type": "Point", "coordinates": [ 133.940815599999951, 34.7090566 ] } },
{ "type": "Feature", "properties": { "内容": "グループホーム　パラディーソ神宮寺【認知症対応型共同生活介護】岡山市北区北方１丁目１４番３号", "url": "https://www.kaigokensaku.mhlw.go.jp/33/index.php?action_kouhyou_detail_004_kani=true&JigyosyoCd=3370105250-00&ServiceCd=320&Type=search", "url2": "https://www.reline-families.com/" }, "geometry": { "type": "Point", "coordinates": [ 133.9305, 34.6850008 ] } },
{ "type": "Feature", "properties": { "内容": "グループホームあん【認知症対応型共同生活介護】岡山県岡山市北区楢津1176-1", "url": "https://www.kaigokensaku.mhlw.go.jp/33/index.php?action_kouhyou_detail_004_kani=true&JigyosyoCd=3370107900-00&ServiceCd=320&Type=search", "url2": null }, "geometry": { "type": "Point", "coordinates": [ 133.877435699999978, 34.6919038 ] } },
{ "type": "Feature", "properties": { "内容": "ニチイケアセンター岡山下中野【認知症対応型共同生活介護】岡山県岡山市北区下中野323-107", "url": "https://www.kaigokensaku.mhlw.go.jp/33/index.php?action_kouhyou_detail_004_kani=true&JigyosyoCd=3390101503-00&ServiceCd=320&Type=search", "url2": "http://www.nichiigakkan.co.jp" }, "geometry": { "type": "Point", "coordinates": [ 133.907943136106837, 34.641085186837103 ] } },
{ "type": "Feature", "properties": { "内容": "グループホーム　パンダホーム【認知症対応型共同生活介護】岡山県岡山市北区大窪745-1", "url": "https://www.kaigokensaku.mhlw.go.jp/33/index.php?action_kouhyou_detail_004_kani=true&JigyosyoCd=3390103137-00&ServiceCd=320&Type=search", "url2": "http://arimori-fuwari.com/" }, "geometry": { "type": "Point", "coordinates": [ 133.8575074, 34.6919756 ] } },
{ "type": "Feature", "properties": { "内容": "ニチイケアセンター岡山門前Ⅱ【認知症対応型共同生活介護】岡山県岡山市北区門前384番2-2F", "url": "https://www.kaigokensaku.mhlw.go.jp/33/index.php?action_kouhyou_detail_004_kani=true&JigyosyoCd=3390103178-00&ServiceCd=320&Type=search", "url2": null }, "geometry": { "type": "Point", "coordinates": [ 133.809266, 34.6940019 ] } },
{ "type": "Feature", "properties": { "内容": "グループホーム夢【認知症対応型共同生活介護】岡山県岡山市北区横井上１６７６－１", "url": "https://www.kaigokensaku.mhlw.go.jp/33/index.php?action_kouhyou_detail_004_kani=true&JigyosyoCd=3370104626-00&ServiceCd=320&Type=search", "url2": "https://www.ohkita.co.jp/" }, "geometry": { "type": "Point", "coordinates": [ 133.907229199999961, 34.7155607 ] } },
{ "type": "Feature", "properties": { "内容": "ヴィライフ御津【認知症対応型共同生活介護】岡山県岡山市北区御津宇垣１６３５－１", "url": "https://www.kaigokensaku.mhlw.go.jp/33/index.php?action_kouhyou_detail_004_kani=true&JigyosyoCd=3390101552-00&ServiceCd=320&Type=search", "url2": "https://www.ohkita.co.jp/" }, "geometry": { "type": "Point", "coordinates": [ 133.929610991366985, 34.785072127704389 ] } },
{ "type": "Feature", "properties": { "内容": "ニチイケアセンター岡山東古松【認知症対応型共同生活介護】岡山市北区東古松512-1", "url": "https://www.kaigokensaku.mhlw.go.jp/33/index.php?action_kouhyou_detail_004_kani=true&JigyosyoCd=3390100752-00&ServiceCd=320&Type=search", "url2": "http://www.nichiigakkan.co.jp" }, "geometry": { "type": "Point", "coordinates": [ 133.915897099999938, 34.6420026 ] } },
{ "type": "Feature", "properties": { "内容": "ニチイケアセンター岡山門前Ⅰ【認知症対応型共同生活介護】岡山県岡山市北区門前384番2-1F", "url": "https://www.kaigokensaku.mhlw.go.jp/33/index.php?action_kouhyou_detail_004_kani=true&JigyosyoCd=3390103160-00&ServiceCd=320&Type=search", "url2": null }, "geometry": { "type": "Point", "coordinates": [ 133.809266, 34.6940019 ] } },
{ "type": "Feature", "properties": { "内容": "グループホーム　はなみずき【認知症対応型共同生活介護】岡山市北区祇園866", "url": "https://www.kaigokensaku.mhlw.go.jp/33/index.php?action_kouhyou_detail_004_kani=true&JigyosyoCd=3370101960-00&ServiceCd=320&Type=search", "url2": null }, "geometry": { "type": "Point", "coordinates": [ 133.95785879999994, 34.7079489 ] } },
{ "type": "Feature", "properties": { "内容": "ももたろうの郷　なかよし苑【認知症対応型共同生活介護】岡山県岡山市北区下足守2182", "url": "https://www.kaigokensaku.mhlw.go.jp/33/index.php?action_kouhyou_detail_004_kani=true&JigyosyoCd=3370101606-00&ServiceCd=320&Type=search", "url2": null }, "geometry": { "type": "Point", "coordinates": [ 133.799000400000068, 34.7144203 ] } },
{ "type": "Feature", "properties": { "内容": "ももたろうの郷　ひなた苑【認知症対応型共同生活介護】岡山県岡山市北区足守709", "url": "https://www.kaigokensaku.mhlw.go.jp/33/index.php?action_kouhyou_detail_004_kani=true&JigyosyoCd=3370105623-00&ServiceCd=320&Type=search", "url2": null }, "geometry": { "type": "Point", "coordinates": [ 133.802561200000014, 34.7273388 ] } },
{ "type": "Feature", "properties": { "内容": "グループホーム津島の里【認知症対応型共同生活介護】岡山県岡山市北区津島京町１丁目5-18", "url": "https://www.kaigokensaku.mhlw.go.jp/33/index.php?action_kouhyou_detail_004_kani=true&JigyosyoCd=3390101560-00&ServiceCd=320&Type=search", "url2": "http://takufukai-group.or.jp/" }, "geometry": { "type": "Point", "coordinates": [ 133.898314499999969, 34.6811113 ] } },
{ "type": "Feature", "properties": { "内容": "グループホームコスモス【認知症対応型共同生活介護】岡山県岡山市北区田中109-112", "url": "https://www.kaigokensaku.mhlw.go.jp/33/index.php?action_kouhyou_detail_004_kani=true&JigyosyoCd=3370102828-00&ServiceCd=320&Type=search", "url2": "http://www.keiyuu-kai.or.jp" }, "geometry": { "type": "Point", "coordinates": [ 133.883912, 34.6420848 ] } },
{ "type": "Feature", "properties": { "内容": "グループホーム星の家中央【認知症対応型共同生活介護】岡山市北区奥田二丁目5-20", "url": "https://www.kaigokensaku.mhlw.go.jp/33/index.php?action_kouhyou_detail_004_kani=true&JigyosyoCd=3390100620-00&ServiceCd=320&Type=search", "url2": "http://www.hoshi-home.com" }, "geometry": { "type": "Point", "coordinates": [ 133.921960300000023, 34.6432221 ] } },
{ "type": "Feature", "properties": { "内容": "足守荘グループホーム【認知症対応型共同生活介護】岡山県岡山市北区下足守１８９８番地", "url": "https://www.kaigokensaku.mhlw.go.jp/33/index.php?action_kouhyou_detail_004_kani=true&JigyosyoCd=3370102364-00&ServiceCd=320&Type=search", "url2": "http://www.okayama-ikiiki-shiawase.net/" }, "geometry": { "type": "Point", "coordinates": [ 133.803677900000025, 34.7184117 ] } },
{ "type": "Feature", "properties": { "内容": "藹藹グループホーム【認知症対応型共同生活介護】岡山県岡山市北区神田町２丁目８－３２藹藹壱番館", "url": "https://www.kaigokensaku.mhlw.go.jp/33/index.php?action_kouhyou_detail_004_kani=true&JigyosyoCd=3370103792-00&ServiceCd=320&Type=search", "url2": "http://www.kuroda-group.or.jp/" }, "geometry": { "type": "Point", "coordinates": [ 133.92245760000003, 34.6386171 ] } },
{ "type": "Feature", "properties": { "内容": "グループホーム高松【認知症対応型共同生活介護】岡山県岡山市北区高松原古才720-3", "url": "https://www.kaigokensaku.mhlw.go.jp/33/index.php?action_kouhyou_detail_004_kani=true&JigyosyoCd=3370104980-00&ServiceCd=320&Type=search", "url2": "http://kariyushi-yu.jp" }, "geometry": { "type": "Point", "coordinates": [ 133.829317800000013, 34.6838708 ] } },
{ "type": "Feature", "properties": { "内容": "プリマホーム【認知症対応型共同生活介護】岡山県岡山市北区辰巳33番地108", "url": "https://www.kaigokensaku.mhlw.go.jp/33/index.php?action_kouhyou_detail_004_kani=true&JigyosyoCd=3370105029-00&ServiceCd=320&Type=search", "url2": null }, "geometry": { "type": "Point", "coordinates": [ 133.890072599999939, 34.6388605 ] } },
{ "type": "Feature", "properties": { "内容": "グループホーム　おおぞら【認知症対応型共同生活介護】岡山県岡山市北区大安寺南町１－１１－２８", "url": "https://www.kaigokensaku.mhlw.go.jp/33/index.php?action_kouhyou_detail_004_kani=true&JigyosyoCd=3370105714-00&ServiceCd=320&Type=search", "url2": "http://www.oozorakai.com/dojin/index.html" }, "geometry": { "type": "Point", "coordinates": [ 133.892688200000066, 34.6616495 ] } },
{ "type": "Feature", "properties": { "内容": "グリーンビュー鯉山【認知症対応型共同生活介護】岡山県岡山市北区吉備津1017-1", "url": "https://www.kaigokensaku.mhlw.go.jp/33/index.php?action_kouhyou_detail_004_kani=true&JigyosyoCd=3370106076-00&ServiceCd=320&Type=search", "url2": "http://www.myclinic.ne.jp/wata_clinic/" }, "geometry": { "type": "Point", "coordinates": [ 133.846294250926206, 34.673155682288154 ] } },
{ "type": "Feature", "properties": { "内容": "グループホームきびの里【認知症対応型共同生活介護】岡山県岡山市北区庭瀬149-1", "url": "https://www.kaigokensaku.mhlw.go.jp/33/index.php?action_kouhyou_detail_004_kani=true&JigyosyoCd=3370106092-00&ServiceCd=320&Type=search", "url2": "https://suiseikai-group.jp/okayama-suiseikai/care/kibi/" }, "geometry": { "type": "Point", "coordinates": [ 133.851184399999966, 34.6516157 ] } },
{ "type": "Feature", "properties": { "内容": "グループホームえがおの家【認知症対応型共同生活介護】岡山県岡山市北区加茂476番地1", "url": "https://www.kaigokensaku.mhlw.go.jp/33/index.php?action_kouhyou_detail_004_kani=true&JigyosyoCd=3370107686-00&ServiceCd=320&Type=search", "url2": null }, "geometry": { "type": "Point", "coordinates": [ 133.823624699999982, 34.6724971 ] } },
{ "type": "Feature", "properties": { "内容": "グループホーム　きびてらす【認知症対応型共同生活介護】岡山県岡山市北区白石548-3", "url": "https://www.kaigokensaku.mhlw.go.jp/33/index.php?action_kouhyou_detail_004_kani=true&JigyosyoCd=3370108031-00&ServiceCd=320&Type=search", "url2": null }, "geometry": { "type": "Point", "coordinates": [ 133.869222003041045, 34.650822944215776 ] } },
{ "type": "Feature", "properties": { "内容": "グループホームたけべ【認知症対応型共同生活介護】岡山市北区建部町建部上557－2", "url": "https://www.kaigokensaku.mhlw.go.jp/33/index.php?action_kouhyou_detail_004_kani=true&JigyosyoCd=3390100406-00&ServiceCd=320&Type=search", "url2": "www.hoyukai.co.jp/" }, "geometry": { "type": "Point", "coordinates": [ 133.905918299999939, 34.8621766 ] } },
{ "type": "Feature", "properties": { "内容": "グループホーム桃丘【認知症対応型共同生活介護】岡山県岡山市北区芳賀２３９０番地グループホーム桃丘", "url": "https://www.kaigokensaku.mhlw.go.jp/33/index.php?action_kouhyou_detail_004_kani=true&JigyosyoCd=3390101727-00&ServiceCd=320&Type=search", "url2": "https://ikenaga-group.jp/" }, "geometry": { "type": "Point", "coordinates": [ 133.87470754865717, 34.713471051190737 ] } },
{ "type": "Feature", "properties": { "内容": "グループホーム　大元シルバーメイツ【認知症対応型共同生活介護】今5丁目3番25号", "url": "https://www.kaigokensaku.mhlw.go.jp/33/index.php?action_kouhyou_detail_004_kani=true&JigyosyoCd=3390103301-00&ServiceCd=320&Type=search", "url2": "http://www.fukujyu.or.jp" }, "geometry": { "type": "Point", "coordinates": [ 133.8972662, 34.6455771 ] } },
{ "type": "Feature", "properties": { "内容": "グループホーム　吉備【認知症対応型共同生活介護】岡山県岡山市北区延友389-3", "url": "https://www.kaigokensaku.mhlw.go.jp/33/index.php?action_kouhyou_detail_004_kani=true&JigyosyoCd=3370105581-00&ServiceCd=320&Type=search", "url2": "http://www.kibikibi.info/" }, "geometry": { "type": "Point", "coordinates": [ 133.8649888, 34.6409811 ] } },
{ "type": "Feature", "properties": { "内容": "グループホーム吉備　２【認知症対応型共同生活介護】岡山県岡山市北区延友389-3", "url": "https://www.kaigokensaku.mhlw.go.jp/33/index.php?action_kouhyou_detail_004_kani=true&JigyosyoCd=3370107678-00&ServiceCd=320&Type=search", "url2": "http://www.kibikibi.info/" }, "geometry": { "type": "Point", "coordinates": [ 133.8649888, 34.6409811 ] } },
{ "type": "Feature", "properties": { "内容": "医療法人中山医院グループホーム四季の里【認知症対応型共同生活介護】岡山県岡山市北区西山内101-2", "url": "https://www.kaigokensaku.mhlw.go.jp/33/index.php?action_kouhyou_detail_004_kani=true&JigyosyoCd=3370107827-00&ServiceCd=320&Type=search", "url2": null }, "geometry": { "type": "Point", "coordinates": [ 133.791152499999953, 34.7659276 ] } },
{ "type": "Feature", "properties": { "内容": "社会福祉法人ことぶき会　　グループホームふるさと【認知症対応型共同生活介護】岡山県岡山市北区御津紙工１４１０", "url": "https://www.kaigokensaku.mhlw.go.jp/33/index.php?action_kouhyou_detail_004_kani=true&JigyosyoCd=3372100275-00&ServiceCd=320&Type=search", "url2": "http://ww9.tiki.ne.ip/~ukai/" }, "geometry": { "type": "Point", "coordinates": [ 133.858040399999936, 34.8192363 ] } },
{ "type": "Feature", "properties": { "内容": "グループホームあかり【認知症対応型共同生活介護】岡山県岡山市北区富田14", "url": "https://www.kaigokensaku.mhlw.go.jp/33/index.php?action_kouhyou_detail_004_kani=true&JigyosyoCd=3390100133-00&ServiceCd=320&Type=search", "url2": null }, "geometry": { "type": "Point", "coordinates": [ 133.914436300000034, 34.6387946 ] } },
{ "type": "Feature", "properties": { "内容": "ニチイケアセンター岡山平田【認知症対応型共同生活介護】岡山市北区平田163-118", "url": "https://www.kaigokensaku.mhlw.go.jp/33/index.php?action_kouhyou_detail_004_kani=true&JigyosyoCd=3390100760-00&ServiceCd=320&Type=search", "url2": "http://www.nichiigakkan.co.jp" }, "geometry": { "type": "Point", "coordinates": [ 133.886173, 34.6340192 ] } },
{ "type": "Feature", "properties": { "内容": "グループホーム和楽の家　京山【認知症対応型共同生活介護】岡山県岡山市北区万成東町１２－６", "url": "https://www.kaigokensaku.mhlw.go.jp/33/index.php?action_kouhyou_detail_004_kani=true&JigyosyoCd=3390100984-00&ServiceCd=320&Type=search", "url2": "http://oubaitouri.net" }, "geometry": { "type": "Point", "coordinates": [ 133.894454, 34.6778338 ] } },
{ "type": "Feature", "properties": { "内容": "けあビジョンホーム岡山【認知症対応型共同生活介護】岡山県岡山市北区建部町市場112番", "url": "https://www.kaigokensaku.mhlw.go.jp/33/index.php?action_kouhyou_detail_004_kani=true&JigyosyoCd=3390102543-00&ServiceCd=320&Type=search", "url2": null }, "geometry": { "type": "Point", "coordinates": [ 133.905191, 34.8466142 ] } },
{ "type": "Feature", "properties": { "内容": "グループホーム　エルム撫川くるみ庵【認知症対応型共同生活介護】岡山県岡山市北区撫川830番", "url": "https://www.kaigokensaku.mhlw.go.jp/33/index.php?action_kouhyou_detail_004_kani=true&JigyosyoCd=3390102899-00&ServiceCd=320&Type=search", "url2": "http://www.life.create.org" }, "geometry": { "type": "Point", "coordinates": [ 133.842121748737213, 34.638104019251763 ] } },
{ "type": "Feature", "properties": { "内容": "グループホームこうほく【認知症対応型共同生活介護】岡山県岡山市北区津島東２丁目１－３４（２F)", "url": "https://www.kaigokensaku.mhlw.go.jp/33/index.php?action_kouhyou_detail_004_kani=true&JigyosyoCd=3370103982-00&ServiceCd=320&Type=search", "url2": "https://sinkyojin.com/ghkohoku/" }, "geometry": { "type": "Point", "coordinates": [ 133.927570603396617, 34.688199258479685 ] } },
{ "type": "Feature", "properties": { "内容": "やすらぎ東古松【認知症対応型共同生活介護】岡山県岡山市北区東古松南町4-35", "url": "https://www.kaigokensaku.mhlw.go.jp/33/index.php?action_kouhyou_detail_004_kani=true&JigyosyoCd=3370105920-00&ServiceCd=320&Type=search", "url2": null }, "geometry": { "type": "Point", "coordinates": [ 133.915247200000067, 34.6440829 ] } },
{ "type": "Feature", "properties": { "内容": "グループホーム　ステーション【認知症対応型共同生活介護】岡山県岡山市中区長利3-1", "url": "https://www.kaigokensaku.mhlw.go.jp/33/index.php?action_kouhyou_detail_004_kani=true&JigyosyoCd=3370105011-00&ServiceCd=320&Type=search", "url2": null }, "geometry": { "type": "Point", "coordinates": [ 133.9937076, 34.6774896 ] } },
{ "type": "Feature", "properties": { "内容": "グループホーム凛として【認知症対応型共同生活介護】原尾島4－4ー1９", "url": "https://www.kaigokensaku.mhlw.go.jp/33/index.php?action_kouhyou_detail_004_kani=true&JigyosyoCd=3390101735-00&ServiceCd=320&Type=search", "url2": null }, "geometry": { "type": "Point", "coordinates": [ 133.951792899999987, 34.6667432 ] } },
{ "type": "Feature", "properties": { "内容": "ニチイケアセンター操山【認知症対応型共同生活介護】岡山市中区西川原３３６－１", "url": "https://www.kaigokensaku.mhlw.go.jp/33/index.php?action_kouhyou_detail_004_kani=true&JigyosyoCd=3390101032-00&ServiceCd=320&Type=search", "url2": "http://www.nichiigakkan.co.jp" }, "geometry": { "type": "Point", "coordinates": [ 133.9415854, 34.6767496 ] } },
{ "type": "Feature", "properties": { "内容": "グループホーム楽々園【認知症対応型共同生活介護】岡山県岡山市中区倉田２９１－１", "url": "https://www.kaigokensaku.mhlw.go.jp/33/index.php?action_kouhyou_detail_004_kani=true&JigyosyoCd=3390100075-00&ServiceCd=320&Type=search", "url2": "https://www.ohkita.co.jp/" }, "geometry": { "type": "Point", "coordinates": [ 133.965030899999988, 34.6371102 ] } },
{ "type": "Feature", "properties": { "内容": "グループホーム　八幡の里【認知症対応型共同生活介護】岡山県岡山市中区八幡73", "url": "https://www.kaigokensaku.mhlw.go.jp/33/index.php?action_kouhyou_detail_004_kani=true&JigyosyoCd=3370105318-00&ServiceCd=320&Type=search", "url2": "http://www.takufukai-group.or.jp/" }, "geometry": { "type": "Point", "coordinates": [ 133.947023800000011, 34.6856376 ] } },
{ "type": "Feature", "properties": { "内容": "グループホーム　祇園の里【認知症対応型共同生活介護】岡山県岡山市中区祇園４１－１", "url": "https://www.kaigokensaku.mhlw.go.jp/33/index.php?action_kouhyou_detail_004_kani=true&JigyosyoCd=3370104907-00&ServiceCd=320&Type=search", "url2": "https://www.takufukai-group.or.jp/takufukai.html" }, "geometry": { "type": "Point", "coordinates": [ 133.9541815, 34.6927702 ] } },
{ "type": "Feature", "properties": { "内容": "そんぽの家　ＧＨ岡山平井【認知症対応型共同生活介護】岡山県岡山市中区平井3-1066-2", "url": "https://www.kaigokensaku.mhlw.go.jp/33/index.php?action_kouhyou_detail_004_kani=true&JigyosyoCd=3370102836-00&ServiceCd=320&Type=search", "url2": "https://www.sompocare.com" }, "geometry": { "type": "Point", "coordinates": [ 133.938747299999932, 34.641895 ] } },
{ "type": "Feature", "properties": { "内容": "くらら門田屋敷【認知症対応型共同生活介護】岡山県岡山市中区門田屋敷3-5-20", "url": "https://www.kaigokensaku.mhlw.go.jp/33/index.php?action_kouhyou_detail_004_kani=true&JigyosyoCd=3370102885-00&ServiceCd=320&Type=search", "url2": "http://www.benesse-style-care.co.jp" }, "geometry": { "type": "Point", "coordinates": [ 133.941238500000054, 34.653755 ] } },
{ "type": "Feature", "properties": { "内容": "グループホーム星の家きらり【認知症対応型共同生活介護】岡山市中区倉田576-8", "url": "https://www.kaigokensaku.mhlw.go.jp/33/index.php?action_kouhyou_detail_004_kani=true&JigyosyoCd=3390100299-00&ServiceCd=320&Type=search", "url2": "http://www.hoshi-home.com/" }, "geometry": { "type": "Point", "coordinates": [ 133.9563594, 34.632055 ] } },
{ "type": "Feature", "properties": { "内容": "グループホーム　福寿万記の里【認知症対応型共同生活介護】岡山県岡山市中区賞田265-1", "url": "https://www.kaigokensaku.mhlw.go.jp/33/index.php?action_kouhyou_detail_004_kani=true&JigyosyoCd=3370105524-00&ServiceCd=320&Type=search", "url2": "http://www.fukujumaki.com/" }, "geometry": { "type": "Point", "coordinates": [ 133.958203300000037, 34.695631 ] } },
{ "type": "Feature", "properties": { "内容": "ＮＴＴグループ　ケアポート岡山【認知症対応型共同生活介護】岡山県岡山市中区湊２６４－８", "url": "https://www.kaigokensaku.mhlw.go.jp/33/index.php?action_kouhyou_detail_004_kani=true&JigyosyoCd=3370107165-00&ServiceCd=320&Type=search", "url2": "http://www.telwel-west.co.jp/kaigo/area/okayama/index.html" }, "geometry": { "type": "Point", "coordinates": [ 133.959978299999989, 34.64374 ] } },
{ "type": "Feature", "properties": { "内容": "グループホーム　心のめ【認知症対応型共同生活介護】岡山県岡山市中区海吉1465-1", "url": "https://www.kaigokensaku.mhlw.go.jp/33/index.php?action_kouhyou_detail_004_kani=true&JigyosyoCd=3390101743-00&ServiceCd=320&Type=search", "url2": "http://www.keiai24.com/" }, "geometry": { "type": "Point", "coordinates": [ 133.989152847143515, 34.662969405319394 ] } },
{ "type": "Feature", "properties": { "内容": "グループホームまこと【認知症対応型共同生活介護】岡山県岡山市中区御幸町４-１在宅サポートセンターミッションハウス", "url": "https://www.kaigokensaku.mhlw.go.jp/33/index.php?action_kouhyou_detail_004_kani=true&JigyosyoCd=3390102766-00&ServiceCd=320&Type=search", "url2": "https://www.okayama-hakuaikai.or.jp" }, "geometry": { "type": "Point", "coordinates": [ 133.934886, 34.6535536 ] } },
{ "type": "Feature", "properties": { "内容": "グループホーム　パラソル操南【認知症対応型共同生活介護】岡山県岡山市中区藤崎136-26", "url": "https://www.kaigokensaku.mhlw.go.jp/33/index.php?action_kouhyou_detail_004_kani=true&JigyosyoCd=3390102246-00&ServiceCd=320&Type=search", "url2": "http://hikasa.jp/" }, "geometry": { "type": "Point", "coordinates": [ 133.96873370000003, 34.6307527 ] } },
{ "type": "Feature", "properties": { "内容": "グループホーム「さいわいの郷」【認知症対応型共同生活介護】岡山県岡山市中区高屋３４３", "url": "https://www.kaigokensaku.mhlw.go.jp/33/index.php?action_kouhyou_detail_004_kani=true&JigyosyoCd=3370106316-00&ServiceCd=320&Type=search", "url2": "saiwai@okayama-daiichi.jp" }, "geometry": { "type": "Point", "coordinates": [ 133.96909370000003, 34.6748008 ] } },
{ "type": "Feature", "properties": { "内容": "グループホームケアポート生き活き館原尾島【認知症対応型共同生活介護】岡山市中区東川原361番1", "url": "https://www.kaigokensaku.mhlw.go.jp/33/index.php?action_kouhyou_detail_004_kani=true&JigyosyoCd=3390100877-00&ServiceCd=320&Type=search", "url2": "http://kokoro-net.org" }, "geometry": { "type": "Point", "coordinates": [ 133.9491653, 34.6748309 ] } },
{ "type": "Feature", "properties": { "内容": "ソラストワカヤ・クラブ【認知症対応型共同生活介護】円山216-22", "url": "https://www.kaigokensaku.mhlw.go.jp/33/index.php?action_kouhyou_detail_004_kani=true&JigyosyoCd=3390102840-00&ServiceCd=320&Type=search", "url2": null }, "geometry": { "type": "Point", "coordinates": [ 141.3163846, 43.0472806 ] } },
{ "type": "Feature", "properties": { "内容": "グループホーム　白樺【認知症対応型共同生活介護】岡山県岡山市中区土田1058-1", "url": "https://www.kaigokensaku.mhlw.go.jp/33/index.php?action_kouhyou_detail_004_kani=true&JigyosyoCd=3390103335-00&ServiceCd=320&Type=search", "url2": "http//www.shirakaba-kai.com" }, "geometry": { "type": "Point", "coordinates": [ 133.9853855, 34.6963288 ] } },
{ "type": "Feature", "properties": { "内容": "グループホーム　宗堂さくら苑【認知症対応型共同生活介護】岡山県岡山市東区瀬戸町宗堂５９７", "url": "https://www.kaigokensaku.mhlw.go.jp/33/index.php?action_kouhyou_detail_004_kani=true&JigyosyoCd=3372200760-00&ServiceCd=320&Type=search", "url2": "http://ww91.tiki.ne.jp/~kondounaika/" }, "geometry": { "type": "Point", "coordinates": [ 134.067419400000063, 34.7559308 ] } },
{ "type": "Feature", "properties": { "内容": "グループホーム和楽の家　上道【認知症対応型共同生活介護】岡山県岡山市東区才崎260", "url": "https://www.kaigokensaku.mhlw.go.jp/33/index.php?action_kouhyou_detail_004_kani=true&JigyosyoCd=3390100257-00&ServiceCd=320&Type=search", "url2": "http://oubaitouri.net" }, "geometry": { "type": "Point", "coordinates": [ 134.066667400000028, 34.692273 ] } },
{ "type": "Feature", "properties": { "内容": "グループホーム和楽の家みやす一番館【認知症対応型共同生活介護】岡山市東区吉井208-1", "url": "https://www.kaigokensaku.mhlw.go.jp/33/index.php?action_kouhyou_detail_004_kani=true&JigyosyoCd=3390101370-00&ServiceCd=320&Type=search", "url2": "waraku-miyasu@oubaitouri.net" }, "geometry": { "type": "Point", "coordinates": [ 134.0856817, 34.7156353 ] } },
{ "type": "Feature", "properties": { "内容": "グループホーム　和楽の家　みやす二番館【認知症対応型共同生活介護】吉井２０８－１", "url": "https://www.kaigokensaku.mhlw.go.jp/33/index.php?action_kouhyou_detail_004_kani=true&JigyosyoCd=3390101511-00&ServiceCd=320&Type=search", "url2": "http://oubaitouri.net/" }, "geometry": { "type": "Point", "coordinates": [ 134.0856817, 34.7156353 ] } },
{ "type": "Feature", "properties": { "内容": "グループホームよしい川【認知症対応型共同生活介護】岡山市東区西大寺浜608番地", "url": "https://www.kaigokensaku.mhlw.go.jp/33/index.php?action_kouhyou_detail_004_kani=true&JigyosyoCd=3370106688-00&ServiceCd=320&Type=search", "url2": null }, "geometry": { "type": "Point", "coordinates": [ 134.044522700000016, 34.6468159 ] } },
{ "type": "Feature", "properties": { "内容": "グループホーム星の家シャララ【認知症対応型共同生活介護】岡山市東区西大寺1000-1", "url": "https://www.kaigokensaku.mhlw.go.jp/33/index.php?action_kouhyou_detail_004_kani=true&JigyosyoCd=3390102014-00&ServiceCd=320&Type=search", "url2": "www.hoshi-home.com" }, "geometry": { "type": "Point", "coordinates": [ 134.041806100000031, 34.6610756 ] } },
{ "type": "Feature", "properties": { "内容": "グループホームまほろば【認知症対応型共同生活介護】岡山県岡山市東区中尾1036", "url": "https://www.kaigokensaku.mhlw.go.jp/33/index.php?action_kouhyou_detail_004_kani=true&JigyosyoCd=3370102877-00&ServiceCd=320&Type=search", "url2": "http://dainimakotokai.com" }, "geometry": { "type": "Point", "coordinates": [ 134.021448283991958, 34.707372164875771 ] } },
{ "type": "Feature", "properties": { "内容": "グループホームカーサハモニカ【認知症対応型共同生活介護】岡山市東区浅川520番地の１７", "url": "https://www.kaigokensaku.mhlw.go.jp/33/index.php?action_kouhyou_detail_004_kani=true&JigyosyoCd=3370103701-00&ServiceCd=320&Type=search", "url2": "http://www.hamonika.com/" }, "geometry": { "type": "Point", "coordinates": [ 134.069714200000021, 34.7095715 ] } },
{ "type": "Feature", "properties": { "内容": "グル－プホ－ムあうん【認知症対応型共同生活介護】岡山県岡山市東区松新町82-6", "url": "https://www.kaigokensaku.mhlw.go.jp/33/index.php?action_kouhyou_detail_004_kani=true&JigyosyoCd=3370105391-00&ServiceCd=320&Type=search", "url2": null }, "geometry": { "type": "Point", "coordinates": [ 134.0102233, 34.6570425 ] } },
{ "type": "Feature", "properties": { "内容": "グループホーム明日香【認知症対応型共同生活介護】岡山県岡山市東区九蟠44-5", "url": "https://www.kaigokensaku.mhlw.go.jp/33/index.php?action_kouhyou_detail_004_kani=true&JigyosyoCd=3370105516-00&ServiceCd=320&Type=search", "url2": null }, "geometry": { "type": "Point", "coordinates": [ 134.032054799999969, 34.6112342 ] } },
{ "type": "Feature", "properties": { "内容": "グループホーム　古都の森【認知症対応型共同生活介護】岡山県岡山市東区古都南方2820-1", "url": "https://www.kaigokensaku.mhlw.go.jp/33/index.php?action_kouhyou_detail_004_kani=true&JigyosyoCd=3370105938-00&ServiceCd=320&Type=search", "url2": "http://www.mc-mirai.or.jp" }, "geometry": { "type": "Point", "coordinates": [ 134.018222, 34.687134 ] } },
{ "type": "Feature", "properties": { "内容": "グループホーム　福治の里【認知症対応型共同生活介護】岡山県岡山市東区福治733", "url": "https://www.kaigokensaku.mhlw.go.jp/33/index.php?action_kouhyou_detail_004_kani=true&JigyosyoCd=3370107801-00&ServiceCd=320&Type=search", "url2": "http://fukujinosato＠c-oka.org/" }, "geometry": { "type": "Point", "coordinates": [ 134.0439225, 34.677265700000042 ] } },
{ "type": "Feature", "properties": { "内容": "グループホーム　アルテピア【認知症対応型共同生活介護】岡山県岡山市東区瀬戸町江尻705-1", "url": "https://www.kaigokensaku.mhlw.go.jp/33/index.php?action_kouhyou_detail_004_kani=true&JigyosyoCd=3372200620-00&ServiceCd=320&Type=search", "url2": "http://iwadou.or.jp/" }, "geometry": { "type": "Point", "coordinates": [ 134.0546048, 34.7254419 ] } },
{ "type": "Feature", "properties": { "内容": "有限会社敬仁会　グループホーム万富の郷【認知症対応型共同生活介護】岡山県岡山市東区瀬戸町万富１８７１－１", "url": "https://www.kaigokensaku.mhlw.go.jp/33/index.php?action_kouhyou_detail_004_kani=true&JigyosyoCd=3372200935-00&ServiceCd=320&Type=search", "url2": null }, "geometry": { "type": "Point", "coordinates": [ 134.081592499999942, 34.7652556 ] } },
{ "type": "Feature", "properties": { "内容": "グループホーム西大寺中央【認知症対応型共同生活介護】岡山県岡山市東区松新町16-1", "url": "https://www.kaigokensaku.mhlw.go.jp/33/index.php?action_kouhyou_detail_004_kani=true&JigyosyoCd=3390101933-00&ServiceCd=320&Type=search", "url2": "https://k-create.jp/service/group_home/" }, "geometry": { "type": "Point", "coordinates": [ 134.015106100000025, 34.6569538 ] } },
{ "type": "Feature", "properties": { "内容": "さわやかグループホームあゆみ【認知症対応型共同生活介護】岡山県岡山市東区西大寺南2丁目9番35号", "url": "https://www.kaigokensaku.mhlw.go.jp/33/index.php?action_kouhyou_detail_004_kani=true&JigyosyoCd=3390102006-00&ServiceCd=320&Type=search", "url2": "http：//www.sawayakaclub.jp" }, "geometry": { "type": "Point", "coordinates": [ 134.033209899999946, 34.6510517 ] } },
{ "type": "Feature", "properties": { "内容": "グループホーム　ハートフル多聞【認知症対応型共同生活介護】瀬戸町瀬戸12－7", "url": "https://www.kaigokensaku.mhlw.go.jp/33/index.php?action_kouhyou_detail_004_kani=true&JigyosyoCd=3390103046-00&ServiceCd=320&Type=search", "url2": "www.tensetsukai.or.jp/about/" }, "geometry": { "type": "Point", "coordinates": [ 134.037486800000011, 34.733987 ] } },
{ "type": "Feature", "properties": { "内容": "グループホームあずみ【認知症対応型共同生活介護】岡山県岡山市東区益野町６７６－１グループホームあずみ", "url": "https://www.kaigokensaku.mhlw.go.jp/33/index.php?action_kouhyou_detail_004_kani=true&JigyosyoCd=3370105946-00&ServiceCd=320&Type=search", "url2": null }, "geometry": { "type": "Point", "coordinates": [ 133.9935405, 34.6488678 ] } },
{ "type": "Feature", "properties": { "内容": "グループホーム　夕なぎの家【認知症対応型共同生活介護】岡山市東区宿毛745-3", "url": "https://www.kaigokensaku.mhlw.go.jp/33/index.php?action_kouhyou_detail_004_kani=true&JigyosyoCd=3370103453-00&ServiceCd=320&Type=search", "url2": "http://www.yunagi.jp" }, "geometry": { "type": "Point", "coordinates": [ 134.08533030000001, 34.6230071 ] } },
{ "type": "Feature", "properties": { "内容": "グループホーム　マナの木【認知症対応型共同生活介護】岡山県岡山市東区神崎町１０２－１", "url": "https://www.kaigokensaku.mhlw.go.jp/33/index.php?action_kouhyou_detail_004_kani=true&JigyosyoCd=3390100976-00&ServiceCd=320&Type=search", "url2": "http://www.ishiinaika.e-doctor.info/" }, "geometry": { "type": "Point", "coordinates": [ 134.0588242, 34.6272788 ] } },
{ "type": "Feature", "properties": { "内容": "グループホーム小鳥の森の家【認知症対応型共同生活介護】岡山県岡山市東区南古都734", "url": "https://www.kaigokensaku.mhlw.go.jp/33/index.php?action_kouhyou_detail_004_kani=true&JigyosyoCd=3370105532-00&ServiceCd=320&Type=search", "url2": null }, "geometry": { "type": "Point", "coordinates": [ 134.049360900000011, 34.6991498 ] } },
{ "type": "Feature", "properties": { "内容": "グループホームさっちゃん家【認知症対応型共同生活介護】岡山県岡山市東区金田819", "url": "https://www.kaigokensaku.mhlw.go.jp/33/index.php?action_kouhyou_detail_004_kani=true&JigyosyoCd=3370106332-00&ServiceCd=320&Type=search", "url2": "http://www16.ocn.ne.jp/~kensei/sattyannti/index.html" }, "geometry": { "type": "Point", "coordinates": [ 134.02015080000001, 34.6353704 ] } },
{ "type": "Feature", "properties": { "内容": "グループホームいやしの家福吉町【認知症対応型共同生活介護】岡山県岡山市南区福吉町２３－２６", "url": "https://www.kaigokensaku.mhlw.go.jp/33/index.php?action_kouhyou_detail_004_kani=true&JigyosyoCd=3370104915-00&ServiceCd=320&Type=search", "url2": "http://www.medicament.jp/index.html" }, "geometry": { "type": "Point", "coordinates": [ 133.9527832, 34.6106463 ] } },
{ "type": "Feature", "properties": { "内容": "ヴィライフ福成園【認知症対応型共同生活介護】岡山県岡山市南区福成３丁目６－12", "url": "https://www.kaigokensaku.mhlw.go.jp/33/index.php?action_kouhyou_detail_004_kani=true&JigyosyoCd=3390102147-00&ServiceCd=320&Type=search", "url2": "info-fukunarien@ohkita.co.jp" }, "geometry": { "type": "Point", "coordinates": [ 133.938670961434809, 34.612598435535745 ] } },
{ "type": "Feature", "properties": { "内容": "ニチイケアセンター岡山豊成【認知症対応型共同生活介護】岡山市南区豊成1-2-47", "url": "https://www.kaigokensaku.mhlw.go.jp/33/index.php?action_kouhyou_detail_004_kani=true&JigyosyoCd=3390100778-00&ServiceCd=320&Type=search", "url2": "http://www.nichiigakkan.co.jp/" }, "geometry": { "type": "Point", "coordinates": [ 133.928157, 34.6328291 ] } },
{ "type": "Feature", "properties": { "内容": "グループホーム夢楽園【認知症対応型共同生活介護】岡山県岡山市南区福島３丁目５－１５", "url": "https://www.kaigokensaku.mhlw.go.jp/33/index.php?action_kouhyou_detail_004_kani=true&JigyosyoCd=3390100109-00&ServiceCd=320&Type=search", "url2": "http://www.ohkita.co.jp/" }, "geometry": { "type": "Point", "coordinates": [ 133.951819200000045, 34.6148986 ] } },
{ "type": "Feature", "properties": { "内容": "グループホーム夢咲園【認知症対応型共同生活介護】岡山県岡山市南区浦安西町２５－５", "url": "https://www.kaigokensaku.mhlw.go.jp/33/index.php?action_kouhyou_detail_004_kani=true&JigyosyoCd=3390100513-00&ServiceCd=320&Type=search", "url2": "http://www.ohkita.co.jp/" }, "geometry": { "type": "Point", "coordinates": [ 133.91366979999998, 34.6162806 ] } },
{ "type": "Feature", "properties": { "内容": "グループホーム　あおぞら【認知症対応型共同生活介護】岡山県岡山市南区中畦４２１－５", "url": "https://www.kaigokensaku.mhlw.go.jp/33/index.php?action_kouhyou_detail_004_kani=true&JigyosyoCd=3370105136-00&ServiceCd=320&Type=search", "url2": "https://ikedaiin.or.jp" }, "geometry": { "type": "Point", "coordinates": [ 133.850611394477511, 34.579095729328664 ] } },
{ "type": "Feature", "properties": { "内容": "グループホーム　あおぞら２【認知症対応型共同生活介護】岡山県岡山市南区中畦４２１－５", "url": "https://www.kaigokensaku.mhlw.go.jp/33/index.php?action_kouhyou_detail_004_kani=true&JigyosyoCd=3370107173-00&ServiceCd=320&Type=search", "url2": "https://ikedaiin.or.jp" }, "geometry": { "type": "Point", "coordinates": [ 133.850607371163989, 34.57910014608651 ] } },
{ "type": "Feature", "properties": { "内容": "グループホーム　のぞみ【認知症対応型共同生活介護】岡山県岡山市南区彦崎2801-6", "url": "https://www.kaigokensaku.mhlw.go.jp/33/index.php?action_kouhyou_detail_004_kani=true&JigyosyoCd=3372500094-00&ServiceCd=320&Type=search", "url2": "https://ikedaiin.or.jp" }, "geometry": { "type": "Point", "coordinates": [ 133.836582357043113, 34.552350831806386 ] } },
{ "type": "Feature", "properties": { "内容": "グループホーム　そよかぜ【認知症対応型共同生活介護】岡山県岡山市南区彦崎2801-6", "url": "https://www.kaigokensaku.mhlw.go.jp/33/index.php?action_kouhyou_detail_004_kani=true&JigyosyoCd=3372500144-00&ServiceCd=320&Type=search", "url2": "https://ikedaiin.or.jp" }, "geometry": { "type": "Point", "coordinates": [ 133.836621249073829, 34.552167477162165 ] } },
{ "type": "Feature", "properties": { "内容": "グループホーム　わかば【認知症対応型共同生活介護】岡山県岡山市南区彦崎2801-1", "url": "https://www.kaigokensaku.mhlw.go.jp/33/index.php?action_kouhyou_detail_004_kani=true&JigyosyoCd=3372500185-00&ServiceCd=320&Type=search", "url2": "https://ikedaiin.or.jp" }, "geometry": { "type": "Point", "coordinates": [ 133.836678253984701, 34.552319593198355 ] } },
{ "type": "Feature", "properties": { "内容": "グループホーム「海の見える家」【認知症対応型共同生活介護】岡山県岡山市南区小串827-10", "url": "https://www.kaigokensaku.mhlw.go.jp/33/index.php?action_kouhyou_detail_004_kani=true&JigyosyoCd=3370103503-00&ServiceCd=320&Type=search", "url2": null }, "geometry": { "type": "Point", "coordinates": [ 134.03143460000004, 34.5826763 ] } },
{ "type": "Feature", "properties": { "内容": "グループホーム　海の見える家2号館【認知症対応型共同生活介護】岡山県岡山市南区小串823-1", "url": "https://www.kaigokensaku.mhlw.go.jp/33/index.php?action_kouhyou_detail_004_kani=true&JigyosyoCd=3370104550-00&ServiceCd=320&Type=search", "url2": null }, "geometry": { "type": "Point", "coordinates": [ 134.031442085236193, 34.582402757403244 ] } },
{ "type": "Feature", "properties": { "内容": "グループホームメディフル藤田【認知症対応型共同生活介護】岡山県岡山市南区藤田1134番地2", "url": "https://www.kaigokensaku.mhlw.go.jp/33/index.php?action_kouhyou_detail_004_kani=true&JigyosyoCd=3390101677-00&ServiceCd=320&Type=search", "url2": "https://yotuba.or.jp/" }, "geometry": { "type": "Point", "coordinates": [ 133.88807369999995, 34.5758894 ] } },
{ "type": "Feature", "properties": { "内容": "グループホームメディフル藤田東館【認知症対応型共同生活介護】岡山県岡山市南区藤田1134番地３", "url": "https://www.kaigokensaku.mhlw.go.jp/33/index.php?action_kouhyou_detail_004_kani=true&JigyosyoCd=3390102055-00&ServiceCd=320&Type=search", "url2": "http://www.yotuba.or.jp" }, "geometry": { "type": "Point", "coordinates": [ 133.88807369999995, 34.5758894 ] } },
{ "type": "Feature", "properties": { "内容": "そんぽの家ＧＨ大福【認知症対応型共同生活介護】岡山県岡山市南区大福６７２", "url": "https://www.kaigokensaku.mhlw.go.jp/33/index.php?action_kouhyou_detail_004_kani=true&JigyosyoCd=3370102802-00&ServiceCd=320&Type=search", "url2": "https://www.sompocare.com/" }, "geometry": { "type": "Point", "coordinates": [ 133.8840093, 34.6208874 ] } },
{ "type": "Feature", "properties": { "内容": "グループホームひまわり【認知症対応型共同生活介護】岡山県岡山市南区大福1200-2", "url": "https://www.kaigokensaku.mhlw.go.jp/33/index.php?action_kouhyou_detail_004_kani=true&JigyosyoCd=3370102810-00&ServiceCd=320&Type=search", "url2": "http://www.keiyuu-kai.or.jp/top.html" }, "geometry": { "type": "Point", "coordinates": [ 133.876287600000069, 34.6160849 ] } },
{ "type": "Feature", "properties": { "内容": "若宮園グループホーム【認知症対応型共同生活介護】岡山県岡山市南区箕島3566-１", "url": "https://www.kaigokensaku.mhlw.go.jp/33/index.php?action_kouhyou_detail_004_kani=true&JigyosyoCd=3370103271-00&ServiceCd=320&Type=search", "url2": "http://junfuku.jp/wakamiya/grouphome.html" }, "geometry": { "type": "Point", "coordinates": [ 133.8359815, 34.6162142 ] } },
{ "type": "Feature", "properties": { "内容": "グループホーム　シルバーピアーズ愛【認知症対応型共同生活介護】岡山県岡山市南区並木町二丁目27番43号", "url": "https://www.kaigokensaku.mhlw.go.jp/33/index.php?action_kouhyou_detail_004_kani=true&JigyosyoCd=3370104899-00&ServiceCd=320&Type=search", "url2": "http://www.peers.group.co.jp/" }, "geometry": { "type": "Point", "coordinates": [ 133.938503699999956, 34.610657 ] } },
{ "type": "Feature", "properties": { "内容": "グループホームかえで【認知症対応型共同生活介護】岡山県岡山市南区松浜町７－３４", "url": "https://www.kaigokensaku.mhlw.go.jp/33/index.php?action_kouhyou_detail_004_kani=true&JigyosyoCd=3370104998-00&ServiceCd=320&Type=search", "url2": "http://www.sato-hp.com" }, "geometry": { "type": "Point", "coordinates": [ 133.9418617, 34.6115626 ] } },
{ "type": "Feature", "properties": { "内容": "グループホーム　アイリーフ当新田【認知症対応型共同生活介護】岡山市南区当新田364-5", "url": "https://www.kaigokensaku.mhlw.go.jp/33/index.php?action_kouhyou_detail_004_kani=true&JigyosyoCd=3370105235-00&ServiceCd=320&Type=search", "url2": "http://www.ilief.jp" }, "geometry": { "type": "Point", "coordinates": [ 133.895874700000036, 34.6244569 ] } },
{ "type": "Feature", "properties": { "内容": "グループホーム　ひだまりの家【認知症対応型共同生活介護】岡山県岡山市南区飽浦２９２", "url": "https://www.kaigokensaku.mhlw.go.jp/33/index.php?action_kouhyou_detail_004_kani=true&JigyosyoCd=3370105243-00&ServiceCd=320&Type=search", "url2": "https://hidamari.hayashi-dorin.or.jp/grouphome/" }, "geometry": { "type": "Point", "coordinates": [ 133.970104699999979, 34.5904049 ] } },
{ "type": "Feature", "properties": { "内容": "グループホーム　えがおをみせて【認知症対応型共同生活介護】岡山県岡山市南区川張853", "url": "https://www.kaigokensaku.mhlw.go.jp/33/index.php?action_kouhyou_detail_004_kani=true&JigyosyoCd=3372500102-00&ServiceCd=320&Type=search", "url2": "https://yumeno-sato.com" }, "geometry": { "type": "Point", "coordinates": [ 133.859840299999973, 34.5453845 ] } },
{ "type": "Feature", "properties": { "内容": "グループホーム　いつもえがおで【認知症対応型共同生活介護】岡山県岡山市南区川張850", "url": "https://www.kaigokensaku.mhlw.go.jp/33/index.php?action_kouhyou_detail_004_kani=true&JigyosyoCd=3372500169-00&ServiceCd=320&Type=search", "url2": "https://yumeno-sato.com" }, "geometry": { "type": "Point", "coordinates": [ 133.859632, 34.5455011 ] } },
{ "type": "Feature", "properties": { "内容": "グループホーム　ひかりの里【認知症対応型共同生活介護】岡山県岡山市南区中畦187-8", "url": "https://www.kaigokensaku.mhlw.go.jp/33/index.php?action_kouhyou_detail_004_kani=true&JigyosyoCd=3390100083-00&ServiceCd=320&Type=search", "url2": "http//www.hikarinosato-okayama.com" }, "geometry": { "type": "Point", "coordinates": [ 133.849576, 34.5866956 ] } },
{ "type": "Feature", "properties": { "内容": "グループホーム福浜【認知症対応型共同生活介護】岡山県岡山市南区福富中2丁目8-10グループホーム福浜", "url": "https://www.kaigokensaku.mhlw.go.jp/33/index.php?action_kouhyou_detail_004_kani=true&JigyosyoCd=3390101040-00&ServiceCd=320&Type=search", "url2": "ghfukuhama@okayama-health.coop" }, "geometry": { "type": "Point", "coordinates": [ 133.9368869, 34.620803 ] } },
{ "type": "Feature", "properties": { "内容": "グループホームけやき【認知症対応型共同生活介護】岡山市南区川張1300-1", "url": "https://www.kaigokensaku.mhlw.go.jp/33/index.php?action_kouhyou_detail_004_kani=true&JigyosyoCd=3390101669-00&ServiceCd=320&Type=search", "url2": "http://www.kusuriya.jp/" }, "geometry": { "type": "Point", "coordinates": [ 133.858773700000029, 34.5468953 ] } },
{ "type": "Feature", "properties": { "内容": "グルーホーム敬愛【認知症対応型共同生活介護】岡山県岡山市南区福田４８０－１", "url": "https://www.kaigokensaku.mhlw.go.jp/33/index.php?action_kouhyou_detail_004_kani=true&JigyosyoCd=3370105003-00&ServiceCd=320&Type=search", "url2": "http://keiaigroup.com" }, "geometry": { "type": "Point", "coordinates": [ 133.921468900000036, 34.6181251 ] } },
{ "type": "Feature", "properties": { "内容": "グループホーム　みらい【認知症対応型共同生活介護】岡山県岡山市南区妹尾883-1", "url": "https://www.kaigokensaku.mhlw.go.jp/33/index.php?action_kouhyou_detail_004_kani=true&JigyosyoCd=3370106456-00&ServiceCd=320&Type=search", "url2": null }, "geometry": { "type": "Point", "coordinates": [ 133.863724499999989, 34.611324 ] } },
{ "type": "Feature", "properties": { "内容": "グループホーム　ゆうゆう館【認知症対応型共同生活介護】岡山県岡山市南区小串716-2", "url": "https://www.kaigokensaku.mhlw.go.jp/33/index.php?action_kouhyou_detail_004_kani=true&JigyosyoCd=3370106621-00&ServiceCd=320&Type=search", "url2": null }, "geometry": { "type": "Point", "coordinates": [ 134.032373299999989, 34.5830318 ] } },
{ "type": "Feature", "properties": { "内容": "グループホーム　大福【認知症対応型共同生活介護】岡山県岡山市南区大福1100-8", "url": "https://www.kaigokensaku.mhlw.go.jp/33/index.php?action_kouhyou_detail_004_kani=true&JigyosyoCd=3390100091-00&ServiceCd=320&Type=search", "url2": "http://www.fukujyu.or.jp" }, "geometry": { "type": "Point", "coordinates": [ 133.883364799999981, 34.6158519 ] } },
{ "type": "Feature", "properties": { "内容": "グループホームもろびと【認知症対応型共同生活介護】箕島2900-1", "url": "https://www.kaigokensaku.mhlw.go.jp/33/index.php?action_kouhyou_detail_004_kani=true&JigyosyoCd=3370103974-00&ServiceCd=320&Type=search", "url2": null }, "geometry": { "type": "Point", "coordinates": [ 133.840723633729567, 34.610297811423273 ] } },
{ "type": "Feature", "properties": { "内容": "グループホーム長楽園【認知症対応型共同生活介護】倉敷市菰池三丁目434番地", "url": "https://www.kaigokensaku.mhlw.go.jp/33/index.php?action_kouhyou_detail_004_kani=true&JigyosyoCd=3370203733-00&ServiceCd=320&Type=search", "url2": "ｇｈ．ｃｈｏｕｒａｋｕｅｎｎ＠ｌｅａｆ．ｏｃｎ．ｎｅ．ｊｐ" }, "geometry": { "type": "Point", "coordinates": [ 133.788038799999981, 34.456623 ] } },
{ "type": "Feature", "properties": { "内容": "グループホームひまわり【認知症対応型共同生活介護】岡山県倉敷市真備町川辺2136-1", "url": "https://www.kaigokensaku.mhlw.go.jp/33/index.php?action_kouhyou_detail_004_kani=true&JigyosyoCd=3370204111-00&ServiceCd=320&Type=search", "url2": null }, "geometry": { "type": "Point", "coordinates": [ 133.715270700000019, 34.6385354 ] } },
{ "type": "Feature", "properties": { "内容": "さくらそう玉島【認知症対応型共同生活介護】岡山県倉敷市玉島勇崎６－８", "url": "https://www.kaigokensaku.mhlw.go.jp/33/index.php?action_kouhyou_detail_004_kani=true&JigyosyoCd=3370202487-00&ServiceCd=320&Type=search", "url2": "//www.sakurasou.gr.jp/" }, "geometry": { "type": "Point", "coordinates": [ 133.641442699999971, 34.53709 ] } },
{ "type": "Feature", "properties": { "内容": "グループホーム　養命荘【認知症対応型共同生活介護】岡山県倉敷市福田町福田2374-5", "url": "https://www.kaigokensaku.mhlw.go.jp/33/index.php?action_kouhyou_detail_004_kani=true&JigyosyoCd=3390200560-00&ServiceCd=320&Type=search", "url2": null }, "geometry": { "type": "Point", "coordinates": [ 133.7556667, 34.5483618 ] } },
{ "type": "Feature", "properties": { "内容": "オリーブガーデン【認知症対応型共同生活介護】岡山県倉敷市亀山５６４－１", "url": "https://www.kaigokensaku.mhlw.go.jp/33/index.php?action_kouhyou_detail_004_kani=true&JigyosyoCd=3370203295-00&ServiceCd=320&Type=search", "url2": "http://www.olive-garden.co.jp/" }, "geometry": { "type": "Point", "coordinates": [ 133.799946, 34.5855998 ] } },
{ "type": "Feature", "properties": { "内容": "グループホーム吉岡　楽々苑【認知症対応型共同生活介護】倉敷市吉岡344番地", "url": "https://www.kaigokensaku.mhlw.go.jp/33/index.php?action_kouhyou_detail_004_kani=true&JigyosyoCd=3390200651-00&ServiceCd=320&Type=search", "url2": "http://care-net.biz/33/gh-yoshioka//" }, "geometry": { "type": "Point", "coordinates": [ 133.773426200000017, 34.5692454 ] } },
{ "type": "Feature", "properties": { "内容": "グループホームげんきむら【認知症対応型共同生活介護】倉敷市中庄２９６０－１", "url": "https://www.kaigokensaku.mhlw.go.jp/33/index.php?action_kouhyou_detail_004_kani=true&JigyosyoCd=3390200602-00&ServiceCd=320&Type=search", "url2": null }, "geometry": { "type": "Point", "coordinates": [ 133.8012119, 34.6171496 ] } },
{ "type": "Feature", "properties": { "内容": "グループホーム　ほほえみの家【認知症対応型共同生活介護】岡山県倉敷市下庄457-1", "url": "https://www.kaigokensaku.mhlw.go.jp/33/index.php?action_kouhyou_detail_004_kani=true&JigyosyoCd=3370203030-00&ServiceCd=320&Type=search", "url2": "http://www.ensako.or.jp/" }, "geometry": { "type": "Point", "coordinates": [ 133.822719399999983, 34.6403001 ] } },
{ "type": "Feature", "properties": { "内容": "グループホーム　サンバード茶屋町【認知症対応型共同生活介護】岡山県倉敷市茶屋町早沖424-15", "url": "https://www.kaigokensaku.mhlw.go.jp/33/index.php?action_kouhyou_detail_004_kani=true&JigyosyoCd=3370203386-00&ServiceCd=320&Type=search", "url2": "http://www.fukujyu.or.jp/" }, "geometry": { "type": "Point", "coordinates": [ 133.827916100000039, 34.5838647 ] } },
{ "type": "Feature", "properties": { "内容": "グループホーム　ももたろう【認知症対応型共同生活介護】倉敷市船穂町船穂880-2", "url": "https://www.kaigokensaku.mhlw.go.jp/33/index.php?action_kouhyou_detail_004_kani=true&JigyosyoCd=3372700488-00&ServiceCd=320&Type=search", "url2": "https://momotaro-kaigo.com/" }, "geometry": { "type": "Point", "coordinates": [ 133.695022399999971, 34.5691676 ] } },
{ "type": "Feature", "properties": { "内容": "グループホーム　グリーンピースあま城【認知症対応型共同生活介護】倉敷市藤戸町藤戸1406-1", "url": "https://www.kaigokensaku.mhlw.go.jp/33/index.php?action_kouhyou_detail_004_kani=true&JigyosyoCd=3390200438-00&ServiceCd=320&Type=search", "url2": "http://www.mutu.jp" }, "geometry": { "type": "Point", "coordinates": [ 133.822101300000014, 34.5597478 ] } },
{ "type": "Feature", "properties": { "内容": "グループホーム蔵の家【認知症対応型共同生活介護】倉敷市児島下の町5-2-54", "url": "https://www.kaigokensaku.mhlw.go.jp/33/index.php?action_kouhyou_detail_004_kani=true&JigyosyoCd=3370201299-00&ServiceCd=320&Type=search", "url2": "http//www.ohji.ne.jp" }, "geometry": { "type": "Point", "coordinates": [ 133.822290899999985, 34.4777546 ] } },
{ "type": "Feature", "properties": { "内容": "グループホームみつばちハウス【認知症対応型共同生活介護】岡山県倉敷市中帯江114-7", "url": "https://www.kaigokensaku.mhlw.go.jp/33/index.php?action_kouhyou_detail_004_kani=true&JigyosyoCd=3370201547-00&ServiceCd=320&Type=search", "url2": "sumire328g@ninus.ocn.ne.jp" }, "geometry": { "type": "Point", "coordinates": [ 133.801475799999906, 34.5971571 ] } },
{ "type": "Feature", "properties": { "内容": "グループホーム　アミカル【認知症対応型共同生活介護】岡山県倉敷市玉島1279", "url": "https://www.kaigokensaku.mhlw.go.jp/33/index.php?action_kouhyou_detail_004_kani=true&JigyosyoCd=3370202206-00&ServiceCd=320&Type=search", "url2": "http://www1.odn.ne.jp/~aaq67510" }, "geometry": { "type": "Point", "coordinates": [ 133.683343199999968, 34.5490944 ] } },
{ "type": "Feature", "properties": { "内容": "グループホーム　ひなぎく【認知症対応型共同生活介護】岡山県倉敷市福田町福田281", "url": "https://www.kaigokensaku.mhlw.go.jp/33/index.php?action_kouhyou_detail_004_kani=true&JigyosyoCd=3370202792-00&ServiceCd=320&Type=search", "url2": "http://www.jpk.or.jp/" }, "geometry": { "type": "Point", "coordinates": [ 133.775435300000026, 34.5383413 ] } },
{ "type": "Feature", "properties": { "内容": "グループホームいこい【認知症対応型共同生活介護】岡山県倉敷市児島赤崎4丁目5-28-8", "url": "https://www.kaigokensaku.mhlw.go.jp/33/index.php?action_kouhyou_detail_004_kani=true&JigyosyoCd=3370203048-00&ServiceCd=320&Type=search", "url2": null }, "geometry": { "type": "Point", "coordinates": [ 133.79616445092617, 34.459913407673355 ] } },
{ "type": "Feature", "properties": { "内容": "グループホーム　福島の里【認知症対応型共同生活介護】岡山県倉敷市福島４３７", "url": "https://www.kaigokensaku.mhlw.go.jp/33/index.php?action_kouhyou_detail_004_kani=true&JigyosyoCd=3390200230-00&ServiceCd=320&Type=search", "url2": null }, "geometry": { "type": "Point", "coordinates": [ 133.783807900000056, 34.6061282 ] } },
{ "type": "Feature", "properties": { "内容": "グループホーム富田の里【認知症対応型共同生活介護】玉島道口２７５２番地1", "url": "https://www.kaigokensaku.mhlw.go.jp/33/index.php?action_kouhyou_detail_004_kani=true&JigyosyoCd=3390200503-00&ServiceCd=320&Type=search", "url2": "http://www.tomicare.com" }, "geometry": { "type": "Point", "coordinates": [ 133.651182400000039, 34.5666791 ] } },
{ "type": "Feature", "properties": { "内容": "グループホーム　たつのおとしご【認知症対応型共同生活介護】岡山県倉敷市福田町古新田146－4", "url": "https://www.kaigokensaku.mhlw.go.jp/33/index.php?action_kouhyou_detail_004_kani=true&JigyosyoCd=3390200487-00&ServiceCd=320&Type=search", "url2": "http://ishinkai-clinic.or.jp/" }, "geometry": { "type": "Point", "coordinates": [ 133.756330700000035, 34.5442679 ] } },
{ "type": "Feature", "properties": { "内容": "グループホーム　大地【認知症対応型共同生活介護】岡山県倉敷市笹沖599-5", "url": "https://www.kaigokensaku.mhlw.go.jp/33/index.php?action_kouhyou_detail_004_kani=true&JigyosyoCd=3390200792-00&ServiceCd=320&Type=search", "url2": "http://www.coco-rimaru.co.jp/rimaru/" }, "geometry": { "type": "Point", "coordinates": [ 133.772356599999966, 34.5741338 ] } },
{ "type": "Feature", "properties": { "内容": "グループホーム大空【認知症対応型共同生活介護】児島塩生1834-1", "url": "https://www.kaigokensaku.mhlw.go.jp/33/index.php?action_kouhyou_detail_004_kani=true&JigyosyoCd=3390201048-00&ServiceCd=320&Type=search", "url2": "http://www.coco-rimaru.co.jp/rimaru/" }, "geometry": { "type": "Point", "coordinates": [ 133.772539333729583, 34.476457112761992 ] } },
{ "type": "Feature", "properties": { "内容": "グループホームめばえ【認知症対応型共同生活介護】倉敷市連島町鶴新田1952-1", "url": "https://www.kaigokensaku.mhlw.go.jp/33/index.php?action_kouhyou_detail_004_kani=true&JigyosyoCd=3390200107-00&ServiceCd=320&Type=search", "url2": "https://www.aiikufukushi.or.jp/" }, "geometry": { "type": "Point", "coordinates": [ 133.708321299999966, 34.5381204 ] } },
{ "type": "Feature", "properties": { "内容": "さくらそう茶屋町【認知症対応型共同生活介護】岡山県倉敷市茶屋町早沖１５７５－１６", "url": "https://www.kaigokensaku.mhlw.go.jp/33/index.php?action_kouhyou_detail_004_kani=true&JigyosyoCd=3370203006-00&ServiceCd=320&Type=search", "url2": "http://sakurasou.gr.jp/index.html" }, "geometry": { "type": "Point", "coordinates": [ 133.836556500000029, 34.5955583 ] } },
{ "type": "Feature", "properties": { "内容": "さくらそう玉島【認知症対応型共同生活介護】岡山県倉敷市玉島勇崎6-8", "url": "https://www.kaigokensaku.mhlw.go.jp/33/index.php?action_kouhyou_detail_004_kani=true&JigyosyoCd=3390201600-00&ServiceCd=320&Type=search", "url2": "//www.sakurasou.gr.jp/" }, "geometry": { "type": "Point", "coordinates": [ 133.641383699999977, 34.5370388 ] } },
{ "type": "Feature", "properties": { "内容": "グループホーム長寿の郷真備【認知症対応型共同生活介護】岡山県倉敷市真備町市場４１０９", "url": "https://www.kaigokensaku.mhlw.go.jp/33/index.php?action_kouhyou_detail_004_kani=true&JigyosyoCd=3390200164-00&ServiceCd=320&Type=search", "url2": "kinojou-choujunosato.com" }, "geometry": { "type": "Point", "coordinates": [ 133.693328400000041, 34.6532563 ] } },
{ "type": "Feature", "properties": { "内容": "グループホーム　太陽【認知症対応型共同生活介護】茶屋町６９５－６", "url": "https://www.kaigokensaku.mhlw.go.jp/33/index.php?action_kouhyou_detail_004_kani=true&JigyosyoCd=3390200636-00&ServiceCd=320&Type=search", "url2": "http://okayama-taiyo.jp/" }, "geometry": { "type": "Point", "coordinates": [ 133.82995, 34.5759849 ] } },
{ "type": "Feature", "properties": { "内容": "グループホーム倉敷北【認知症対応型共同生活介護】岡山県倉敷市宮前42-1", "url": "https://www.kaigokensaku.mhlw.go.jp/33/index.php?action_kouhyou_detail_004_kani=true&JigyosyoCd=3370202990-00&ServiceCd=320&Type=search", "url2": "http://www.kurakita.co.jp" }, "geometry": { "type": "Point", "coordinates": [ 133.761912, 34.6111249 ] } },
{ "type": "Feature", "properties": { "内容": "愛の家グループホーム倉敷黒崎【認知症対応型共同生活介護】黒崎２７２番地１", "url": "https://www.kaigokensaku.mhlw.go.jp/33/index.php?action_kouhyou_detail_004_kani=true&JigyosyoCd=3390201394-00&ServiceCd=320&Type=search", "url2": null }, "geometry": { "type": "Point", "coordinates": [ 141.51153290000002, 38.2944238 ] } },
{ "type": "Feature", "properties": { "内容": "グループホーム　パラソル　倉敷中庄【認知症対応型共同生活介護】倉敷市中庄２３７１－１", "url": "https://www.kaigokensaku.mhlw.go.jp/33/index.php?action_kouhyou_detail_004_kani=true&JigyosyoCd=3390201741-00&ServiceCd=320&Type=search", "url2": "https://www.hikasa.jp/service/" }, "geometry": { "type": "Point", "coordinates": [ 133.7953301, 34.6228068 ] } },
{ "type": "Feature", "properties": { "内容": "グループホームすこやか【認知症対応型共同生活介護】岡山県倉敷市玉島中央町１－４－８", "url": "https://www.kaigokensaku.mhlw.go.jp/33/index.php?action_kouhyou_detail_004_kani=true&JigyosyoCd=3390201436-00&ServiceCd=320&Type=search", "url2": "http://www.tamashima-ch.or.jp/shumei/" }, "geometry": { "type": "Point", "coordinates": [ 133.673095399999966, 34.5467487 ] } },
{ "type": "Feature", "properties": { "内容": "グループホーム心から【認知症対応型共同生活介護】岡山県倉敷市茶屋町2102-14", "url": "https://www.kaigokensaku.mhlw.go.jp/33/index.php?action_kouhyou_detail_004_kani=true&JigyosyoCd=3370203204-00&ServiceCd=320&Type=search", "url2": "http://www.soushinkai.com" }, "geometry": { "type": "Point", "coordinates": [ 133.823710799999958, 34.5838479 ] } },
{ "type": "Feature", "properties": { "内容": "グループホーム庄の里「和らぎの家」【認知症対応型共同生活介護】岡山県倉敷市上東819番1", "url": "https://www.kaigokensaku.mhlw.go.jp/33/index.php?action_kouhyou_detail_004_kani=true&JigyosyoCd=3390201121-00&ServiceCd=320&Type=search", "url2": "http://www.syounosato.or.jp/yawaragi/" }, "geometry": { "type": "Point", "coordinates": [ 133.824208642150069, 34.642913867805923 ] } },
{ "type": "Feature", "properties": { "内容": "あすなろ園柏台グループホーム【認知症対応型共同生活介護】岡山県倉敷市玉島柏台5-1-1", "url": "https://www.kaigokensaku.mhlw.go.jp/33/index.php?action_kouhyou_detail_004_kani=true&JigyosyoCd=3390201022-00&ServiceCd=320&Type=search", "url2": "http://www.asunaro.or.jp" }, "geometry": { "type": "Point", "coordinates": [ 133.650427700000023, 34.5294159 ] } },
{ "type": "Feature", "properties": { "内容": "グループホーム　西坂【認知症対応型共同生活介護】岡山県倉敷市西坂１２８－１", "url": "https://www.kaigokensaku.mhlw.go.jp/33/index.php?action_kouhyou_detail_004_kani=true&JigyosyoCd=3390200305-00&ServiceCd=320&Type=search", "url2": null }, "geometry": { "type": "Point", "coordinates": [ 133.77540840000006, 34.6199519 ] } },
{ "type": "Feature", "properties": { "内容": "グループホーム　東倉敷【認知症対応型共同生活介護】岡山県倉敷市新田2605-4", "url": "https://www.kaigokensaku.mhlw.go.jp/33/index.php?action_kouhyou_detail_004_kani=true&JigyosyoCd=3370202024-00&ServiceCd=320&Type=search", "url2": "http://www.keiyuu-kai.or.jp" }, "geometry": { "type": "Point", "coordinates": [ 133.772987100000023, 34.5752032 ] } },
{ "type": "Feature", "properties": { "内容": "あいあいフレンドリー【認知症対応型共同生活介護】岡山県倉敷市串田660番地", "url": "https://www.kaigokensaku.mhlw.go.jp/33/index.php?action_kouhyou_detail_004_kani=true&JigyosyoCd=3390200586-00&ServiceCd=320&Type=search", "url2": "http://www.warakukai.com" }, "geometry": { "type": "Point", "coordinates": [ 133.812907900000027, 34.5433056 ] } },
{ "type": "Feature", "properties": { "内容": "グループホームのぞみ【認知症対応型共同生活介護】倉敷市白楽町40番地ピースガーデン倉敷　４階", "url": "https://www.kaigokensaku.mhlw.go.jp/33/index.php?action_kouhyou_detail_004_kani=true&JigyosyoCd=3390200859-00&ServiceCd=320&Type=search", "url2": "http://www.heisei.or.jp/" }, "geometry": { "type": "Point", "coordinates": [ 133.763656724328598, 34.591780754063258 ] } },
{ "type": "Feature", "properties": { "内容": "グループホーム　うきすの里【認知症対応型共同生活介護】岡山県倉敷市粒江2503-3", "url": "https://www.kaigokensaku.mhlw.go.jp/33/index.php?action_kouhyou_detail_004_kani=true&JigyosyoCd=3390200479-00&ServiceCd=320&Type=search", "url2": "http://www.ukisuen.com/" }, "geometry": { "type": "Point", "coordinates": [ 133.802324699999986, 34.5617497 ] } },
{ "type": "Feature", "properties": { "内容": "グループホーム第二朋寿【認知症対応型共同生活介護】岡山県倉敷市玉島爪崎549-1", "url": "https://www.kaigokensaku.mhlw.go.jp/33/index.php?action_kouhyou_detail_004_kani=true&JigyosyoCd=3370202586-00&ServiceCd=320&Type=search", "url2": "https://www.hojyu-group.com" }, "geometry": { "type": "Point", "coordinates": [ 133.6789546, 34.566965 ] } },
{ "type": "Feature", "properties": { "内容": "グループホーム朋寿【認知症対応型共同生活介護】岡山県倉敷市玉島柏島1666-1", "url": "https://www.kaigokensaku.mhlw.go.jp/33/index.php?action_kouhyou_detail_004_kani=true&JigyosyoCd=3370202099-00&ServiceCd=320&Type=search", "url2": "https://www.hojyu-group.com" }, "geometry": { "type": "Point", "coordinates": [ 133.66022380000004, 34.534518 ] } },
{ "type": "Feature", "properties": { "内容": "グループホーム亀山【認知症対応型共同生活介護】岡山県」倉敷市亀山773-1", "url": "https://www.kaigokensaku.mhlw.go.jp/33/index.php?action_kouhyou_detail_004_kani=true&JigyosyoCd=3390201949-00&ServiceCd=320&Type=search", "url2": "http://kiryukai/com/gh_kameyama/html" }, "geometry": { "type": "Point", "coordinates": [ 133.8023918, 34.5892368 ] } },
{ "type": "Feature", "properties": { "内容": "グループホーム　北畝【認知症対応型共同生活介護】倉敷市北畝7-6-22", "url": "https://www.kaigokensaku.mhlw.go.jp/33/index.php?action_kouhyou_detail_004_kani=true&JigyosyoCd=3390200693-00&ServiceCd=320&Type=search", "url2": "https://www.fukujyu.or.jp" }, "geometry": { "type": "Point", "coordinates": [ 133.7519532, 34.5469869 ] } },
{ "type": "Feature", "properties": { "内容": "グループホーム　みどりの家連島【認知症対応型共同生活介護】倉敷市連島1丁目１－１３", "url": "https://www.kaigokensaku.mhlw.go.jp/33/index.php?action_kouhyou_detail_004_kani=true&JigyosyoCd=3390200628-00&ServiceCd=320&Type=search", "url2": "http://suiseikai-group.jp//" }, "geometry": { "type": "Point", "coordinates": [ 133.738257400000066, 34.5432842 ] } },
{ "type": "Feature", "properties": { "内容": "グループホーム　コージー【認知症対応型共同生活介護】岡山県倉敷市中島８４８－６", "url": "https://www.kaigokensaku.mhlw.go.jp/33/index.php?action_kouhyou_detail_004_kani=true&JigyosyoCd=3390200420-00&ServiceCd=320&Type=search", "url2": "http://www.seiwakai-net.or.jp" }, "geometry": { "type": "Point", "coordinates": [ 133.739203399999951, 34.5782723 ] } },
{ "type": "Feature", "properties": { "内容": "グループホーム倉敷・楽々苑【認知症対応型共同生活介護】岡山県倉敷市西岡1157番地の１", "url": "https://www.kaigokensaku.mhlw.go.jp/33/index.php?action_kouhyou_detail_004_kani=true&JigyosyoCd=3390200289-00&ServiceCd=320&Type=search", "url2": "http://www.ykbs-group.jp/" }, "geometry": { "type": "Point", "coordinates": [ 133.771109577909812, 34.615872679115391 ] } },
{ "type": "Feature", "properties": { "内容": "グループホーム　友愛【認知症対応型共同生活介護】岡山県倉敷市平田１５５－１９０", "url": "https://www.kaigokensaku.mhlw.go.jp/33/index.php?action_kouhyou_detail_004_kani=true&JigyosyoCd=3370202248-00&ServiceCd=320&Type=search", "url2": "yuuai@fukujyu.or.jp" }, "geometry": { "type": "Point", "coordinates": [ 133.773716799999988, 34.612872 ] } },
{ "type": "Feature", "properties": { "内容": "グループホーム　うらら【認知症対応型共同生活介護】岡山県倉敷市茶屋町1245-3グループホームうらら", "url": "https://www.kaigokensaku.mhlw.go.jp/33/index.php?action_kouhyou_detail_004_kani=true&JigyosyoCd=3370202230-00&ServiceCd=320&Type=search", "url2": "urara@fukujyu.or.jp" }, "geometry": { "type": "Point", "coordinates": [ 133.833847399999968, 34.5713132 ] } },
{ "type": "Feature", "properties": { "内容": "グループホームみどりの家　大畠【認知症対応型共同生活介護】岡山県倉敷市大畠1丁目4番3号しもつい総合福祉センター", "url": "https://www.kaigokensaku.mhlw.go.jp/33/index.php?action_kouhyou_detail_004_kani=true&JigyosyoCd=3390201832-00&ServiceCd=320&Type=search", "url2": "http://kunpoo.jp/shisetsu/shimotsui.html" }, "geometry": { "type": "Point", "coordinates": [ 133.8093594, 34.4467002 ] } },
{ "type": "Feature", "properties": { "内容": "グループホーム船穂はなみずき【認知症対応型共同生活介護】岡山県倉敷市船穂町船穂3194-1", "url": "https://www.kaigokensaku.mhlw.go.jp/33/index.php?action_kouhyou_detail_004_kani=true&JigyosyoCd=3390200354-00&ServiceCd=320&Type=search", "url2": "http://funaohanamizuki.web.fc2.com/" }, "geometry": { "type": "Point", "coordinates": [ 133.7123805, 34.5991621 ] } },
{ "type": "Feature", "properties": { "内容": "シーサイドリビング沙美【認知症対応型共同生活介護】岡山県倉敷市玉島黒崎5577", "url": "https://www.kaigokensaku.mhlw.go.jp/33/index.php?action_kouhyou_detail_004_kani=true&JigyosyoCd=3370203949-00&ServiceCd=320&Type=search", "url2": "http://suiseikai-group.jp" }, "geometry": { "type": "Point", "coordinates": [ 133.635723900000016, 34.503364 ] } },
{ "type": "Feature", "properties": { "内容": "グループホームニューエルダー【認知症対応型共同生活介護】岡山県倉敷市玉島３１１２", "url": "https://www.kaigokensaku.mhlw.go.jp/33/index.php?action_kouhyou_detail_004_kani=true&JigyosyoCd=3370203063-00&ServiceCd=320&Type=search", "url2": "http://www.newelder" }, "geometry": { "type": "Point", "coordinates": [ 133.683970899999963, 34.5495805 ] } },
{ "type": "Feature", "properties": { "内容": "グループホーム「和らぎ」「歓び」【認知症対応型共同生活介護】岡山県倉敷市福田町古新田１０５１－２", "url": "https://www.kaigokensaku.mhlw.go.jp/33/index.php?action_kouhyou_detail_004_kani=true&JigyosyoCd=3370203089-00&ServiceCd=320&Type=search", "url2": "http:www.wakokai.com" }, "geometry": { "type": "Point", "coordinates": [ 133.771182899999985, 34.5349389 ] } },
{ "type": "Feature", "properties": { "内容": "グッドケア・倉敷【認知症対応型共同生活介護】岡山県倉敷市日吉町347-1", "url": "https://www.kaigokensaku.mhlw.go.jp/33/index.php?action_kouhyou_detail_004_kani=true&JigyosyoCd=3390201618-00&ServiceCd=320&Type=search", "url2": "http:/www.goodtimehome.com" }, "geometry": { "type": "Point", "coordinates": [ 133.756306200000012, 34.6023882 ] } },
{ "type": "Feature", "properties": { "内容": "グループホーム　みどりの家　神田【認知症対応型共同生活介護】岡山県倉敷市神田2丁目４－２", "url": "https://www.kaigokensaku.mhlw.go.jp/33/index.php?action_kouhyou_detail_004_kani=true&JigyosyoCd=3390201071-00&ServiceCd=320&Type=search", "url2": "https://suiseikai-group.jp/kunpukai/" }, "geometry": { "type": "Point", "coordinates": [ 133.737376899999958, 34.5414955 ] } },
{ "type": "Feature", "properties": { "内容": "グループホーム　みどりの家水島【認知症対応型共同生活介護】倉敷市水島北幸町４番５号", "url": "https://www.kaigokensaku.mhlw.go.jp/33/index.php?action_kouhyou_detail_004_kani=true&JigyosyoCd=3390200529-00&ServiceCd=320&Type=search", "url2": "https://suiseikai-group.jp/kunpukai/" }, "geometry": { "type": "Point", "coordinates": [ 133.73960169999998, 34.5412761 ] } },
{ "type": "Feature", "properties": { "内容": "グループホーム　あなたのふるさと　萌【認知症対応型共同生活介護】岡山県倉敷市黒石377-1", "url": "https://www.kaigokensaku.mhlw.go.jp/33/index.php?action_kouhyou_detail_004_kani=true&JigyosyoCd=3390200925-00&ServiceCd=320&Type=search", "url2": "http://moe2003.net/anatanofurusato-moe/" }, "geometry": { "type": "Point", "coordinates": [ 133.778104712303133, 34.563523887932625 ] } },
{ "type": "Feature", "properties": { "内容": "グループホーム　花の里・萌【認知症対応型共同生活介護】黒石247-1", "url": "https://www.kaigokensaku.mhlw.go.jp/33/index.php?action_kouhyou_detail_004_kani=true&JigyosyoCd=3390200917-00&ServiceCd=320&Type=search", "url2": "http://moe2003.net/hananosato-moe/" }, "geometry": { "type": "Point", "coordinates": [ 133.779076, 34.5637517 ] } },
{ "type": "Feature", "properties": { "内容": "グループホーム　ひかりの里【認知症対応型共同生活介護】岡山県倉敷市中島１７９５－６", "url": "https://www.kaigokensaku.mhlw.go.jp/33/index.php?action_kouhyou_detail_004_kani=true&JigyosyoCd=3390200396-00&ServiceCd=320&Type=search", "url2": "http://www.hikarinosato.co.jp" }, "geometry": { "type": "Point", "coordinates": [ 133.734545700000012, 34.5722368 ] } },
{ "type": "Feature", "properties": { "内容": "グループホームみどりの家　鶴の浦【認知症対応型共同生活介護】倉敷市鶴の浦3丁目2番66号", "url": "https://www.kaigokensaku.mhlw.go.jp/33/index.php?action_kouhyou_detail_004_kani=true&JigyosyoCd=3390202061-00&ServiceCd=320&Type=search", "url2": "https://suiseikai-group.jp/" }, "geometry": { "type": "Point", "coordinates": [ 133.706771300000014, 34.5479207 ] } },
{ "type": "Feature", "properties": { "内容": "グループホームてまり【認知症対応型共同生活介護】岡山県倉敷市玉島２－２４－１０", "url": "https://www.kaigokensaku.mhlw.go.jp/33/index.php?action_kouhyou_detail_004_kani=true&JigyosyoCd=3370202289-00&ServiceCd=320&Type=search", "url2": "http://www.tamashimahosp.or.jp" }, "geometry": { "type": "Point", "coordinates": [ 133.677016099999946, 34.5428644 ] } },
{ "type": "Feature", "properties": { "内容": "グループホーム　あいの泉【認知症対応型共同生活介護】岡山県倉敷市玉島1719", "url": "https://www.kaigokensaku.mhlw.go.jp/33/index.php?action_kouhyou_detail_004_kani=true&JigyosyoCd=3370202842-00&ServiceCd=320&Type=search", "url2": "http://www.sinkura-hsp.com/izumi/4.0htm" }, "geometry": { "type": "Point", "coordinates": [ 133.681287800000064, 34.5543884 ] } },
{ "type": "Feature", "properties": { "内容": "グループホームあけぼの【認知症対応型共同生活介護】岡山県倉敷市児島小川9丁目1-39", "url": "https://www.kaigokensaku.mhlw.go.jp/33/index.php?action_kouhyou_detail_004_kani=true&JigyosyoCd=3370203212-00&ServiceCd=320&Type=search", "url2": "tajimanaika.com/" }, "geometry": { "type": "Point", "coordinates": [ 133.800806562565583, 34.48954118850245 ] } },
{ "type": "Feature", "properties": { "内容": "グループホームたじま【認知症対応型共同生活介護】倉敷市児島柳田町991-１", "url": "https://www.kaigokensaku.mhlw.go.jp/33/index.php?action_kouhyou_detail_004_kani=true&JigyosyoCd=3390200180-00&ServiceCd=320&Type=search", "url2": "tajimanaika.com/" }, "geometry": { "type": "Point", "coordinates": [ 133.796581599999968, 34.4906718 ] } },
{ "type": "Feature", "properties": { "内容": "グループホームふなお【認知症対応型共同生活介護】岡山県倉敷市船穂町船穂１９５３－１", "url": "https://www.kaigokensaku.mhlw.go.jp/33/index.php?action_kouhyou_detail_004_kani=true&JigyosyoCd=3372700645-00&ServiceCd=320&Type=search", "url2": null }, "geometry": { "type": "Point", "coordinates": [ 133.69858, 34.5802222 ] } },
{ "type": "Feature", "properties": { "内容": "グループホーム倉敷【認知症対応型共同生活介護】岡山県倉敷市亀山７０１－２", "url": "https://www.kaigokensaku.mhlw.go.jp/33/index.php?action_kouhyou_detail_004_kani=true&JigyosyoCd=3370201380-00&ServiceCd=320&Type=search", "url2": "http://kiryukai.com/se_kurashiki.html" }, "geometry": { "type": "Point", "coordinates": [ 133.803273399999966, 34.5873164 ] } },
{ "type": "Feature", "properties": { "内容": "グループホームとんがりぼうし【認知症対応型共同生活介護】倉敷市玉島柏島６８８－１", "url": "https://www.kaigokensaku.mhlw.go.jp/33/index.php?action_kouhyou_detail_004_kani=true&JigyosyoCd=3390200495-00&ServiceCd=320&Type=search", "url2": "http://www.lovenet.co.jp/" }, "geometry": { "type": "Point", "coordinates": [ 133.6658675, 34.537276 ] } },
{ "type": "Feature", "properties": { "内容": "グループホームひまわりの家三田【認知症対応型共同生活介護】岡山県倉敷市三田124番地1", "url": "https://www.kaigokensaku.mhlw.go.jp/33/index.php?action_kouhyou_detail_004_kani=true&JigyosyoCd=3390201733-00&ServiceCd=320&Type=search", "url2": "http://www.sun-toshi-life.or.jp/" }, "geometry": { "type": "Point", "coordinates": [ 133.7988795, 34.6294837 ] } },
{ "type": "Feature", "properties": { "内容": "グループホームひまわりの家下庄【認知症対応型共同生活介護】岡山県倉敷市下庄701番地10", "url": "https://www.kaigokensaku.mhlw.go.jp/33/index.php?action_kouhyou_detail_004_kani=true&JigyosyoCd=3370202172-00&ServiceCd=320&Type=search", "url2": "https://suiseikai-group-.jp/heiseikai/" }, "geometry": { "type": "Point", "coordinates": [ 133.824271073016348, 34.636315500791355 ] } },
{ "type": "Feature", "properties": { "内容": "グループホームみどりの家本荘【認知症対応型共同生活介護】児島塩生405番地11", "url": "https://www.kaigokensaku.mhlw.go.jp/33/index.php?action_kouhyou_detail_004_kani=true&JigyosyoCd=3390201782-00&ServiceCd=320&Type=search", "url2": null }, "geometry": { "type": "Point", "coordinates": [ 133.772864547885149, 34.472780748053758 ] } },
{ "type": "Feature", "properties": { "内容": "グループホームみどりの家下の町【認知症対応型共同生活介護】倉敷市児島下の町７丁目１番３９号", "url": "https://www.kaigokensaku.mhlw.go.jp/33/index.php?action_kouhyou_detail_004_kani=true&JigyosyoCd=3390200552-00&ServiceCd=320&Type=search", "url2": null }, "geometry": { "type": "Point", "coordinates": [ 133.824282399999987, 34.4767492 ] } },
{ "type": "Feature", "properties": { "内容": "グループホーム　みどりの家連島中央【認知症対応型共同生活介護】連島中央４丁目１０－３０", "url": "https://www.kaigokensaku.mhlw.go.jp/33/index.php?action_kouhyou_detail_004_kani=true&JigyosyoCd=3390200685-00&ServiceCd=320&Type=search", "url2": "http://www.kunpoohukushikai.com" }, "geometry": { "type": "Point", "coordinates": [ 133.727522099999987, 34.5482085 ] } },
{ "type": "Feature", "properties": { "内容": "グループホーム庄の里　「なごみの家」【認知症対応型共同生活介護】岡山県倉敷市西尾１１番地１", "url": "https://www.kaigokensaku.mhlw.go.jp/33/index.php?action_kouhyou_detail_004_kani=true&JigyosyoCd=3390200248-00&ServiceCd=320&Type=search", "url2": "http://www.syounosato.or.jp/" }, "geometry": { "type": "Point", "coordinates": [ 133.825127599999973, 34.654085 ] } },
{ "type": "Feature", "properties": { "内容": "グループホーム向日葵【認知症対応型共同生活介護】岡山県倉敷市児島下の町10丁目374番地", "url": "https://www.kaigokensaku.mhlw.go.jp/33/index.php?action_kouhyou_detail_004_kani=true&JigyosyoCd=3370203568-00&ServiceCd=320&Type=search", "url2": "http://www.seikoh-hp.or.jp" }, "geometry": { "type": "Point", "coordinates": [ 133.828193300000066, 34.4743496 ] } },
{ "type": "Feature", "properties": { "内容": "グループホーム愛【認知症対応型共同生活介護】岡山県倉敷市中島1849", "url": "https://www.kaigokensaku.mhlw.go.jp/33/index.php?action_kouhyou_detail_004_kani=true&JigyosyoCd=3370202594-00&ServiceCd=320&Type=search", "url2": "http://ghi-kurashiki.jp/" }, "geometry": { "type": "Point", "coordinates": [ 133.731431369630883, 34.572506175898589 ] } },
{ "type": "Feature", "properties": { "内容": "グループホームぶどうの家【認知症対応型共同生活介護】岡山県倉敷市船穂町船穂1707-1", "url": "https://www.kaigokensaku.mhlw.go.jp/33/index.php?action_kouhyou_detail_004_kani=true&JigyosyoCd=3372700678-00&ServiceCd=320&Type=search", "url2": "https://www.budounoie.co.jp/" }, "geometry": { "type": "Point", "coordinates": [ 133.709475699999984, 34.5851467 ] } },
{ "type": "Feature", "properties": { "内容": "グループホーム星の家ゆうづつ【認知症対応型共同生活介護】倉敷市林471-1", "url": "https://www.kaigokensaku.mhlw.go.jp/33/index.php?action_kouhyou_detail_004_kani=true&JigyosyoCd=3390200594-00&ServiceCd=320&Type=search", "url2": "http://www.hoshi-home.com" }, "geometry": { "type": "Point", "coordinates": [ 133.814913400000023, 34.5413587 ] } },
{ "type": "Feature", "properties": { "内容": "グループホームまきびの丘【認知症対応型共同生活介護】岡山県倉敷市真備町市場303-1", "url": "https://www.kaigokensaku.mhlw.go.jp/33/index.php?action_kouhyou_detail_004_kani=true&JigyosyoCd=3373000136-00&ServiceCd=320&Type=search", "url2": "https://www.makibinooka.jp/" }, "geometry": { "type": "Point", "coordinates": [ 133.69045129999995, 34.6436155 ] } },
{ "type": "Feature", "properties": { "内容": "グループホーム淳厚苑【認知症対応型共同生活介護】岡山県津山市加茂町塔中105グループホーム淳厚苑グループホーム淳厚苑", "url": "https://www.kaigokensaku.mhlw.go.jp/33/index.php?action_kouhyou_detail_004_kani=true&JigyosyoCd=3373500309-00&ServiceCd=320&Type=search", "url2": "http://spirits-care.jp/" }, "geometry": { "type": "Point", "coordinates": [ 134.05428517857365, 35.178532378019632 ] } },
{ "type": "Feature", "properties": { "内容": "グループホーム　さくらんぼ【認知症対応型共同生活介護】津山市日上１４６８－１", "url": "https://www.kaigokensaku.mhlw.go.jp/33/index.php?action_kouhyou_detail_004_kani=true&JigyosyoCd=3370301164-00&ServiceCd=320&Type=search", "url2": null }, "geometry": { "type": "Point", "coordinates": [ 134.024672, 35.0526371 ] } },
{ "type": "Feature", "properties": { "内容": "グループホーム　日だまりハウス【認知症対応型共同生活介護】岡山県津山市桑下１３１２－１", "url": "https://www.kaigokensaku.mhlw.go.jp/33/index.php?action_kouhyou_detail_004_kani=true&JigyosyoCd=3373800360-00&ServiceCd=320&Type=search", "url2": null }, "geometry": { "type": "Point", "coordinates": [ 133.919236700000056, 35.0280152 ] } },
{ "type": "Feature", "properties": { "内容": "グループホーム　日だまりハウス　別館【認知症対応型共同生活介護】岡山県津山市桑下１３１６－１", "url": "https://www.kaigokensaku.mhlw.go.jp/33/index.php?action_kouhyou_detail_004_kani=true&JigyosyoCd=3370301123-00&ServiceCd=320&Type=search", "url2": null }, "geometry": { "type": "Point", "coordinates": [ 133.919050700000071, 35.0276402 ] } },
{ "type": "Feature", "properties": { "内容": "グループホームのどか【認知症対応型共同生活介護】岡山県津山市神戸262-1", "url": "https://www.kaigokensaku.mhlw.go.jp/33/index.php?action_kouhyou_detail_004_kani=true&JigyosyoCd=3370300638-00&ServiceCd=320&Type=search", "url2": null }, "geometry": { "type": "Point", "coordinates": [ 133.9451262, 35.0571874 ] } },
{ "type": "Feature", "properties": { "内容": "グループホーム総社【認知症対応型共同生活介護】岡山県津山市総社３０９", "url": "https://www.kaigokensaku.mhlw.go.jp/33/index.php?action_kouhyou_detail_004_kani=true&JigyosyoCd=3370300893-00&ServiceCd=320&Type=search", "url2": null }, "geometry": { "type": "Point", "coordinates": [ 133.9922659, 35.0761893 ] } },
{ "type": "Feature", "properties": { "内容": "グループホーム敬愛【認知症対応型共同生活介護】岡山県津山市東一宮22-10", "url": "https://www.kaigokensaku.mhlw.go.jp/33/index.php?action_kouhyou_detail_004_kani=true&JigyosyoCd=3370300935-00&ServiceCd=320&Type=search", "url2": "http://www.keiai24.com/" }, "geometry": { "type": "Point", "coordinates": [ 134.001542, 35.0959483 ] } },
{ "type": "Feature", "properties": { "内容": "グループホーム生き活き館津山【認知症対応型共同生活介護】岡山県津山市大谷６１１－２", "url": "https://www.kaigokensaku.mhlw.go.jp/33/index.php?action_kouhyou_detail_004_kani=true&JigyosyoCd=3370300984-00&ServiceCd=320&Type=search", "url2": "http://iki2.org/" }, "geometry": { "type": "Point", "coordinates": [ 133.993088700000044, 35.0543471 ] } },
{ "type": "Feature", "properties": { "内容": "グループホーム　じーちゃん・ばーちゃんのお家【認知症対応型共同生活介護】岡山県津山市大谷295-1", "url": "https://www.kaigokensaku.mhlw.go.jp/33/index.php?action_kouhyou_detail_004_kani=true&JigyosyoCd=3370301016-00&ServiceCd=320&Type=search", "url2": "https://gb-house.jp/" }, "geometry": { "type": "Point", "coordinates": [ 133.9992327, 35.0522724 ] } },
{ "type": "Feature", "properties": { "内容": "グループホームのどか【認知症対応型共同生活介護】岡山県津山市下高倉西544番地1", "url": "https://www.kaigokensaku.mhlw.go.jp/33/index.php?action_kouhyou_detail_004_kani=true&JigyosyoCd=3370301057-00&ServiceCd=320&Type=search", "url2": null }, "geometry": { "type": "Point", "coordinates": [ 134.04895769999996, 35.086106500000021 ] } },
{ "type": "Feature", "properties": { "内容": "グループホーム国府の里【認知症対応型共同生活介護】岡山県津山市総社３４－１", "url": "https://www.kaigokensaku.mhlw.go.jp/33/index.php?action_kouhyou_detail_004_kani=true&JigyosyoCd=3370301180-00&ServiceCd=320&Type=search", "url2": "http://souja-kids.com/contents/feature.html" }, "geometry": { "type": "Point", "coordinates": [ 133.996904399999949, 35.0754507 ] } },
{ "type": "Feature", "properties": { "内容": "グループホーム　杉宮【認知症対応型共同生活介護】岡山県津山市杉宮820-1", "url": "https://www.kaigokensaku.mhlw.go.jp/33/index.php?action_kouhyou_detail_004_kani=true&JigyosyoCd=3370301214-00&ServiceCd=320&Type=search", "url2": "http://www.kamo-koyokai.jp/" }, "geometry": { "type": "Point", "coordinates": [ 134.088019799999984, 35.0894757 ] } },
{ "type": "Feature", "properties": { "内容": "グループホーム　愛【認知症対応型共同生活介護】津山市桑下1227-2", "url": "https://www.kaigokensaku.mhlw.go.jp/33/index.php?action_kouhyou_detail_004_kani=true&JigyosyoCd=3390300022-00&ServiceCd=320&Type=search", "url2": "http://www.aiwa-kai.or.jp/" }, "geometry": { "type": "Point", "coordinates": [ 133.921272338237031, 35.029516606574283 ] } },
{ "type": "Feature", "properties": { "内容": "一般財団法人　共愛会　グループホーム作楽【認知症対応型共同生活介護】岡山県津山市神戸571-1", "url": "https://www.kaigokensaku.mhlw.go.jp/33/index.php?action_kouhyou_detail_004_kani=true&JigyosyoCd=3390300212-00&ServiceCd=320&Type=search", "url2": "https://kyouaikai.or.jp/" }, "geometry": { "type": "Point", "coordinates": [ 133.940413841104515, 35.0658126555835 ] } },
{ "type": "Feature", "properties": { "内容": "グループホーム　うぐいす【認知症対応型共同生活介護】岡山県津山市瓜生原３３１", "url": "https://www.kaigokensaku.mhlw.go.jp/33/index.php?action_kouhyou_detail_004_kani=true&JigyosyoCd=3370300661-00&ServiceCd=320&Type=search", "url2": "http://www.uguisuen.jp/" }, "geometry": { "type": "Point", "coordinates": [ 134.041409299999941, 35.0434301 ] } },
{ "type": "Feature", "properties": { "内容": "グループホーム　ほほえみ【認知症対応型共同生活介護】岡山県津山市下高倉西549-43", "url": "https://www.kaigokensaku.mhlw.go.jp/33/index.php?action_kouhyou_detail_004_kani=true&JigyosyoCd=3370300596-00&ServiceCd=320&Type=search", "url2": null }, "geometry": { "type": "Point", "coordinates": [ 134.048988773016418, 35.084838058854686 ] } },
{ "type": "Feature", "properties": { "内容": "グループホーム　ねむの樹【認知症対応型共同生活介護】岡山県津山市高野本郷1691-3", "url": "https://www.kaigokensaku.mhlw.go.jp/33/index.php?action_kouhyou_detail_004_kani=true&JigyosyoCd=3370301024-00&ServiceCd=320&Type=search", "url2": "https://nemunoki-okayama.com" }, "geometry": { "type": "Point", "coordinates": [ 134.059168199999931, 35.0754969 ] } },
{ "type": "Feature", "properties": { "内容": "グループホーム久米【認知症対応型共同生活介護】岡山県津山市久米川南2551", "url": "https://www.kaigokensaku.mhlw.go.jp/33/index.php?action_kouhyou_detail_004_kani=true&JigyosyoCd=3370301115-00&ServiceCd=320&Type=search", "url2": null }, "geometry": { "type": "Point", "coordinates": [ 133.942390499999988, 35.0446444 ] } },
{ "type": "Feature", "properties": { "内容": "グループホーム津山【認知症対応型共同生活介護】岡山県津山市小田中１３８－１", "url": "https://www.kaigokensaku.mhlw.go.jp/33/index.php?action_kouhyou_detail_004_kani=true&JigyosyoCd=3390300048-00&ServiceCd=320&Type=search", "url2": "http://www.uguisuen.jp/" }, "geometry": { "type": "Point", "coordinates": [ 133.997854500000017, 35.069132 ] } },
{ "type": "Feature", "properties": { "内容": "グループホームみすず【認知症対応型共同生活介護】岡山県津山市瓜生原３２６－１", "url": "https://www.kaigokensaku.mhlw.go.jp/33/index.php?action_kouhyou_detail_004_kani=true&JigyosyoCd=3390300014-00&ServiceCd=320&Type=search", "url2": "https://www.uguisuen.jp/facility/misuzu/" }, "geometry": { "type": "Point", "coordinates": [ 134.041309299999966, 35.0428246 ] } },
{ "type": "Feature", "properties": { "内容": "グループホームゆとり【認知症対応型共同生活介護】岡山県玉野市玉原２丁目１７－２１", "url": "https://www.kaigokensaku.mhlw.go.jp/33/index.php?action_kouhyou_detail_004_kani=true&JigyosyoCd=3390400046-00&ServiceCd=320&Type=search", "url2": "http://www.yutori-yurari.co.jp/smilecare.html" }, "geometry": { "type": "Point", "coordinates": [ 133.913139300000012, 34.4804632 ] } },
{ "type": "Feature", "properties": { "内容": "グループホームおかげさん【認知症対応型共同生活介護】玉野市玉１丁目８－８", "url": "https://www.kaigokensaku.mhlw.go.jp/33/index.php?action_kouhyou_detail_004_kani=true&JigyosyoCd=3390400145-00&ServiceCd=320&Type=search", "url2": null }, "geometry": { "type": "Point", "coordinates": [ 133.93619590000003, 34.4810719 ] } },
{ "type": "Feature", "properties": { "内容": "グループホームゆらり【認知症対応型共同生活介護】玉野市玉原２丁目１７－21", "url": "https://www.kaigokensaku.mhlw.go.jp/33/index.php?action_kouhyou_detail_004_kani=true&JigyosyoCd=3390400129-00&ServiceCd=320&Type=search", "url2": "http://www.yutori-yurari.co.jp/smilecare.html" }, "geometry": { "type": "Point", "coordinates": [ 133.91314310223845, 34.480464307225269 ] } },
{ "type": "Feature", "properties": { "内容": "グループホーム喜楽荘【認知症対応型共同生活介護】岡山県玉野市渋川1丁目13番5号", "url": "https://www.kaigokensaku.mhlw.go.jp/33/index.php?action_kouhyou_detail_004_kani=true&JigyosyoCd=3390400194-00&ServiceCd=320&Type=search", "url2": "http://www.fuku-sankeikai.jp/outline.asp" }, "geometry": { "type": "Point", "coordinates": [ 133.9069204, 34.4585818 ] } },
{ "type": "Feature", "properties": { "内容": "グループホームハモニカドゥーエ【認知症対応型共同生活介護】岡山県玉野市長尾2116", "url": "https://www.kaigokensaku.mhlw.go.jp/33/index.php?action_kouhyou_detail_004_kani=true&JigyosyoCd=3390400137-00&ServiceCd=320&Type=search", "url2": "http://www.hamonika.com" }, "geometry": { "type": "Point", "coordinates": [ 133.88880332890551, 34.492126752024753 ] } },
{ "type": "Feature", "properties": { "内容": "愛の家グループホーム玉野【認知症対応型共同生活介護】岡山県玉野市田井1丁目6-19", "url": "https://www.kaigokensaku.mhlw.go.jp/33/index.php?action_kouhyou_detail_004_kani=true&JigyosyoCd=3390400038-00&ServiceCd=320&Type=search", "url2": "http://www.mcsg.co.jp/" }, "geometry": { "type": "Point", "coordinates": [ 133.948114499999946, 34.5098807 ] } },
{ "type": "Feature", "properties": { "内容": "グループホームこまくさ【認知症対応型共同生活介護】岡山県玉野市宇野2丁目１９－１８", "url": "https://www.kaigokensaku.mhlw.go.jp/33/index.php?action_kouhyou_detail_004_kani=true&JigyosyoCd=3370400545-00&ServiceCd=320&Type=search", "url2": "http://www.komakusakai.com/" }, "geometry": { "type": "Point", "coordinates": [ 133.940340099999958, 34.4913322 ] } },
{ "type": "Feature", "properties": { "内容": "グループホーム　　やわらぎ【認知症対応型共同生活介護】岡山県玉野市宇野２丁目１３－１０", "url": "https://www.kaigokensaku.mhlw.go.jp/33/index.php?action_kouhyou_detail_004_kani=true&JigyosyoCd=3370400602-00&ServiceCd=320&Type=search", "url2": "http://okazaki-k.co.jp/" }, "geometry": { "type": "Point", "coordinates": [ 133.94228720000001, 34.490424 ] } },
{ "type": "Feature", "properties": { "内容": "グループホーム　　はるや【認知症対応型共同生活介護】岡山県玉野市東高崎２５－１８３", "url": "https://www.kaigokensaku.mhlw.go.jp/33/index.php?action_kouhyou_detail_004_kani=true&JigyosyoCd=3370400610-00&ServiceCd=320&Type=search", "url2": "http://www.rcare.jp" }, "geometry": { "type": "Point", "coordinates": [ 133.895134399999961, 34.5349928 ] } },
{ "type": "Feature", "properties": { "内容": "グループホーム和楽の家　東児【認知症対応型共同生活介護】岡山県玉野市西田井地２２５６－１", "url": "https://www.kaigokensaku.mhlw.go.jp/33/index.php?action_kouhyou_detail_004_kani=true&JigyosyoCd=3390400061-00&ServiceCd=320&Type=search", "url2": "http://oubaitouri.net" }, "geometry": { "type": "Point", "coordinates": [ 133.994300899999985, 34.5513797 ] } },
{ "type": "Feature", "properties": { "内容": "グループホーム　アガペ【認知症対応型共同生活介護】岡山県玉野市八浜町八浜1440-4", "url": "https://www.kaigokensaku.mhlw.go.jp/33/index.php?action_kouhyou_detail_004_kani=true&JigyosyoCd=3390400152-00&ServiceCd=320&Type=search", "url2": "http://agape-wanoka.com/" }, "geometry": { "type": "Point", "coordinates": [ 133.945043899999973, 34.5549033 ] } },
{ "type": "Feature", "properties": { "内容": "グループホーム和楽の家　荘内【認知症対応型共同生活介護】岡山県玉野市長尾３３３－３", "url": "https://www.kaigokensaku.mhlw.go.jp/33/index.php?action_kouhyou_detail_004_kani=true&JigyosyoCd=3390400160-00&ServiceCd=320&Type=search", "url2": "http://oubaitouri.net" }, "geometry": { "type": "Point", "coordinates": [ 133.887847100000045, 34.4940925 ] } },
{ "type": "Feature", "properties": { "内容": "グループホーム　夢【認知症対応型共同生活介護】岡山県玉野市山田443-2", "url": "https://www.kaigokensaku.mhlw.go.jp/33/index.php?action_kouhyou_detail_004_kani=true&JigyosyoCd=3390400178-00&ServiceCd=320&Type=search", "url2": "https://yume-shinseikai.or.jp" }, "geometry": { "type": "Point", "coordinates": [ 133.989165400000047, 34.5471384 ] } },
{ "type": "Feature", "properties": { "内容": "グループホーム　なでしこ【認知症対応型共同生活介護】岡山県玉野市和田１－１２－３７", "url": "https://www.kaigokensaku.mhlw.go.jp/33/index.php?action_kouhyou_detail_004_kani=true&JigyosyoCd=3390400244-00&ServiceCd=320&Type=search", "url2": null }, "geometry": { "type": "Point", "coordinates": [ 133.923321699999974, 34.4699864 ] } },
{ "type": "Feature", "properties": { "内容": "けあビジョンホーム玉野【認知症対応型共同生活介護】岡山県玉野市東田井地１４３５－４", "url": "https://www.kaigokensaku.mhlw.go.jp/33/index.php?action_kouhyou_detail_004_kani=true&JigyosyoCd=3390400301-00&ServiceCd=320&Type=search", "url2": null }, "geometry": { "type": "Point", "coordinates": [ 133.9976398, 34.5523927 ] } },
{ "type": "Feature", "properties": { "内容": "グループホーム　桃源の家　大島【認知症対応型共同生活介護】岡山県笠岡市西大島長通4415-1", "url": "https://www.kaigokensaku.mhlw.go.jp/33/index.php?action_kouhyou_detail_004_kani=true&JigyosyoCd=3390500076-00&ServiceCd=320&Type=search", "url2": "http://elder-support.com" }, "geometry": { "type": "Point", "coordinates": [ 133.534150899999986, 34.490801 ] } },
{ "type": "Feature", "properties": { "内容": "グループホームあいあい【認知症対応型共同生活介護】岡山県笠岡市白石島４５５番地", "url": "https://www.kaigokensaku.mhlw.go.jp/33/index.php?action_kouhyou_detail_004_kani=true&JigyosyoCd=3390500043-00&ServiceCd=320&Type=search", "url2": null }, "geometry": { "type": "Point", "coordinates": [ 133.5144113, 34.408935900000017 ] } },
{ "type": "Feature", "properties": { "内容": "グループホームゆめ【認知症対応型共同生活介護】岡山県笠岡市神島字古江5486", "url": "https://www.kaigokensaku.mhlw.go.jp/33/index.php?action_kouhyou_detail_004_kani=true&JigyosyoCd=3390500142-00&ServiceCd=320&Type=search", "url2": "https://yumeyumehouse.com/" }, "geometry": { "type": "Point", "coordinates": [ 133.525385693634433, 34.464680359078564 ] } },
{ "type": "Feature", "properties": { "内容": "グループホーム　愛の郷　笠岡【認知症対応型共同生活介護】岡山県笠岡市生江浜585-1", "url": "https://www.kaigokensaku.mhlw.go.jp/33/index.php?action_kouhyou_detail_004_kani=true&JigyosyoCd=3370500492-00&ServiceCd=320&Type=search", "url2": "http://elder-support.com" }, "geometry": { "type": "Point", "coordinates": [ 133.483428900000035, 34.5098019 ] } },
{ "type": "Feature", "properties": { "内容": "グループホームみたけ【認知症対応型共同生活介護】岡山県笠岡市西大島3253", "url": "https://www.kaigokensaku.mhlw.go.jp/33/index.php?action_kouhyou_detail_004_kani=true&JigyosyoCd=3390500035-00&ServiceCd=320&Type=search", "url2": null }, "geometry": { "type": "Point", "coordinates": [ 133.5322648, 34.4943062 ] } },
{ "type": "Feature", "properties": { "内容": "グループホーム新賀Ⅱ（きのこのき）【認知症対応型共同生活介護】岡山県笠岡市新賀字美之越３２２０－２８番地", "url": "https://www.kaigokensaku.mhlw.go.jp/33/index.php?action_kouhyou_detail_004_kani=true&JigyosyoCd=3370500377-00&ServiceCd=320&Type=search", "url2": "http://www.kinoko-group.jp" }, "geometry": { "type": "Point", "coordinates": [ 133.504166396483868, 34.553165840634229 ] } },
{ "type": "Feature", "properties": { "内容": "グループホーム　赤い屋根の家【認知症対応型共同生活介護】岡山県笠岡市吉浜2485-5", "url": "https://www.kaigokensaku.mhlw.go.jp/33/index.php?action_kouhyou_detail_004_kani=true&JigyosyoCd=3370500393-00&ServiceCd=320&Type=search", "url2": "http://www.akaiyanenoie.jp/" }, "geometry": { "type": "Point", "coordinates": [ 133.492403056668877, 34.521289248678379 ] } },
{ "type": "Feature", "properties": { "内容": "グループホーム泰山木【認知症対応型共同生活介護】岡山県笠岡市横島1216", "url": "https://www.kaigokensaku.mhlw.go.jp/33/index.php?action_kouhyou_detail_004_kani=true&JigyosyoCd=3370500591-00&ServiceCd=320&Type=search", "url2": "http://www.kabutokai.jp" }, "geometry": { "type": "Point", "coordinates": [ 133.522365600000057, 34.4854711 ] } },
{ "type": "Feature", "properties": { "内容": "グループホーム　ローゴム【認知症対応型共同生活介護】岡山県笠岡市東大戸2712-3", "url": "https://www.kaigokensaku.mhlw.go.jp/33/index.php?action_kouhyou_detail_004_kani=true&JigyosyoCd=3370500344-00&ServiceCd=320&Type=search", "url2": "http://www.kinoko-group.jp/" }, "geometry": { "type": "Point", "coordinates": [ 133.504143, 34.5529595 ] } },
{ "type": "Feature", "properties": { "内容": "グループホーム新賀【認知症対応型共同生活介護】岡山県笠岡市新賀字美之越３２２０－２５番地", "url": "https://www.kaigokensaku.mhlw.go.jp/33/index.php?action_kouhyou_detail_004_kani=true&JigyosyoCd=3370500294-00&ServiceCd=320&Type=search", "url2": "http://www.kinoko-group.jp" }, "geometry": { "type": "Point", "coordinates": [ 133.504551649623835, 34.553180458596337 ] } },
{ "type": "Feature", "properties": { "内容": "あんきな家【認知症対応型共同生活介護】岡山県笠岡市新賀美之越３２２０－８", "url": "https://www.kaigokensaku.mhlw.go.jp/33/index.php?action_kouhyou_detail_004_kani=true&JigyosyoCd=3370500328-00&ServiceCd=320&Type=search", "url2": "http://www.kinoko-group.jp" }, "geometry": { "type": "Point", "coordinates": [ 133.52826570000002, 34.563581 ] } },
{ "type": "Feature", "properties": { "内容": "グループホーム菊の里【認知症対応型共同生活介護】岡山県笠岡市吉田字山中３９番１", "url": "https://www.kaigokensaku.mhlw.go.jp/33/index.php?action_kouhyou_detail_004_kani=true&JigyosyoCd=3390500084-00&ServiceCd=320&Type=search", "url2": "http://www.alice-japan.co.jp" }, "geometry": { "type": "Point", "coordinates": [ 133.5074409, 34.5071797 ] } },
{ "type": "Feature", "properties": { "内容": "笠岡市　炉端の家【認知症対応型共同生活介護】岡山県笠岡市吉浜１３９９番地", "url": "https://www.kaigokensaku.mhlw.go.jp/33/index.php?action_kouhyou_detail_004_kani=true&JigyosyoCd=3370500245-00&ServiceCd=320&Type=search", "url2": null }, "geometry": { "type": "Point", "coordinates": [ 133.479707, 34.5213482 ] } },
{ "type": "Feature", "properties": { "内容": "グループホーム　楽々園【認知症対応型共同生活介護】岡山県井原市大江町4505-5", "url": "https://www.kaigokensaku.mhlw.go.jp/33/index.php?action_kouhyou_detail_004_kani=true&JigyosyoCd=3370700472-00&ServiceCd=320&Type=search", "url2": null }, "geometry": { "type": "Point", "coordinates": [ 133.434746, 34.5685441 ] } },
{ "type": "Feature", "properties": { "内容": "グループホームいづえ楽寿【認知症対応型共同生活介護】岡山県井原市笹賀町2-10-8", "url": "https://www.kaigokensaku.mhlw.go.jp/33/index.php?action_kouhyou_detail_004_kani=true&JigyosyoCd=3370700324-00&ServiceCd=320&Type=search", "url2": null }, "geometry": { "type": "Point", "coordinates": [ 133.443627699999979, 34.5901059 ] } },
{ "type": "Feature", "properties": { "内容": "グループホーム　美星【認知症対応型共同生活介護】岡山県井原市美星町西水砂字横道291-2", "url": "https://www.kaigokensaku.mhlw.go.jp/33/index.php?action_kouhyou_detail_004_kani=true&JigyosyoCd=3390700015-00&ServiceCd=320&Type=search", "url2": null }, "geometry": { "type": "Point", "coordinates": [ 133.533495099999982, 34.672911 ] } },
{ "type": "Feature", "properties": { "内容": "グループホーム　ラスパみずき【認知症対応型共同生活介護】岡山県井原市下出部町872", "url": "https://www.kaigokensaku.mhlw.go.jp/33/index.php?action_kouhyou_detail_004_kani=true&JigyosyoCd=3390700080-00&ServiceCd=320&Type=search", "url2": "http://www.ibara.ne.jp/~mizuki" }, "geometry": { "type": "Point", "coordinates": [ 133.435700699999984, 34.5846424 ] } },
{ "type": "Feature", "properties": { "内容": "サンキ・ウエルビィ　グループホーム井原【認知症対応型共同生活介護】岡山県井原市西江原町1549-1", "url": "https://www.kaigokensaku.mhlw.go.jp/33/index.php?action_kouhyou_detail_004_kani=true&JigyosyoCd=3390700064-00&ServiceCd=320&Type=search", "url2": null }, "geometry": { "type": "Point", "coordinates": [ 133.479160500000035, 34.6007075 ] } },
{ "type": "Feature", "properties": { "内容": "グループホームこよし【認知症対応型共同生活介護】岡山県井原市高屋町3-25-30", "url": "https://www.kaigokensaku.mhlw.go.jp/33/index.php?action_kouhyou_detail_004_kani=true&JigyosyoCd=3390700106-00&ServiceCd=320&Type=search", "url2": "http://nakayoshi-koyoshi.jimdo.com" }, "geometry": { "type": "Point", "coordinates": [ 133.4321569, 34.5781458 ] } },
{ "type": "Feature", "properties": { "内容": "グループホームまごころ・縁【認知症対応型共同生活介護】岡山県井原市高屋町1511番地1", "url": "https://www.kaigokensaku.mhlw.go.jp/33/index.php?action_kouhyou_detail_004_kani=true&JigyosyoCd=3390700171-00&ServiceCd=320&Type=search", "url2": null }, "geometry": { "type": "Point", "coordinates": [ 133.432190499999962, 34.5838944 ] } },
{ "type": "Feature", "properties": { "内容": "グループホームまごころ【認知症対応型共同生活介護】岡山県井原市高屋町1511番地2", "url": "https://www.kaigokensaku.mhlw.go.jp/33/index.php?action_kouhyou_detail_004_kani=true&JigyosyoCd=3390700148-00&ServiceCd=320&Type=search", "url2": null }, "geometry": { "type": "Point", "coordinates": [ 133.43202610000003, 34.5838925 ] } },
{ "type": "Feature", "properties": { "内容": "グループホームよしい【認知症対応型共同生活介護】岡山県井原市芳井町簗瀬201－1", "url": "https://www.kaigokensaku.mhlw.go.jp/33/index.php?action_kouhyou_detail_004_kani=true&JigyosyoCd=3390700130-00&ServiceCd=320&Type=search", "url2": null }, "geometry": { "type": "Point", "coordinates": [ 133.438296835473722, 34.620777525728769 ] } },
{ "type": "Feature", "properties": { "内容": "グループホームやなせ【認知症対応型共同生活介護】岡山県井原市芳井町簗瀬145-5グループホームやなせ", "url": "https://www.kaigokensaku.mhlw.go.jp/33/index.php?action_kouhyou_detail_004_kani=true&JigyosyoCd=3372900104-00&ServiceCd=320&Type=search", "url2": null }, "geometry": { "type": "Point", "coordinates": [ 133.43489610000006, 34.6209301 ] } },
{ "type": "Feature", "properties": { "内容": "ニチイケアセンター稲倉【認知症対応型共同生活介護】岡山県井原市下稲木町1268-1", "url": "https://www.kaigokensaku.mhlw.go.jp/33/index.php?action_kouhyou_detail_004_kani=true&JigyosyoCd=3390700197-00&ServiceCd=320&Type=search", "url2": "https://www.nichii-kaigo.jp/base/base-result/05CD5/" }, "geometry": { "type": "Point", "coordinates": [ 133.461703825131195, 34.566071147649161 ] } },
{ "type": "Feature", "properties": { "内容": "グループホーム　井原ラーゴム【認知症対応型共同生活介護】岡山県井原市西方町１４２５－１", "url": "https://www.kaigokensaku.mhlw.go.jp/33/index.php?action_kouhyou_detail_004_kani=true&JigyosyoCd=3370700456-00&ServiceCd=320&Type=search", "url2": "ra-gom@ibara.ne.jp" }, "geometry": { "type": "Point", "coordinates": [ 133.4815999, 34.5779547 ] } },
{ "type": "Feature", "properties": { "内容": "有限会社グループホーム苺の里【認知症対応型共同生活介護】岡山県総社市久代５８３２番地の１", "url": "https://www.kaigokensaku.mhlw.go.jp/33/index.php?action_kouhyou_detail_004_kani=true&JigyosyoCd=3370800462-00&ServiceCd=320&Type=search", "url2": "ichigonosato15.com" }, "geometry": { "type": "Point", "coordinates": [ 133.691441700000041, 34.6804313 ] } },
{ "type": "Feature", "properties": { "内容": "グループホームFLATⅠ【認知症対応型共同生活介護】岡山県総社市総社2丁目23番地10", "url": "https://www.kaigokensaku.mhlw.go.jp/33/index.php?action_kouhyou_detail_004_kani=true&JigyosyoCd=3390800146-00&ServiceCd=320&Type=search", "url2": "http://www.keizankai.or.jp/outline.asp" }, "geometry": { "type": "Point", "coordinates": [ 133.754174799999987, 34.6775596 ] } },
{ "type": "Feature", "properties": { "内容": "グループホームきのじょう【認知症対応型共同生活介護】岡山県総社市北溝手５５－１", "url": "https://www.kaigokensaku.mhlw.go.jp/33/index.php?action_kouhyou_detail_004_kani=true&JigyosyoCd=3390800047-00&ServiceCd=320&Type=search", "url2": "Kinojou-choujunosato.com" }, "geometry": { "type": "Point", "coordinates": [ 133.771494800000028, 34.69215 ] } },
{ "type": "Feature", "properties": { "内容": "グループホーム総社中央【認知症対応型共同生活介護】総社市中央4丁目１－１１４", "url": "https://www.kaigokensaku.mhlw.go.jp/33/index.php?action_kouhyou_detail_004_kani=true&JigyosyoCd=3390800062-00&ServiceCd=320&Type=search", "url2": null }, "geometry": { "type": "Point", "coordinates": [ 133.750658700000031, 34.6731461 ] } },
{ "type": "Feature", "properties": { "内容": "グル－プホ－ム吉備の里【認知症対応型共同生活介護】岡山県総社市三須1225-9", "url": "https://www.kaigokensaku.mhlw.go.jp/33/index.php?action_kouhyou_detail_004_kani=true&JigyosyoCd=3390800112-00&ServiceCd=320&Type=search", "url2": null }, "geometry": { "type": "Point", "coordinates": [ 133.769437899999957, 34.6755598 ] } },
{ "type": "Feature", "properties": { "内容": "みんなの家　いずみ【認知症対応型共同生活介護】岡山県総社市小寺990", "url": "https://www.kaigokensaku.mhlw.go.jp/33/index.php?action_kouhyou_detail_004_kani=true&JigyosyoCd=3370800470-00&ServiceCd=320&Type=search", "url2": "kyk-mc.or.jp" }, "geometry": { "type": "Point", "coordinates": [ 133.747052599999961, 34.6875643 ] } },
{ "type": "Feature", "properties": { "内容": "グループホーム　ことりの里　吉備【認知症対応型共同生活介護】岡山県総社市中央６丁目１２－１０６", "url": "https://www.kaigokensaku.mhlw.go.jp/33/index.php?action_kouhyou_detail_004_kani=true&JigyosyoCd=3370800579-00&ServiceCd=320&Type=search", "url2": "https://kotorinosato-kibi.jp/" }, "geometry": { "type": "Point", "coordinates": [ 133.750924679727547, 34.667537676310161 ] } },
{ "type": "Feature", "properties": { "内容": "みんなの家　そよかぜ【認知症対応型共同生活介護】岡山県総社市小寺990", "url": "https://www.kaigokensaku.mhlw.go.jp/33/index.php?action_kouhyou_detail_004_kani=true&JigyosyoCd=3370800520-00&ServiceCd=320&Type=search", "url2": "www.izumi-no-kokoro.or.jp/kouyukai/minna.html" }, "geometry": { "type": "Point", "coordinates": [ 133.747052599999961, 34.6875643 ] } },
{ "type": "Feature", "properties": { "内容": "ﾆﾁｲｹｱｾﾝﾀｰ吉備路【認知症対応型共同生活介護】岡山県総社市宿903－1", "url": "https://www.kaigokensaku.mhlw.go.jp/33/index.php?action_kouhyou_detail_004_kani=true&JigyosyoCd=3390800179-00&ServiceCd=320&Type=search", "url2": "www.nichiigakkan.co.jp" }, "geometry": { "type": "Point", "coordinates": [ 133.7884922, 34.6619033 ] } },
{ "type": "Feature", "properties": { "内容": "グループホーム　清音【認知症対応型共同生活介護】岡山県総社市清音上中島208-3", "url": "https://www.kaigokensaku.mhlw.go.jp/33/index.php?action_kouhyou_detail_004_kani=true&JigyosyoCd=3372600217-00&ServiceCd=320&Type=search", "url2": "http://www.oasis-kiyone.com/index.htm" }, "geometry": { "type": "Point", "coordinates": [ 133.73231080000005, 34.6426019 ] } },
{ "type": "Feature", "properties": { "内容": "グループホーム　びっちゅう【認知症対応型共同生活介護】岡山県高梁市備中町平川６３８５－１０", "url": "https://www.kaigokensaku.mhlw.go.jp/33/index.php?action_kouhyou_detail_004_kani=true&JigyosyoCd=3373200298-00&ServiceCd=320&Type=search", "url2": "http://www.fukujyu.or.jp/gh.html" }, "geometry": { "type": "Point", "coordinates": [ 133.38293909999993, 34.7930767 ] } },
{ "type": "Feature", "properties": { "内容": "グループホームささゆり苑【認知症対応型共同生活介護】岡山県高梁市成羽町長地４５３－５0866-29-9112", "url": "https://www.kaigokensaku.mhlw.go.jp/33/index.php?action_kouhyou_detail_004_kani=true&JigyosyoCd=3373200157-00&ServiceCd=320&Type=search", "url2": "「http://www.takahashi-shakyo.org/」" }, "geometry": { "type": "Point", "coordinates": [ 133.464241899999934, 34.7992672 ] } },
{ "type": "Feature", "properties": { "内容": "グループホーム　ウェルネス津川【認知症対応型共同生活介護】津川町今津１８２６－１", "url": "https://www.kaigokensaku.mhlw.go.jp/33/index.php?action_kouhyou_detail_004_kani=true&JigyosyoCd=3390900086-00&ServiceCd=320&Type=search", "url2": null }, "geometry": { "type": "Point", "coordinates": [ 133.629000099999985, 34.8301764 ] } },
{ "type": "Feature", "properties": { "内容": "グループホームやすらぎ荘【認知症対応型共同生活介護】岡山県高梁市備中町布賀3513-2", "url": "https://www.kaigokensaku.mhlw.go.jp/33/index.php?action_kouhyou_detail_004_kani=true&JigyosyoCd=3390900177-00&ServiceCd=320&Type=search", "url2": null }, "geometry": { "type": "Point", "coordinates": [ 133.424286099999989, 34.7917357 ] } },
{ "type": "Feature", "properties": { "内容": "グループホーム　ケアポート生き活き館巨瀬【認知症対応型共同生活介護】高梁市巨瀬町5540-1", "url": "https://www.kaigokensaku.mhlw.go.jp/33/index.php?action_kouhyou_detail_004_kani=true&JigyosyoCd=3390900078-00&ServiceCd=320&Type=search", "url2": null }, "geometry": { "type": "Point", "coordinates": [ 133.624344699999938, 34.8785987 ] } },
{ "type": "Feature", "properties": { "内容": "グループホーム　高梁　２号館【認知症対応型共同生活介護】高梁市落合町阿部２０２９－１", "url": "https://www.kaigokensaku.mhlw.go.jp/33/index.php?action_kouhyou_detail_004_kani=true&JigyosyoCd=3390900110-00&ServiceCd=320&Type=search", "url2": "http://www.fukujyu.or.jp" }, "geometry": { "type": "Point", "coordinates": [ 133.579109499999959, 34.779971 ] } },
{ "type": "Feature", "properties": { "内容": "グループホーム　高梁【認知症対応型共同生活介護】岡山県高梁市落合町阿部2215-3", "url": "https://www.kaigokensaku.mhlw.go.jp/33/index.php?action_kouhyou_detail_004_kani=true&JigyosyoCd=3390900052-00&ServiceCd=320&Type=search", "url2": "http://www.fukujyu.or.jp/" }, "geometry": { "type": "Point", "coordinates": [ 133.582495399999971, 34.7781963 ] } },
{ "type": "Feature", "properties": { "内容": "認知症対応型共同生活介護ちかのり苑【認知症対応型共同生活介護】岡山県高梁市落合町近似1324-1", "url": "https://www.kaigokensaku.mhlw.go.jp/33/index.php?action_kouhyou_detail_004_kani=true&JigyosyoCd=3390900037-00&ServiceCd=320&Type=search", "url2": "http://www.fukumikai.or.jp" }, "geometry": { "type": "Point", "coordinates": [ 133.609179493254004, 34.79679714432541 ] } },
{ "type": "Feature", "properties": { "内容": "グループホームわが家【認知症対応型共同生活介護】岡山県新見市大佐小阪部1510-10", "url": "https://www.kaigokensaku.mhlw.go.jp/33/index.php?action_kouhyou_detail_004_kani=true&JigyosyoCd=3391000134-00&ServiceCd=320&Type=search", "url2": "http://www.osaen.jp/" }, "geometry": { "type": "Point", "coordinates": [ 133.566597099999967, 35.0827213 ] } },
{ "type": "Feature", "properties": { "内容": "グループホームウェルネス高尾【認知症対応型共同生活介護】岡山県新見市高尾2296-1", "url": "https://www.kaigokensaku.mhlw.go.jp/33/index.php?action_kouhyou_detail_004_kani=true&JigyosyoCd=3391000209-00&ServiceCd=320&Type=search", "url2": null }, "geometry": { "type": "Point", "coordinates": [ 133.4455264, 34.9931848 ] } },
{ "type": "Feature", "properties": { "内容": "グループホーム　ファミリア愛【認知症対応型共同生活介護】岡山県新見市馬塚５７－１", "url": "https://www.kaigokensaku.mhlw.go.jp/33/index.php?action_kouhyou_detail_004_kani=true&JigyosyoCd=3391000159-00&ServiceCd=320&Type=search", "url2": null }, "geometry": { "type": "Point", "coordinates": [ 133.439165882350835, 35.01658456544088 ] } },
{ "type": "Feature", "properties": { "内容": "おおさ苑グループホーム【認知症対応型共同生活介護】岡山県新見市大佐田治部3153", "url": "https://www.kaigokensaku.mhlw.go.jp/33/index.php?action_kouhyou_detail_004_kani=true&JigyosyoCd=3373300254-00&ServiceCd=320&Type=search", "url2": "http://www.osaen.jp/" }, "geometry": { "type": "Point", "coordinates": [ 133.556369099999984, 35.0418587 ] } },
{ "type": "Feature", "properties": { "内容": "グループホーム　心【認知症対応型共同生活介護】岡山県新見市唐松1749番地2", "url": "https://www.kaigokensaku.mhlw.go.jp/33/index.php?action_kouhyou_detail_004_kani=true&JigyosyoCd=3391000019-00&ServiceCd=320&Type=search", "url2": "http://www.karamatsu-so.jp" }, "geometry": { "type": "Point", "coordinates": [ 133.508350800000017, 34.9640904 ] } },
{ "type": "Feature", "properties": { "内容": "グループホーム花みずき【認知症対応型共同生活介護】岡山県新見市高尾232番地2", "url": "https://www.kaigokensaku.mhlw.go.jp/33/index.php?action_kouhyou_detail_004_kani=true&JigyosyoCd=3391000118-00&ServiceCd=320&Type=search", "url2": null }, "geometry": { "type": "Point", "coordinates": [ 133.4652979, 34.9891037 ] } },
{ "type": "Feature", "properties": { "内容": "グループホーム　げんき【認知症対応型共同生活介護】岡山県新見市下熊谷1554-1", "url": "https://www.kaigokensaku.mhlw.go.jp/33/index.php?action_kouhyou_detail_004_kani=true&JigyosyoCd=3371000203-00&ServiceCd=320&Type=search", "url2": null }, "geometry": { "type": "Point", "coordinates": [ 133.486140299999988, 35.0060469 ] } },
{ "type": "Feature", "properties": { "内容": "グループホーム　にいざと　さくらの丘【認知症対応型共同生活介護】岡山県新見市神郷釜村１２３５番地１", "url": "https://www.kaigokensaku.mhlw.go.jp/33/index.php?action_kouhyou_detail_004_kani=true&JigyosyoCd=3391000092-00&ServiceCd=320&Type=search", "url2": "http://www.nissyoukai.net/" }, "geometry": { "type": "Point", "coordinates": [ 133.36778019999997, 35.0891362 ] } },
{ "type": "Feature", "properties": { "内容": "グループホーム　あいあい【認知症対応型共同生活介護】岡山県備前市日生町寒河380-62", "url": "https://www.kaigokensaku.mhlw.go.jp/33/index.php?action_kouhyou_detail_004_kani=true&JigyosyoCd=3371100425-00&ServiceCd=320&Type=search", "url2": null }, "geometry": { "type": "Point", "coordinates": [ 134.29685870000003, 34.7392115 ] } },
{ "type": "Feature", "properties": { "内容": "グループホームいやしの家備前【認知症対応型共同生活介護】岡山県備前市伊部３２３－１", "url": "https://www.kaigokensaku.mhlw.go.jp/33/index.php?action_kouhyou_detail_004_kani=true&JigyosyoCd=3371100375-00&ServiceCd=320&Type=search", "url2": "https://medicament.co.jp/" }, "geometry": { "type": "Point", "coordinates": [ 134.165245499999969, 34.7431396 ] } },
{ "type": "Feature", "properties": { "内容": "グループホームいやしの家備前２【認知症対応型共同生活介護】岡山県備前市伊部３２３－１", "url": "https://www.kaigokensaku.mhlw.go.jp/33/index.php?action_kouhyou_detail_004_kani=true&JigyosyoCd=3371100433-00&ServiceCd=320&Type=search", "url2": "https://medicament.co.jp/" }, "geometry": { "type": "Point", "coordinates": [ 134.165245499999969, 34.7431396 ] } },
{ "type": "Feature", "properties": { "内容": "グループホーム　青い鳥2【認知症対応型共同生活介護】岡山県備前市吉永町南方　652-1", "url": "https://www.kaigokensaku.mhlw.go.jp/33/index.php?action_kouhyou_detail_004_kani=true&JigyosyoCd=3371100417-00&ServiceCd=320&Type=search", "url2": null }, "geometry": { "type": "Point", "coordinates": [ 134.2086895, 34.805188 ] } },
{ "type": "Feature", "properties": { "内容": "グループホーム　青い鳥【認知症対応型共同生活介護】備前市　吉永町　南方　652-1", "url": "https://www.kaigokensaku.mhlw.go.jp/33/index.php?action_kouhyou_detail_004_kani=true&JigyosyoCd=3372300537-00&ServiceCd=320&Type=search", "url2": null }, "geometry": { "type": "Point", "coordinates": [ 134.2086895, 34.805188 ] } },
{ "type": "Feature", "properties": { "内容": "グループホームあいあい　伊部【認知症対応型共同生活介護】岡山県備前市伊部1840-1", "url": "https://www.kaigokensaku.mhlw.go.jp/33/index.php?action_kouhyou_detail_004_kani=true&JigyosyoCd=3391100066-00&ServiceCd=320&Type=search", "url2": null }, "geometry": { "type": "Point", "coordinates": [ 134.165687299999973, 34.7378847 ] } },
{ "type": "Feature", "properties": { "内容": "グループホームともゆきの家【認知症対応型共同生活介護】岡山県備前市麻宇那763-1", "url": "https://www.kaigokensaku.mhlw.go.jp/33/index.php?action_kouhyou_detail_004_kani=true&JigyosyoCd=3371100383-00&ServiceCd=320&Type=search", "url2": null }, "geometry": { "type": "Point", "coordinates": [ 134.234851899999967, 34.7505398 ] } },
{ "type": "Feature", "properties": { "内容": "グループホームふる里の家【認知症対応型共同生活介護】備前市日生町寒河字梶谷２３９３－１", "url": "https://www.kaigokensaku.mhlw.go.jp/33/index.php?action_kouhyou_detail_004_kani=true&JigyosyoCd=3391100025-00&ServiceCd=320&Type=search", "url2": null }, "geometry": { "type": "Point", "coordinates": [ 134.281549, 34.7329008 ] } },
{ "type": "Feature", "properties": { "内容": "グループホーム　あじさい【認知症対応型共同生活介護】瀬戸内市牛窓町長浜１８２５－１", "url": "https://www.kaigokensaku.mhlw.go.jp/33/index.php?action_kouhyou_detail_004_kani=true&JigyosyoCd=3392400028-00&ServiceCd=320&Type=search", "url2": "http://www.ajisai-s.or.jp" }, "geometry": { "type": "Point", "coordinates": [ 134.132389500000045, 34.6371129 ] } },
{ "type": "Feature", "properties": { "内容": "グループホーム星の家【認知症対応型共同生活介護】瀬戸内市長船町長船551", "url": "https://www.kaigokensaku.mhlw.go.jp/33/index.php?action_kouhyou_detail_004_kani=true&JigyosyoCd=3372400337-00&ServiceCd=320&Type=search", "url2": "http://www.hoshi-home.com/" }, "geometry": { "type": "Point", "coordinates": [ 134.10496020000005, 34.7209546 ] } },
{ "type": "Feature", "properties": { "内容": "グループホーム　　邑久幸ホーム【認知症対応型共同生活介護】岡山県瀬戸内市邑久町尾張９４－１", "url": "https://www.kaigokensaku.mhlw.go.jp/33/index.php?action_kouhyou_detail_004_kani=true&JigyosyoCd=3372400261-00&ServiceCd=320&Type=search", "url2": "http://www.okushiawase-home.co.jp/" }, "geometry": { "type": "Point", "coordinates": [ 134.08939620000001, 34.6655065 ] } },
{ "type": "Feature", "properties": { "内容": "グループホーム長寿の郷邑久【認知症対応型共同生活介護】岡山県瀬戸内市邑久町福中1047", "url": "https://www.kaigokensaku.mhlw.go.jp/33/index.php?action_kouhyou_detail_004_kani=true&JigyosyoCd=3372400485-00&ServiceCd=320&Type=search", "url2": null }, "geometry": { "type": "Point", "coordinates": [ 134.070833900000054, 34.6723666 ] } },
{ "type": "Feature", "properties": { "内容": "グループホーム　ひなた【認知症対応型共同生活介護】岡山県赤磐市殿谷32-1", "url": "https://www.kaigokensaku.mhlw.go.jp/33/index.php?action_kouhyou_detail_004_kani=true&JigyosyoCd=3372200927-00&ServiceCd=320&Type=search", "url2": "http://www.hinata-akaiwa.jp/" }, "geometry": { "type": "Point", "coordinates": [ 134.073163600000044, 34.8145775 ] } },
{ "type": "Feature", "properties": { "内容": "グループホーム和楽の家　吉井【認知症対応型共同生活介護】岡山県赤磐市黒本１７８－１５", "url": "https://www.kaigokensaku.mhlw.go.jp/33/index.php?action_kouhyou_detail_004_kani=true&JigyosyoCd=3390100992-00&ServiceCd=320&Type=search", "url2": "http://oubaitouri.net" }, "geometry": { "type": "Point", "coordinates": [ 134.080515500000047, 34.9202889 ] } },
{ "type": "Feature", "properties": { "内容": "グループホーム　あかいわ【認知症対応型共同生活介護】岡山県赤磐市日古木３３－３", "url": "https://www.kaigokensaku.mhlw.go.jp/33/index.php?action_kouhyou_detail_004_kani=true&JigyosyoCd=3372200786-00&ServiceCd=320&Type=search", "url2": "http://www.iwadou.or.jp/" }, "geometry": { "type": "Point", "coordinates": [ 134.030213799999956, 34.7631814 ] } },
{ "type": "Feature", "properties": { "内容": "グループホーム桃の里【認知症対応型共同生活介護】赤磐市下仁保100番地", "url": "https://www.kaigokensaku.mhlw.go.jp/33/index.php?action_kouhyou_detail_004_kani=true&JigyosyoCd=3392200055-00&ServiceCd=320&Type=search", "url2": "https://souwa-group.co.jp" }, "geometry": { "type": "Point", "coordinates": [ 134.000527, 34.7741515 ] } },
{ "type": "Feature", "properties": { "内容": "グループホーム　あしたりの家【認知症対応型共同生活介護】岡山県真庭市五名80番地", "url": "https://www.kaigokensaku.mhlw.go.jp/33/index.php?action_kouhyou_detail_004_kani=true&JigyosyoCd=3373100258-00&ServiceCd=320&Type=search", "url2": null }, "geometry": { "type": "Point", "coordinates": [ 133.657676600000059, 34.9742158 ] } },
{ "type": "Feature", "properties": { "内容": "十字園グループホーム【認知症対応型共同生活介護】岡山県真庭市下河内２２７５番地", "url": "https://www.kaigokensaku.mhlw.go.jp/33/index.php?action_kouhyou_detail_004_kani=true&JigyosyoCd=3373400716-00&ServiceCd=320&Type=search", "url2": "http://www.ｊyuｊikai.or.jp" }, "geometry": { "type": "Point", "coordinates": [ 133.786581800000022, 35.03251 ] } },
{ "type": "Feature", "properties": { "内容": "グループホーム　ゆばら【認知症対応型共同生活介護】岡山県真庭市下湯原125-1", "url": "https://www.kaigokensaku.mhlw.go.jp/33/index.php?action_kouhyou_detail_004_kani=true&JigyosyoCd=3393400043-00&ServiceCd=320&Type=search", "url2": null }, "geometry": { "type": "Point", "coordinates": [ 133.733120399999962, 35.1881124 ] } },
{ "type": "Feature", "properties": { "内容": "グループホームこばと【認知症対応型共同生活介護】岡山県真庭市久世2910-1", "url": "https://www.kaigokensaku.mhlw.go.jp/33/index.php?action_kouhyou_detail_004_kani=true&JigyosyoCd=3373400880-00&ServiceCd=320&Type=search", "url2": null }, "geometry": { "type": "Point", "coordinates": [ 133.75123009999993, 35.0760185 ] } },
{ "type": "Feature", "properties": { "内容": "グループホーム神庭荘【認知症対応型共同生活介護】岡山県真庭市組572番地", "url": "https://www.kaigokensaku.mhlw.go.jp/33/index.php?action_kouhyou_detail_004_kani=true&JigyosyoCd=3373400898-00&ServiceCd=320&Type=search", "url2": "http://f-keishinkai.jp" }, "geometry": { "type": "Point", "coordinates": [ 133.68821957976229, 35.095375858918395 ] } },
{ "type": "Feature", "properties": { "内容": "グループホーム青空【認知症対応型共同生活介護】岡山県真庭市西河内４２番地２", "url": "https://www.kaigokensaku.mhlw.go.jp/33/index.php?action_kouhyou_detail_004_kani=true&JigyosyoCd=3373401011-00&ServiceCd=320&Type=search", "url2": null }, "geometry": { "type": "Point", "coordinates": [ 133.737579399999959, 35.0164161 ] } },
{ "type": "Feature", "properties": { "内容": "グループホーム美和【認知症対応型共同生活介護】岡山県真庭市樫東４３－１", "url": "https://www.kaigokensaku.mhlw.go.jp/33/index.php?action_kouhyou_detail_004_kani=true&JigyosyoCd=3373401037-00&ServiceCd=320&Type=search", "url2": "http://www.uguisuen.jp/" }, "geometry": { "type": "Point", "coordinates": [ 133.785127099999954, 35.0932977 ] } },
{ "type": "Feature", "properties": { "内容": "グループホーム　高瀬【認知症対応型共同生活介護】岡山県真庭市中島３９３－１", "url": "https://www.kaigokensaku.mhlw.go.jp/33/index.php?action_kouhyou_detail_004_kani=true&JigyosyoCd=3393400092-00&ServiceCd=320&Type=search", "url2": "http://f-keishinkai.jp/" }, "geometry": { "type": "Point", "coordinates": [ 133.749366499999951, 35.0723966 ] } },
{ "type": "Feature", "properties": { "内容": "グループホーム　蒜山【認知症対応型共同生活介護】岡山県真庭市蒜山上長田28-1", "url": "https://www.kaigokensaku.mhlw.go.jp/33/index.php?action_kouhyou_detail_004_kani=true&JigyosyoCd=3393400035-00&ServiceCd=320&Type=search", "url2": "http://www.uguisuen.jp/" }, "geometry": { "type": "Point", "coordinates": [ 133.687347199999977, 35.2863203 ] } },
{ "type": "Feature", "properties": { "内容": "十字園第二グループホーム【認知症対応型共同生活介護】岡山県真庭市下河内２２７５番地２", "url": "https://www.kaigokensaku.mhlw.go.jp/33/index.php?action_kouhyou_detail_004_kani=true&JigyosyoCd=3393400142-00&ServiceCd=320&Type=search", "url2": "http://www.zyugikai.or.jp" }, "geometry": { "type": "Point", "coordinates": [ 133.786581800000022, 35.03251 ] } },
{ "type": "Feature", "properties": { "内容": "グループホーム　ほほえみ【認知症対応型共同生活介護】岡山県美作市福本９１１－１", "url": "https://www.kaigokensaku.mhlw.go.jp/33/index.php?action_kouhyou_detail_004_kani=true&JigyosyoCd=3373700420-00&ServiceCd=320&Type=search", "url2": "http://www.senjufukushi.jp/" }, "geometry": { "type": "Point", "coordinates": [ 134.126598699999931, 34.9382762 ] } },
{ "type": "Feature", "properties": { "内容": "グループホームこすもすの家【認知症対応型共同生活介護】岡山県美作市真加部1385-1", "url": "https://www.kaigokensaku.mhlw.go.jp/33/index.php?action_kouhyou_detail_004_kani=true&JigyosyoCd=3373600455-00&ServiceCd=320&Type=search", "url2": null }, "geometry": { "type": "Point", "coordinates": [ 134.188991699999974, 35.0749212 ] } },
{ "type": "Feature", "properties": { "内容": "グループホーム北山【認知症対応型共同生活介護】岡山県美作市北山1414", "url": "https://www.kaigokensaku.mhlw.go.jp/33/index.php?action_kouhyou_detail_004_kani=true&JigyosyoCd=3373700446-00&ServiceCd=320&Type=search", "url2": null }, "geometry": { "type": "Point", "coordinates": [ 134.1674749, 35.0330084 ] } },
{ "type": "Feature", "properties": { "内容": "グループホーム武蔵の里【認知症対応型共同生活介護】下庄町９０５‐１", "url": "https://www.kaigokensaku.mhlw.go.jp/33/index.php?action_kouhyou_detail_004_kani=true&JigyosyoCd=3393700061-00&ServiceCd=320&Type=search", "url2": "https://www.mimasakanagurado.com" }, "geometry": { "type": "Point", "coordinates": [ 130.473126, 33.1551499 ] } },
{ "type": "Feature", "properties": { "内容": "グループホーム湯郷【認知症対応型共同生活介護】岡山県美作市中山1483-1", "url": "https://www.kaigokensaku.mhlw.go.jp/33/index.php?action_kouhyou_detail_004_kani=true&JigyosyoCd=3393700095-00&ServiceCd=320&Type=search", "url2": null }, "geometry": { "type": "Point", "coordinates": [ 134.129713300000049, 34.996505500000026 ] } },
{ "type": "Feature", "properties": { "内容": "グループホームよしの【認知症対応型共同生活介護】岡山県美作市五名１２７７グループホームよしの", "url": "https://www.kaigokensaku.mhlw.go.jp/33/index.php?action_kouhyou_detail_004_kani=true&JigyosyoCd=3393700145-00&ServiceCd=320&Type=search", "url2": null }, "geometry": { "type": "Point", "coordinates": [ 134.274162299999944, 35.058169 ] } },
{ "type": "Feature", "properties": { "内容": "医療法人　豊医会　　グループホーム　くう【認知症対応型共同生活介護】岡山県美作市豊国原１０５６－７", "url": "https://www.kaigokensaku.mhlw.go.jp/33/index.php?action_kouhyou_detail_004_kani=true&JigyosyoCd=3393700020-00&ServiceCd=320&Type=search", "url2": "https://houikai.jp/" }, "geometry": { "type": "Point", "coordinates": [ 134.159473199999979, 35.0216178 ] } },
{ "type": "Feature", "properties": { "内容": "グループホームいるかの郷【認知症対応型共同生活介護】岡山県浅口市寄島町16089-16", "url": "https://www.kaigokensaku.mhlw.go.jp/33/index.php?action_kouhyou_detail_004_kani=true&JigyosyoCd=3372700413-00&ServiceCd=320&Type=search", "url2": "http://iruka.or.jp" }, "geometry": { "type": "Point", "coordinates": [ 133.5865854, 34.4762926 ] } },
{ "type": "Feature", "properties": { "内容": "やすらぎホーム金光【認知症対応型共同生活介護】岡山県浅口市金光町地頭下４００番地", "url": "https://www.kaigokensaku.mhlw.go.jp/33/index.php?action_kouhyou_detail_004_kani=true&JigyosyoCd=3372700546-00&ServiceCd=320&Type=search", "url2": "http://www.yasuragihome.jp" }, "geometry": { "type": "Point", "coordinates": [ 133.597259, 34.5410598 ] } },
{ "type": "Feature", "properties": { "内容": "やすらぎホーム鴨方【認知症対応型共同生活介護】岡山県浅口市鴨方町深田４３９－１", "url": "https://www.kaigokensaku.mhlw.go.jp/33/index.php?action_kouhyou_detail_004_kani=true&JigyosyoCd=3392700013-00&ServiceCd=320&Type=search", "url2": "http://www.yasuragihome.jp" }, "geometry": { "type": "Point", "coordinates": [ 133.581088499999964, 34.5378437 ] } },
{ "type": "Feature", "properties": { "内容": "グループホームもみじの里【認知症対応型共同生活介護】岡山県和気郡和気町日笠下1945", "url": "https://www.kaigokensaku.mhlw.go.jp/33/index.php?action_kouhyou_detail_004_kani=true&JigyosyoCd=3372300586-00&ServiceCd=320&Type=search", "url2": "https://shizutani-fukushi/com" }, "geometry": { "type": "Point", "coordinates": [ 134.156943500000011, 34.836019899999982 ] } },
{ "type": "Feature", "properties": { "内容": "グループホーム星の家あぐりサテライト【認知症対応型共同生活介護】岡山県和気郡和気町日笠下1945", "url": "https://www.kaigokensaku.mhlw.go.jp/33/index.php?action_kouhyou_detail_004_kani=true&JigyosyoCd=3392300053-00&ServiceCd=320&Type=search", "url2": "https://www.hoshi-home.com/" }, "geometry": { "type": "Point", "coordinates": [ 134.1696536, 34.8370314 ] } },
{ "type": "Feature", "properties": { "内容": "グループホーム星の家あぐり【認知症対応型共同生活介護】岡山県和気郡和気町日室124-1", "url": "https://www.kaigokensaku.mhlw.go.jp/33/index.php?action_kouhyou_detail_004_kani=true&JigyosyoCd=3392300046-00&ServiceCd=320&Type=search", "url2": "https://www.hoshi-home.com" }, "geometry": { "type": "Point", "coordinates": [ 134.164647599999967, 34.8057818 ] } },
{ "type": "Feature", "properties": { "内容": "グループホーム佐伯【認知症対応型共同生活介護】岡山県和気郡和気町父井原434-5", "url": "https://www.kaigokensaku.mhlw.go.jp/33/index.php?action_kouhyou_detail_004_kani=true&JigyosyoCd=3372300545-00&ServiceCd=320&Type=search", "url2": null }, "geometry": { "type": "Point", "coordinates": [ 134.093459899999971, 34.844841 ] } },
{ "type": "Feature", "properties": { "内容": "グループホーム　アネシス【認知症対応型共同生活介護】岡山県和気郡和気町和気266-1", "url": "https://www.kaigokensaku.mhlw.go.jp/33/index.php?action_kouhyou_detail_004_kani=true&JigyosyoCd=3372300354-00&ServiceCd=320&Type=search", "url2": "http://www.esperance.or.jp" }, "geometry": { "type": "Point", "coordinates": [ 134.145357073016385, 34.802668124228255 ] } },
{ "type": "Feature", "properties": { "内容": "グループホームひろむし【認知症対応型共同生活介護】岡山県和気郡和気町和気１０８番地", "url": "https://www.kaigokensaku.mhlw.go.jp/33/index.php?action_kouhyou_detail_004_kani=true&JigyosyoCd=3372300453-00&ServiceCd=320&Type=search", "url2": "http://hiromushisou.jp" }, "geometry": { "type": "Point", "coordinates": [ 134.144989799999962, 34.8066261 ] } },
{ "type": "Feature", "properties": { "内容": "グループホーム　　さくらそう【認知症対応型共同生活介護】岡山県都窪郡早島町早島２９５３－４", "url": "https://www.kaigokensaku.mhlw.go.jp/33/index.php?action_kouhyou_detail_004_kani=true&JigyosyoCd=3372600209-00&ServiceCd=320&Type=search", "url2": "ｈｔｔｐ：//www.sakurasou.gr.jp/" }, "geometry": { "type": "Point", "coordinates": [ 133.813146400000051, 34.6047623 ] } },
{ "type": "Feature", "properties": { "内容": "グループホーム　なごみ【認知症対応型共同生活介護】岡山県浅口郡里庄町新庄２９２０", "url": "https://www.kaigokensaku.mhlw.go.jp/33/index.php?action_kouhyou_detail_004_kani=true&JigyosyoCd=3372700553-00&ServiceCd=320&Type=search", "url2": "http://www.une-niitsu.jp/grouphome/index.html" }, "geometry": { "type": "Point", "coordinates": [ 133.549902299999985, 34.5058938 ] } },
{ "type": "Feature", "properties": { "内容": "グループホーム　ふるさと【認知症対応型共同生活介護】岡山県浅口郡里庄町大字里見９１４４番地", "url": "https://www.kaigokensaku.mhlw.go.jp/33/index.php?action_kouhyou_detail_004_kani=true&JigyosyoCd=3372700652-00&ServiceCd=320&Type=search", "url2": "https://furusato-gh.jimdofree.com/" }, "geometry": { "type": "Point", "coordinates": [ 133.560257099999944, 34.5367271 ] } },
{ "type": "Feature", "properties": { "内容": "グループホーム　こもれびの家【認知症対応型共同生活介護】岡山県浅口郡里庄町大字新庄　2790-7", "url": "https://www.kaigokensaku.mhlw.go.jp/33/index.php?action_kouhyou_detail_004_kani=true&JigyosyoCd=3372700587-00&ServiceCd=320&Type=search", "url2": "http://care-net.biz/33/komorebi-group/" }, "geometry": { "type": "Point", "coordinates": [ 133.552396600000066, 34.5078464 ] } },
{ "type": "Feature", "properties": { "内容": "グループホーム里の家【認知症対応型共同生活介護】岡山県浅口郡里庄町里見８００４－２", "url": "https://www.kaigokensaku.mhlw.go.jp/33/index.php?action_kouhyou_detail_004_kani=true&JigyosyoCd=3372700686-00&ServiceCd=320&Type=search", "url2": "https://sakura-satosyo.com/" }, "geometry": { "type": "Point", "coordinates": [ 133.563748499999946, 34.5284501 ] } },
{ "type": "Feature", "properties": { "内容": "グループホーム里庄の憩【認知症対応型共同生活介護】岡山県浅口郡里庄町里見9144番地", "url": "https://www.kaigokensaku.mhlw.go.jp/33/index.php?action_kouhyou_detail_004_kani=true&JigyosyoCd=3392700070-00&ServiceCd=320&Type=search", "url2": "https://www.frontier-gp.jp" }, "geometry": { "type": "Point", "coordinates": [ 133.5602816, 34.5367558 ] } },
{ "type": "Feature", "properties": { "内容": "グループホーム本陣【認知症対応型共同生活介護】岡山県小田郡矢掛町矢掛２５５７", "url": "https://www.kaigokensaku.mhlw.go.jp/33/index.php?action_kouhyou_detail_004_kani=true&JigyosyoCd=3372800221-00&ServiceCd=320&Type=search", "url2": "www.honjinkai.co.jp　現在休止中" }, "geometry": { "type": "Point", "coordinates": [ 133.590482299999962, 34.6250768 ] } },
{ "type": "Feature", "properties": { "内容": "グループホーム　　さくらの家【認知症対応型共同生活介護】岡山県小田郡矢掛町矢掛２５３２－１", "url": "https://www.kaigokensaku.mhlw.go.jp/33/index.php?action_kouhyou_detail_004_kani=true&JigyosyoCd=3372800189-00&ServiceCd=320&Type=search", "url2": null }, "geometry": { "type": "Point", "coordinates": [ 133.589524, 34.6280515 ] } },
{ "type": "Feature", "properties": { "内容": "アーバグループホーム【認知症対応型共同生活介護】岡山県苫田郡鏡野町瀬戸316-10", "url": "https://www.kaigokensaku.mhlw.go.jp/33/index.php?action_kouhyou_detail_004_kani=true&JigyosyoCd=3373500267-00&ServiceCd=320&Type=search", "url2": "http://www.saikanosato.or.jp" }, "geometry": { "type": "Point", "coordinates": [ 133.926762899999972, 35.096344 ] } },
{ "type": "Feature", "properties": { "内容": "グループホーム　バオバブの木【認知症対応型共同生活介護】岡山県苫田郡鏡野町富東谷４３８グループホーム　バオバブの木", "url": "https://www.kaigokensaku.mhlw.go.jp/33/index.php?action_kouhyou_detail_004_kani=true&JigyosyoCd=3393500081-00&ServiceCd=320&Type=search", "url2": "http://lavielente.web.fc2.com/" }, "geometry": { "type": "Point", "coordinates": [ 133.848347699999977, 35.1577725 ] } },
{ "type": "Feature", "properties": { "内容": "グループホームさくらそう【認知症対応型共同生活介護】岡山県苫田郡鏡野町小座424-1", "url": "https://www.kaigokensaku.mhlw.go.jp/33/index.php?action_kouhyou_detail_004_kani=true&JigyosyoCd=3393500016-00&ServiceCd=320&Type=search", "url2": null }, "geometry": { "type": "Point", "coordinates": [ 133.926176100000021, 35.1131311 ] } },
{ "type": "Feature", "properties": { "内容": "グループホームいずみ山荘【認知症対応型共同生活介護】岡山県苫田郡鏡野町公保田73-2", "url": "https://www.kaigokensaku.mhlw.go.jp/33/index.php?action_kouhyou_detail_004_kani=true&JigyosyoCd=3373500291-00&ServiceCd=320&Type=search", "url2": "http://www.mto.ne.jp/tyoujyu/" }, "geometry": { "type": "Point", "coordinates": [ 133.955854400000021, 35.1086678 ] } },
{ "type": "Feature", "properties": { "内容": "グループホーム福福【認知症対応型共同生活介護】岡山県苫田郡鏡野町古川５３４", "url": "https://www.kaigokensaku.mhlw.go.jp/33/index.php?action_kouhyou_detail_004_kani=true&JigyosyoCd=3373500374-00&ServiceCd=320&Type=search", "url2": "https://ghfukufuku.com/" }, "geometry": { "type": "Point", "coordinates": [ 133.927977300000066, 35.077218 ] } },
{ "type": "Feature", "properties": { "内容": "グループホーム美湯の里【認知症対応型共同生活介護】岡山県苫田郡鏡野町奥津84-3", "url": "https://www.kaigokensaku.mhlw.go.jp/33/index.php?action_kouhyou_detail_004_kani=true&JigyosyoCd=3393500149-00&ServiceCd=320&Type=search", "url2": "http//wwwj-class.co.jp/" }, "geometry": { "type": "Point", "coordinates": [ 133.920619100000067, 35.2244276 ] } },
{ "type": "Feature", "properties": { "内容": "グループホームうえつき【認知症対応型共同生活介護】岡山県勝田郡勝央町植月中2422-8", "url": "https://www.kaigokensaku.mhlw.go.jp/33/index.php?action_kouhyou_detail_004_kani=true&JigyosyoCd=3373600489-00&ServiceCd=320&Type=search", "url2": null }, "geometry": { "type": "Point", "coordinates": [ 134.119556399999965, 35.071526 ] } },
{ "type": "Feature", "properties": { "内容": "グループホーム勝央【認知症対応型共同生活介護】岡山県勝田郡勝央町植月中2423-1", "url": "https://www.kaigokensaku.mhlw.go.jp/33/index.php?action_kouhyou_detail_004_kani=true&JigyosyoCd=3393600055-00&ServiceCd=320&Type=search", "url2": null }, "geometry": { "type": "Point", "coordinates": [ 134.119273099999987, 35.0713538 ] } },
{ "type": "Feature", "properties": { "内容": "グループホームたいら金時【認知症対応型共同生活介護】岡山県勝田郡勝央町平1119グループホームたいら金時", "url": "https://www.kaigokensaku.mhlw.go.jp/33/index.php?action_kouhyou_detail_004_kani=true&JigyosyoCd=3393600063-00&ServiceCd=320&Type=search", "url2": "無し" }, "geometry": { "type": "Point", "coordinates": [ 134.112972002450988, 35.043636125215549 ] } },
{ "type": "Feature", "properties": { "内容": "グループホーム出雲乢【認知症対応型共同生活介護】岡山県勝田郡勝央町植月中2368-12", "url": "https://www.kaigokensaku.mhlw.go.jp/33/index.php?action_kouhyou_detail_004_kani=true&JigyosyoCd=3393600071-00&ServiceCd=320&Type=search", "url2": "www.syouboku.or.jp" }, "geometry": { "type": "Point", "coordinates": [ 134.115620700000022, 35.0708982 ] } },
{ "type": "Feature", "properties": { "内容": "なぎみ苑指定グループホーム【認知症対応型共同生活介護】岡山県勝田郡奈義町広岡30番地", "url": "https://www.kaigokensaku.mhlw.go.jp/33/index.php?action_kouhyou_detail_004_kani=true&JigyosyoCd=3373600372-00&ServiceCd=320&Type=search", "url2": "http://www.jifu-kai.or.jp" }, "geometry": { "type": "Point", "coordinates": [ 134.166784199999938, 35.1158719 ] } },
{ "type": "Feature", "properties": { "内容": "グループホームやまなみ【認知症対応型共同生活介護】岡山県勝田郡奈義町高円1736-11", "url": "https://www.kaigokensaku.mhlw.go.jp/33/index.php?action_kouhyou_detail_004_kani=true&JigyosyoCd=3373600521-00&ServiceCd=320&Type=search", "url2": null }, "geometry": { "type": "Point", "coordinates": [ 134.190528800000038, 35.1298043 ] } },
{ "type": "Feature", "properties": { "内容": "グループホーム和楽の家　久米【認知症対応型共同生活介護】岡山県久米郡久米南町上神目436", "url": "https://www.kaigokensaku.mhlw.go.jp/33/index.php?action_kouhyou_detail_004_kani=true&JigyosyoCd=3373800477-00&ServiceCd=320&Type=search", "url2": "http://oubaitouri.net" }, "geometry": { "type": "Point", "coordinates": [ 133.933209199999965, 34.9009118 ] } },
{ "type": "Feature", "properties": { "内容": "グループホーム白寿荘【認知症対応型共同生活介護】岡山県久米郡美咲町錦織2357-1", "url": "https://www.kaigokensaku.mhlw.go.jp/33/index.php?action_kouhyou_detail_004_kani=true&JigyosyoCd=3373800311-00&ServiceCd=320&Type=search", "url2": "http://www.hakujuso.or.jp" }, "geometry": { "type": "Point", "coordinates": [ 133.944332499999973, 35.0287464 ] } },
{ "type": "Feature", "properties": { "内容": "グループホーム百【認知症対応型共同生活介護】岡山県久米郡美咲町書副180-4", "url": "https://www.kaigokensaku.mhlw.go.jp/33/index.php?action_kouhyou_detail_004_kani=true&JigyosyoCd=3373800386-00&ServiceCd=320&Type=search", "url2": "http://www.senjufukushi.jp/" }, "geometry": { "type": "Point", "coordinates": [ 134.046563800000058, 34.9832754 ] } },
{ "type": "Feature", "properties": { "内容": "グループホーム咲くら【認知症対応型共同生活介護】岡山県久米郡美咲町小原１６８１番３", "url": "https://www.kaigokensaku.mhlw.go.jp/33/index.php?action_kouhyou_detail_004_kani=true&JigyosyoCd=3393800036-00&ServiceCd=320&Type=search", "url2": "http://www.seravi.co.jp" }, "geometry": { "type": "Point", "coordinates": [ 133.959976052778643, 34.979217495389939 ] } },
{ "type": "Feature", "properties": { "内容": "グループホームももたろうの郷かもがわ【認知症対応型共同生活介護】吉備中央町加茂市場339", "url": "https://www.kaigokensaku.mhlw.go.jp/33/index.php?action_kouhyou_detail_004_kani=true&JigyosyoCd=3393900042-00&ServiceCd=320&Type=search", "url2": null }, "geometry": { "type": "Point", "coordinates": [ 133.757877399999984, 34.8682221 ] } },
{ "type": "Feature", "properties": { "内容": "社会福祉法人ももたろう会　グループホームももたろうの郷こぶし【認知症対応型共同生活介護】岡山県加賀郡吉備中央町吉川7531本館2階", "url": "https://www.kaigokensaku.mhlw.go.jp/33/index.php?action_kouhyou_detail_004_kani=true&JigyosyoCd=3393900059-00&ServiceCd=320&Type=search", "url2": null }, "geometry": { "type": "Point", "coordinates": [ 133.7628273, 34.8440059 ] } },
{ "type": "Feature", "properties": { "内容": "グループホーム清和【認知症対応型共同生活介護】岡山県加賀郡吉備中央町西1682-3", "url": "https://www.kaigokensaku.mhlw.go.jp/33/index.php?action_kouhyou_detail_004_kani=true&JigyosyoCd=3393900026-00&ServiceCd=320&Type=search", "url2": "http://uguisuen.jp/" }, "geometry": { "type": "Point", "coordinates": [ 133.686494900000071, 34.8094743 ] } }
]
}
