{
"type": "FeatureCollection",
"name": "geo_33_地域密着型通所介護",
"crs": { "type": "name", "properties": { "name": "urn:ogc:def:crs:OGC:1.3:CRS84" } },
"features": [
{ "type": "Feature", "properties": { "内容": "ほねつぎ介護デイサービス　平野店【地域密着型通所介護】岡山県岡山市北区平野622-23", "url": "https://www.kaigokensaku.mhlw.go.jp/33/index.php?action_kouhyou_detail_004_kani=true&JigyosyoCd=3390102568-00&ServiceCd=780&Type=search", "url2": null }, "geometry": { "type": "Point", "coordinates": [ 133.865120700000034, 34.6446945 ] } },
{ "type": "Feature", "properties": { "内容": "デイサービス　ゆいま～る十日市【地域密着型通所介護】岡山県岡山市北区十日市中町５番２８号", "url": "https://www.kaigokensaku.mhlw.go.jp/33/index.php?action_kouhyou_detail_004_kani=true&JigyosyoCd=3370111050-00&ServiceCd=780&Type=search", "url2": "https://www4.hp-ez.com/hp/yuimaru/" }, "geometry": { "type": "Point", "coordinates": [ 133.927359799999977, 34.6382117 ] } },
{ "type": "Feature", "properties": { "内容": "あんデイサービスセンター【地域密着型通所介護】岡山市北区楢津1007-1", "url": "https://www.kaigokensaku.mhlw.go.jp/33/index.php?action_kouhyou_detail_004_kani=true&JigyosyoCd=3370104683-00&ServiceCd=780&Type=search", "url2": null }, "geometry": { "type": "Point", "coordinates": [ 133.876616399999989, 34.6918899 ] } },
{ "type": "Feature", "properties": { "内容": "デイサービス　やさか【地域密着型通所介護】矢坂東町3-12", "url": "https://www.kaigokensaku.mhlw.go.jp/33/index.php?action_kouhyou_detail_004_kani=true&JigyosyoCd=3370106548-00&ServiceCd=780&Type=search", "url2": "https://www.okayama-junshinkai.co.jp/" }, "geometry": { "type": "Point", "coordinates": [ 133.8859208, 34.6765639 ] } },
{ "type": "Feature", "properties": { "内容": "デイサービス実の里【地域密着型通所介護】岡山市北区三野2丁目7-8-4", "url": "https://www.kaigokensaku.mhlw.go.jp/33/index.php?action_kouhyou_detail_004_kani=true&JigyosyoCd=3370111845-00&ServiceCd=780&Type=search", "url2": null }, "geometry": { "type": "Point", "coordinates": [ 133.938466, 34.6930362 ] } },
{ "type": "Feature", "properties": { "内容": "デイサービスセンター楽空【地域密着型通所介護】岡山県岡山市大元１－７－１", "url": "https://www.kaigokensaku.mhlw.go.jp/33/index.php?action_kouhyou_detail_004_kani=true&JigyosyoCd=3390103012-00&ServiceCd=780&Type=search", "url2": "https://momozono.company/" }, "geometry": { "type": "Point", "coordinates": [ 133.90458430000001, 34.6452996 ] } },
{ "type": "Feature", "properties": { "内容": "デイサービスセンター我が家岡山事業所【地域密着型通所介護】岡山県岡山市北区富田273-9", "url": "https://www.kaigokensaku.mhlw.go.jp/33/index.php?action_kouhyou_detail_004_kani=true&JigyosyoCd=3390103186-00&ServiceCd=780&Type=search", "url2": "https://jecs-gr.jp/" }, "geometry": { "type": "Point", "coordinates": [ 133.91797870000002, 34.639975800000023 ] } },
{ "type": "Feature", "properties": { "内容": "健康空間【地域密着型通所介護】岡山市北区岡南町2-1-55階", "url": "https://www.kaigokensaku.mhlw.go.jp/33/index.php?action_kouhyou_detail_004_kani=true&JigyosyoCd=3390103228-00&ServiceCd=780&Type=search", "url2": null }, "geometry": { "type": "Point", "coordinates": [ 133.925219099999964, 34.6433914 ] } },
{ "type": "Feature", "properties": { "内容": "デイサービススマイル4【地域密着型通所介護】岡山県岡山市北区今保７１４－２", "url": "https://www.kaigokensaku.mhlw.go.jp/33/index.php?action_kouhyou_detail_004_kani=true&JigyosyoCd=3390102469-00&ServiceCd=780&Type=search", "url2": "smile4.amebaownd.com" }, "geometry": { "type": "Point", "coordinates": [ 133.876198899999963, 34.634252 ] } },
{ "type": "Feature", "properties": { "内容": "やみつき通所j介護今保【地域密着型通所介護】今保714-3", "url": "https://www.kaigokensaku.mhlw.go.jp/33/index.php?action_kouhyou_detail_004_kani=true&JigyosyoCd=3390103103-00&ServiceCd=780&Type=search", "url2": "https://www.shindou-smile4.com/" }, "geometry": { "type": "Point", "coordinates": [ 133.876101683871553, 34.634274914278443 ] } },
{ "type": "Feature", "properties": { "内容": "生き活き館岡山デイサービスセンター【地域密着型通所介護】岡山県岡山市北区春日町9-5", "url": "https://www.kaigokensaku.mhlw.go.jp/33/index.php?action_kouhyou_detail_004_kani=true&JigyosyoCd=3370104188-00&ServiceCd=780&Type=search", "url2": "http://kokoro-net.org" }, "geometry": { "type": "Point", "coordinates": [ 133.93440570000007, 34.661751099999982 ] } },
{ "type": "Feature", "properties": { "内容": "さくらんぼ　デイサービス【地域密着型通所介護】岡山県岡山市北区平野８０１－１２", "url": "https://www.kaigokensaku.mhlw.go.jp/33/index.php?action_kouhyou_detail_004_kani=true&JigyosyoCd=3370108379-00&ServiceCd=780&Type=search", "url2": null }, "geometry": { "type": "Point", "coordinates": [ 133.860172499999976, 34.6479663 ] } },
{ "type": "Feature", "properties": { "内容": "ハートフルさかの【地域密着型通所介護】岡山県岡山市北区吉宗６７７番地１", "url": "https://www.kaigokensaku.mhlw.go.jp/33/index.php?action_kouhyou_detail_004_kani=true&JigyosyoCd=3370108387-00&ServiceCd=780&Type=search", "url2": null }, "geometry": { "type": "Point", "coordinates": [ 133.906918200000064, 34.7271015 ] } },
{ "type": "Feature", "properties": { "内容": "おかやまコープ　デイサービス津島西坂【地域密着型通所介護】岡山県岡山市北区津島西坂三丁目７－１", "url": "https://www.kaigokensaku.mhlw.go.jp/33/index.php?action_kouhyou_detail_004_kani=true&JigyosyoCd=3370108684-00&ServiceCd=780&Type=search", "url2": null }, "geometry": { "type": "Point", "coordinates": [ 133.9081632, 34.6865331 ] } },
{ "type": "Feature", "properties": { "内容": "さすらの杜デイサービスセンター【地域密着型通所介護】岡山県岡山市北区畑鮎４４８", "url": "https://www.kaigokensaku.mhlw.go.jp/33/index.php?action_kouhyou_detail_004_kani=true&JigyosyoCd=3370108809-00&ServiceCd=780&Type=search", "url2": null }, "geometry": { "type": "Point", "coordinates": [ 133.938685, 34.7179668 ] } },
{ "type": "Feature", "properties": { "内容": "株式会社ももたろうウェルフェアももたろうデイサービスセンター【地域密着型通所介護】岡山県岡山市北区津島本町18-30", "url": "https://www.kaigokensaku.mhlw.go.jp/33/index.php?action_kouhyou_detail_004_kani=true&JigyosyoCd=3370109203-00&ServiceCd=780&Type=search", "url2": "ｈｔｔｐ：//momotarogroup.com" }, "geometry": { "type": "Point", "coordinates": [ 133.910304499999938, 34.6907493 ] } },
{ "type": "Feature", "properties": { "内容": "おかやまコープ　デイサ－ビス・オルガ【地域密着型通所介護】岡山県岡山市北区奉還町１丁目７－７オルガビル3階", "url": "https://www.kaigokensaku.mhlw.go.jp/33/index.php?action_kouhyou_detail_004_kani=true&JigyosyoCd=3370110938-00&ServiceCd=780&Type=search", "url2": null }, "geometry": { "type": "Point", "coordinates": [ 133.918001600000025, 34.6699826 ] } },
{ "type": "Feature", "properties": { "内容": "デイサービスセンター　松風園【地域密着型通所介護】岡山県岡山市北区高松1006", "url": "https://www.kaigokensaku.mhlw.go.jp/33/index.php?action_kouhyou_detail_004_kani=true&JigyosyoCd=3370111597-00&ServiceCd=780&Type=search", "url2": "https://okayama-kotobuki.sakura.ne.jp/new/02facility/shofuen.html" }, "geometry": { "type": "Point", "coordinates": [ 133.827853600000026, 34.6924323 ] } },
{ "type": "Feature", "properties": { "内容": "デイサービスセンター　チェリー加茂【地域密着型通所介護】岡山市北区加茂７２６－１", "url": "https://www.kaigokensaku.mhlw.go.jp/33/index.php?action_kouhyou_detail_004_kani=true&JigyosyoCd=3370111860-00&ServiceCd=780&Type=search", "url2": null }, "geometry": { "type": "Point", "coordinates": [ 133.830962799999952, 34.6766272 ] } },
{ "type": "Feature", "properties": { "内容": "宇垣荘　デイサービスセンター【地域密着型通所介護】岡山県岡山市北区御津宇垣2069-10", "url": "https://www.kaigokensaku.mhlw.go.jp/33/index.php?action_kouhyou_detail_004_kani=true&JigyosyoCd=3370112249-00&ServiceCd=780&Type=search", "url2": "http://www.okayamasaiseikai.or.jp/ugakiso/" }, "geometry": { "type": "Point", "coordinates": [ 133.916453899999965, 34.7805078 ] } },
{ "type": "Feature", "properties": { "内容": "デイサービスはじめの一歩【地域密着型通所介護】岡山県岡山市北区下中野307‐11ワンステップビル", "url": "https://www.kaigokensaku.mhlw.go.jp/33/index.php?action_kouhyou_detail_004_kani=true&JigyosyoCd=3370112256-00&ServiceCd=780&Type=search", "url2": null }, "geometry": { "type": "Point", "coordinates": [ 133.906614499999932, 34.6399437 ] } },
{ "type": "Feature", "properties": { "内容": "デイサービスセンターなごみ【地域密着型通所介護】岡山県岡山市北区御津宇垣１６８６－１", "url": "https://www.kaigokensaku.mhlw.go.jp/33/index.php?action_kouhyou_detail_004_kani=true&JigyosyoCd=3370113262-00&ServiceCd=780&Type=search", "url2": "http://n-pharma.co.jp" }, "geometry": { "type": "Point", "coordinates": [ 133.92650290000006, 34.7823746 ] } },
{ "type": "Feature", "properties": { "内容": "アルファデイサービスセンター西川緑道公園【地域密着型通所介護】岡山市北区中央町6-2なし", "url": "https://www.kaigokensaku.mhlw.go.jp/33/index.php?action_kouhyou_detail_004_kani=true&JigyosyoCd=3370113551-00&ServiceCd=780&Type=search", "url2": "http://www.anabuki-medical.jp/" }, "geometry": { "type": "Point", "coordinates": [ 133.923218099999985, 34.6572954 ] } },
{ "type": "Feature", "properties": { "内容": "アルファデイサービスセンター野田【地域密着型通所介護】岡山県岡山市北区野田3丁目８－８アルファデイサービスセンター野田", "url": "https://www.kaigokensaku.mhlw.go.jp/33/index.php?action_kouhyou_detail_004_kani=true&JigyosyoCd=3370114112-00&ServiceCd=780&Type=search", "url2": "http://ｗｗｗ.a-living.jp/" }, "geometry": { "type": "Point", "coordinates": [ 133.899751599999945, 34.6506039 ] } },
{ "type": "Feature", "properties": { "内容": "デイサービスねこの手みつ【地域密着型通所介護】岡山県岡山市北区御津金川346-1", "url": "https://www.kaigokensaku.mhlw.go.jp/33/index.php?action_kouhyou_detail_004_kani=true&JigyosyoCd=3372100234-00&ServiceCd=780&Type=search", "url2": "http://nekonotemitsu.sakura.ne.jp" }, "geometry": { "type": "Point", "coordinates": [ 133.934688, 34.7919823 ] } },
{ "type": "Feature", "properties": { "内容": "デイサービスねこの手みつ　きらめき【地域密着型通所介護】岡山県岡山市北区御津河内934", "url": "https://www.kaigokensaku.mhlw.go.jp/33/index.php?action_kouhyou_detail_004_kani=true&JigyosyoCd=3372100259-00&ServiceCd=780&Type=search", "url2": "http://neconotemitsu.sakura.ne.jp" }, "geometry": { "type": "Point", "coordinates": [ 133.914187399999946, 34.7817965 ] } },
{ "type": "Feature", "properties": { "内容": "社会福祉法人ことぶき会　デイサービスセンターうかい【地域密着型通所介護】岡山県岡山市北区御津紙工1410番地", "url": "https://www.kaigokensaku.mhlw.go.jp/33/index.php?action_kouhyou_detail_004_kani=true&JigyosyoCd=3372100267-00&ServiceCd=780&Type=search", "url2": "https://okayama-kotobuki.sakura.ne.jp/" }, "geometry": { "type": "Point", "coordinates": [ 133.858040399999936, 34.8192363 ] } },
{ "type": "Feature", "properties": { "内容": "デイサービス麻姑の小町伊島【地域密着型通所介護】岡山県岡山市北区伊島町3丁目8-8-2", "url": "https://www.kaigokensaku.mhlw.go.jp/33/index.php?action_kouhyou_detail_004_kani=true&JigyosyoCd=3390101974-00&ServiceCd=780&Type=search", "url2": "http://www.maco.co.jp/" }, "geometry": { "type": "Point", "coordinates": [ 133.907119200000011, 34.6789562 ] } },
{ "type": "Feature", "properties": { "内容": "ザグスタ北長瀬【地域密着型通所介護】岡山県岡山市北区北長瀬3丁目2-1", "url": "https://www.kaigokensaku.mhlw.go.jp/33/index.php?action_kouhyou_detail_004_kani=true&JigyosyoCd=3390102261-00&ServiceCd=780&Type=search", "url2": "http://www.zagzag.co.jp/zagstu/" }, "geometry": { "type": "Point", "coordinates": [ 133.885900499999906, 34.6498924 ] } },
{ "type": "Feature", "properties": { "内容": "レコードブック岡山田中【地域密着型通所介護】田中117‐105", "url": "https://www.kaigokensaku.mhlw.go.jp/33/index.php?action_kouhyou_detail_004_kani=true&JigyosyoCd=3390102436-00&ServiceCd=780&Type=search", "url2": "http://www.fukai-yakuhin.co.jp/record-book-okayamatanaka" }, "geometry": { "type": "Point", "coordinates": [ 133.882823199999962, 34.642082 ] } },
{ "type": "Feature", "properties": { "内容": "リハプライド岡山西【地域密着型通所介護】岡山県岡山市北区今8-14-13ベスグロビル1F", "url": "https://www.kaigokensaku.mhlw.go.jp/33/index.php?action_kouhyou_detail_004_kani=true&JigyosyoCd=3390102519-00&ServiceCd=780&Type=search", "url2": "http://www.rehapride.co.jp/okayamanishi/" }, "geometry": { "type": "Point", "coordinates": [ 133.891992100000039, 34.6387148 ] } },
{ "type": "Feature", "properties": { "内容": "だんらんの家旭本町【地域密着型通所介護】岡山県岡山市北区旭本町2-4", "url": "https://www.kaigokensaku.mhlw.go.jp/33/index.php?action_kouhyou_detail_004_kani=true&JigyosyoCd=3390102659-00&ServiceCd=780&Type=search", "url2": "https://kakuda0404.wixsite.com/danrannoie-asahi" }, "geometry": { "type": "Point", "coordinates": [ 133.9311289, 34.643282 ] } },
{ "type": "Feature", "properties": { "内容": "デイサービスセンター工房きずな【地域密着型通所介護】岡山県岡山市北区庭瀬202-1", "url": "https://www.kaigokensaku.mhlw.go.jp/33/index.php?action_kouhyou_detail_004_kani=true&JigyosyoCd=3390102667-00&ServiceCd=780&Type=search", "url2": null }, "geometry": { "type": "Point", "coordinates": [ 133.8526, 34.6477145 ] } },
{ "type": "Feature", "properties": { "内容": "シティヴィラ大供デイサービスセンター【地域密着型通所介護】岡山市北区大供本町715-1シティヴィラ大供", "url": "https://www.kaigokensaku.mhlw.go.jp/33/index.php?action_kouhyou_detail_004_kani=true&JigyosyoCd=3390102923-00&ServiceCd=780&Type=search", "url2": "https://www.ohkita.co.jp/" }, "geometry": { "type": "Point", "coordinates": [ 133.911653300000012, 34.6525609 ] } },
{ "type": "Feature", "properties": { "内容": "デイサービスセンターかながわ【地域密着型通所介護】岡山県岡山市北区御津金川４４９御津保健福祉ステーション２階", "url": "https://www.kaigokensaku.mhlw.go.jp/33/index.php?action_kouhyou_detail_004_kani=true&JigyosyoCd=3390103095-00&ServiceCd=780&Type=search", "url2": "https://okayama-kotobuki.sakura.ne.jp/" }, "geometry": { "type": "Point", "coordinates": [ 133.93229618584445, 34.796330467407891 ] } },
{ "type": "Feature", "properties": { "内容": "デイホーム縁【地域密着型通所介護】岡山県岡山市北区平田125-105", "url": "https://www.kaigokensaku.mhlw.go.jp/33/index.php?action_kouhyou_detail_004_kani=true&JigyosyoCd=3370111563-00&ServiceCd=780&Type=search", "url2": null }, "geometry": { "type": "Point", "coordinates": [ 133.890844, 34.6321153 ] } },
{ "type": "Feature", "properties": { "内容": "早稲田イーライフ岡山高柳【地域密着型通所介護】岡山県岡山市北区高柳西町17-52", "url": "https://www.kaigokensaku.mhlw.go.jp/33/index.php?action_kouhyou_detail_004_kani=true&JigyosyoCd=3390102113-00&ServiceCd=780&Type=search", "url2": null }, "geometry": { "type": "Point", "coordinates": [ 133.8995291, 34.6620941 ] } },
{ "type": "Feature", "properties": { "内容": "地域密着型デイ　よつばケアプライド【地域密着型通所介護】岡山県岡山市北区下伊福上町14-3", "url": "https://www.kaigokensaku.mhlw.go.jp/33/index.php?action_kouhyou_detail_004_kani=true&JigyosyoCd=3390103061-00&ServiceCd=780&Type=search", "url2": "https://green177115.studio.site" }, "geometry": { "type": "Point", "coordinates": [ 133.9009108, 34.6679309 ] } },
{ "type": "Feature", "properties": { "内容": "デイサービス「ユートリア」【地域密着型通所介護】岡山市北区高松319-1", "url": "https://www.kaigokensaku.mhlw.go.jp/33/index.php?action_kouhyou_detail_004_kani=true&JigyosyoCd=3390103269-00&ServiceCd=780&Type=search", "url2": "https://www.forte-k.com" }, "geometry": { "type": "Point", "coordinates": [ 133.8177227, 34.6901355 ] } },
{ "type": "Feature", "properties": { "内容": "こりとるリハサポデイサービス【地域密着型通所介護】平野862-1", "url": "https://www.kaigokensaku.mhlw.go.jp/33/index.php?action_kouhyou_detail_004_kani=true&JigyosyoCd=3370111878-00&ServiceCd=780&Type=search", "url2": null }, "geometry": { "type": "Point", "coordinates": [ 133.856125385612785, 34.645643570196114 ] } },
{ "type": "Feature", "properties": { "内容": "ディサービスセンターハッピークラブ【地域密着型通所介護】岡山県岡山市北区撫川440-1", "url": "https://www.kaigokensaku.mhlw.go.jp/33/index.php?action_kouhyou_detail_004_kani=true&JigyosyoCd=3370107306-00&ServiceCd=780&Type=search", "url2": null }, "geometry": { "type": "Point", "coordinates": [ 133.84769289999997, 34.6437053 ] } },
{ "type": "Feature", "properties": { "内容": "ケアビレッジ　たけべ【地域密着型通所介護】岡山市北区建部町建部上３２６－１ケアビレッジたけべ", "url": "https://www.kaigokensaku.mhlw.go.jp/33/index.php?action_kouhyou_detail_004_kani=true&JigyosyoCd=3370111738-00&ServiceCd=780&Type=search", "url2": null }, "geometry": { "type": "Point", "coordinates": [ 133.902488400000038, 34.8562078 ] } },
{ "type": "Feature", "properties": { "内容": "ニコらいふ岡山今センター【地域密着型通所介護】今3丁目10-10備前ビル1F", "url": "https://www.kaigokensaku.mhlw.go.jp/33/index.php?action_kouhyou_detail_004_kani=true&JigyosyoCd=3390103111-00&ServiceCd=780&Type=search", "url2": "http://nicolife.jp" }, "geometry": { "type": "Point", "coordinates": [ 133.8932561, 34.6463198 ] } },
{ "type": "Feature", "properties": { "内容": "デイサービスセンターハッピースマイル【地域密着型通所介護】庭瀬８４０－３", "url": "https://www.kaigokensaku.mhlw.go.jp/33/index.php?action_kouhyou_detail_004_kani=true&JigyosyoCd=3390103210-00&ServiceCd=780&Type=search", "url2": null }, "geometry": { "type": "Point", "coordinates": [ 133.8489794, 34.6425166 ] } },
{ "type": "Feature", "properties": { "内容": "(株）あかるいサービス【地域密着型通所介護】岡山市中区雄町102", "url": "https://www.kaigokensaku.mhlw.go.jp/33/index.php?action_kouhyou_detail_004_kani=true&JigyosyoCd=3370110276-00&ServiceCd=780&Type=search", "url2": null }, "geometry": { "type": "Point", "coordinates": [ 133.9690326, 34.6867463 ] } },
{ "type": "Feature", "properties": { "内容": "デイサービス菜の花【地域密着型通所介護】岡山県岡山市中区平井５丁目７番４７－３号", "url": "https://www.kaigokensaku.mhlw.go.jp/33/index.php?action_kouhyou_detail_004_kani=true&JigyosyoCd=3370110540-00&ServiceCd=780&Type=search", "url2": null }, "geometry": { "type": "Point", "coordinates": [ 133.943241199999989, 34.6380039 ] } },
{ "type": "Feature", "properties": { "内容": "デイサービスつくも【地域密着型通所介護】岡山県岡山市中区長岡５８５ー１", "url": "https://www.kaigokensaku.mhlw.go.jp/33/index.php?action_kouhyou_detail_004_kani=true&JigyosyoCd=3370113841-00&ServiceCd=780&Type=search", "url2": "http://tsukumo.wixsite.com/tsukumo99" }, "geometry": { "type": "Point", "coordinates": [ 133.9886136, 34.681225099999985 ] } },
{ "type": "Feature", "properties": { "内容": "リハプライド岡山東【地域密着型通所介護】岡山県岡山市中区山崎29-15", "url": "https://www.kaigokensaku.mhlw.go.jp/33/index.php?action_kouhyou_detail_004_kani=true&JigyosyoCd=3390102501-00&ServiceCd=780&Type=search", "url2": "https://www.rehapride.co.jp/okayamahigashi/" }, "geometry": { "type": "Point", "coordinates": [ 133.97066190000001, 34.6546716 ] } },
{ "type": "Feature", "properties": { "内容": "デイサービス青い宙【地域密着型通所介護】岡山県岡山市中区藤崎622-1", "url": "https://www.kaigokensaku.mhlw.go.jp/33/index.php?action_kouhyou_detail_004_kani=true&JigyosyoCd=3390102824-00&ServiceCd=780&Type=search", "url2": "http://www.aoisora-ds.jp" }, "geometry": { "type": "Point", "coordinates": [ 133.9770747, 34.6070858 ] } },
{ "type": "Feature", "properties": { "内容": "まごころデイサービス【地域密着型通所介護】岡山県岡山市中区関１９－１", "url": "https://www.kaigokensaku.mhlw.go.jp/33/index.php?action_kouhyou_detail_004_kani=true&JigyosyoCd=3370106753-00&ServiceCd=780&Type=search", "url2": "http:/www9.tiki.ne.jp/~magokoro/" }, "geometry": { "type": "Point", "coordinates": [ 133.971451800000068, 34.6752729 ] } },
{ "type": "Feature", "properties": { "内容": "岡山デイナーシング看護協会【地域密着型通所介護】岡山市中区竹田155-7", "url": "https://www.kaigokensaku.mhlw.go.jp/33/index.php?action_kouhyou_detail_004_kani=true&JigyosyoCd=3370108668-00&ServiceCd=780&Type=search", "url2": "http://www.nurse.okayama.okayama.jp/" }, "geometry": { "type": "Point", "coordinates": [ 133.9411076, 34.6814823 ] } },
{ "type": "Feature", "properties": { "内容": "あこだデイサービスセンター【地域密着型通所介護】岡山県岡山市中区赤田字福地４６番地６", "url": "https://www.kaigokensaku.mhlw.go.jp/33/index.php?action_kouhyou_detail_004_kani=true&JigyosyoCd=3370114278-00&ServiceCd=780&Type=search", "url2": "http://hp.kaipoke.biz/422/88156/index_0004.html" }, "geometry": { "type": "Point", "coordinates": [ 133.959483231382961, 34.678797686648458 ] } },
{ "type": "Feature", "properties": { "内容": "岡山ふれあいデイサービスセンター【地域密着型通所介護】岡山県岡山市中区桑野７１５番地の２", "url": "https://www.kaigokensaku.mhlw.go.jp/33/index.php?action_kouhyou_detail_004_kani=true&JigyosyoCd=3370103354-00&ServiceCd=780&Type=search", "url2": "https://www.okayama-fureai.or.jp" }, "geometry": { "type": "Point", "coordinates": [ 133.979436299999946, 34.6184601 ] } },
{ "type": "Feature", "properties": { "内容": "デイサービス　かりん【地域密着型通所介護】岡山県岡山市中区湊４２０番地", "url": "https://www.kaigokensaku.mhlw.go.jp/33/index.php?action_kouhyou_detail_004_kani=true&JigyosyoCd=3370105755-00&ServiceCd=780&Type=search", "url2": null }, "geometry": { "type": "Point", "coordinates": [ 133.959645, 34.6512004 ] } },
{ "type": "Feature", "properties": { "内容": "デイサービス　ゆうき【地域密着型通所介護】岡山県岡山市中区関３５－７", "url": "https://www.kaigokensaku.mhlw.go.jp/33/index.php?action_kouhyou_detail_004_kani=true&JigyosyoCd=3370109328-00&ServiceCd=780&Type=search", "url2": null }, "geometry": { "type": "Point", "coordinates": [ 133.971096200000034, 34.6762645 ] } },
{ "type": "Feature", "properties": { "内容": "おかやまコープデイサービス中島【地域密着型通所介護】岡山県岡山市中区中島１４９－５", "url": "https://www.kaigokensaku.mhlw.go.jp/33/index.php?action_kouhyou_detail_004_kani=true&JigyosyoCd=3370109336-00&ServiceCd=780&Type=search", "url2": "https://okayama.coop/" }, "geometry": { "type": "Point", "coordinates": [ 133.9478848, 34.6885233 ] } },
{ "type": "Feature", "properties": { "内容": "デイサービスいざなぎクラブ【地域密着型通所介護】さい東町2丁目1-8", "url": "https://www.kaigokensaku.mhlw.go.jp/33/index.php?action_kouhyou_detail_004_kani=true&JigyosyoCd=3370110375-00&ServiceCd=780&Type=search", "url2": null }, "geometry": { "type": "Point", "coordinates": [ 133.9506207, 34.6809909 ] } },
{ "type": "Feature", "properties": { "内容": "サンデー桑野デイサービスセンター【地域密着型通所介護】岡山県岡山市中区桑野715-13", "url": "https://www.kaigokensaku.mhlw.go.jp/33/index.php?action_kouhyou_detail_004_kani=true&JigyosyoCd=3370111589-00&ServiceCd=780&Type=search", "url2": "http://www.21care.co.jp/" }, "geometry": { "type": "Point", "coordinates": [ 133.9802446, 34.6167492 ] } },
{ "type": "Feature", "properties": { "内容": "デイサービスセンターみさおやま【地域密着型通所介護】岡山県岡山市中区沢田355-5", "url": "https://www.kaigokensaku.mhlw.go.jp/33/index.php?action_kouhyou_detail_004_kani=true&JigyosyoCd=3370113510-00&ServiceCd=780&Type=search", "url2": "http://mediwelcare.hp.gogo.jp/pc/" }, "geometry": { "type": "Point", "coordinates": [ 133.965238600000021, 34.6692709 ] } },
{ "type": "Feature", "properties": { "内容": "茶話本舗デイサービスありがとうやりがい【地域密着型通所介護】岡山県岡山市中区関375‐10", "url": "https://www.kaigokensaku.mhlw.go.jp/33/index.php?action_kouhyou_detail_004_kani=true&JigyosyoCd=3370113981-00&ServiceCd=780&Type=search", "url2": null }, "geometry": { "type": "Point", "coordinates": [ 133.97062690000007, 34.6836551 ] } },
{ "type": "Feature", "properties": { "内容": "デイサービスみち【地域密着型通所介護】岡山県　岡山市　中区　浜３丁目　５番１号", "url": "https://www.kaigokensaku.mhlw.go.jp/33/index.php?action_kouhyou_detail_004_kani=true&JigyosyoCd=3370110888-00&ServiceCd=780&Type=search", "url2": "https://stmichi1663.wixsite.com/michi" }, "geometry": { "type": "Point", "coordinates": [ 133.940585599999963, 34.6692645 ] } },
{ "type": "Feature", "properties": { "内容": "リハビリデイサービスセンター心晴【地域密着型通所介護】藤崎183-22", "url": "https://www.kaigokensaku.mhlw.go.jp/33/index.php?action_kouhyou_detail_004_kani=true&JigyosyoCd=3390103368-00&ServiceCd=780&Type=search", "url2": "https://genkinirihabiri.wixsite.com/rehabilikoharu" }, "geometry": { "type": "Point", "coordinates": [ 130.3477763, 33.5772798 ] } },
{ "type": "Feature", "properties": { "内容": "デイサービスセンター皇【地域密着型通所介護】岡山県岡山市中区神下１２７番地５", "url": "https://www.kaigokensaku.mhlw.go.jp/33/index.php?action_kouhyou_detail_004_kani=true&JigyosyoCd=3370111654-00&ServiceCd=780&Type=search", "url2": "http://www.time-care.com" }, "geometry": { "type": "Point", "coordinates": [ 133.979361899999958, 34.6778032 ] } },
{ "type": "Feature", "properties": { "内容": "アルファデイサービスセンター後楽園【地域密着型通所介護】岡山県岡山市中区浜一丁目11番3号アルファデイサービスセンター後楽園", "url": "https://www.kaigokensaku.mhlw.go.jp/33/index.php?action_kouhyou_detail_004_kani=true&JigyosyoCd=3370113965-00&ServiceCd=780&Type=search", "url2": "http://www.a-living.jp/kourakuen/" }, "geometry": { "type": "Point", "coordinates": [ 133.9349638, 34.671575 ] } },
{ "type": "Feature", "properties": { "内容": "デイサービスセンター皇　３号館【地域密着型通所介護】神下127-6", "url": "https://www.kaigokensaku.mhlw.go.jp/33/index.php?action_kouhyou_detail_004_kani=true&JigyosyoCd=3370114310-00&ServiceCd=780&Type=search", "url2": "www.time-care.com" }, "geometry": { "type": "Point", "coordinates": [ 133.9793869, 34.6776754 ] } },
{ "type": "Feature", "properties": { "内容": "デイサービスまる【地域密着型通所介護】岡山県岡山市中区平井7丁目23番44号", "url": "https://www.kaigokensaku.mhlw.go.jp/33/index.php?action_kouhyou_detail_004_kani=true&JigyosyoCd=3390102279-00&ServiceCd=780&Type=search", "url2": null }, "geometry": { "type": "Point", "coordinates": [ 133.947282300000012, 34.6325219 ] } },
{ "type": "Feature", "properties": { "内容": "デイサービスセンターひまわりの家【地域密着型通所介護】岡山県岡山市中区海吉1889－14", "url": "https://www.kaigokensaku.mhlw.go.jp/33/index.php?action_kouhyou_detail_004_kani=true&JigyosyoCd=3390102675-00&ServiceCd=780&Type=search", "url2": null }, "geometry": { "type": "Point", "coordinates": [ 133.9813095, 34.6558073 ] } },
{ "type": "Feature", "properties": { "内容": "地域密着型デイサービス　ボヌール【地域密着型通所介護】岡山県岡山市中区竹田48-3", "url": "https://www.kaigokensaku.mhlw.go.jp/33/index.php?action_kouhyou_detail_004_kani=true&JigyosyoCd=3390103053-00&ServiceCd=780&Type=search", "url2": "http://day-bonheur.com" }, "geometry": { "type": "Point", "coordinates": [ 133.9384071, 34.6813138 ] } },
{ "type": "Feature", "properties": { "内容": "デイサービス　からフル【地域密着型通所介護】岡山県岡山市中区湯迫19-1", "url": "https://www.kaigokensaku.mhlw.go.jp/33/index.php?action_kouhyou_detail_004_kani=true&JigyosyoCd=3390103509-00&ServiceCd=780&Type=search", "url2": "www.shirakaba-kai.com" }, "geometry": { "type": "Point", "coordinates": [ 133.9658272, 34.6966037 ] } },
{ "type": "Feature", "properties": { "内容": "ヒラックス原尾島【地域密着型通所介護】原尾島３－７－７エスポアール２２ー１０１", "url": "https://www.kaigokensaku.mhlw.go.jp/33/index.php?action_kouhyou_detail_004_kani=true&JigyosyoCd=3390103525-00&ServiceCd=780&Type=search", "url2": "https://www.sps-kamakura.com/healax-haraoshima" }, "geometry": { "type": "Point", "coordinates": [ 133.9457038, 34.6699138 ] } },
{ "type": "Feature", "properties": { "内容": "デイサービスゆんた益野【地域密着型通所介護】岡山県岡山市東区大多羅町103-1", "url": "https://www.kaigokensaku.mhlw.go.jp/33/index.php?action_kouhyou_detail_004_kani=true&JigyosyoCd=3370113619-00&ServiceCd=780&Type=search", "url2": "http://www.gm-project.jp/yunta-masuno" }, "geometry": { "type": "Point", "coordinates": [ 134.002334499999961, 34.6612988 ] } },
{ "type": "Feature", "properties": { "内容": "デイサービス　小鳥の森苑【地域密着型通所介護】岡山県岡山市東区南古都734", "url": "https://www.kaigokensaku.mhlw.go.jp/33/index.php?action_kouhyou_detail_004_kani=true&JigyosyoCd=3370105441-00&ServiceCd=780&Type=search", "url2": null }, "geometry": { "type": "Point", "coordinates": [ 134.049360900000011, 34.6991498 ] } },
{ "type": "Feature", "properties": { "内容": "デイサービスセンター　ゆりかご【地域密着型通所介護】岡山県岡山市東区升田606-1", "url": "https://www.kaigokensaku.mhlw.go.jp/33/index.php?action_kouhyou_detail_004_kani=true&JigyosyoCd=3370104931-00&ServiceCd=780&Type=search", "url2": "yurikago-1491@chorus.ocn.ne.jp" }, "geometry": { "type": "Point", "coordinates": [ 134.005881300000027, 34.6126394 ] } },
{ "type": "Feature", "properties": { "内容": "デイサービスセンター　どんぐりハウス【地域密着型通所介護】岡山県岡山市東区西大寺射越321番地", "url": "https://www.kaigokensaku.mhlw.go.jp/33/index.php?action_kouhyou_detail_004_kani=true&JigyosyoCd=3370109104-00&ServiceCd=780&Type=search", "url2": null }, "geometry": { "type": "Point", "coordinates": [ 134.054579900000022, 34.655426 ] } },
{ "type": "Feature", "properties": { "内容": "プチアイル益野【地域密着型通所介護】岡山市東区益野町396-39", "url": "https://www.kaigokensaku.mhlw.go.jp/33/index.php?action_kouhyou_detail_004_kani=true&JigyosyoCd=3370110532-00&ServiceCd=780&Type=search", "url2": null }, "geometry": { "type": "Point", "coordinates": [ 134.000684087835651, 34.654951527558111 ] } },
{ "type": "Feature", "properties": { "内容": "さっちゃん家デイサービスセンター【地域密着型通所介護】岡山県岡山市東区金田８１９番地", "url": "https://www.kaigokensaku.mhlw.go.jp/33/index.php?action_kouhyou_detail_004_kani=true&JigyosyoCd=3370111134-00&ServiceCd=780&Type=search", "url2": "http://www16.ocn.ne.jp/^kensei/sattyannti/index.html" }, "geometry": { "type": "Point", "coordinates": [ 134.02015080000001, 34.6353704 ] } },
{ "type": "Feature", "properties": { "内容": "デイサービスさんさん平島【地域密着型通所介護】東平島706さんさん平島", "url": "https://www.kaigokensaku.mhlw.go.jp/33/index.php?action_kouhyou_detail_004_kani=true&JigyosyoCd=3370114450-00&ServiceCd=780&Type=search", "url2": "http://www.hirajima.com/" }, "geometry": { "type": "Point", "coordinates": [ 134.0507718, 34.715022171460845 ] } },
{ "type": "Feature", "properties": { "内容": "中野けんせいえんデイサービスセンターひなた【地域密着型通所介護】岡山県岡山市東区西大寺中野677-1", "url": "https://www.kaigokensaku.mhlw.go.jp/33/index.php?action_kouhyou_detail_004_kani=true&JigyosyoCd=3390102022-00&ServiceCd=780&Type=search", "url2": "https://www.chuo-fukushikai.jp/facility/nakano-kenseien/" }, "geometry": { "type": "Point", "coordinates": [ 134.0288435, 34.6597703 ] } },
{ "type": "Feature", "properties": { "内容": "デイサービスセンターはなみずき西大寺【地域密着型通所介護】岡山県岡山市東区西大寺中野本町1-13", "url": "https://www.kaigokensaku.mhlw.go.jp/33/index.php?action_kouhyou_detail_004_kani=true&JigyosyoCd=3390102188-00&ServiceCd=780&Type=search", "url2": null }, "geometry": { "type": "Point", "coordinates": [ 134.0278687, 34.6558235 ] } },
{ "type": "Feature", "properties": { "内容": "会陽の里デイサービスセンター【地域密着型通所介護】岡山県岡山市東区久保205番地の1", "url": "https://www.kaigokensaku.mhlw.go.jp/33/index.php?action_kouhyou_detail_004_kani=true&JigyosyoCd=3390102709-00&ServiceCd=780&Type=search", "url2": "http://www.chuo-fukushikai.jp" }, "geometry": { "type": "Point", "coordinates": [ 134.042304, 34.6637292 ] } },
{ "type": "Feature", "properties": { "内容": "グッドタイムクラブ・岡山【地域密着型通所介護】岡山県岡山市東区幸地崎町1525", "url": "https://www.kaigokensaku.mhlw.go.jp/33/index.php?action_kouhyou_detail_004_kani=true&JigyosyoCd=3390102717-00&ServiceCd=780&Type=search", "url2": "http://www.goodtimehome.com/kansai/okayama.php" }, "geometry": { "type": "Point", "coordinates": [ 134.0805454, 34.617656 ] } },
{ "type": "Feature", "properties": { "内容": "デイサービスセンター皇2号館【地域密着型通所介護】岡山市東区宍甘１２４７－１", "url": "https://www.kaigokensaku.mhlw.go.jp/33/index.php?action_kouhyou_detail_004_kani=true&JigyosyoCd=3370112470-00&ServiceCd=780&Type=search", "url2": "www.time-care.com" }, "geometry": { "type": "Point", "coordinates": [ 133.99138830000004, 34.6969178 ] } },
{ "type": "Feature", "properties": { "内容": "リハプライド　さいだいじ【地域密着型通所介護】岡山県岡山市東区西大寺中野874-10", "url": "https://www.kaigokensaku.mhlw.go.jp/33/index.php?action_kouhyou_detail_004_kani=true&JigyosyoCd=3390102527-00&ServiceCd=780&Type=search", "url2": "https://www.rehapride.co.jp/saidaiji/" }, "geometry": { "type": "Point", "coordinates": [ 134.02432970000001, 34.656326700000015 ] } },
{ "type": "Feature", "properties": { "内容": "デイサービス洸寿【地域密着型通所介護】岡山県岡山市南区芳泉二丁目５－１６", "url": "https://www.kaigokensaku.mhlw.go.jp/33/index.php?action_kouhyou_detail_004_kani=true&JigyosyoCd=3390102402-00&ServiceCd=780&Type=search", "url2": null }, "geometry": { "type": "Point", "coordinates": [ 133.912312899999989, 34.6216142 ] } },
{ "type": "Feature", "properties": { "内容": "デイサービスセンター音色【地域密着型通所介護】岡山県岡山市南区郡728-5", "url": "https://www.kaigokensaku.mhlw.go.jp/33/index.php?action_kouhyou_detail_004_kani=true&JigyosyoCd=3370108189-00&ServiceCd=780&Type=search", "url2": null }, "geometry": { "type": "Point", "coordinates": [ 133.964785804460149, 34.580283856636207 ] } },
{ "type": "Feature", "properties": { "内容": "美咲デイサービスセンター【地域密着型通所介護】大福８２０－１", "url": "https://www.kaigokensaku.mhlw.go.jp/33/index.php?action_kouhyou_detail_004_kani=true&JigyosyoCd=3370110227-00&ServiceCd=780&Type=search", "url2": "https://azcorporation.co.jp" }, "geometry": { "type": "Point", "coordinates": [ 133.885075799999981, 34.6209541 ] } },
{ "type": "Feature", "properties": { "内容": "デイサービス朱鷺の家【地域密着型通所介護】岡山県岡山市南区大福419-32", "url": "https://www.kaigokensaku.mhlw.go.jp/33/index.php?action_kouhyou_detail_004_kani=true&JigyosyoCd=3370110573-00&ServiceCd=780&Type=search", "url2": "https://silpla.online/" }, "geometry": { "type": "Point", "coordinates": [ 133.873609, 34.615524 ] } },
{ "type": "Feature", "properties": { "内容": "デイサービス・カモミール【地域密着型通所介護】古新田８１－７", "url": "https://www.kaigokensaku.mhlw.go.jp/33/index.php?action_kouhyou_detail_004_kani=true&JigyosyoCd=3370112843-00&ServiceCd=780&Type=search", "url2": "https://hotlife-okayama.com/" }, "geometry": { "type": "Point", "coordinates": [ 133.871284759524542, 34.631760207140886 ] } },
{ "type": "Feature", "properties": { "内容": "デイサービスセンター天赦の里【地域密着型通所介護】岡山市南区福浜町19-17", "url": "https://www.kaigokensaku.mhlw.go.jp/33/index.php?action_kouhyou_detail_004_kani=true&JigyosyoCd=3370112645-00&ServiceCd=780&Type=search", "url2": "http://www.midorikai-net.or.jp/tensyanosato/index.html" }, "geometry": { "type": "Point", "coordinates": [ 133.943816800000036, 34.6196228 ] } },
{ "type": "Feature", "properties": { "内容": "デイサービス暖家【地域密着型通所介護】岡山市南区西高崎４５番地５", "url": "https://www.kaigokensaku.mhlw.go.jp/33/index.php?action_kouhyou_detail_004_kani=true&JigyosyoCd=3370113908-00&ServiceCd=780&Type=search", "url2": "https://www.attakaya.co.jp/" }, "geometry": { "type": "Point", "coordinates": [ 133.8797271, 34.5468836 ] } },
{ "type": "Feature", "properties": { "内容": "茶話本舗デイサービスれもん【地域密着型通所介護】岡山県岡山市南区浜野３丁目１６－２４", "url": "https://www.kaigokensaku.mhlw.go.jp/33/index.php?action_kouhyou_detail_004_kani=true&JigyosyoCd=3370113502-00&ServiceCd=780&Type=search", "url2": "http://sawalemon.com/" }, "geometry": { "type": "Point", "coordinates": [ 133.939353, 34.6308102 ] } },
{ "type": "Feature", "properties": { "内容": "元氣ジム岡山豊成【地域密着型通所介護】岡山県岡山市南区豊成２－６－２８", "url": "https://www.kaigokensaku.mhlw.go.jp/33/index.php?action_kouhyou_detail_004_kani=true&JigyosyoCd=3390102600-00&ServiceCd=780&Type=search", "url2": "http://www.shimoden.co.jp/" }, "geometry": { "type": "Point", "coordinates": [ 133.9262407, 34.6294727 ] } },
{ "type": "Feature", "properties": { "内容": "春のひだまりデイサービスセンター【地域密着型通所介護】岡山県岡山市南区妹尾840-1", "url": "https://www.kaigokensaku.mhlw.go.jp/33/index.php?action_kouhyou_detail_004_kani=true&JigyosyoCd=3370109385-00&ServiceCd=780&Type=search", "url2": "http://www.maedaiin-1966.com/" }, "geometry": { "type": "Point", "coordinates": [ 133.865167516532892, 34.6100821542178 ] } },
{ "type": "Feature", "properties": { "内容": "アイル岡南【地域密着型通所介護】岡山県岡山市南区三浜町1-8-17", "url": "https://www.kaigokensaku.mhlw.go.jp/33/index.php?action_kouhyou_detail_004_kani=true&JigyosyoCd=3370111852-00&ServiceCd=780&Type=search", "url2": "airu-kounan@abeam.ocn.ne.jp" }, "geometry": { "type": "Point", "coordinates": [ 133.9466264650124, 34.614693161547414 ] } },
{ "type": "Feature", "properties": { "内容": "デイサービス爽寿【地域密着型通所介護】岡山県岡山市南区芳泉二丁目５番７４号", "url": "https://www.kaigokensaku.mhlw.go.jp/33/index.php?action_kouhyou_detail_004_kani=true&JigyosyoCd=3370109633-00&ServiceCd=780&Type=search", "url2": null }, "geometry": { "type": "Point", "coordinates": [ 133.912281099999973, 34.6218049 ] } },
{ "type": "Feature", "properties": { "内容": "デイサービスセンター花さき山【地域密着型通所介護】岡山県岡山市南区新保656-14", "url": "https://www.kaigokensaku.mhlw.go.jp/33/index.php?action_kouhyou_detail_004_kani=true&JigyosyoCd=3370105953-00&ServiceCd=780&Type=search", "url2": "http://www.ne.jp/asahi/kaigo/aiai/" }, "geometry": { "type": "Point", "coordinates": [ 133.909377988885467, 34.632538420151953 ] } },
{ "type": "Feature", "properties": { "内容": "デイサービスセンターひかりの里えんがわ倶楽部【地域密着型通所介護】岡山県岡山市南区中畦187-8", "url": "https://www.kaigokensaku.mhlw.go.jp/33/index.php?action_kouhyou_detail_004_kani=true&JigyosyoCd=3370108197-00&ServiceCd=780&Type=search", "url2": "http//www.hikarinosato-okayama.com" }, "geometry": { "type": "Point", "coordinates": [ 133.849576, 34.5866956 ] } },
{ "type": "Feature", "properties": { "内容": "かとう内科並木通り診療所　デイサービスセンター　なみき【地域密着型通所介護】岡山県岡山市南区並木町2丁目27-5", "url": "https://www.kaigokensaku.mhlw.go.jp/33/index.php?action_kouhyou_detail_004_kani=true&JigyosyoCd=3370108452-00&ServiceCd=780&Type=search", "url2": "www.kato-namiki.or.jp" }, "geometry": { "type": "Point", "coordinates": [ 133.938939800000071, 34.6101432 ] } },
{ "type": "Feature", "properties": { "内容": "医療法人　一進会　通所介護なの花【地域密着型通所介護】岡山県岡山市南区豊浜町１－３５", "url": "https://www.kaigokensaku.mhlw.go.jp/33/index.php?action_kouhyou_detail_004_kani=true&JigyosyoCd=3370109518-00&ServiceCd=780&Type=search", "url2": "https://isshinkai.jp" }, "geometry": { "type": "Point", "coordinates": [ 133.93129, 34.6339623 ] } },
{ "type": "Feature", "properties": { "内容": "サンキ・ウエルビィ　デイサービスセンター新保【地域密着型通所介護】岡山県岡山市南区新保681-3", "url": "https://www.kaigokensaku.mhlw.go.jp/33/index.php?action_kouhyou_detail_004_kani=true&JigyosyoCd=3370111415-00&ServiceCd=780&Type=search", "url2": null }, "geometry": { "type": "Point", "coordinates": [ 133.909375899999986, 34.629565 ] } },
{ "type": "Feature", "properties": { "内容": "リハビリセンターうららか【地域密着型通所介護】岡山県岡山市南区福富東2-2-6", "url": "https://www.kaigokensaku.mhlw.go.jp/33/index.php?action_kouhyou_detail_004_kani=true&JigyosyoCd=3390102493-00&ServiceCd=780&Type=search", "url2": "http:www.sato-hp.com" }, "geometry": { "type": "Point", "coordinates": [ 133.93946440000002, 34.6225849 ] } },
{ "type": "Feature", "properties": { "内容": "デイサービス　ラ・クーラ【地域密着型通所介護】岡山県岡山市南区内尾410-10", "url": "https://www.kaigokensaku.mhlw.go.jp/33/index.php?action_kouhyou_detail_004_kani=true&JigyosyoCd=3390103319-00&ServiceCd=780&Type=search", "url2": null }, "geometry": { "type": "Point", "coordinates": [ 133.8620946, 34.6033946 ] } },
{ "type": "Feature", "properties": { "内容": "あけぼのクリニックデイサービスセンター【地域密着型通所介護】岡山県岡山市南区築港新町1丁目7番28号", "url": "https://www.kaigokensaku.mhlw.go.jp/33/index.php?action_kouhyou_detail_004_kani=true&JigyosyoCd=3390103442-00&ServiceCd=780&Type=search", "url2": null }, "geometry": { "type": "Point", "coordinates": [ 133.937354699999986, 34.6065481 ] } },
{ "type": "Feature", "properties": { "内容": "PLACES新保【地域密着型通所介護】岡山県岡山市南区新保1612-16", "url": "https://www.kaigokensaku.mhlw.go.jp/33/index.php?action_kouhyou_detail_004_kani=true&JigyosyoCd=3390103491-00&ServiceCd=780&Type=search", "url2": null }, "geometry": { "type": "Point", "coordinates": [ 133.9093757, 34.6365275 ] } },
{ "type": "Feature", "properties": { "内容": "デイサービスセンターみさき【地域密着型通所介護】岡山県岡山市南区泉田4丁目3－53", "url": "https://www.kaigokensaku.mhlw.go.jp/33/index.php?action_kouhyou_detail_004_kani=true&JigyosyoCd=3370112629-00&ServiceCd=780&Type=search", "url2": "http://azcorporation.co.jp" }, "geometry": { "type": "Point", "coordinates": [ 133.915800799999943, 34.6259326 ] } },
{ "type": "Feature", "properties": { "内容": "健リハビリデイサービス【地域密着型通所介護】福富東２－３６－１５", "url": "https://www.kaigokensaku.mhlw.go.jp/33/index.php?action_kouhyou_detail_004_kani=true&JigyosyoCd=3370112637-00&ServiceCd=780&Type=search", "url2": null }, "geometry": { "type": "Point", "coordinates": [ 133.941006099999953, 34.6171008 ] } },
{ "type": "Feature", "properties": { "内容": "デイサービスセンターチェリー大福【地域密着型通所介護】岡山県岡山市南区大福1308番地12", "url": "https://www.kaigokensaku.mhlw.go.jp/33/index.php?action_kouhyou_detail_004_kani=true&JigyosyoCd=3370113544-00&ServiceCd=780&Type=search", "url2": null }, "geometry": { "type": "Point", "coordinates": [ 133.877423599999929, 34.6158544 ] } },
{ "type": "Feature", "properties": { "内容": "デイサービスココファン妹尾【地域密着型通所介護】東畦164－1", "url": "https://www.kaigokensaku.mhlw.go.jp/33/index.php?action_kouhyou_detail_004_kani=true&JigyosyoCd=3370113932-00&ServiceCd=780&Type=search", "url2": "http://www.cocofump.co.jp" }, "geometry": { "type": "Point", "coordinates": [ 133.873184900000069, 34.6086969 ] } },
{ "type": "Feature", "properties": { "内容": "リハビリ特化型デイサービス　ムーブメントプロ岡山【地域密着型通所介護】岡山県岡山市南区福富西2-19-40", "url": "https://www.kaigokensaku.mhlw.go.jp/33/index.php?action_kouhyou_detail_004_kani=true&JigyosyoCd=3390102485-00&ServiceCd=780&Type=search", "url2": "https://randc-shonan.co.jp/office/movementpro_okayama.html" }, "geometry": { "type": "Point", "coordinates": [ 133.935547799999966, 34.6324278 ] } },
{ "type": "Feature", "properties": { "内容": "春デイサービス【地域密着型通所介護】福富中2-18-7", "url": "https://www.kaigokensaku.mhlw.go.jp/33/index.php?action_kouhyou_detail_004_kani=true&JigyosyoCd=3390102782-00&ServiceCd=780&Type=search", "url2": null }, "geometry": { "type": "Point", "coordinates": [ 133.9372148, 34.6191607 ] } },
{ "type": "Feature", "properties": { "内容": "リハビリ特化型デイサービス　ムーブメントプロ新保【地域密着型通所介護】岡山県岡山市南区新保662-8", "url": "https://www.kaigokensaku.mhlw.go.jp/33/index.php?action_kouhyou_detail_004_kani=true&JigyosyoCd=3390102881-00&ServiceCd=780&Type=search", "url2": "https://www.randc-shonan.co.jp/" }, "geometry": { "type": "Point", "coordinates": [ 133.9075102, 34.6320122 ] } },
{ "type": "Feature", "properties": { "内容": "デイサービス　いけだ【地域密着型通所介護】岡山県岡山市南区彦崎2810-7", "url": "https://www.kaigokensaku.mhlw.go.jp/33/index.php?action_kouhyou_detail_004_kani=true&JigyosyoCd=3390102907-00&ServiceCd=780&Type=search", "url2": "https://ikedaiin.or.jp" }, "geometry": { "type": "Point", "coordinates": [ 133.8368208, 34.5522505 ] } },
{ "type": "Feature", "properties": { "内容": "デイサービスセンター　プルミエのじむ【地域密着型通所介護】岡山県岡山市南区北浦100番地", "url": "https://www.kaigokensaku.mhlw.go.jp/33/index.php?action_kouhyou_detail_004_kani=true&JigyosyoCd=3390103517-00&ServiceCd=780&Type=search", "url2": "http://suiseikai-group.jp/okayama-kunpukai/" }, "geometry": { "type": "Point", "coordinates": [ 133.963033928836069, 34.587196338779243 ] } },
{ "type": "Feature", "properties": { "内容": "デイサービス新倉敷良寛の杜【地域密着型通所介護】玉島八島1555", "url": "https://www.kaigokensaku.mhlw.go.jp/33/index.php?action_kouhyou_detail_004_kani=true&JigyosyoCd=3370207759-00&ServiceCd=780&Type=search", "url2": null }, "geometry": { "type": "Point", "coordinates": [ 133.658892700000024, 34.5618238 ] } },
{ "type": "Feature", "properties": { "内容": "デイサービスゆんた中庄【地域密着型通所介護】岡山県倉敷市中庄2239－8", "url": "https://www.kaigokensaku.mhlw.go.jp/33/index.php?action_kouhyou_detail_004_kani=true&JigyosyoCd=3370206090-00&ServiceCd=780&Type=search", "url2": null }, "geometry": { "type": "Point", "coordinates": [ 133.796901299999945, 34.6235295 ] } },
{ "type": "Feature", "properties": { "内容": "デイサービスセンターあじさい【地域密着型通所介護】岡山県倉敷市羽島７０１－２", "url": "https://www.kaigokensaku.mhlw.go.jp/33/index.php?action_kouhyou_detail_004_kani=true&JigyosyoCd=3370206256-00&ServiceCd=780&Type=search", "url2": null }, "geometry": { "type": "Point", "coordinates": [ 133.779766600000016, 34.5966846 ] } },
{ "type": "Feature", "properties": { "内容": "デイサービスセンター養命館【地域密着型通所介護】岡山県倉敷市水島西常盤町10-19", "url": "https://www.kaigokensaku.mhlw.go.jp/33/index.php?action_kouhyou_detail_004_kani=true&JigyosyoCd=3370205639-00&ServiceCd=780&Type=search", "url2": null }, "geometry": { "type": "Point", "coordinates": [ 133.740570515344217, 34.535423834275555 ] } },
{ "type": "Feature", "properties": { "内容": "デイサービス樹楽西中新田【地域密着型通所介護】岡山県倉敷市西中新田320-5", "url": "https://www.kaigokensaku.mhlw.go.jp/33/index.php?action_kouhyou_detail_004_kani=true&JigyosyoCd=3370207585-00&ServiceCd=780&Type=search", "url2": "kiraku-nisinakashimden.com" }, "geometry": { "type": "Point", "coordinates": [ 133.759912699999973, 34.5827692 ] } },
{ "type": "Feature", "properties": { "内容": "デイサービスまつしま【地域密着型通所介護】岡山県倉敷市松島４５９番地", "url": "https://www.kaigokensaku.mhlw.go.jp/33/index.php?action_kouhyou_detail_004_kani=true&JigyosyoCd=3370207098-00&ServiceCd=780&Type=search", "url2": null }, "geometry": { "type": "Point", "coordinates": [ 133.81464189999997, 34.6327203 ] } },
{ "type": "Feature", "properties": { "内容": "デイサービスセンターもくもく【地域密着型通所介護】岡山県倉敷市沖新町63-7", "url": "https://www.kaigokensaku.mhlw.go.jp/33/index.php?action_kouhyou_detail_004_kani=true&JigyosyoCd=3390201485-00&ServiceCd=780&Type=search", "url2": "http://www.yotsubakai.or.jp/" }, "geometry": { "type": "Point", "coordinates": [ 133.7548099, 34.5822082 ] } },
{ "type": "Feature", "properties": { "内容": "デイサービスセンター松月【地域密着型通所介護】岡山県倉敷市西坂１３７４－２", "url": "https://www.kaigokensaku.mhlw.go.jp/33/index.php?action_kouhyou_detail_004_kani=true&JigyosyoCd=3390201253-00&ServiceCd=780&Type=search", "url2": null }, "geometry": { "type": "Point", "coordinates": [ 133.774877599999968, 34.643544 ] } },
{ "type": "Feature", "properties": { "内容": "リハスパ　アイビー児島【地域密着型通所介護】岡山県倉敷市大畠2丁目1674-16", "url": "https://www.kaigokensaku.mhlw.go.jp/33/index.php?action_kouhyou_detail_004_kani=true&JigyosyoCd=3390201873-00&ServiceCd=780&Type=search", "url2": "https://rehaspaivy.com" }, "geometry": { "type": "Point", "coordinates": [ 133.8129643, 34.439456 ] } },
{ "type": "Feature", "properties": { "内容": "福来朗　デイサービス【地域密着型通所介護】倉敷市玉島乙島8230-24", "url": "https://www.kaigokensaku.mhlw.go.jp/33/index.php?action_kouhyou_detail_004_kani=true&JigyosyoCd=3370206843-00&ServiceCd=780&Type=search", "url2": null }, "geometry": { "type": "Point", "coordinates": [ 133.678466728063995, 34.525479940595815 ] } },
{ "type": "Feature", "properties": { "内容": "フラフィデイサービス【地域密着型通所介護】片島町１１１２－８", "url": "https://www.kaigokensaku.mhlw.go.jp/33/index.php?action_kouhyou_detail_004_kani=true&JigyosyoCd=3370207015-00&ServiceCd=780&Type=search", "url2": "fluffi.jp" }, "geometry": { "type": "Point", "coordinates": [ 133.711792599999967, 34.5680066 ] } },
{ "type": "Feature", "properties": { "内容": "リハビリテーション颯　倉敷【地域密着型通所介護】西富井679-6バグスビル", "url": "https://www.kaigokensaku.mhlw.go.jp/33/index.php?action_kouhyou_detail_004_kani=true&JigyosyoCd=3370207361-00&ServiceCd=780&Type=search", "url2": "http://cgi3.medicplanning.com/sou/" }, "geometry": { "type": "Point", "coordinates": [ 133.746688899999981, 34.5769891 ] } },
{ "type": "Feature", "properties": { "内容": "リハビリテーション颯水島【地域密着型通所介護】岡山県倉敷市北畝6丁目1-4", "url": "https://www.kaigokensaku.mhlw.go.jp/33/index.php?action_kouhyou_detail_004_kani=true&JigyosyoCd=3370207676-00&ServiceCd=780&Type=search", "url2": null }, "geometry": { "type": "Point", "coordinates": [ 133.7507147, 34.5394016 ] } },
{ "type": "Feature", "properties": { "内容": "デイサービス　こみん【地域密着型通所介護】岡山県倉敷市児島下の町4丁目13-46", "url": "https://www.kaigokensaku.mhlw.go.jp/33/index.php?action_kouhyou_detail_004_kani=true&JigyosyoCd=3370207288-00&ServiceCd=780&Type=search", "url2": "http://www.hirohouse.com" }, "geometry": { "type": "Point", "coordinates": [ 133.817017099999987, 34.4837502 ] } },
{ "type": "Feature", "properties": { "内容": "福来朗デイサービス　寛【地域密着型通所介護】玉島乙島8230-23", "url": "https://www.kaigokensaku.mhlw.go.jp/33/index.php?action_kouhyou_detail_004_kani=true&JigyosyoCd=3390201212-00&ServiceCd=780&Type=search", "url2": null }, "geometry": { "type": "Point", "coordinates": [ 133.678416, 34.5255358 ] } },
{ "type": "Feature", "properties": { "内容": "三谷原内科医院デイサービスセンター【地域密着型通所介護】岡山県倉敷市中島1473-1", "url": "https://www.kaigokensaku.mhlw.go.jp/33/index.php?action_kouhyou_detail_004_kani=true&JigyosyoCd=3370202404-00&ServiceCd=780&Type=search", "url2": null }, "geometry": { "type": "Point", "coordinates": [ 133.726624099999981, 34.5759087 ] } },
{ "type": "Feature", "properties": { "内容": "デイサービスセンターひまわりホーム【地域密着型通所介護】岡山県倉敷市真備町川辺624-2", "url": "https://www.kaigokensaku.mhlw.go.jp/33/index.php?action_kouhyou_detail_004_kani=true&JigyosyoCd=3370205589-00&ServiceCd=780&Type=search", "url2": "http://himawari-nr.com" }, "geometry": { "type": "Point", "coordinates": [ 133.720024381545272, 34.641700991923443 ] } },
{ "type": "Feature", "properties": { "内容": "だんらんの家　倉敷林【地域密着型通所介護】岡山県倉敷市林174-16", "url": "https://www.kaigokensaku.mhlw.go.jp/33/index.php?action_kouhyou_detail_004_kani=true&JigyosyoCd=3390201667-00&ServiceCd=780&Type=search", "url2": "https://danrannoie.com/home/kurashikihayashi.html" }, "geometry": { "type": "Point", "coordinates": [ 133.8189219, 34.5463493 ] } },
{ "type": "Feature", "properties": { "内容": "デイサービス　住人十彩【地域密着型通所介護】倉敷市亀島２－１１－１０", "url": "https://www.kaigokensaku.mhlw.go.jp/33/index.php?action_kouhyou_detail_004_kani=true&JigyosyoCd=3370206454-00&ServiceCd=780&Type=search", "url2": null }, "geometry": { "type": "Point", "coordinates": [ 133.727198884655763, 34.540611383982302 ] } },
{ "type": "Feature", "properties": { "内容": "デイサービス朱鷺の家たましま【地域密着型通所介護】倉敷市玉島3丁目17-19", "url": "https://www.kaigokensaku.mhlw.go.jp/33/index.php?action_kouhyou_detail_004_kani=true&JigyosyoCd=3370206306-00&ServiceCd=780&Type=search", "url2": "https://www.silpla.online/" }, "geometry": { "type": "Point", "coordinates": [ 133.670794699999988, 34.5379093 ] } },
{ "type": "Feature", "properties": { "内容": "ポラリスデイサービスセンター安江【地域密着型通所介護】岡山県倉敷市安江550-14", "url": "https://www.kaigokensaku.mhlw.go.jp/33/index.php?action_kouhyou_detail_004_kani=true&JigyosyoCd=3390201519-00&ServiceCd=780&Type=search", "url2": "http://www.polaris.care/" }, "geometry": { "type": "Point", "coordinates": [ 133.746546800000033, 34.5936848 ] } },
{ "type": "Feature", "properties": { "内容": "アルファディサービスセンター倉敷駅前通り【地域密着型通所介護】岡山県倉敷市日ノ出町一丁目5番7号", "url": "https://www.kaigokensaku.mhlw.go.jp/33/index.php?action_kouhyou_detail_004_kani=true&JigyosyoCd=3370206504-00&ServiceCd=780&Type=search", "url2": "http://www.a-living.jp/kurashiki-ekimae/" }, "geometry": { "type": "Point", "coordinates": [ 133.769501, 34.604978 ] } },
{ "type": "Feature", "properties": { "内容": "おひさまデイサービスセンター【地域密着型通所介護】倉敷市茶屋町272-6", "url": "https://www.kaigokensaku.mhlw.go.jp/33/index.php?action_kouhyou_detail_004_kani=true&JigyosyoCd=3370206322-00&ServiceCd=780&Type=search", "url2": null }, "geometry": { "type": "Point", "coordinates": [ 133.8245058, 34.5765652 ] } },
{ "type": "Feature", "properties": { "内容": "いづみ荘デイサービスセンター【地域密着型通所介護】玉島阿賀崎1丁目6-25", "url": "https://www.kaigokensaku.mhlw.go.jp/33/index.php?action_kouhyou_detail_004_kani=true&JigyosyoCd=3370207346-00&ServiceCd=780&Type=search", "url2": "http://www.adagio-idumisou.jp" }, "geometry": { "type": "Point", "coordinates": [ 133.675566200000048, 34.5492638 ] } },
{ "type": "Feature", "properties": { "内容": "早稲田イーライフ倉敷マスカット【地域密着型通所介護】岡山県倉敷市中庄3137-4", "url": "https://www.kaigokensaku.mhlw.go.jp/33/index.php?action_kouhyou_detail_004_kani=true&JigyosyoCd=3390201261-00&ServiceCd=780&Type=search", "url2": "http://hinode-and-sons.com/e_life.html" }, "geometry": { "type": "Point", "coordinates": [ 133.799484399999983, 34.6214853 ] } },
{ "type": "Feature", "properties": { "内容": "早稲田イーライフ新倉敷【地域密着型通所介護】岡山県倉敷市新倉敷駅前5丁目253-1", "url": "https://www.kaigokensaku.mhlw.go.jp/33/index.php?action_kouhyou_detail_004_kani=true&JigyosyoCd=3390201469-00&ServiceCd=780&Type=search", "url2": null }, "geometry": { "type": "Point", "coordinates": [ 133.6782998, 34.5604452 ] } },
{ "type": "Feature", "properties": { "内容": "倉敷北デイサービスセンター【地域密着型通所介護】倉敷市宮前42-1", "url": "https://www.kaigokensaku.mhlw.go.jp/33/index.php?action_kouhyou_detail_004_kani=true&JigyosyoCd=3370202891-00&ServiceCd=780&Type=search", "url2": "http://www.kurakita.co.jp/" }, "geometry": { "type": "Point", "coordinates": [ 133.761912, 34.6111249 ] } },
{ "type": "Feature", "properties": { "内容": "ろうどうしゃきょうどうくみあいだんだん【地域密着型通所介護】岡山県倉敷市広江五丁目2-45", "url": "https://www.kaigokensaku.mhlw.go.jp/33/index.php?action_kouhyou_detail_004_kani=true&JigyosyoCd=3390201931-00&ServiceCd=780&Type=search", "url2": null }, "geometry": { "type": "Point", "coordinates": [ 133.7810416, 34.5245527 ] } },
{ "type": "Feature", "properties": { "内容": "機能訓練専門デイサービス　一歩玉島【地域密着型通所介護】玉島八島1561−1", "url": "https://www.kaigokensaku.mhlw.go.jp/33/index.php?action_kouhyou_detail_004_kani=true&JigyosyoCd=3390201501-00&ServiceCd=780&Type=search", "url2": null }, "geometry": { "type": "Point", "coordinates": [ 133.6720997, 34.565143 ] } },
{ "type": "Feature", "properties": { "内容": "地域密着型通所介護　のぞみ【地域密着型通所介護】岡山県倉敷市玉島乙島4479-3", "url": "https://www.kaigokensaku.mhlw.go.jp/33/index.php?action_kouhyou_detail_004_kani=true&JigyosyoCd=3390201311-00&ServiceCd=780&Type=search", "url2": null }, "geometry": { "type": "Point", "coordinates": [ 133.682335, 34.5392786 ] } },
{ "type": "Feature", "properties": { "内容": "デイサービス倉敷幸町【地域密着型通所介護】岡山県倉敷市幸町7-18", "url": "https://www.kaigokensaku.mhlw.go.jp/33/index.php?action_kouhyou_detail_004_kani=true&JigyosyoCd=3370207130-00&ServiceCd=780&Type=search", "url2": null }, "geometry": { "type": "Point", "coordinates": [ 133.773466800000051, 34.6060698 ] } },
{ "type": "Feature", "properties": { "内容": "デイサービスセンター庄の里「なごやか」【地域密着型通所介護】岡山県倉敷市生坂698", "url": "https://www.kaigokensaku.mhlw.go.jp/33/index.php?action_kouhyou_detail_004_kani=true&JigyosyoCd=3370207825-00&ServiceCd=780&Type=search", "url2": "http://www.syounosato.or.jp/" }, "geometry": { "type": "Point", "coordinates": [ 133.789513100000022, 34.6222934 ] } },
{ "type": "Feature", "properties": { "内容": "リハビリ堀南【地域密着型通所介護】岡山県倉敷市堀南637-1", "url": "https://www.kaigokensaku.mhlw.go.jp/33/index.php?action_kouhyou_detail_004_kani=true&JigyosyoCd=3370206041-00&ServiceCd=780&Type=search", "url2": "https://hayashidazou.info/#tab4" }, "geometry": { "type": "Point", "coordinates": [ 133.756632500000023, 34.5771724 ] } },
{ "type": "Feature", "properties": { "内容": "健康トレーニング館【地域密着型通所介護】岡山県倉敷市茶屋町1609-10", "url": "https://www.kaigokensaku.mhlw.go.jp/33/index.php?action_kouhyou_detail_004_kani=true&JigyosyoCd=3370204772-00&ServiceCd=780&Type=search", "url2": "https://hayashidazou.info/" }, "geometry": { "type": "Point", "coordinates": [ 133.827813699999979, 34.5794956 ] } },
{ "type": "Feature", "properties": { "内容": "デイサービス秋桜【地域密着型通所介護】岡山県倉敷市亀島1丁目32番26号", "url": "https://www.kaigokensaku.mhlw.go.jp/33/index.php?action_kouhyou_detail_004_kani=true&JigyosyoCd=3390201907-00&ServiceCd=780&Type=search", "url2": null }, "geometry": { "type": "Point", "coordinates": [ 133.728638200000034, 34.5396953 ] } },
{ "type": "Feature", "properties": { "内容": "サーティーリハ　浜の茶屋【地域密着型通所介護】岡山県倉敷市浜町2丁目16-45", "url": "https://www.kaigokensaku.mhlw.go.jp/33/index.php?action_kouhyou_detail_004_kani=true&JigyosyoCd=3390201535-00&ServiceCd=780&Type=search", "url2": null }, "geometry": { "type": "Point", "coordinates": [ 133.774285400000053, 34.6100494 ] } },
{ "type": "Feature", "properties": { "内容": "デイサービス　ささえ愛【地域密着型通所介護】岡山県倉敷市福田町古新田８０２－１７", "url": "https://www.kaigokensaku.mhlw.go.jp/33/index.php?action_kouhyou_detail_004_kani=true&JigyosyoCd=3370206694-00&ServiceCd=780&Type=search", "url2": "http://www.okayama-korei.jp" }, "geometry": { "type": "Point", "coordinates": [ 133.769443899999942, 34.5419435 ] } },
{ "type": "Feature", "properties": { "内容": "古民家デイサービス蒼水丸【地域密着型通所介護】岡山県倉敷市水江893番地2", "url": "https://www.kaigokensaku.mhlw.go.jp/33/index.php?action_kouhyou_detail_004_kani=true&JigyosyoCd=3370205829-00&ServiceCd=780&Type=search", "url2": "http://sousuimaru.com" }, "geometry": { "type": "Point", "coordinates": [ 133.7397833, 34.6007564 ] } },
{ "type": "Feature", "properties": { "内容": "デイサービスセンターみどりのじむ鶴の浦【地域密着型通所介護】岡山県倉敷市鶴の浦3丁目2番67号", "url": "https://www.kaigokensaku.mhlw.go.jp/33/index.php?action_kouhyou_detail_004_kani=true&JigyosyoCd=3390202079-00&ServiceCd=780&Type=search", "url2": "https://suiseikai-group.jp/kunpukai/" }, "geometry": { "type": "Point", "coordinates": [ 133.707117399999987, 34.5480087 ] } },
{ "type": "Feature", "properties": { "内容": "デイサービス鷲羽【地域密着型通所介護】岡山県倉敷市児島田の口5-13-28デイサービス鷲羽", "url": "https://www.kaigokensaku.mhlw.go.jp/33/index.php?action_kouhyou_detail_004_kani=true&JigyosyoCd=3390201840-00&ServiceCd=780&Type=search", "url2": "www.kiryukai.com/" }, "geometry": { "type": "Point", "coordinates": [ 133.8516109, 34.4703022 ] } },
{ "type": "Feature", "properties": { "内容": "デイサービスセンター　ぷらすのじむ真備【地域密着型通所介護】岡山県倉敷市真備町尾崎977-1", "url": "https://www.kaigokensaku.mhlw.go.jp/33/index.php?action_kouhyou_detail_004_kani=true&JigyosyoCd=3390202038-00&ServiceCd=780&Type=search", "url2": null }, "geometry": { "type": "Point", "coordinates": [ 133.679279187835704, 34.62451188448906 ] } },
{ "type": "Feature", "properties": { "内容": "デイサービスセンタークローバー【地域密着型通所介護】小川9－5－8", "url": "https://www.kaigokensaku.mhlw.go.jp/33/index.php?action_kouhyou_detail_004_kani=true&JigyosyoCd=3390202087-00&ServiceCd=780&Type=search", "url2": null }, "geometry": { "type": "Point", "coordinates": [ 139.473297, 35.5256656 ] } },
{ "type": "Feature", "properties": { "内容": "おかやまコープデイサービス倉敷中島【地域密着型通所介護】倉敷市中島1833-1有料老人ホームきづな倉敷1F", "url": "https://www.kaigokensaku.mhlw.go.jp/33/index.php?action_kouhyou_detail_004_kani=true&JigyosyoCd=3390202012-00&ServiceCd=780&Type=search", "url2": null }, "geometry": { "type": "Point", "coordinates": [ 133.7277595, 34.5741204 ] } },
{ "type": "Feature", "properties": { "内容": "柴田病院かっこうの森デイサービスセンター【地域密着型通所介護】岡山県倉敷市玉島乙島6034－1", "url": "https://www.kaigokensaku.mhlw.go.jp/33/index.php?action_kouhyou_detail_004_kani=true&JigyosyoCd=3370204194-00&ServiceCd=780&Type=search", "url2": "http://www.shibata-h.jp" }, "geometry": { "type": "Point", "coordinates": [ 133.692097800000056, 34.5523747 ] } },
{ "type": "Feature", "properties": { "内容": "デイサービスふれんど【地域密着型通所介護】玉島阿賀崎２５００－２", "url": "https://www.kaigokensaku.mhlw.go.jp/33/index.php?action_kouhyou_detail_004_kani=true&JigyosyoCd=3370207403-00&ServiceCd=780&Type=search", "url2": null }, "geometry": { "type": "Point", "coordinates": [ 133.647731849737539, 34.542736398194066 ] } },
{ "type": "Feature", "properties": { "内容": "デイサービス　カスケア【地域密着型通所介護】玉島中央町2丁目3番6号", "url": "https://www.kaigokensaku.mhlw.go.jp/33/index.php?action_kouhyou_detail_004_kani=true&JigyosyoCd=3390201402-00&ServiceCd=780&Type=search", "url2": "http://www.kasuke.co.jp" }, "geometry": { "type": "Point", "coordinates": [ 133.671680599999974, 34.5456725 ] } },
{ "type": "Feature", "properties": { "内容": "デイサービスセンター中庄【地域密着型通所介護】岡山県倉敷市平田923-1", "url": "https://www.kaigokensaku.mhlw.go.jp/33/index.php?action_kouhyou_detail_004_kani=true&JigyosyoCd=3370202503-00&ServiceCd=780&Type=search", "url2": "https://www.keiyuu-kai.or.jp/" }, "geometry": { "type": "Point", "coordinates": [ 133.779622, 34.6165467 ] } },
{ "type": "Feature", "properties": { "内容": "はあもにいデイ・フィットネス【地域密着型通所介護】岡山県倉敷市羽島666-1", "url": "https://www.kaigokensaku.mhlw.go.jp/33/index.php?action_kouhyou_detail_004_kani=true&JigyosyoCd=3390202103-00&ServiceCd=780&Type=search", "url2": "https://www.harmony-k.jp/day" }, "geometry": { "type": "Point", "coordinates": [ 133.7792254, 34.5961186 ] } },
{ "type": "Feature", "properties": { "内容": "デイサービスセンターみどりのじむ水島【地域密着型通所介護】倉敷市水島北幸町4-5", "url": "https://www.kaigokensaku.mhlw.go.jp/33/index.php?action_kouhyou_detail_004_kani=true&JigyosyoCd=3390201964-00&ServiceCd=780&Type=search", "url2": "https://suiseikai-group.jp/kunpukai/" }, "geometry": { "type": "Point", "coordinates": [ 133.739582, 34.541277 ] } },
{ "type": "Feature", "properties": { "内容": "レコードブック倉敷大高【地域密着型通所介護】東富井901-8201号", "url": "https://www.kaigokensaku.mhlw.go.jp/33/index.php?action_kouhyou_detail_004_kani=true&JigyosyoCd=3390201303-00&ServiceCd=780&Type=search", "url2": null }, "geometry": { "type": "Point", "coordinates": [ 133.752632799999986, 34.5773002 ] } },
{ "type": "Feature", "properties": { "内容": "地域密着型デイサービス　ニューエルダー【地域密着型通所介護】倉敷市玉島1661－1", "url": "https://www.kaigokensaku.mhlw.go.jp/33/index.php?action_kouhyou_detail_004_kani=true&JigyosyoCd=3370205928-00&ServiceCd=780&Type=search", "url2": "http://www.newelder.jp" }, "geometry": { "type": "Point", "coordinates": [ 133.682984799999986, 34.5527385 ] } },
{ "type": "Feature", "properties": { "内容": "３５８デイサービスセンター【地域密着型通所介護】岡山県倉敷市串田660番地", "url": "https://www.kaigokensaku.mhlw.go.jp/33/index.php?action_kouhyou_detail_004_kani=true&JigyosyoCd=3370204848-00&ServiceCd=780&Type=search", "url2": "www.warakukai.com" }, "geometry": { "type": "Point", "coordinates": [ 133.812907900000027, 34.5433056 ] } },
{ "type": "Feature", "properties": { "内容": "新見デイサービス【地域密着型通所介護】岡山県倉敷市児島稗田町1822", "url": "https://www.kaigokensaku.mhlw.go.jp/33/index.php?action_kouhyou_detail_004_kani=true&JigyosyoCd=3370203758-00&ServiceCd=780&Type=search", "url2": "https://www.niimi-nougeka.jp/" }, "geometry": { "type": "Point", "coordinates": [ 133.803731, 34.4962934 ] } },
{ "type": "Feature", "properties": { "内容": "デイサービスセンター　レインボー【地域密着型通所介護】岡山県　倉敷市　連島１丁目7-27", "url": "https://www.kaigokensaku.mhlw.go.jp/33/index.php?action_kouhyou_detail_004_kani=true&JigyosyoCd=3390202020-00&ServiceCd=780&Type=search", "url2": "https://www.kura-hcu.jp" }, "geometry": { "type": "Point", "coordinates": [ 133.7383331, 34.5467308 ] } },
{ "type": "Feature", "properties": { "内容": "デイサービスセンターみどりのじむ片島【地域密着型通所介護】岡山県倉敷市片島町1057番1", "url": "https://www.kaigokensaku.mhlw.go.jp/33/index.php?action_kouhyou_detail_004_kani=true&JigyosyoCd=3390202004-00&ServiceCd=780&Type=search", "url2": "http://suiseikai-group.jp/kunpukai/" }, "geometry": { "type": "Point", "coordinates": [ 133.7157899, 34.5686704 ] } },
{ "type": "Feature", "properties": { "内容": "あかりデイサービス【地域密着型通所介護】岡山県倉敷市連島1丁目5番15号", "url": "https://www.kaigokensaku.mhlw.go.jp/33/index.php?action_kouhyou_detail_004_kani=true&JigyosyoCd=3370205225-00&ServiceCd=780&Type=search", "url2": null }, "geometry": { "type": "Point", "coordinates": [ 133.740100747828251, 34.546105196035555 ] } },
{ "type": "Feature", "properties": { "内容": "デイサービス　とんがりぼうし【地域密着型通所介護】岡山県倉敷市玉島柏島687-1", "url": "https://www.kaigokensaku.mhlw.go.jp/33/index.php?action_kouhyou_detail_004_kani=true&JigyosyoCd=3370204467-00&ServiceCd=780&Type=search", "url2": "http://www.lovenet.co.jp" }, "geometry": { "type": "Point", "coordinates": [ 133.666642200000069, 34.5359449 ] } },
{ "type": "Feature", "properties": { "内容": "地域密着型通所介護デイサービスグリーンビレッジ瀬戸内【地域密着型通所介護】岡山県倉敷市船穂町柳井原2300-1グリーンビレッジ瀬戸内", "url": "https://www.kaigokensaku.mhlw.go.jp/33/index.php?action_kouhyou_detail_004_kani=true&JigyosyoCd=3370207213-00&ServiceCd=780&Type=search", "url2": "http://www.setouchifukushi.jp" }, "geometry": { "type": "Point", "coordinates": [ 133.715821399999982, 34.6105998 ] } },
{ "type": "Feature", "properties": { "内容": "Ｐ．Ｐ．Ｐ．ブラヴィッシモ！味野【地域密着型通所介護】岡山県倉敷市児島味野1丁目15-1", "url": "https://www.kaigokensaku.mhlw.go.jp/33/index.php?action_kouhyou_detail_004_kani=true&JigyosyoCd=3370207742-00&ServiceCd=780&Type=search", "url2": "http://www.3flower.jp/" }, "geometry": { "type": "Point", "coordinates": [ 133.8018687, 34.4747664 ] } },
{ "type": "Feature", "properties": { "内容": "デイサービスセンター向日葵【地域密着型通所介護】岡山県倉敷市児島下の町１０丁目３７４番地", "url": "https://www.kaigokensaku.mhlw.go.jp/33/index.php?action_kouhyou_detail_004_kani=true&JigyosyoCd=3370203543-00&ServiceCd=780&Type=search", "url2": "http://www.seikoh-hp.or.jp/" }, "geometry": { "type": "Point", "coordinates": [ 133.828193300000066, 34.4743496 ] } },
{ "type": "Feature", "properties": { "内容": "おひさまデイサービスセンター粒江【地域密着型通所介護】粒江654-5", "url": "https://www.kaigokensaku.mhlw.go.jp/33/index.php?action_kouhyou_detail_004_kani=true&JigyosyoCd=3370207684-00&ServiceCd=780&Type=search", "url2": null }, "geometry": { "type": "Point", "coordinates": [ 133.803477499999985, 34.556831 ] } },
{ "type": "Feature", "properties": { "内容": "レコードブック倉敷水島【地域密着型通所介護】水島東栄町12-46", "url": "https://www.kaigokensaku.mhlw.go.jp/33/index.php?action_kouhyou_detail_004_kani=true&JigyosyoCd=3390201584-00&ServiceCd=780&Type=search", "url2": null }, "geometry": { "type": "Point", "coordinates": [ 133.7454926, 34.53989780000002 ] } },
{ "type": "Feature", "properties": { "内容": "デイサービスセンターぷらすのじむ沙美【地域密着型通所介護】岡山県倉敷市玉島黒崎5577", "url": "https://www.kaigokensaku.mhlw.go.jp/33/index.php?action_kouhyou_detail_004_kani=true&JigyosyoCd=3390201444-00&ServiceCd=780&Type=search", "url2": "http://suiseikai-group.jp/kunpu-care-plus/" }, "geometry": { "type": "Point", "coordinates": [ 133.635723900000016, 34.503364 ] } },
{ "type": "Feature", "properties": { "内容": "リハビリテーション颯連島【地域密着型通所介護】岡山県倉敷市連島中央１丁目６－１", "url": "https://www.kaigokensaku.mhlw.go.jp/33/index.php?action_kouhyou_detail_004_kani=true&JigyosyoCd=3390201550-00&ServiceCd=780&Type=search", "url2": "http://www.takeda-hp.com/" }, "geometry": { "type": "Point", "coordinates": [ 133.7336802, 34.5472598 ] } },
{ "type": "Feature", "properties": { "内容": "通所介護　介護さぽーと【地域密着型通所介護】岡山県倉敷市児島稗田町2657番地", "url": "https://www.kaigokensaku.mhlw.go.jp/33/index.php?action_kouhyou_detail_004_kani=true&JigyosyoCd=3370205050-00&ServiceCd=780&Type=search", "url2": null }, "geometry": { "type": "Point", "coordinates": [ 133.807751123993256, 34.509738242460124 ] } },
{ "type": "Feature", "properties": { "内容": "多機能・共生型事業体くらしきピアぽーと【地域密着型通所介護】岡山県倉敷市上富井218-8", "url": "https://www.kaigokensaku.mhlw.go.jp/33/index.php?action_kouhyou_detail_004_kani=true&JigyosyoCd=3390201774-00&ServiceCd=780&Type=search", "url2": "https://hitoiro-no-mi.org/" }, "geometry": { "type": "Point", "coordinates": [ 133.7483293, 34.5837334 ] } },
{ "type": "Feature", "properties": { "内容": "デイサービス春風【地域密着型通所介護】岡山県倉敷市吉岡237番地", "url": "https://www.kaigokensaku.mhlw.go.jp/33/index.php?action_kouhyou_detail_004_kani=true&JigyosyoCd=3370204434-00&ServiceCd=780&Type=search", "url2": null }, "geometry": { "type": "Point", "coordinates": [ 133.767454300000054, 34.5677984 ] } },
{ "type": "Feature", "properties": { "内容": "茶話本舗阿知の藤デイサービス【地域密着型通所介護】岡山県倉敷市阿知3-10-13", "url": "https://www.kaigokensaku.mhlw.go.jp/33/index.php?action_kouhyou_detail_004_kani=true&JigyosyoCd=3370207270-00&ServiceCd=780&Type=search", "url2": null }, "geometry": { "type": "Point", "coordinates": [ 133.7665494, 34.5990006 ] } },
{ "type": "Feature", "properties": { "内容": "有限会社　いちばん舘　ゆうゆうデイサービス【地域密着型通所介護】岡山県津山市野村３１５－６", "url": "https://www.kaigokensaku.mhlw.go.jp/33/index.php?action_kouhyou_detail_004_kani=true&JigyosyoCd=3370301701-00&ServiceCd=780&Type=search", "url2": "http://happytown.orahoo.com/ichibankan/" }, "geometry": { "type": "Point", "coordinates": [ 134.071560800000043, 35.0859928 ] } },
{ "type": "Feature", "properties": { "内容": "デイサービス大智【地域密着型通所介護】岡山県津山市大篠613-1", "url": "https://www.kaigokensaku.mhlw.go.jp/33/index.php?action_kouhyou_detail_004_kani=true&JigyosyoCd=3370301370-00&ServiceCd=780&Type=search", "url2": null }, "geometry": { "type": "Point", "coordinates": [ 134.0353488, 35.1033707 ] } },
{ "type": "Feature", "properties": { "内容": "デイサービス　雅【地域密着型通所介護】岡山県津山市宮尾1386-1", "url": "https://www.kaigokensaku.mhlw.go.jp/33/index.php?action_kouhyou_detail_004_kani=true&JigyosyoCd=3390300238-00&ServiceCd=780&Type=search", "url2": null }, "geometry": { "type": "Point", "coordinates": [ 133.938835261917234, 35.054743033925284 ] } },
{ "type": "Feature", "properties": { "内容": "デイサービスのどか【地域密着型通所介護】岡山県津山市下高倉西５４４－１", "url": "https://www.kaigokensaku.mhlw.go.jp/33/index.php?action_kouhyou_detail_004_kani=true&JigyosyoCd=3370301107-00&ServiceCd=780&Type=search", "url2": null }, "geometry": { "type": "Point", "coordinates": [ 134.048968800000011, 35.0861148 ] } },
{ "type": "Feature", "properties": { "内容": "おばら健康クラブ【地域密着型通所介護】岡山県津山市小原79－5", "url": "https://www.kaigokensaku.mhlw.go.jp/33/index.php?action_kouhyou_detail_004_kani=true&JigyosyoCd=3370300992-00&ServiceCd=780&Type=search", "url2": null }, "geometry": { "type": "Point", "coordinates": [ 134.002867599999945, 35.077681100000021 ] } },
{ "type": "Feature", "properties": { "内容": "デイサービスハーツ【地域密着型通所介護】岡山県津山市沼47－4", "url": "https://www.kaigokensaku.mhlw.go.jp/33/index.php?action_kouhyou_detail_004_kani=true&JigyosyoCd=3370302097-00&ServiceCd=780&Type=search", "url2": null }, "geometry": { "type": "Point", "coordinates": [ 134.011327899999969, 35.0781786 ] } },
{ "type": "Feature", "properties": { "内容": "デイサービスハーツ　津山口【地域密着型通所介護】津山口75-1", "url": "https://www.kaigokensaku.mhlw.go.jp/33/index.php?action_kouhyou_detail_004_kani=true&JigyosyoCd=3390300261-00&ServiceCd=780&Type=search", "url2": "https://www.day-hearts.jp/" }, "geometry": { "type": "Point", "coordinates": [ 133.987749, 35.0573349 ] } },
{ "type": "Feature", "properties": { "内容": "生き活き館津山デイサービスセンター【地域密着型通所介護】岡山県津山市皿628-7", "url": "https://www.kaigokensaku.mhlw.go.jp/33/index.php?action_kouhyou_detail_004_kani=true&JigyosyoCd=3370300802-00&ServiceCd=780&Type=search", "url2": "https://iki2.org/" }, "geometry": { "type": "Point", "coordinates": [ 133.9706493, 35.046628 ] } },
{ "type": "Feature", "properties": { "内容": "デイサービス　コスモス【地域密着型通所介護】岡山県津山市上河原510-1", "url": "https://www.kaigokensaku.mhlw.go.jp/33/index.php?action_kouhyou_detail_004_kani=true&JigyosyoCd=3370300828-00&ServiceCd=780&Type=search", "url2": "cosmos-tsuyama.com" }, "geometry": { "type": "Point", "coordinates": [ 134.001683899999989, 35.0893464 ] } },
{ "type": "Feature", "properties": { "内容": "デイサービスセンター紫竹川荘【地域密着型通所介護】岡山県津山市上田邑7番12", "url": "https://www.kaigokensaku.mhlw.go.jp/33/index.php?action_kouhyou_detail_004_kani=true&JigyosyoCd=3370300976-00&ServiceCd=780&Type=search", "url2": null }, "geometry": { "type": "Point", "coordinates": [ 133.966659700000037, 35.0823878 ] } },
{ "type": "Feature", "properties": { "内容": "整骨院ふじわらデイサービスセンター【地域密着型通所介護】岡山県津山市院庄９０７－６", "url": "https://www.kaigokensaku.mhlw.go.jp/33/index.php?action_kouhyou_detail_004_kani=true&JigyosyoCd=3370301248-00&ServiceCd=780&Type=search", "url2": null }, "geometry": { "type": "Point", "coordinates": [ 133.95625050000001, 35.060034099999989 ] } },
{ "type": "Feature", "properties": { "内容": "医療法人　おおうみクリニック　デイサービスセンター　ひだまり【地域密着型通所介護】岡山県津山市高野本郷２０４１－２", "url": "https://www.kaigokensaku.mhlw.go.jp/33/index.php?action_kouhyou_detail_004_kani=true&JigyosyoCd=3370301446-00&ServiceCd=780&Type=search", "url2": "http://www.ohumi-clinic.or.jp/index.html" }, "geometry": { "type": "Point", "coordinates": [ 134.070608200000038, 35.0836903 ] } },
{ "type": "Feature", "properties": { "内容": "昼の家　セカンドライフ【地域密着型通所介護】津山市上河原234-3", "url": "https://www.kaigokensaku.mhlw.go.jp/33/index.php?action_kouhyou_detail_004_kani=true&JigyosyoCd=3370301883-00&ServiceCd=780&Type=search", "url2": null }, "geometry": { "type": "Point", "coordinates": [ 134.0029118, 35.0847053 ] } },
{ "type": "Feature", "properties": { "内容": "高寿園デイサービスセンター【地域密着型通所介護】岡山県津山市下高倉西1581-1", "url": "https://www.kaigokensaku.mhlw.go.jp/33/index.php?action_kouhyou_detail_004_kani=true&JigyosyoCd=3370302345-00&ServiceCd=780&Type=search", "url2": "http://www.kojuen.jp/" }, "geometry": { "type": "Point", "coordinates": [ 134.038575676582326, 35.097073997227461 ] } },
{ "type": "Feature", "properties": { "内容": "デイサービスセンターつやま健康クラブ【地域密着型通所介護】岡山県津山市元魚町60-1", "url": "https://www.kaigokensaku.mhlw.go.jp/33/index.php?action_kouhyou_detail_004_kani=true&JigyosyoCd=3370302519-00&ServiceCd=780&Type=search", "url2": null }, "geometry": { "type": "Point", "coordinates": [ 134.0004767, 35.0600815 ] } },
{ "type": "Feature", "properties": { "内容": "津山市社会福祉協議会阿波デイサービスセンター【地域密着型通所介護】岡山県津山市阿波１１９８番地阿波福祉センター", "url": "https://www.kaigokensaku.mhlw.go.jp/33/index.php?action_kouhyou_detail_004_kani=true&JigyosyoCd=3373500259-00&ServiceCd=780&Type=search", "url2": "http://www.tsuyamasyakyo.or.jp/" }, "geometry": { "type": "Point", "coordinates": [ 134.112436399999979, 35.2360803 ] } },
{ "type": "Feature", "properties": { "内容": "デイサービス　みかん【地域密着型通所介護】岡山県津山市野介代1496-3デイサービス　みかん", "url": "https://www.kaigokensaku.mhlw.go.jp/33/index.php?action_kouhyou_detail_004_kani=true&JigyosyoCd=3390300204-00&ServiceCd=780&Type=search", "url2": null }, "geometry": { "type": "Point", "coordinates": [ 134.031907100000012, 35.0678554 ] } },
{ "type": "Feature", "properties": { "内容": "デイサービス燕子花【地域密着型通所介護】岡山県津山市坪井下21-1", "url": "https://www.kaigokensaku.mhlw.go.jp/33/index.php?action_kouhyou_detail_004_kani=true&JigyosyoCd=3390300220-00&ServiceCd=780&Type=search", "url2": null }, "geometry": { "type": "Point", "coordinates": [ 133.8780365, 35.0613663 ] } },
{ "type": "Feature", "properties": { "内容": "デイサービス奏音【地域密着型通所介護】上横野4907", "url": "https://www.kaigokensaku.mhlw.go.jp/33/index.php?action_kouhyou_detail_004_kani=true&JigyosyoCd=3390300246-00&ServiceCd=780&Type=search", "url2": null }, "geometry": { "type": "Point", "coordinates": [ 134.010698600000069, 35.1136488 ] } },
{ "type": "Feature", "properties": { "内容": "デイサービスセンターゆとり【地域密着型通所介護】津山市横山３７７－６", "url": "https://www.kaigokensaku.mhlw.go.jp/33/index.php?action_kouhyou_detail_004_kani=true&JigyosyoCd=3370301586-00&ServiceCd=780&Type=search", "url2": null }, "geometry": { "type": "Point", "coordinates": [ 134.007226299999957, 35.0549447 ] } },
{ "type": "Feature", "properties": { "内容": "玉野市和田２丁目4−２０【地域密着型通所介護】岡山県玉野市和田２丁目4−２０", "url": "https://www.kaigokensaku.mhlw.go.jp/33/index.php?action_kouhyou_detail_004_kani=true&JigyosyoCd=3370401345-00&ServiceCd=780&Type=search", "url2": null }, "geometry": { "type": "Point", "coordinates": [ 133.9286353, 34.4687977 ] } },
{ "type": "Feature", "properties": { "内容": "デイサービス　虹の家【地域密着型通所介護】玉野市羽根崎町5-26", "url": "https://www.kaigokensaku.mhlw.go.jp/33/index.php?action_kouhyou_detail_004_kani=true&JigyosyoCd=3370401204-00&ServiceCd=780&Type=search", "url2": "http://www.okayama-health.coop" }, "geometry": { "type": "Point", "coordinates": [ 133.924595195872371, 34.460748742491432 ] } },
{ "type": "Feature", "properties": { "内容": "テイクリハビリテーションサービス【地域密着型通所介護】玉野市田井3-7-1", "url": "https://www.kaigokensaku.mhlw.go.jp/33/index.php?action_kouhyou_detail_004_kani=true&JigyosyoCd=3370401352-00&ServiceCd=780&Type=search", "url2": null }, "geometry": { "type": "Point", "coordinates": [ 133.946078299999954, 34.5165606 ] } },
{ "type": "Feature", "properties": { "内容": "デイサービスセンターゆたか【地域密着型通所介護】岡山県玉野市八浜町八浜1115番地", "url": "https://www.kaigokensaku.mhlw.go.jp/33/index.php?action_kouhyou_detail_004_kani=true&JigyosyoCd=3390400285-00&ServiceCd=780&Type=search", "url2": "http://hp.kaipoke.biz/g20/" }, "geometry": { "type": "Point", "coordinates": [ 133.941201400000011, 34.5532354 ] } },
{ "type": "Feature", "properties": { "内容": "なごみデイサービス【地域密着型通所介護】岡山県玉野市築港2丁目１７－１８", "url": "https://www.kaigokensaku.mhlw.go.jp/33/index.php?action_kouhyou_detail_004_kani=true&JigyosyoCd=3370400735-00&ServiceCd=780&Type=search", "url2": "http://ww9.tiki.ne.jp/~tommy" }, "geometry": { "type": "Point", "coordinates": [ 133.9514395, 34.4981958 ] } },
{ "type": "Feature", "properties": { "内容": "デイサービスたまメディカルリハビリ【地域密着型通所介護】岡山県玉野市玉２丁目２５番１９号", "url": "https://www.kaigokensaku.mhlw.go.jp/33/index.php?action_kouhyou_detail_004_kani=true&JigyosyoCd=3370400982-00&ServiceCd=780&Type=search", "url2": "http://www.tamamrc.jp/" }, "geometry": { "type": "Point", "coordinates": [ 133.932146200000034, 34.4819522 ] } },
{ "type": "Feature", "properties": { "内容": "デイサービスセンターほのかNagao【地域密着型通所介護】岡山県玉野市長尾５５７－１", "url": "https://www.kaigokensaku.mhlw.go.jp/33/index.php?action_kouhyou_detail_004_kani=true&JigyosyoCd=3370401097-00&ServiceCd=780&Type=search", "url2": "https://honoka-hc.co.jp" }, "geometry": { "type": "Point", "coordinates": [ 133.8907107, 34.4955646 ] } },
{ "type": "Feature", "properties": { "内容": "アイル玉野別邸【地域密着型通所介護】岡山県玉野市後閑2ケイエスゴルフ２Ｆ", "url": "https://www.kaigokensaku.mhlw.go.jp/33/index.php?action_kouhyou_detail_004_kani=true&JigyosyoCd=3370401337-00&ServiceCd=780&Type=search", "url2": "http://www.morenet.co.jp/illlink.html" }, "geometry": { "type": "Point", "coordinates": [ 133.974864300000036, 34.5344121 ] } },
{ "type": "Feature", "properties": { "内容": "デイサービス絆　田井【地域密着型通所介護】岡山県玉野市田井3丁目19-14デイサービス絆田井", "url": "https://www.kaigokensaku.mhlw.go.jp/33/index.php?action_kouhyou_detail_004_kani=true&JigyosyoCd=3370401436-00&ServiceCd=780&Type=search", "url2": "https://sukhaavatii.wixsite.com/kizuna" }, "geometry": { "type": "Point", "coordinates": [ 133.9500114, 34.5141387 ] } },
{ "type": "Feature", "properties": { "内容": "デイサービス　リハケアセンターふるさと【地域密着型通所介護】梶岡７７７-１", "url": "https://www.kaigokensaku.mhlw.go.jp/33/index.php?action_kouhyou_detail_004_kani=true&JigyosyoCd=3390400236-00&ServiceCd=780&Type=search", "url2": null }, "geometry": { "type": "Point", "coordinates": [ 134.002880399999981, 34.5551212 ] } },
{ "type": "Feature", "properties": { "内容": "デイサービスセンターフェニックス田井【地域密着型通所介護】玉野市田井四丁目10番45号", "url": "https://www.kaigokensaku.mhlw.go.jp/33/index.php?action_kouhyou_detail_004_kani=true&JigyosyoCd=3390400277-00&ServiceCd=780&Type=search", "url2": "http://www.fenix.tai.co.jp" }, "geometry": { "type": "Point", "coordinates": [ 133.946536499999979, 34.5181188 ] } },
{ "type": "Feature", "properties": { "内容": "グランデパール通所介護事業所【地域密着型通所介護】岡山県玉野市用吉1676-7グランデパールデイサービス（2階・3階）", "url": "https://www.kaigokensaku.mhlw.go.jp/33/index.php?action_kouhyou_detail_004_kani=true&JigyosyoCd=3390400335-00&ServiceCd=780&Type=search", "url2": "https://www.grand-depart.jp" }, "geometry": { "type": "Point", "coordinates": [ 133.8974689, 34.5260019 ] } },
{ "type": "Feature", "properties": { "内容": "デイサービスにいやま【地域密着型通所介護】岡山県笠岡市山口３２５５－１", "url": "https://www.kaigokensaku.mhlw.go.jp/33/index.php?action_kouhyou_detail_004_kani=true&JigyosyoCd=3370500567-00&ServiceCd=780&Type=search", "url2": "http://www.kcv.ne.jp/~niiyama/" }, "geometry": { "type": "Point", "coordinates": [ 133.530879300000038, 34.569164 ] } },
{ "type": "Feature", "properties": { "内容": "夢ゆめハウス【地域密着型通所介護】岡山県笠岡市九番町1-22", "url": "https://www.kaigokensaku.mhlw.go.jp/33/index.php?action_kouhyou_detail_004_kani=true&JigyosyoCd=3370500542-00&ServiceCd=780&Type=search", "url2": "https://yumeyumehouse.com" }, "geometry": { "type": "Point", "coordinates": [ 133.519294481614679, 34.495062966603165 ] } },
{ "type": "Feature", "properties": { "内容": "デイサービスセンター　赤い屋根の家【地域密着型通所介護】岡山県笠岡市吉浜2485-5", "url": "https://www.kaigokensaku.mhlw.go.jp/33/index.php?action_kouhyou_detail_004_kani=true&JigyosyoCd=3370500385-00&ServiceCd=780&Type=search", "url2": "http://www.akaiyanenoie.jp/" }, "geometry": { "type": "Point", "coordinates": [ 133.49238349999996, 34.521234 ] } },
{ "type": "Feature", "properties": { "内容": "笠岡リハビリ型デイサービス絆【地域密着型通所介護】岡山県笠岡市二番町5番地13", "url": "https://www.kaigokensaku.mhlw.go.jp/33/index.php?action_kouhyou_detail_004_kani=true&JigyosyoCd=3370500831-00&ServiceCd=780&Type=search", "url2": null }, "geometry": { "type": "Point", "coordinates": [ 133.521818100000019, 34.4973669 ] } },
{ "type": "Feature", "properties": { "内容": "デイサービス　よっちゃれ【地域密着型通所介護】岡山県笠岡市横島1216", "url": "https://www.kaigokensaku.mhlw.go.jp/33/index.php?action_kouhyou_detail_004_kani=true&JigyosyoCd=3370500583-00&ServiceCd=780&Type=search", "url2": "http://www.kabutokai.jp/" }, "geometry": { "type": "Point", "coordinates": [ 133.522365600000057, 34.4854711 ] } },
{ "type": "Feature", "properties": { "内容": "医療法人緑十字会　デイサービスくじば【地域密着型通所介護】岡山県笠岡市笠岡5120番地8", "url": "https://www.kaigokensaku.mhlw.go.jp/33/index.php?action_kouhyou_detail_004_kani=true&JigyosyoCd=3370500922-00&ServiceCd=780&Type=search", "url2": "http://www.midorijujijai.or.jp/index.html" }, "geometry": { "type": "Point", "coordinates": [ 133.5071881, 34.5111599 ] } },
{ "type": "Feature", "properties": { "内容": "海社デイサービスほほえみ【地域密着型通所介護】岡山県笠岡市北木島町13198番地4", "url": "https://www.kaigokensaku.mhlw.go.jp/33/index.php?action_kouhyou_detail_004_kani=true&JigyosyoCd=3370500666-00&ServiceCd=780&Type=search", "url2": null }, "geometry": { "type": "Point", "coordinates": [ 133.545404000917188, 34.382367879890346 ] } },
{ "type": "Feature", "properties": { "内容": "デイサービス　えがお【地域密着型通所介護】岡山県笠岡市神島外浦1713番地", "url": "https://www.kaigokensaku.mhlw.go.jp/33/index.php?action_kouhyou_detail_004_kani=true&JigyosyoCd=3370500815-00&ServiceCd=780&Type=search", "url2": null }, "geometry": { "type": "Point", "coordinates": [ 133.513698613491783, 34.450107566504535 ] } },
{ "type": "Feature", "properties": { "内容": "デイホームはなね【地域密着型通所介護】岡山県井原市大字笹賀町2丁目21-3鳥越医院２階", "url": "https://www.kaigokensaku.mhlw.go.jp/33/index.php?action_kouhyou_detail_004_kani=true&JigyosyoCd=3390700155-00&ServiceCd=780&Type=search", "url2": null }, "geometry": { "type": "Point", "coordinates": [ 133.446155299999987, 34.590139200000024 ] } },
{ "type": "Feature", "properties": { "内容": "リハビリ型デイサービス喝采【地域密着型通所介護】岡山県井原市岩倉町336-1", "url": "https://www.kaigokensaku.mhlw.go.jp/33/index.php?action_kouhyou_detail_004_kani=true&JigyosyoCd=3370700787-00&ServiceCd=780&Type=search", "url2": null }, "geometry": { "type": "Point", "coordinates": [ 133.474492199999986, 34.576927 ] } },
{ "type": "Feature", "properties": { "内容": "ＪＵＮＯ　デイサービスセンター　吉備路【地域密着型通所介護】岡山県総社市宿１６７", "url": "https://www.kaigokensaku.mhlw.go.jp/33/index.php?action_kouhyou_detail_004_kani=true&JigyosyoCd=3370800900-00&ServiceCd=780&Type=search", "url2": "ij-group.net" }, "geometry": { "type": "Point", "coordinates": [ 133.78959, 34.6665691 ] } },
{ "type": "Feature", "properties": { "内容": "JUNOデイサービスセンター宿【地域密着型通所介護】岡山県総社市宿170-3", "url": "https://www.kaigokensaku.mhlw.go.jp/33/index.php?action_kouhyou_detail_004_kani=true&JigyosyoCd=3370800983-00&ServiceCd=780&Type=search", "url2": null }, "geometry": { "type": "Point", "coordinates": [ 133.7892594, 34.6667218 ] } },
{ "type": "Feature", "properties": { "内容": "デイサービスリリィ・ベル【地域密着型通所介護】岡山県総社市門田184‐1", "url": "https://www.kaigokensaku.mhlw.go.jp/33/index.php?action_kouhyou_detail_004_kani=true&JigyosyoCd=3370801254-00&ServiceCd=780&Type=search", "url2": "lily-bell.jp" }, "geometry": { "type": "Point", "coordinates": [ 133.742718100000047, 34.6773509 ] } },
{ "type": "Feature", "properties": { "内容": "デイサービスセンターオルソ【地域密着型通所介護】岡山県総社市総社2002番7", "url": "https://www.kaigokensaku.mhlw.go.jp/33/index.php?action_kouhyou_detail_004_kani=true&JigyosyoCd=3390800195-00&ServiceCd=780&Type=search", "url2": null }, "geometry": { "type": "Point", "coordinates": [ 133.763573400000013, 34.689303 ] } },
{ "type": "Feature", "properties": { "内容": "デイサービス　ほほえみ【地域密着型通所介護】岡山県総社市小寺986-1ケアハウス　ほほえみ", "url": "https://www.kaigokensaku.mhlw.go.jp/33/index.php?action_kouhyou_detail_004_kani=true&JigyosyoCd=3370800454-00&ServiceCd=780&Type=search", "url2": "http://choujukai.or.jp" }, "geometry": { "type": "Point", "coordinates": [ 133.746785899999963, 34.6883226 ] } },
{ "type": "Feature", "properties": { "内容": "デイサービスセンターメイプル【地域密着型通所介護】中央6丁目14-101", "url": "https://www.kaigokensaku.mhlw.go.jp/33/index.php?action_kouhyou_detail_004_kani=true&JigyosyoCd=3390800203-00&ServiceCd=780&Type=search", "url2": null }, "geometry": { "type": "Point", "coordinates": [ 133.747662100000014, 34.6666546 ] } },
{ "type": "Feature", "properties": { "内容": "デイサービスセンター総社【地域密着型通所介護】岡山県総社市井尻野３３１－１ケアヴィレッジ総社", "url": "https://www.kaigokensaku.mhlw.go.jp/33/index.php?action_kouhyou_detail_004_kani=true&JigyosyoCd=3390800138-00&ServiceCd=780&Type=search", "url2": "http://www.carevillage-soja.com/" }, "geometry": { "type": "Point", "coordinates": [ 133.727297528250119, 34.682265404078358 ] } },
{ "type": "Feature", "properties": { "内容": "通所介護　光憂舘【地域密着型通所介護】岡山県総社市日羽456-1", "url": "https://www.kaigokensaku.mhlw.go.jp/33/index.php?action_kouhyou_detail_004_kani=true&JigyosyoCd=3370800199-00&ServiceCd=780&Type=search", "url2": "https://www.k5963.com" }, "geometry": { "type": "Point", "coordinates": [ 133.675629100000037, 34.724351 ] } },
{ "type": "Feature", "properties": { "内容": "アイル総社【地域密着型通所介護】岡山県総社市中央1丁目7-111", "url": "https://www.kaigokensaku.mhlw.go.jp/33/index.php?action_kouhyou_detail_004_kani=true&JigyosyoCd=3370801072-00&ServiceCd=780&Type=search", "url2": "https://www.daisou-ｊｐ.com" }, "geometry": { "type": "Point", "coordinates": [ 133.757112, 34.6689049 ] } },
{ "type": "Feature", "properties": { "内容": "デイサービスてまり【地域密着型通所介護】岡山県総社市久代5864番地", "url": "https://www.kaigokensaku.mhlw.go.jp/33/index.php?action_kouhyou_detail_004_kani=true&JigyosyoCd=3370801049-00&ServiceCd=780&Type=search", "url2": "http://temarimarumaru.jimdo.com/" }, "geometry": { "type": "Point", "coordinates": [ 133.690202900000031, 34.6811923 ] } },
{ "type": "Feature", "properties": { "内容": "デイサービスセンターあおいろのそら【地域密着型通所介護】岡山県総社市日羽1047-2", "url": "https://www.kaigokensaku.mhlw.go.jp/33/index.php?action_kouhyou_detail_004_kani=true&JigyosyoCd=3370800595-00&ServiceCd=780&Type=search", "url2": "https://knmuscat.wixsite.com/aoironosora" }, "geometry": { "type": "Point", "coordinates": [ 133.685384436451841, 34.713541604747284 ] } },
{ "type": "Feature", "properties": { "内容": "創心会　元気デザイン倶楽部　総社【地域密着型通所介護】中央６－２－１０８", "url": "https://www.kaigokensaku.mhlw.go.jp/33/index.php?action_kouhyou_detail_004_kani=true&JigyosyoCd=3370801148-00&ServiceCd=780&Type=search", "url2": null }, "geometry": { "type": "Point", "coordinates": [ 133.7495811, 34.6695131 ] } },
{ "type": "Feature", "properties": { "内容": "通所介護もりした【地域密着型通所介護】岡山県総社市駅前1丁目６－１", "url": "https://www.kaigokensaku.mhlw.go.jp/33/index.php?action_kouhyou_detail_004_kani=true&JigyosyoCd=3370800991-00&ServiceCd=780&Type=search", "url2": "http://www.morishitahp.or.jp" }, "geometry": { "type": "Point", "coordinates": [ 133.740006909680233, 34.674520792777976 ] } },
{ "type": "Feature", "properties": { "内容": "デイサービスセンターやまびこ【地域密着型通所介護】岡山県総社市三須１３２１番地", "url": "https://www.kaigokensaku.mhlw.go.jp/33/index.php?action_kouhyou_detail_004_kani=true&JigyosyoCd=3370800603-00&ServiceCd=780&Type=search", "url2": null }, "geometry": { "type": "Point", "coordinates": [ 133.768246399999953, 34.6732128 ] } },
{ "type": "Feature", "properties": { "内容": "デイサービスセンター　たけんち【地域密着型通所介護】岡山県高梁市玉川町玉2097", "url": "https://www.kaigokensaku.mhlw.go.jp/33/index.php?action_kouhyou_detail_004_kani=true&JigyosyoCd=3370900379-00&ServiceCd=780&Type=search", "url2": null }, "geometry": { "type": "Point", "coordinates": [ 133.603258699999969, 34.753872 ] } },
{ "type": "Feature", "properties": { "内容": "老人デイサービスセンター高倉荘【地域密着型通所介護】岡山県高梁市高倉町飯部3344-1", "url": "https://www.kaigokensaku.mhlw.go.jp/33/index.php?action_kouhyou_detail_004_kani=true&JigyosyoCd=3370900585-00&ServiceCd=780&Type=search", "url2": "http://koushinkai-okayama.jp/" }, "geometry": { "type": "Point", "coordinates": [ 133.5685502, 34.854575 ] } },
{ "type": "Feature", "properties": { "内容": "高梁市社会福祉協議会　川上デイサービスセンター【地域密着型通所介護】岡山県高梁市川上町地頭2070番地1", "url": "https://www.kaigokensaku.mhlw.go.jp/33/index.php?action_kouhyou_detail_004_kani=true&JigyosyoCd=3373200165-00&ServiceCd=780&Type=search", "url2": "http://www.takahasi-shakyo.org/" }, "geometry": { "type": "Point", "coordinates": [ 133.482013599999959, 34.7356143 ] } },
{ "type": "Feature", "properties": { "内容": "デイサービスひなたぼっこ美の里【地域密着型通所介護】岡山県高梁市落合町近似576-2", "url": "https://www.kaigokensaku.mhlw.go.jp/33/index.php?action_kouhyou_detail_004_kani=true&JigyosyoCd=3370900627-00&ServiceCd=780&Type=search", "url2": null }, "geometry": { "type": "Point", "coordinates": [ 133.608391500000039, 34.7934194 ] } },
{ "type": "Feature", "properties": { "内容": "デイサービスYOU【地域密着型通所介護】岡山県高梁市成羽町成羽2740-1", "url": "https://www.kaigokensaku.mhlw.go.jp/33/index.php?action_kouhyou_detail_004_kani=true&JigyosyoCd=3370900551-00&ServiceCd=780&Type=search", "url2": null }, "geometry": { "type": "Point", "coordinates": [ 133.533070042719288, 34.784561755565491 ] } },
{ "type": "Feature", "properties": { "内容": "備北介護センターデイサービス「はなみずき」【地域密着型通所介護】岡山県高梁市落合町近似1390-1", "url": "https://www.kaigokensaku.mhlw.go.jp/33/index.php?action_kouhyou_detail_004_kani=true&JigyosyoCd=3370900510-00&ServiceCd=780&Type=search", "url2": null }, "geometry": { "type": "Point", "coordinates": [ 133.611888200000067, 34.7953442 ] } },
{ "type": "Feature", "properties": { "内容": "デイサービスCoCo内山下【地域密着型通所介護】岡山県高梁市内山下187-15", "url": "https://www.kaigokensaku.mhlw.go.jp/33/index.php?action_kouhyou_detail_004_kani=true&JigyosyoCd=3390900185-00&ServiceCd=780&Type=search", "url2": null }, "geometry": { "type": "Point", "coordinates": [ 133.6161552, 34.8034706 ] } },
{ "type": "Feature", "properties": { "内容": "新見市養護老人ホーム　和みの郷かなや　デイサービスセンター【地域密着型通所介護】岡山県新見市金谷641番地", "url": "https://www.kaigokensaku.mhlw.go.jp/33/index.php?action_kouhyou_detail_004_kani=true&JigyosyoCd=3371000484-00&ServiceCd=780&Type=search", "url2": null }, "geometry": { "type": "Point", "coordinates": [ 133.468881799999963, 34.972480600000011 ] } },
{ "type": "Feature", "properties": { "内容": "デイサービス・クローバー【地域密着型通所介護】岡山県新見市正田643番地5", "url": "https://www.kaigokensaku.mhlw.go.jp/33/index.php?action_kouhyou_detail_004_kani=true&JigyosyoCd=3371000393-00&ServiceCd=780&Type=search", "url2": "https://greenleaf-clover.jp" }, "geometry": { "type": "Point", "coordinates": [ 133.47925737469501, 34.967437147442354 ] } },
{ "type": "Feature", "properties": { "内容": "デイサービスセンター　ほっと館新見【地域密着型通所介護】岡山県新見市千屋実２１４８－５", "url": "https://www.kaigokensaku.mhlw.go.jp/33/index.php?action_kouhyou_detail_004_kani=true&JigyosyoCd=3371000302-00&ServiceCd=780&Type=search", "url2": null }, "geometry": { "type": "Point", "coordinates": [ 133.437186644166104, 35.101268279152706 ] } },
{ "type": "Feature", "properties": { "内容": "生き活き館新見　デイサービスセンター【地域密着型通所介護】岡山県新見市上熊谷762-2新見市高齢者センター", "url": "https://www.kaigokensaku.mhlw.go.jp/33/index.php?action_kouhyou_detail_004_kani=true&JigyosyoCd=3371000328-00&ServiceCd=780&Type=search", "url2": "http://iki2.org/" }, "geometry": { "type": "Point", "coordinates": [ 133.525078200000053, 35.0303615 ] } },
{ "type": "Feature", "properties": { "内容": "デイサービスひより【地域密着型通所介護】岡山県新見市下熊谷1554-1", "url": "https://www.kaigokensaku.mhlw.go.jp/33/index.php?action_kouhyou_detail_004_kani=true&JigyosyoCd=3391000183-00&ServiceCd=780&Type=search", "url2": null }, "geometry": { "type": "Point", "coordinates": [ 133.48583989259032, 35.005901899546593 ] } },
{ "type": "Feature", "properties": { "内容": "デイサービスセンターさくらんぼ【地域密着型通所介護】岡山県新見市石蟹83番地1", "url": "https://www.kaigokensaku.mhlw.go.jp/33/index.php?action_kouhyou_detail_004_kani=true&JigyosyoCd=3391000167-00&ServiceCd=780&Type=search", "url2": null }, "geometry": { "type": "Point", "coordinates": [ 133.478710057748373, 34.953733811502126 ] } },
{ "type": "Feature", "properties": { "内容": "新見市　社協神郷デイサービスセンター【地域密着型通所介護】岡山県新見市神郷下神代3946番地", "url": "https://www.kaigokensaku.mhlw.go.jp/33/index.php?action_kouhyou_detail_004_kani=true&JigyosyoCd=3391000217-00&ServiceCd=780&Type=search", "url2": null }, "geometry": { "type": "Point", "coordinates": [ 133.396435410450778, 34.992712214675478 ] } },
{ "type": "Feature", "properties": { "内容": "デイサービス　ふる里【地域密着型通所介護】岡山県備前市日生町寒河2393-1", "url": "https://www.kaigokensaku.mhlw.go.jp/33/index.php?action_kouhyou_detail_004_kani=true&JigyosyoCd=3371100730-00&ServiceCd=780&Type=search", "url2": null }, "geometry": { "type": "Point", "coordinates": [ 134.285309699999971, 34.7367865 ] } },
{ "type": "Feature", "properties": { "内容": "デイサービス　コンフォールひなせ【地域密着型通所介護】備前市日生町日生字南椿ノ浦2583番1", "url": "https://www.kaigokensaku.mhlw.go.jp/33/index.php?action_kouhyou_detail_004_kani=true&JigyosyoCd=3371100466-00&ServiceCd=780&Type=search", "url2": "http://www.confort-hinase.jp" }, "geometry": { "type": "Point", "coordinates": [ 134.2692410098648, 34.722631293685602 ] } },
{ "type": "Feature", "properties": { "内容": "㈱溫和【地域密着型通所介護】岡山県備前市伊部１３９３番地", "url": "https://www.kaigokensaku.mhlw.go.jp/33/index.php?action_kouhyou_detail_004_kani=true&JigyosyoCd=3391100116-00&ServiceCd=780&Type=search", "url2": null }, "geometry": { "type": "Point", "coordinates": [ 134.164351399999987, 34.740289 ] } },
{ "type": "Feature", "properties": { "内容": "デイサービス一期一会伊部【地域密着型通所介護】備前市伊部１２５４", "url": "https://www.kaigokensaku.mhlw.go.jp/33/index.php?action_kouhyou_detail_004_kani=true&JigyosyoCd=3371100607-00&ServiceCd=780&Type=search", "url2": null }, "geometry": { "type": "Point", "coordinates": [ 134.167542599999933, 34.7396318 ] } },
{ "type": "Feature", "properties": { "内容": "峠の家デイサービスセンター【地域密着型通所介護】西片上2048-20", "url": "https://www.kaigokensaku.mhlw.go.jp/33/index.php?action_kouhyou_detail_004_kani=true&JigyosyoCd=3371100656-00&ServiceCd=780&Type=search", "url2": "http://touge-home.com/" }, "geometry": { "type": "Point", "coordinates": [ 134.171461499999964, 34.7546523 ] } },
{ "type": "Feature", "properties": { "内容": "デイサービス　ほほ笑み【地域密着型通所介護】岡山県備前市日生町寒河1166", "url": "https://www.kaigokensaku.mhlw.go.jp/33/index.php?action_kouhyou_detail_004_kani=true&JigyosyoCd=3371100722-00&ServiceCd=780&Type=search", "url2": null }, "geometry": { "type": "Point", "coordinates": [ 134.297462399999972, 34.7486694 ] } },
{ "type": "Feature", "properties": { "内容": "デイサービスはるかぜ【地域密着型通所介護】岡山県備前市鶴海1561-1", "url": "https://www.kaigokensaku.mhlw.go.jp/33/index.php?action_kouhyou_detail_004_kani=true&JigyosyoCd=3391100108-00&ServiceCd=780&Type=search", "url2": null }, "geometry": { "type": "Point", "coordinates": [ 134.1913942, 34.7049051 ] } },
{ "type": "Feature", "properties": { "内容": "デイサービスセンター　バンビ【地域密着型通所介護】岡山県備前市三石2791-1", "url": "https://www.kaigokensaku.mhlw.go.jp/33/index.php?action_kouhyou_detail_004_kani=true&JigyosyoCd=3391100124-00&ServiceCd=780&Type=search", "url2": "http://mitanisou.com" }, "geometry": { "type": "Point", "coordinates": [ 134.279941400000013, 34.8157449 ] } },
{ "type": "Feature", "properties": { "内容": "デイサービスセンターのどか【地域密着型通所介護】岡山県瀬戸内市邑久町尾張558番地", "url": "https://www.kaigokensaku.mhlw.go.jp/33/index.php?action_kouhyou_detail_004_kani=true&JigyosyoCd=3372400915-00&ServiceCd=780&Type=search", "url2": null }, "geometry": { "type": "Point", "coordinates": [ 134.094901199999981, 34.6629569 ] } },
{ "type": "Feature", "properties": { "内容": "てのひらの家　デイサービスセンター【地域密着型通所介護】岡山県瀬戸内市邑久町上笠加285番地の8", "url": "https://www.kaigokensaku.mhlw.go.jp/33/index.php?action_kouhyou_detail_004_kani=true&JigyosyoCd=3372400493-00&ServiceCd=780&Type=search", "url2": "http://www.tenohira.crap.jp/" }, "geometry": { "type": "Point", "coordinates": [ 134.0983781, 34.6896936 ] } },
{ "type": "Feature", "properties": { "内容": "デイサービスセンターうらら【地域密着型通所介護】岡山県瀬戸内市牛窓町牛窓４９４８－８", "url": "https://www.kaigokensaku.mhlw.go.jp/33/index.php?action_kouhyou_detail_004_kani=true&JigyosyoCd=3372400394-00&ServiceCd=780&Type=search", "url2": null }, "geometry": { "type": "Point", "coordinates": [ 134.146391499999936, 34.6178141 ] } },
{ "type": "Feature", "properties": { "内容": "デイサービスセンターまりん【地域密着型通所介護】岡山県瀬戸内市邑久町尾張1341-4", "url": "https://www.kaigokensaku.mhlw.go.jp/33/index.php?action_kouhyou_detail_004_kani=true&JigyosyoCd=3372400857-00&ServiceCd=780&Type=search", "url2": null }, "geometry": { "type": "Point", "coordinates": [ 134.108288899999934, 34.6629212 ] } },
{ "type": "Feature", "properties": { "内容": "デイサービスセンター楽々園【地域密着型通所介護】岡山県瀬戸内市邑久町北池169番地", "url": "https://www.kaigokensaku.mhlw.go.jp/33/index.php?action_kouhyou_detail_004_kani=true&JigyosyoCd=3372400865-00&ServiceCd=780&Type=search", "url2": "http://c-oka.org/" }, "geometry": { "type": "Point", "coordinates": [ 134.112963346835386, 34.681829926675022 ] } },
{ "type": "Feature", "properties": { "内容": "デイサービス寿荘【地域密着型通所介護】岡山県赤磐市桜が丘西９－１－１", "url": "https://www.kaigokensaku.mhlw.go.jp/33/index.php?action_kouhyou_detail_004_kani=true&JigyosyoCd=3372201073-00&ServiceCd=780&Type=search", "url2": "http://ww9.tiki.ne.jp/~kotobuki/" }, "geometry": { "type": "Point", "coordinates": [ 134.024338700000044, 34.777127 ] } },
{ "type": "Feature", "properties": { "内容": "生活リハビリセンターあかいわの郷我が家【地域密着型通所介護】岡山県赤磐市河本1029-3", "url": "https://www.kaigokensaku.mhlw.go.jp/33/index.php?action_kouhyou_detail_004_kani=true&JigyosyoCd=3372201362-00&ServiceCd=780&Type=search", "url2": null }, "geometry": { "type": "Point", "coordinates": [ 134.0149573, 34.7473356 ] } },
{ "type": "Feature", "properties": { "内容": "デイサービスデンター　さくら木【地域密着型通所介護】岡山県赤磐市河本488-1", "url": "https://www.kaigokensaku.mhlw.go.jp/33/index.php?action_kouhyou_detail_004_kani=true&JigyosyoCd=3372201354-00&ServiceCd=780&Type=search", "url2": "https://yufukai.com" }, "geometry": { "type": "Point", "coordinates": [ 134.0145212, 34.7465496 ] } },
{ "type": "Feature", "properties": { "内容": "リハスタイルひかり【地域密着型通所介護】岡山県真庭市中313-8", "url": "https://www.kaigokensaku.mhlw.go.jp/33/index.php?action_kouhyou_detail_004_kani=true&JigyosyoCd=3373401227-00&ServiceCd=780&Type=search", "url2": null }, "geometry": { "type": "Point", "coordinates": [ 133.752594499999987, 35.0545429 ] } },
{ "type": "Feature", "properties": { "内容": "緑風荘通所介護事業所【地域密着型通所介護】岡山県真庭市美甘３２６番地", "url": "https://www.kaigokensaku.mhlw.go.jp/33/index.php?action_kouhyou_detail_004_kani=true&JigyosyoCd=3373400443-00&ServiceCd=780&Type=search", "url2": "http://www.suimeikai.or.jp" }, "geometry": { "type": "Point", "coordinates": [ 133.62589360000004, 35.1548254 ] } },
{ "type": "Feature", "properties": { "内容": "デイサービス　ほっこり【地域密着型通所介護】真庭市宮地1247番地１", "url": "https://www.kaigokensaku.mhlw.go.jp/33/index.php?action_kouhyou_detail_004_kani=true&JigyosyoCd=3373401151-00&ServiceCd=780&Type=search", "url2": null }, "geometry": { "type": "Point", "coordinates": [ 133.678789199999983, 34.9791431 ] } },
{ "type": "Feature", "properties": { "内容": "生活リハビリセンターだいごの郷【地域密着型通所介護】岡山県真庭市鹿田472", "url": "https://www.kaigokensaku.mhlw.go.jp/33/index.php?action_kouhyou_detail_004_kani=true&JigyosyoCd=3373401177-00&ServiceCd=780&Type=search", "url2": null }, "geometry": { "type": "Point", "coordinates": [ 133.728668534393307, 34.992451010641865 ] } },
{ "type": "Feature", "properties": { "内容": "真庭市社協通所介護湯原事業所【地域密着型通所介護】岡山県真庭市下湯原47湯原保健福祉センター", "url": "https://www.kaigokensaku.mhlw.go.jp/33/index.php?action_kouhyou_detail_004_kani=true&JigyosyoCd=3373400971-00&ServiceCd=780&Type=search", "url2": null }, "geometry": { "type": "Point", "coordinates": [ 133.735036900000068, 35.1876319 ] } },
{ "type": "Feature", "properties": { "内容": "ライラック久世デイサービスセンター【地域密着型通所介護】岡山県真庭市久世５４０番地３", "url": "https://www.kaigokensaku.mhlw.go.jp/33/index.php?action_kouhyou_detail_004_kani=true&JigyosyoCd=3373400310-00&ServiceCd=780&Type=search", "url2": "http://www.jyujikai.or.jp" }, "geometry": { "type": "Point", "coordinates": [ 133.750996299999969, 35.0897419 ] } },
{ "type": "Feature", "properties": { "内容": "指定通所介護施設デイホーム神庭荘【地域密着型通所介護】岡山県真庭市組360番地", "url": "https://www.kaigokensaku.mhlw.go.jp/33/index.php?action_kouhyou_detail_004_kani=true&JigyosyoCd=3373400393-00&ServiceCd=780&Type=search", "url2": "http://f-keishinkai.jp" }, "geometry": { "type": "Point", "coordinates": [ 133.689183034358621, 35.095969164622119 ] } },
{ "type": "Feature", "properties": { "内容": "デイサービスセンター　ゆずの実【地域密着型通所介護】岡山県真庭市上水田3804番地１", "url": "https://www.kaigokensaku.mhlw.go.jp/33/index.php?action_kouhyou_detail_004_kani=true&JigyosyoCd=3393400266-00&ServiceCd=780&Type=search", "url2": null }, "geometry": { "type": "Point", "coordinates": [ 133.648698535581957, 34.96855242332316 ] } },
{ "type": "Feature", "properties": { "内容": "蒜山デイサービスセンター【地域密着型通所介護】岡山県真庭市蒜山上長田28－1", "url": "https://www.kaigokensaku.mhlw.go.jp/33/index.php?action_kouhyou_detail_004_kani=true&JigyosyoCd=3393400308-00&ServiceCd=780&Type=search", "url2": "http://www.uguisuen.jp/" }, "geometry": { "type": "Point", "coordinates": [ 133.687418, 35.2864239 ] } },
{ "type": "Feature", "properties": { "内容": "デイサービスセンター小春【地域密着型通所介護】岡山県美作市明見　357-1", "url": "https://www.kaigokensaku.mhlw.go.jp/33/index.php?action_kouhyou_detail_004_kani=true&JigyosyoCd=3373700586-00&ServiceCd=780&Type=search", "url2": null }, "geometry": { "type": "Point", "coordinates": [ 134.146922099999983, 35.0134099 ] } },
{ "type": "Feature", "properties": { "内容": "デイサービスセンターコスモス苑【地域密着型通所介護】岡山県美作市東青野844-1", "url": "https://www.kaigokensaku.mhlw.go.jp/33/index.php?action_kouhyou_detail_004_kani=true&JigyosyoCd=3393700186-00&ServiceCd=780&Type=search", "url2": null }, "geometry": { "type": "Point", "coordinates": [ 134.36439630000001, 35.1537683 ] } },
{ "type": "Feature", "properties": { "内容": "デイサービスセンターベリル【地域密着型通所介護】美作市栄町70番地1", "url": "https://www.kaigokensaku.mhlw.go.jp/33/index.php?action_kouhyou_detail_004_kani=true&JigyosyoCd=3373700750-00&ServiceCd=780&Type=search", "url2": "https://www.mimasakanagurado.com" }, "geometry": { "type": "Point", "coordinates": [ 134.149499800000058, 35.0103047 ] } },
{ "type": "Feature", "properties": { "内容": "デイサービスあーち【地域密着型通所介護】岡山県美作市古町1787-1", "url": "https://www.kaigokensaku.mhlw.go.jp/33/index.php?action_kouhyou_detail_004_kani=true&JigyosyoCd=3393700178-00&ServiceCd=780&Type=search", "url2": "https://xn--l8j2czxc6999adoqujaj89u.my.canva.site/" }, "geometry": { "type": "Point", "coordinates": [ 134.3269869, 35.117557 ] } },
{ "type": "Feature", "properties": { "内容": "デイサービスおとなりさん【地域密着型通所介護】岡山県浅口市金光町３６３－４９", "url": "https://www.kaigokensaku.mhlw.go.jp/33/index.php?action_kouhyou_detail_004_kani=true&JigyosyoCd=3372700835-00&ServiceCd=780&Type=search", "url2": "http://www.hermanayuge.com" }, "geometry": { "type": "Point", "coordinates": [ 133.604297200000019, 34.531069 ] } },
{ "type": "Feature", "properties": { "内容": "ケアホームすみちゃん【地域密着型通所介護】岡山県浅口市寄島町5097", "url": "https://www.kaigokensaku.mhlw.go.jp/33/index.php?action_kouhyou_detail_004_kani=true&JigyosyoCd=3372700934-00&ServiceCd=780&Type=search", "url2": null }, "geometry": { "type": "Point", "coordinates": [ 133.58992109999997, 34.4881135 ] } },
{ "type": "Feature", "properties": { "内容": "よりしま中西医院デイサービスセンター【地域密着型通所介護】岡山県浅口市寄島町7543-11", "url": "https://www.kaigokensaku.mhlw.go.jp/33/index.php?action_kouhyou_detail_004_kani=true&JigyosyoCd=3372700447-00&ServiceCd=780&Type=search", "url2": null }, "geometry": { "type": "Point", "coordinates": [ 133.586666558930204, 34.480415439185826 ] } },
{ "type": "Feature", "properties": { "内容": "幸生デイサービスセンター【地域密着型通所介護】岡山県和気郡和気町佐伯368-1", "url": "https://www.kaigokensaku.mhlw.go.jp/33/index.php?action_kouhyou_detail_004_kani=true&JigyosyoCd=3372300420-00&ServiceCd=780&Type=search", "url2": null }, "geometry": { "type": "Point", "coordinates": [ 134.093576399999961, 34.8487906 ] } },
{ "type": "Feature", "properties": { "内容": "デイサービスセンターからんこえ【地域密着型通所介護】和気郡和気町益原212-6", "url": "https://www.kaigokensaku.mhlw.go.jp/33/index.php?action_kouhyou_detail_004_kani=true&JigyosyoCd=3372300776-00&ServiceCd=780&Type=search", "url2": null }, "geometry": { "type": "Point", "coordinates": [ 134.147612, 34.8212602 ] } },
{ "type": "Feature", "properties": { "内容": "ﾃﾞｲｻｰﾋﾞｽ　3匹の子ﾌﾞﾀ【地域密着型通所介護】岡山県都窪郡早島町早島1447-1", "url": "https://www.kaigokensaku.mhlw.go.jp/33/index.php?action_kouhyou_detail_004_kani=true&JigyosyoCd=3392600015-00&ServiceCd=780&Type=search", "url2": "http://hp.kaipoke.biz/6c9" }, "geometry": { "type": "Point", "coordinates": [ 133.825756500000011, 34.6035625 ] } },
{ "type": "Feature", "properties": { "内容": "デイサービス　3匹の子ブタ【地域密着型通所介護】岡山県都窪郡早島町早島1447-1", "url": "https://www.kaigokensaku.mhlw.go.jp/33/index.php?action_kouhyou_detail_004_kani=true&JigyosyoCd=3392600023-00&ServiceCd=780&Type=search", "url2": null }, "geometry": { "type": "Point", "coordinates": [ 133.8256446, 34.6034905 ] } },
{ "type": "Feature", "properties": { "内容": "デイサービスセンターコスモス【地域密着型通所介護】岡山県浅口郡里庄町大字里見８００４－２", "url": "https://www.kaigokensaku.mhlw.go.jp/33/index.php?action_kouhyou_detail_004_kani=true&JigyosyoCd=3372700942-00&ServiceCd=780&Type=search", "url2": "https://sakura-satosyo.com/" }, "geometry": { "type": "Point", "coordinates": [ 133.563748499999946, 34.5284501 ] } },
{ "type": "Feature", "properties": { "内容": "あすかデイサービスセンター【地域密着型通所介護】岡山県小田郡矢掛町矢掛2090番地6", "url": "https://www.kaigokensaku.mhlw.go.jp/33/index.php?action_kouhyou_detail_004_kani=true&JigyosyoCd=3372800429-00&ServiceCd=780&Type=search", "url2": null }, "geometry": { "type": "Point", "coordinates": [ 133.5874354, 34.6239631 ] } },
{ "type": "Feature", "properties": { "内容": "デイサービス本陣【地域密着型通所介護】岡山県小田郡矢掛町矢掛2557", "url": "https://www.kaigokensaku.mhlw.go.jp/33/index.php?action_kouhyou_detail_004_kani=true&JigyosyoCd=3372800239-00&ServiceCd=780&Type=search", "url2": null }, "geometry": { "type": "Point", "coordinates": [ 133.590482299999962, 34.6250768 ] } },
{ "type": "Feature", "properties": { "内容": "新庄村社会福祉協議会指定通所介護事業所【地域密着型通所介護】岡山県真庭郡新庄村１９９８－１", "url": "https://www.kaigokensaku.mhlw.go.jp/33/index.php?action_kouhyou_detail_004_kani=true&JigyosyoCd=3393400274-00&ServiceCd=780&Type=search", "url2": "http://www.shinjoshakyo.or.jp/" }, "geometry": { "type": "Point", "coordinates": [ 133.567772100000013, 35.1794843 ] } },
{ "type": "Feature", "properties": { "内容": "ふれあいの里指定通所介護事業所【地域密着型通所介護】岡山県苫田郡鏡野町古川４３９－１", "url": "https://www.kaigokensaku.mhlw.go.jp/33/index.php?action_kouhyou_detail_004_kani=true&JigyosyoCd=3373500150-00&ServiceCd=780&Type=search", "url2": null }, "geometry": { "type": "Point", "coordinates": [ 133.9320325, 35.0768959 ] } },
{ "type": "Feature", "properties": { "内容": "鏡野町富指定通所介護事業所【地域密着型通所介護】岡山県苫田郡鏡野町富西谷１１９", "url": "https://www.kaigokensaku.mhlw.go.jp/33/index.php?action_kouhyou_detail_004_kani=true&JigyosyoCd=3373500135-00&ServiceCd=780&Type=search", "url2": "http://www.mto.ne.jp/kagaminosyakyo/" }, "geometry": { "type": "Point", "coordinates": [ 133.843431399999986, 35.1595474 ] } },
{ "type": "Feature", "properties": { "内容": "鏡野町上齋原指定通所介護事業所【地域密着型通所介護】苫田郡鏡野町上齋原480-1", "url": "https://www.kaigokensaku.mhlw.go.jp/33/index.php?action_kouhyou_detail_004_kani=true&JigyosyoCd=3373500226-00&ServiceCd=780&Type=search", "url2": null }, "geometry": { "type": "Point", "coordinates": [ 133.925861199999986, 35.2787701 ] } },
{ "type": "Feature", "properties": { "内容": "奥津広済園デイサービスセンター【地域密着型通所介護】岡山県苫田郡鏡野町杉７５０－４", "url": "https://www.kaigokensaku.mhlw.go.jp/33/index.php?action_kouhyou_detail_004_kani=true&JigyosyoCd=3373500499-00&ServiceCd=780&Type=search", "url2": "https://okutsu-kousaikai.net/" }, "geometry": { "type": "Point", "coordinates": [ 133.9121319, 35.174723099999966 ] } },
{ "type": "Feature", "properties": { "内容": "デイサービスmusubi「結び」【地域密着型通所介護】岡山県苫田郡鏡野町寺和田1555", "url": "https://www.kaigokensaku.mhlw.go.jp/33/index.php?action_kouhyou_detail_004_kani=true&JigyosyoCd=3393500131-00&ServiceCd=780&Type=search", "url2": "http://www.cras-ltd.com" }, "geometry": { "type": "Point", "coordinates": [ 133.954750900000022, 35.13391 ] } },
{ "type": "Feature", "properties": { "内容": "勝央町社会福祉協議会通所介護事業所【地域密着型通所介護】岡山県勝田郡勝央町平242-1勝央町総合保健福祉センター", "url": "https://www.kaigokensaku.mhlw.go.jp/33/index.php?action_kouhyou_detail_004_kani=true&JigyosyoCd=3373600257-00&ServiceCd=780&Type=search", "url2": "http://www.shoo-shakyo.jp" }, "geometry": { "type": "Point", "coordinates": [ 134.116052, 35.0433176 ] } },
{ "type": "Feature", "properties": { "内容": "デイサービスちえ【地域密着型通所介護】久米郡久米南町南庄３１６１番地", "url": "https://www.kaigokensaku.mhlw.go.jp/33/index.php?action_kouhyou_detail_004_kani=true&JigyosyoCd=3373800527-00&ServiceCd=780&Type=search", "url2": "http://ds-chie.jimdo.com" }, "geometry": { "type": "Point", "coordinates": [ 133.952376, 34.9503822 ] } },
{ "type": "Feature", "properties": { "内容": "しえんデイサービスセンター【地域密着型通所介護】岡山県久米郡久米南町山ノ城３９９－１４", "url": "https://www.kaigokensaku.mhlw.go.jp/33/index.php?action_kouhyou_detail_004_kani=true&JigyosyoCd=3373800485-00&ServiceCd=780&Type=search", "url2": null }, "geometry": { "type": "Point", "coordinates": [ 133.961897200000067, 34.9589928 ] } },
{ "type": "Feature", "properties": { "内容": "しえんデイサービスセンターゆう【地域密着型通所介護】岡山県久米郡久米南町山ノ城２８３－８", "url": "https://www.kaigokensaku.mhlw.go.jp/33/index.php?action_kouhyou_detail_004_kani=true&JigyosyoCd=3373800519-00&ServiceCd=780&Type=search", "url2": null }, "geometry": { "type": "Point", "coordinates": [ 133.962181938809209, 34.958606894143379 ] } },
{ "type": "Feature", "properties": { "内容": "デイサービスセンターやなはら【地域密着型通所介護】岡山県久米郡美咲町書副１８２－４", "url": "https://www.kaigokensaku.mhlw.go.jp/33/index.php?action_kouhyou_detail_004_kani=true&JigyosyoCd=3373800287-00&ServiceCd=780&Type=search", "url2": null }, "geometry": { "type": "Point", "coordinates": [ 134.0500439, 34.9899079 ] } },
{ "type": "Feature", "properties": { "内容": "デイサービスみさき【地域密着型通所介護】岡山県久米郡美咲町塚角1706番地", "url": "https://www.kaigokensaku.mhlw.go.jp/33/index.php?action_kouhyou_detail_004_kani=true&JigyosyoCd=3373800543-00&ServiceCd=780&Type=search", "url2": null }, "geometry": { "type": "Point", "coordinates": [ 134.038816900000029, 34.9972043 ] } },
{ "type": "Feature", "properties": { "内容": "賀陽荘デイサービスセンター【地域密着型通所介護】岡山県加賀郡吉備中央町上竹７５３番地", "url": "https://www.kaigokensaku.mhlw.go.jp/33/index.php?action_kouhyou_detail_004_kani=true&JigyosyoCd=3373100159-00&ServiceCd=780&Type=search", "url2": "care-net.biz/33/kayousou753/" }, "geometry": { "type": "Point", "coordinates": [ 133.6793983, 34.8539105 ] } }
]
}
