{
"type": "FeatureCollection",
"name": "geo_33_2",
"crs": { "type": "name", "properties": { "name": "urn:ogc:def:crs:OGC:1.3:CRS84" } },
"features": [
{ "type": "Feature", "properties": { "ID": 3321320250822, "正式名称": "児島内科・ハートクリニック", "機関区分": 2, "都道府県コード": 33, "市区町村コード": 202, "所在地": "岡山県倉敷市児島駅前２－２９", "緯度": 34.4653, "経度": 133.805444, "url": "https://www.iryou.teikyouseido.mhlw.go.jp/znk-web/juminkanja/S2430/initialize?prefCd=33&kikanCd=1320250822&kikanKbn=2", "url2": null, "内容": "児島内科・ハートクリニック【2:診療所】【診療科目:内科_循環器内科】岡山県倉敷市児島駅前２－２９" }, "geometry": { "type": "Point", "coordinates": [ 133.805444, 34.4653 ] } },
{ "type": "Feature", "properties": { "ID": 33220231122, "正式名称": "岡山耳鼻咽喉科クリニック", "機関区分": 2, "都道府県コード": 33, "市区町村コード": 101, "所在地": "岡山県岡山市北区中山下２丁目２ー１エスパス岡山７階", "緯度": 34.662248, "経度": 133.927474, "url": "https://www.iryou.teikyouseido.mhlw.go.jp/znk-web/juminkanja/S2430/initialize?prefCd=33&kikanCd=20231122&kikanKbn=2", "url2": "https://www.y-ent.net/", "内容": "岡山耳鼻咽喉科クリニック【2:診療所】【診療科目:頭頸部外科_頭頸部・耳鼻いんこう科】岡山県岡山市北区中山下２丁目２ー１エスパス岡山７階" }, "geometry": { "type": "Point", "coordinates": [ 133.927474, 34.662248 ] } },
{ "type": "Feature", "properties": { "ID": 3322023112901, "正式名称": "メンズライフクリニック　岡山院", "機関区分": 2, "都道府県コード": 33, "市区町村コード": 101, "所在地": "岡山県岡山市北区本町１番２号炭屋ビル８階", "緯度": 34.665222, "経度": 133.919737, "url": "https://www.iryou.teikyouseido.mhlw.go.jp/znk-web/juminkanja/S2430/initialize?prefCd=33&kikanCd=2023112901&kikanKbn=2", "url2": "https://www.mens-life-clinic.com/clinic/okayama/", "内容": "メンズライフクリニック　岡山院【2:診療所】【診療科目:形成外科_皮膚科_泌尿器科_頭部皮膚科】岡山県岡山市北区本町１番２号炭屋ビル８階" }, "geometry": { "type": "Point", "coordinates": [ 133.919737, 34.665222 ] } },
{ "type": "Feature", "properties": { "ID": 3322023120601, "正式名称": "福元内科", "機関区分": 2, "都道府県コード": 33, "市区町村コード": 212, "所在地": "岡山県瀬戸内市邑久町福元６７８－３", "緯度": 34.672815, "経度": 134.086667, "url": "https://www.iryou.teikyouseido.mhlw.go.jp/znk-web/juminkanja/S2430/initialize?prefCd=33&kikanCd=2023120601&kikanKbn=2", "url2": "https://peraichi.com/landing_pages/view/mc7mn", "内容": "福元内科【2:診療所】【診療科目:内科_漢方内科】岡山県瀬戸内市邑久町福元６７８－３" }, "geometry": { "type": "Point", "coordinates": [ 134.086667, 34.672815 ] } },
{ "type": "Feature", "properties": { "ID": 3322023120602, "正式名称": "ふたば医院", "機関区分": 2, "都道府県コード": 33, "市区町村コード": 102, "所在地": "岡山県岡山市中区浜３９１", "緯度": 34.671578, "経度": 133.939062, "url": "https://www.iryou.teikyouseido.mhlw.go.jp/znk-web/juminkanja/S2430/initialize?prefCd=33&kikanCd=2023120602&kikanKbn=2", "url2": "https://www.futaba-okayama.com/", "内容": "ふたば医院【2:診療所】【診療科目:内科_ペインクリニック内科_緩和ケア内科_麻酔科】岡山県岡山市中区浜３９１" }, "geometry": { "type": "Point", "coordinates": [ 133.939062, 34.671578 ] } },
{ "type": "Feature", "properties": { "ID": 3322023122001, "正式名称": "津田内科小児科医院", "機関区分": 2, "都道府県コード": 33, "市区町村コード": 103, "所在地": "岡山県岡山市東区古都南方２８１５番地１", "緯度": 34.687136, "経度": 134.018669, "url": "https://www.iryou.teikyouseido.mhlw.go.jp/znk-web/juminkanja/S2430/initialize?prefCd=33&kikanCd=2023122001&kikanKbn=2", "url2": null, "内容": "津田内科小児科医院【2:診療所】【診療科目:内科_呼吸器内科_アレルギー疾患内科_小児科_リハビリテーション科】岡山県岡山市東区古都南方２８１５番地１" }, "geometry": { "type": "Point", "coordinates": [ 134.018669, 34.687136 ] } },
{ "type": "Feature", "properties": { "ID": 33220231227, "正式名称": "くろだクリニック", "機関区分": 2, "都道府県コード": 33, "市区町村コード": 102, "所在地": "岡山県岡山市中区下３７８－９", "緯度": 34.681647, "経度": 133.995266, "url": "https://www.iryou.teikyouseido.mhlw.go.jp/znk-web/juminkanja/S2430/initialize?prefCd=33&kikanCd=20231227&kikanKbn=2", "url2": null, "内容": "くろだクリニック【2:診療所】【診療科目:内科_外科_肛門外科】岡山県岡山市中区下３７８－９" }, "geometry": { "type": "Point", "coordinates": [ 133.995266, 34.681647 ] } },
{ "type": "Feature", "properties": { "ID": 3322320240422, "正式名称": "木下医院せのお駅前", "機関区分": 2, "都道府県コード": 33, "市区町村コード": 104, "所在地": "岡山県岡山市南区東畦１１２－３８", "緯度": 34.607339, "経度": 133.872071, "url": "https://www.iryou.teikyouseido.mhlw.go.jp/znk-web/juminkanja/S2430/initialize?prefCd=33&kikanCd=2320240422&kikanKbn=2", "url2": "https://kinoshitaiin-senoosta.jp/", "内容": "木下医院せのお駅前【2:診療所】【診療科目:内科_消化器内科_皮膚科_泌尿器科_アレルギー科_放射線科】岡山県岡山市南区東畦１１２－３８" }, "geometry": { "type": "Point", "coordinates": [ 133.872071, 34.607339 ] } },
{ "type": "Feature", "properties": { "ID": 3322320240502, "正式名称": "湘南美容クリニック倉敷院", "機関区分": 2, "都道府県コード": 33, "市区町村コード": 202, "所在地": "岡山県倉敷市阿知１丁目１番１　さんすて倉敷２階", "緯度": 34.60277, "経度": 133.767313, "url": "https://www.iryou.teikyouseido.mhlw.go.jp/znk-web/juminkanja/S2430/initialize?prefCd=33&kikanCd=2320240502&kikanKbn=2", "url2": "https://www.s-b-c.net/clinic/branch/kurashiki/", "内容": "湘南美容クリニック倉敷院【2:診療所】【診療科目:美容外科_美容皮膚科】岡山県倉敷市阿知１丁目１番１　さんすて倉敷２階" }, "geometry": { "type": "Point", "coordinates": [ 133.767313, 34.60277 ] } },
{ "type": "Feature", "properties": { "ID": 3322320240507, "正式名称": "にしした泌尿器科クリニック", "機関区分": 2, "都道府県コード": 33, "市区町村コード": 216, "所在地": "岡山県浅口市鴨方町鴨方１０９２−５", "緯度": 34.539951, "経度": 133.588408, "url": "https://www.iryou.teikyouseido.mhlw.go.jp/znk-web/juminkanja/S2430/initialize?prefCd=33&kikanCd=2320240507&kikanKbn=2", "url2": "https://nishishita-urology.com/", "内容": "にしした泌尿器科クリニック【2:診療所】【診療科目:泌尿器科】岡山県浅口市鴨方町鴨方１０９２−５" }, "geometry": { "type": "Point", "coordinates": [ 133.588408, 34.539951 ] } },
{ "type": "Feature", "properties": { "ID": 3322320240527, "正式名称": "医療法人社団恵風会宮本整形外科駅前診療所", "機関区分": 2, "都道府県コード": 33, "市区町村コード": 101, "所在地": "岡山県岡山市北区錦町２－８", "緯度": 34.663731, "経度": 133.921185, "url": "https://www.iryou.teikyouseido.mhlw.go.jp/znk-web/juminkanja/S2430/initialize?prefCd=33&kikanCd=2320240527&kikanKbn=2", "url2": "https://www.miyamoto.or.jp/", "内容": "医療法人社団恵風会宮本整形外科駅前診療所【2:診療所】【診療科目:内科_整形外科】岡山県岡山市北区錦町２－８" }, "geometry": { "type": "Point", "coordinates": [ 133.921185, 34.663731 ] } },
{ "type": "Feature", "properties": { "ID": 3322320240605, "正式名称": "倉敷ふじ眼科", "機関区分": 2, "都道府県コード": 33, "市区町村コード": 202, "所在地": "岡山県倉敷市寿町１２番２号アリオ倉敷ＳＣ１階", "緯度": 34.603375, "経度": 133.764206, "url": "https://www.iryou.teikyouseido.mhlw.go.jp/znk-web/juminkanja/S2430/initialize?prefCd=33&kikanCd=2320240605&kikanKbn=2", "url2": "https://kurashiki-fuji-ganka.com/access/", "内容": "倉敷ふじ眼科【2:診療所】【診療科目:眼科】岡山県倉敷市寿町１２番２号アリオ倉敷ＳＣ１階" }, "geometry": { "type": "Point", "coordinates": [ 133.764206, 34.603375 ] } },
{ "type": "Feature", "properties": { "ID": 3322320240610, "正式名称": "医療法人塚本内科医院　津賀クリニック", "機関区分": 2, "都道府県コード": 33, "市区町村コード": 681, "所在地": "岡山県加賀郡吉備中央町下加茂１１０３－８", "緯度": 34.860353, "経度": 133.812517, "url": "https://www.iryou.teikyouseido.mhlw.go.jp/znk-web/juminkanja/S2430/initialize?prefCd=33&kikanCd=2320240610&kikanKbn=2", "url2": null, "内容": "医療法人塚本内科医院　津賀クリニック【2:診療所】【診療科目:内科】岡山県加賀郡吉備中央町下加茂１１０３－８" }, "geometry": { "type": "Point", "coordinates": [ 133.812517, 34.860353 ] } },
{ "type": "Feature", "properties": { "ID": 3322320240710, "正式名称": "のなか内科腎診療所", "機関区分": 2, "都道府県コード": 33, "市区町村コード": 101, "所在地": "岡山県岡山市北区野殿東町３−３３", "緯度": 34.660763, "経度": 133.881896, "url": "https://www.iryou.teikyouseido.mhlw.go.jp/znk-web/juminkanja/S2430/initialize?prefCd=33&kikanCd=2320240710&kikanKbn=2", "url2": "https://www.nonaka-jin-cl.com/", "内容": "のなか内科腎診療所【2:診療所】【診療科目:内科_感染症内科_糖尿病内科_脂質代謝内科_呼吸器内科_循環器内科_消化器内科_腎臓内科_人工透析内科_老年内科_疼痛緩和内科_緩和ケア内科_腎臓・泌尿器科_アレルギー科】岡山県岡山市北区野殿東町３−３３" }, "geometry": { "type": "Point", "coordinates": [ 133.881896, 34.660763 ] } },
{ "type": "Feature", "properties": { "ID": 3322320240904, "正式名称": "ほのぼのファミリークリニック", "機関区分": 2, "都道府県コード": 33, "市区町村コード": 346, "所在地": "岡山県和気郡和気町泉５０－１", "緯度": 34.807814, "経度": 134.165321, "url": "https://www.iryou.teikyouseido.mhlw.go.jp/znk-web/juminkanja/S2430/initialize?prefCd=33&kikanCd=2320240904&kikanKbn=2", "url2": "https://honobono-fc.com/", "内容": "ほのぼのファミリークリニック【2:診療所】【診療科目:内科_小児科】岡山県和気郡和気町泉５０－１" }, "geometry": { "type": "Point", "coordinates": [ 134.165321, 34.807814 ] } },
{ "type": "Feature", "properties": { "ID": 3322320240906, "正式名称": "ｅクリニック岡山院", "機関区分": 2, "都道府県コード": 33, "市区町村コード": 101, "所在地": "岡山県岡山市北区錦町４−１１錦町Ｊｎビル　６階", "緯度": 34.66256, "経度": 133.92148, "url": "https://www.iryou.teikyouseido.mhlw.go.jp/znk-web/juminkanja/S2430/initialize?prefCd=33&kikanCd=2320240906&kikanKbn=2", "url2": "https://eclinic-okayama.jp/", "内容": "ｅクリニック岡山院【2:診療所】【診療科目:美容外科】岡山県岡山市北区錦町４−１１錦町Ｊｎビル　６階" }, "geometry": { "type": "Point", "coordinates": [ 133.92148, 34.66256 ] } },
{ "type": "Feature", "properties": { "ID": 3322320240910, "正式名称": "こでら内科・糖尿病クリニック", "機関区分": 2, "都道府県コード": 33, "市区町村コード": 101, "所在地": "岡山県岡山市北区東古松４９７番地３", "緯度": 34.64189, "経度": 133.914276, "url": "https://www.iryou.teikyouseido.mhlw.go.jp/znk-web/juminkanja/S2430/initialize?prefCd=33&kikanCd=2320240910&kikanKbn=2", "url2": "https://kodera-clinic.com/", "内容": "こでら内科・糖尿病クリニック【2:診療所】【診療科目:内科_糖尿病内科_腎臓内科】岡山県岡山市北区東古松４９７番地３" }, "geometry": { "type": "Point", "coordinates": [ 133.914276, 34.64189 ] } },
{ "type": "Feature", "properties": { "ID": 3322320241023, "正式名称": "ＫＭＲ　ｃｌｉｎｉｃ", "機関区分": 2, "都道府県コード": 33, "市区町村コード": 101, "所在地": "岡山県岡山市北区今２丁目８－１４", "緯度": 34.647044, "経度": 133.897414, "url": "https://www.iryou.teikyouseido.mhlw.go.jp/znk-web/juminkanja/S2430/initialize?prefCd=33&kikanCd=2320241023&kikanKbn=2", "url2": "https://kmr.clinic/", "内容": "ＫＭＲ　ｃｌｉｎｉｃ【2:診療所】【診療科目:形成外科_美容外科_美容皮膚科】岡山県岡山市北区今２丁目８－１４" }, "geometry": { "type": "Point", "coordinates": [ 133.897414, 34.647044 ] } },
{ "type": "Feature", "properties": { "ID": 3322320241211, "正式名称": "岡山きずの訪問診療所", "機関区分": 2, "都道府県コード": 33, "市区町村コード": 101, "所在地": "岡山県岡山市北区野田３丁目２－２　２Ｆ", "緯度": 34.652668, "経度": 133.901865, "url": "https://www.iryou.teikyouseido.mhlw.go.jp/znk-web/juminkanja/S2430/initialize?prefCd=33&kikanCd=2320241211&kikanKbn=2", "url2": "https://kizu-araiguma.com/", "内容": "岡山きずの訪問診療所【2:診療所】【診療科目:内科_形成外科】岡山県岡山市北区野田３丁目２－２　２Ｆ" }, "geometry": { "type": "Point", "coordinates": [ 133.901865, 34.652668 ] } },
{ "type": "Feature", "properties": { "ID": 3322320250107, "正式名称": "ＡＮＤ美容外科岡山院", "機関区分": 2, "都道府県コード": 33, "市区町村コード": 101, "所在地": "岡山県岡山市北区本町７－２５ＱＢｅ本町ビル３階", "緯度": 34.659197, "経度": 133.925914, "url": "https://www.iryou.teikyouseido.mhlw.go.jp/znk-web/juminkanja/S2430/initialize?prefCd=33&kikanCd=2320250107&kikanKbn=2", "url2": "https://and-bg.com/", "内容": "ＡＮＤ美容外科岡山院【2:診療所】【診療科目:美容外科_美容皮膚科_泌尿器科】岡山県岡山市北区本町７－２５ＱＢｅ本町ビル３階" }, "geometry": { "type": "Point", "coordinates": [ 133.925914, 34.659197 ] } },
{ "type": "Feature", "properties": { "ID": 3322320250114, "正式名称": "在宅クリニック　ホームケアプラス", "機関区分": 2, "都道府県コード": 33, "市区町村コード": 203, "所在地": "岡山県津山市沼８５６－３", "緯度": 35.073301, "経度": 134.016325, "url": "https://www.iryou.teikyouseido.mhlw.go.jp/znk-web/juminkanja/S2430/initialize?prefCd=33&kikanCd=2320250114&kikanKbn=2", "url2": "https://smc-seifukai.or.jp/homecareplus/", "内容": "在宅クリニック　ホームケアプラス【2:診療所】【診療科目:内科_小児科】岡山県津山市沼８５６－３" }, "geometry": { "type": "Point", "coordinates": [ 134.016325, 35.073301 ] } },
{ "type": "Feature", "properties": { "ID": 3322320250214, "正式名称": "ごとうだ内科・内視鏡クリニック", "機関区分": 2, "都道府県コード": 33, "市区町村コード": 202, "所在地": "岡山県倉敷市四十瀬２３１ー８", "緯度": 34.58846, "経度": 133.7472, "url": "https://www.iryou.teikyouseido.mhlw.go.jp/znk-web/juminkanja/S2430/initialize?prefCd=33&kikanCd=2320250214&kikanKbn=2", "url2": "https://gotoda-clinic.jp/", "内容": "ごとうだ内科・内視鏡クリニック【2:診療所】【診療科目:内科_呼吸器内科_消化器内科_内視鏡内科】岡山県倉敷市四十瀬２３１ー８" }, "geometry": { "type": "Point", "coordinates": [ 133.7472, 34.58846 ] } },
{ "type": "Feature", "properties": { "ID": 3322320250310, "正式名称": "湘南美容皮フ科岡山院", "機関区分": 2, "都道府県コード": 33, "市区町村コード": 101, "所在地": "岡山県岡山市北区本町６ー３０第一セントラルビル２号館７階", "緯度": 34.664462, "経度": 133.919906, "url": "https://www.iryou.teikyouseido.mhlw.go.jp/znk-web/juminkanja/S2430/initialize?prefCd=33&kikanCd=2320250310&kikanKbn=2", "url2": "https://www.s-b-c.net/hifuka/okayama/", "内容": "湘南美容皮フ科岡山院【2:診療所】【診療科目:美容皮膚科】岡山県岡山市北区本町６ー３０第一セントラルビル２号館７階" }, "geometry": { "type": "Point", "coordinates": [ 133.919906, 34.664462 ] } },
{ "type": "Feature", "properties": { "ID": 3322320250707, "正式名称": "医療法人社団　青山光耀会　青山こども岡山中央クリニック", "機関区分": 2, "都道府県コード": 33, "市区町村コード": 102, "所在地": "岡山県岡山市中区浜３－９－１１", "緯度": 34.667599, "経度": 133.942757, "url": "https://www.iryou.teikyouseido.mhlw.go.jp/znk-web/juminkanja/S2430/initialize?prefCd=33&kikanCd=2320250707&kikanKbn=2", "url2": "https://www.aoyamakodomookayamachuou.net/", "内容": "医療法人社団　青山光耀会　青山こども岡山中央クリニック【2:診療所】【診療科目:小児科_小児外科_小児泌尿器科】岡山県岡山市中区浜３－９－１１" }, "geometry": { "type": "Point", "coordinates": [ 133.942757, 34.667599 ] } },
{ "type": "Feature", "properties": { "ID": 3322320250713, "正式名称": "おおひらクリニック", "機関区分": 2, "都道府県コード": 33, "市区町村コード": 101, "所在地": "岡山県岡山市北区東花尻２２９番地７", "緯度": 34.653944, "経度": 133.862044, "url": "https://www.iryou.teikyouseido.mhlw.go.jp/znk-web/juminkanja/S2430/initialize?prefCd=33&kikanCd=2320250713&kikanKbn=2", "url2": "https://www.ohira-clinic.com/", "内容": "おおひらクリニック【2:診療所】【診療科目:内科_外科_美容皮膚科_泌尿器科】岡山県岡山市北区東花尻２２９番地７" }, "geometry": { "type": "Point", "coordinates": [ 133.862044, 34.653944 ] } },
{ "type": "Feature", "properties": { "ID": 3322320251003, "正式名称": "ふたばクリニック", "機関区分": 2, "都道府県コード": 33, "市区町村コード": 101, "所在地": "岡山県岡山市北区尾上１３１－１", "緯度": 34.663396, "経度": 133.928798, "url": "https://www.iryou.teikyouseido.mhlw.go.jp/znk-web/juminkanja/S2430/initialize?prefCd=33&kikanCd=2320251003&kikanKbn=2", "url2": "https://futaba-ped-ent.com/", "内容": "ふたばクリニック【2:診療所】【診療科目:小児科_耳鼻いんこう科_アレルギー科】岡山県岡山市北区尾上１３１－１" }, "geometry": { "type": "Point", "coordinates": [ 133.928798, 34.663396 ] } },
{ "type": "Feature", "properties": { "ID": 3322330000010, "正式名称": "医療法人　春洋会　青井医院", "機関区分": 2, "都道府県コード": 33, "市区町村コード": 204, "所在地": "岡山県玉野市宇野２丁目３２－７", "緯度": 34.490371, "経度": 133.940176, "url": "https://www.iryou.teikyouseido.mhlw.go.jp/znk-web/juminkanja/S2430/initialize?prefCd=33&kikanCd=2330000010&kikanKbn=2", "url2": "http://www.syunyo-aoi.jp/", "内容": "医療法人　春洋会　青井医院【2:診療所】【診療科目:内科_皮膚科_精神科_心療内科】岡山県玉野市宇野２丁目３２－７" }, "geometry": { "type": "Point", "coordinates": [ 133.940176, 34.490371 ] } },
{ "type": "Feature", "properties": { "ID": 3322330000030, "正式名称": "医療法人石井徹顕石井雅枝記念石井医院", "機関区分": 2, "都道府県コード": 33, "市区町村コード": 204, "所在地": "岡山県玉野市築港１－５－３３", "緯度": 34.494565, "経度": 133.952619, "url": "https://www.iryou.teikyouseido.mhlw.go.jp/znk-web/juminkanja/S2430/initialize?prefCd=33&kikanCd=2330000030&kikanKbn=2", "url2": null, "内容": "医療法人石井徹顕石井雅枝記念石井医院【2:診療所】【診療科目:内科】岡山県玉野市築港１－５－３３" }, "geometry": { "type": "Point", "coordinates": [ 133.952619, 34.494565 ] } },
{ "type": "Feature", "properties": { "ID": 3322330000040, "正式名称": "医療法人　眼科康誠会　井上眼科", "機関区分": 2, "都道府県コード": 33, "市区町村コード": 204, "所在地": "岡山県玉野市宇野１－１４－３１", "緯度": 34.491288, "経度": 133.947897, "url": "https://www.iryou.teikyouseido.mhlw.go.jp/znk-web/juminkanja/S2430/initialize?prefCd=33&kikanCd=2330000040&kikanKbn=2", "url2": "http://ocular-dr.com/ec/inoue.htm", "内容": "医療法人　眼科康誠会　井上眼科【2:診療所】【診療科目:眼科】岡山県玉野市宇野１－１４－３１" }, "geometry": { "type": "Point", "coordinates": [ 133.947897, 34.491288 ] } },
{ "type": "Feature", "properties": { "ID": 3322330000050, "正式名称": "医療法人　滋正会　井上クリニック", "機関区分": 2, "都道府県コード": 33, "市区町村コード": 204, "所在地": "岡山県玉野市宇野１－１２－２７", "緯度": 34.492287, "経度": 133.947814, "url": "https://www.iryou.teikyouseido.mhlw.go.jp/znk-web/juminkanja/S2430/initialize?prefCd=33&kikanCd=2330000050&kikanKbn=2", "url2": null, "内容": "医療法人　滋正会　井上クリニック【2:診療所】【診療科目:内科_消化器内科】岡山県玉野市宇野１－１２－２７" }, "geometry": { "type": "Point", "coordinates": [ 133.947814, 34.492287 ] } },
{ "type": "Feature", "properties": { "ID": 3322330000060, "正式名称": "医療法人　井上内科医院", "機関区分": 2, "都道府県コード": 33, "市区町村コード": 204, "所在地": "岡山県玉野市玉２－１２－１０", "緯度": 34.479983, "経度": 133.932232, "url": "https://www.iryou.teikyouseido.mhlw.go.jp/znk-web/juminkanja/S2430/initialize?prefCd=33&kikanCd=2330000060&kikanKbn=2", "url2": "https://inoue-naika .clinic/", "内容": "医療法人　井上内科医院【2:診療所】【診療科目:内科_小児科】岡山県玉野市玉２－１２－１０" }, "geometry": { "type": "Point", "coordinates": [ 133.932232, 34.479983 ] } },
{ "type": "Feature", "properties": { "ID": 3322330000070, "正式名称": "医療法人　宇野八丁目クリニック", "機関区分": 2, "都道府県コード": 33, "市区町村コード": 204, "所在地": "岡山県玉野市宇野８丁目１９番３号", "緯度": 34.49401, "経度": 133.947397, "url": "https://www.iryou.teikyouseido.mhlw.go.jp/znk-web/juminkanja/S2430/initialize?prefCd=33&kikanCd=2330000070&kikanKbn=2", "url2": null, "内容": "医療法人　宇野八丁目クリニック【2:診療所】【診療科目:内科_循環器内科_消化器内科_甲状腺科_外科_乳腺外科】岡山県玉野市宇野８丁目１９番３号" }, "geometry": { "type": "Point", "coordinates": [ 133.947397, 34.49401 ] } },
{ "type": "Feature", "properties": { "ID": 3322330000080, "正式名称": "大野眼科", "機関区分": 2, "都道府県コード": 33, "市区町村コード": 204, "所在地": "岡山県玉野市東高崎２６－２１", "緯度": 34.533337, "経度": 133.894901, "url": "https://www.iryou.teikyouseido.mhlw.go.jp/znk-web/juminkanja/S2430/initialize?prefCd=33&kikanCd=2330000080&kikanKbn=2", "url2": "https://ohnoganka.jp", "内容": "大野眼科【2:診療所】【診療科目:眼科】岡山県玉野市東高崎２６－２１" }, "geometry": { "type": "Point", "coordinates": [ 133.894901, 34.533337 ] } },
{ "type": "Feature", "properties": { "ID": 3322330000090, "正式名称": "医療法人小野田耳鼻咽喉科医院", "機関区分": 2, "都道府県コード": 33, "市区町村コード": 204, "所在地": "岡山県玉野市玉６丁目８番６号", "緯度": 34.483316, "経度": 133.929427, "url": "https://www.iryou.teikyouseido.mhlw.go.jp/znk-web/juminkanja/S2430/initialize?prefCd=33&kikanCd=2330000090&kikanKbn=2", "url2": "https://www.onoda-jibika.com/", "内容": "医療法人小野田耳鼻咽喉科医院【2:診療所】【診療科目:耳鼻いんこう科_頭頸部・耳鼻いんこう科】岡山県玉野市玉６丁目８番６号" }, "geometry": { "type": "Point", "coordinates": [ 133.929427, 34.483316 ] } },
{ "type": "Feature", "properties": { "ID": 3322330000100, "正式名称": "医療法人　晴寿会　海岸通りクリニック", "機関区分": 2, "都道府県コード": 33, "市区町村コード": 204, "所在地": "岡山県玉野市宇野１－４２－２６", "緯度": 34.489093, "経度": 133.945231, "url": "https://www.iryou.teikyouseido.mhlw.go.jp/znk-web/juminkanja/S2430/initialize?prefCd=33&kikanCd=2330000100&kikanKbn=2", "url2": "http://www.kaigan-cl.jp", "内容": "医療法人　晴寿会　海岸通りクリニック【2:診療所】【診療科目:内科_腎臓内科_人工透析内科】岡山県玉野市宇野１－４２－２６" }, "geometry": { "type": "Point", "coordinates": [ 133.945231, 34.489093 ] } },
{ "type": "Feature", "properties": { "ID": 3322330000110, "正式名称": "医療法人片山産婦人科", "機関区分": 2, "都道府県コード": 33, "市区町村コード": 204, "所在地": "岡山県玉野市長尾２２９－１", "緯度": 34.496147, "経度": 133.886708, "url": "https://www.iryou.teikyouseido.mhlw.go.jp/znk-web/juminkanja/S2430/initialize?prefCd=33&kikanCd=2330000110&kikanKbn=2", "url2": "http://www.katayamaobgyne.com", "内容": "医療法人片山産婦人科【2:診療所】【診療科目:産婦人科】岡山県玉野市長尾２２９－１" }, "geometry": { "type": "Point", "coordinates": [ 133.886708, 34.496147 ] } },
{ "type": "Feature", "properties": { "ID": 3322330000120, "正式名称": "医療法人　こまくさ会　河口医院", "機関区分": 2, "都道府県コード": 33, "市区町村コード": 204, "所在地": "岡山県玉野市宇野５－１－１", "緯度": 34.491537, "経度": 133.939815, "url": "https://www.iryou.teikyouseido.mhlw.go.jp/znk-web/juminkanja/S2430/initialize?prefCd=33&kikanCd=2330000120&kikanKbn=2", "url2": "http://www.komakusakai.com", "内容": "医療法人　こまくさ会　河口医院【2:診療所】【診療科目:内科_精神科_心療内科】岡山県玉野市宇野５－１－１" }, "geometry": { "type": "Point", "coordinates": [ 133.939815, 34.491537 ] } },
{ "type": "Feature", "properties": { "ID": 3322330000130, "正式名称": "木下耳鼻咽喉科クリニック", "機関区分": 2, "都道府県コード": 33, "市区町村コード": 204, "所在地": "岡山県玉野市宇藤木５５０－３５", "緯度": 34.52981, "経度": 133.896262, "url": "https://www.iryou.teikyouseido.mhlw.go.jp/znk-web/juminkanja/S2430/initialize?prefCd=33&kikanCd=2330000130&kikanKbn=2", "url2": "https://kinoshitajibika-tamano.jp/", "内容": "木下耳鼻咽喉科クリニック【2:診療所】【診療科目:耳鼻いんこう科】岡山県玉野市宇藤木５５０－３５" }, "geometry": { "type": "Point", "coordinates": [ 133.896262, 34.52981 ] } },
{ "type": "Feature", "properties": { "ID": 3322330000160, "正式名称": "医療法人近藤医院", "機関区分": 2, "都道府県コード": 33, "市区町村コード": 204, "所在地": "岡山県玉野市東田井地１３９８", "緯度": 34.552893, "経度": 133.997447, "url": "https://www.iryou.teikyouseido.mhlw.go.jp/znk-web/juminkanja/S2430/initialize?prefCd=33&kikanCd=2330000160&kikanKbn=2", "url2": null, "内容": "医療法人近藤医院【2:診療所】【診療科目:内科_外科_整形外科_小児科】岡山県玉野市東田井地１３９８" }, "geometry": { "type": "Point", "coordinates": [ 133.997447, 34.552893 ] } },
{ "type": "Feature", "properties": { "ID": 3322330000200, "正式名称": "田川医院", "機関区分": 2, "都道府県コード": 33, "市区町村コード": 204, "所在地": "岡山県玉野市和田１－６－１４", "緯度": 34.470234, "経度": 133.926233, "url": "https://www.iryou.teikyouseido.mhlw.go.jp/znk-web/juminkanja/S2430/initialize?prefCd=33&kikanCd=2330000200&kikanKbn=2", "url2": null, "内容": "田川医院【2:診療所】【診療科目:内科_消化器内科_小児科】岡山県玉野市和田１－６－１４" }, "geometry": { "type": "Point", "coordinates": [ 133.926233, 34.470234 ] } },
{ "type": "Feature", "properties": { "ID": 3322330000210, "正式名称": "竹原内科医院", "機関区分": 2, "都道府県コード": 33, "市区町村コード": 204, "所在地": "岡山県玉野市迫間２２８０－１１", "緯度": 34.505313, "経度": 133.89193, "url": "https://www.iryou.teikyouseido.mhlw.go.jp/znk-web/juminkanja/S2430/initialize?prefCd=33&kikanCd=2330000210&kikanKbn=2", "url2": "http://ww32.tiki.ne.jp/~ichirou/", "内容": "竹原内科医院【2:診療所】【診療科目:内科_リハビリテーション科_放射線科】岡山県玉野市迫間２２８０－１１" }, "geometry": { "type": "Point", "coordinates": [ 133.89193, 34.505313 ] } },
{ "type": "Feature", "properties": { "ID": 3322330000220, "正式名称": "たなべ内科", "機関区分": 2, "都道府県コード": 33, "市区町村コード": 204, "所在地": "岡山県玉野市八浜町八浜１４８４－１", "緯度": 34.552452, "経度": 133.945536, "url": "https://www.iryou.teikyouseido.mhlw.go.jp/znk-web/juminkanja/S2430/initialize?prefCd=33&kikanCd=2330000220&kikanKbn=2", "url2": null, "内容": "たなべ内科【2:診療所】【診療科目:内科_呼吸器内科_循環器内科_消化器内科_小児科】岡山県玉野市八浜町八浜１４８４－１" }, "geometry": { "type": "Point", "coordinates": [ 133.945536, 34.552452 ] } },
{ "type": "Feature", "properties": { "ID": 3322330000230, "正式名称": "たまメディカルリハビリテーションクリニック", "機関区分": 2, "都道府県コード": 33, "市区町村コード": 204, "所在地": "岡山県玉野市玉２丁目２５番１９号", "緯度": 34.481927, "経度": 133.932121, "url": "https://www.iryou.teikyouseido.mhlw.go.jp/znk-web/juminkanja/S2430/initialize?prefCd=33&kikanCd=2330000230&kikanKbn=2", "url2": "http://www.tamamrc.jp", "内容": "たまメディカルリハビリテーションクリニック【2:診療所】【診療科目:整形外科_リハビリテーション科】岡山県玉野市玉２丁目２５番１９号" }, "geometry": { "type": "Point", "coordinates": [ 133.932121, 34.481927 ] } },
{ "type": "Feature", "properties": { "ID": 3322330000250, "正式名称": "ナイカイ塩業診療所", "機関区分": 2, "都道府県コード": 33, "市区町村コード": 204, "所在地": "岡山県玉野市胸上２７２１番地", "緯度": 34.54581, "経度": 134.002474, "url": "https://www.iryou.teikyouseido.mhlw.go.jp/znk-web/juminkanja/S2430/initialize?prefCd=33&kikanCd=2330000250&kikanKbn=2", "url2": null, "内容": "ナイカイ塩業診療所【2:診療所】【診療科目:内科】岡山県玉野市胸上２７２１番地" }, "geometry": { "type": "Point", "coordinates": [ 134.002474, 34.54581 ] } },
{ "type": "Feature", "properties": { "ID": 3322330000260, "正式名称": "医療法人ＳＨＩＲＯ　しんみなクリニック", "機関区分": 2, "都道府県コード": 33, "市区町村コード": 204, "所在地": "岡山県玉野市用吉１６７６", "緯度": 34.525977, "経度": 133.897456, "url": "https://www.iryou.teikyouseido.mhlw.go.jp/znk-web/juminkanja/S2430/initialize?prefCd=33&kikanCd=2330000260&kikanKbn=2", "url2": "https://www.shinmina.clinic", "内容": "医療法人ＳＨＩＲＯ　しんみなクリニック【2:診療所】【診療科目:内科_消化器内科_リハビリテーション科_放射線科】岡山県玉野市用吉１６７６" }, "geometry": { "type": "Point", "coordinates": [ 133.897456, 34.525977 ] } },
{ "type": "Feature", "properties": { "ID": 3322330000270, "正式名称": "中村医院", "機関区分": 2, "都道府県コード": 33, "市区町村コード": 204, "所在地": "岡山県玉野市長尾１９８－１", "緯度": 34.498036, "経度": 133.889097, "url": "https://www.iryou.teikyouseido.mhlw.go.jp/znk-web/juminkanja/S2430/initialize?prefCd=33&kikanCd=2330000270&kikanKbn=2", "url2": null, "内容": "中村医院【2:診療所】【診療科目:内科_糖尿病内科】岡山県玉野市長尾１９８－１" }, "geometry": { "type": "Point", "coordinates": [ 133.889097, 34.498036 ] } },
{ "type": "Feature", "properties": { "ID": 3322330000280, "正式名称": "医療法人のうの小児科医院", "機関区分": 2, "都道府県コード": 33, "市区町村コード": 204, "所在地": "岡山県玉野市田井５－２４－３５", "緯度": 34.51834, "経度": 133.954285, "url": "https://www.iryou.teikyouseido.mhlw.go.jp/znk-web/juminkanja/S2430/initialize?prefCd=33&kikanCd=2330000280&kikanKbn=2", "url2": null, "内容": "医療法人のうの小児科医院【2:診療所】【診療科目:神経内科_小児科_精神科】岡山県玉野市田井５－２４－３５" }, "geometry": { "type": "Point", "coordinates": [ 133.954285, 34.51834 ] } },
{ "type": "Feature", "properties": { "ID": 3322330000300, "正式名称": "原田内科クリニック", "機関区分": 2, "都道府県コード": 33, "市区町村コード": 204, "所在地": "岡山県玉野市宇野２丁目３７－１８", "緯度": 34.488232, "経度": 133.940731, "url": "https://www.iryou.teikyouseido.mhlw.go.jp/znk-web/juminkanja/S2430/initialize?prefCd=33&kikanCd=2330000300&kikanKbn=2", "url2": "https//www.haradanaikaclinic.com", "内容": "原田内科クリニック【2:診療所】【診療科目:内科_呼吸器内科_循環器内科_消化器内科】岡山県玉野市宇野２丁目３７－１８" }, "geometry": { "type": "Point", "coordinates": [ 133.940731, 34.488232 ] } },
{ "type": "Feature", "properties": { "ID": 3322330000310, "正式名称": "特別養護老人ホームフェニックス", "機関区分": 2, "都道府県コード": 33, "市区町村コード": 204, "所在地": "岡山県玉野市玉原二丁目２４番４０号", "緯度": 34.476955, "経度": 133.912234, "url": "https://www.iryou.teikyouseido.mhlw.go.jp/znk-web/juminkanja/S2430/initialize?prefCd=33&kikanCd=2330000310&kikanKbn=2", "url2": null, "内容": "特別養護老人ホームフェニックス【2:診療所】【診療科目:内科】岡山県玉野市玉原二丁目２４番４０号" }, "geometry": { "type": "Point", "coordinates": [ 133.912234, 34.476955 ] } },
{ "type": "Feature", "properties": { "ID": 3322330000330, "正式名称": "医療法人社団　満木内科小児科", "機関区分": 2, "都道府県コード": 33, "市区町村コード": 204, "所在地": "岡山県玉野市用吉１６８１－１", "緯度": 34.525477, "経度": 133.897928, "url": "https://www.iryou.teikyouseido.mhlw.go.jp/znk-web/juminkanja/S2430/initialize?prefCd=33&kikanCd=2330000330&kikanKbn=2", "url2": null, "内容": "医療法人社団　満木内科小児科【2:診療所】【診療科目:内科_小児科】岡山県玉野市用吉１６８１－１" }, "geometry": { "type": "Point", "coordinates": [ 133.897928, 34.525477 ] } },
{ "type": "Feature", "properties": { "ID": 3322330000360, "正式名称": "医療法人いずみ会三宅内科外科医院", "機関区分": 2, "都道府県コード": 33, "市区町村コード": 204, "所在地": "岡山県玉野市槌ヶ原１０１７", "緯度": 34.523394, "経度": 133.901484, "url": "https://www.iryou.teikyouseido.mhlw.go.jp/znk-web/juminkanja/S2430/initialize?prefCd=33&kikanCd=2330000360&kikanKbn=2", "url2": "http://www.miyake-clinic.or.jp", "内容": "医療法人いずみ会三宅内科外科医院【2:診療所】【診療科目:内科_外科_整形外科】岡山県玉野市槌ヶ原１０１７" }, "geometry": { "type": "Point", "coordinates": [ 133.901484, 34.523394 ] } },
{ "type": "Feature", "properties": { "ID": 3322330000370, "正式名称": "医療法人みやもと整形外科", "機関区分": 2, "都道府県コード": 33, "市区町村コード": 204, "所在地": "岡山県玉野市東紅陽台１－１９－３２５", "緯度": 34.538809, "経度": 133.894012, "url": "https://www.iryou.teikyouseido.mhlw.go.jp/znk-web/juminkanja/S2430/initialize?prefCd=33&kikanCd=2330000370&kikanKbn=2", "url2": "http://www.myclinic.ne.jp/miyamoto_ort/", "内容": "医療法人みやもと整形外科【2:診療所】【診療科目:整形外科_リウマチ科_リハビリテーション科】岡山県玉野市東紅陽台１－１９－３２５" }, "geometry": { "type": "Point", "coordinates": [ 133.894012, 34.538809 ] } },
{ "type": "Feature", "properties": { "ID": 3322330000380, "正式名称": "森口皮膚科医院", "機関区分": 2, "都道府県コード": 33, "市区町村コード": 204, "所在地": "岡山県玉野市田井５丁目３－２２－４", "緯度": 34.518368, "経度": 133.950896, "url": "https://www.iryou.teikyouseido.mhlw.go.jp/znk-web/juminkanja/S2430/initialize?prefCd=33&kikanCd=2330000380&kikanKbn=2", "url2": null, "内容": "森口皮膚科医院【2:診療所】【診療科目:皮膚科】岡山県玉野市田井５丁目３－２２－４" }, "geometry": { "type": "Point", "coordinates": [ 133.950896, 34.518368 ] } },
{ "type": "Feature", "properties": { "ID": 3322330000390, "正式名称": "やすとみ皮膚科", "機関区分": 2, "都道府県コード": 33, "市区町村コード": 204, "所在地": "岡山県玉野市迫間２２８０－１", "緯度": 34.505257, "経度": 133.891735, "url": "https://www.iryou.teikyouseido.mhlw.go.jp/znk-web/juminkanja/S2430/initialize?prefCd=33&kikanCd=2330000390&kikanKbn=2", "url2": null, "内容": "やすとみ皮膚科【2:診療所】【診療科目:皮膚科】岡山県玉野市迫間２２８０－１" }, "geometry": { "type": "Point", "coordinates": [ 133.891735, 34.505257 ] } },
{ "type": "Feature", "properties": { "ID": 3322330000400, "正式名称": "医療法人東行会山下泌尿器科", "機関区分": 2, "都道府県コード": 33, "市区町村コード": 204, "所在地": "岡山県玉野市宇野１－１５－２８", "緯度": 34.490482, "経度": 133.947758, "url": "https://www.iryou.teikyouseido.mhlw.go.jp/znk-web/juminkanja/S2430/initialize?prefCd=33&kikanCd=2330000400&kikanKbn=2", "url2": "http://yamashitauro.web.fc2.com/", "内容": "医療法人東行会山下泌尿器科【2:診療所】【診療科目:泌尿器科_男性泌尿器科_神経泌尿器科_腎臓・泌尿器科_麻酔科】岡山県玉野市宇野１－１５－２８" }, "geometry": { "type": "Point", "coordinates": [ 133.947758, 34.490482 ] } },
{ "type": "Feature", "properties": { "ID": 3322330000410, "正式名称": "医療法人山彦会　山田クリニック", "機関区分": 2, "都道府県コード": 33, "市区町村コード": 204, "所在地": "岡山県玉野市和田３－１９－１", "緯度": 34.46754, "経度": 133.923595, "url": "https://www.iryou.teikyouseido.mhlw.go.jp/znk-web/juminkanja/S2430/initialize?prefCd=33&kikanCd=2330000410&kikanKbn=2", "url2": null, "内容": "医療法人山彦会　山田クリニック【2:診療所】【診療科目:内科_外科_乳腺外科】岡山県玉野市和田３－１９－１" }, "geometry": { "type": "Point", "coordinates": [ 133.923595, 34.46754 ] } },
{ "type": "Feature", "properties": { "ID": 3322330000415, "正式名称": "なかよしクリニック", "機関区分": 2, "都道府県コード": 33, "市区町村コード": 104, "所在地": "岡山県岡山市南区大福７０７－２イルサローネ１１０", "緯度": 34.623919, "経度": 133.885703, "url": "https://www.iryou.teikyouseido.mhlw.go.jp/znk-web/juminkanja/S2430/initialize?prefCd=33&kikanCd=2330000415&kikanKbn=2", "url2": null, "内容": "なかよしクリニック【2:診療所】【診療科目:内科_皮膚科_精神科】岡山県岡山市南区大福７０７－２イルサローネ１１０" }, "geometry": { "type": "Point", "coordinates": [ 133.885703, 34.623919 ] } },
{ "type": "Feature", "properties": { "ID": 3322330000416, "正式名称": "たぬメンタルクリニック", "機関区分": 2, "都道府県コード": 33, "市区町村コード": 202, "所在地": "岡山県倉敷市川西町１３−３アイビープレイス１階", "緯度": 34.598096, "経度": 133.762666, "url": "https://www.iryou.teikyouseido.mhlw.go.jp/znk-web/juminkanja/S2430/initialize?prefCd=33&kikanCd=2330000416&kikanKbn=2", "url2": "https://tanu-mental.jp", "内容": "たぬメンタルクリニック【2:診療所】【診療科目:精神科_心療内科】岡山県倉敷市川西町１３−３アイビープレイス１階" }, "geometry": { "type": "Point", "coordinates": [ 133.762666, 34.598096 ] } },
{ "type": "Feature", "properties": { "ID": 3322330000417, "正式名称": "医療法人社団青山光耀会青山こども岡山北クリニック", "機関区分": 2, "都道府県コード": 33, "市区町村コード": 101, "所在地": "岡山県岡山市北区横井上５０－１", "緯度": 34.673594, "経度": 133.937914, "url": "https://www.iryou.teikyouseido.mhlw.go.jp/znk-web/juminkanja/S2430/initialize?prefCd=33&kikanCd=2330000417&kikanKbn=2", "url2": null, "内容": "医療法人社団青山光耀会青山こども岡山北クリニック【2:診療所】【診療科目:小児科_小児外科_小児泌尿器科】岡山県岡山市北区横井上５０－１" }, "geometry": { "type": "Point", "coordinates": [ 133.937914, 34.673594 ] } },
{ "type": "Feature", "properties": { "ID": 3322330000420, "正式名称": "医療法人　油原医院", "機関区分": 2, "都道府県コード": 33, "市区町村コード": 204, "所在地": "岡山県玉野市和田１－９－５", "緯度": 34.470567, "経度": 133.925622, "url": "https://www.iryou.teikyouseido.mhlw.go.jp/znk-web/juminkanja/S2430/initialize?prefCd=33&kikanCd=2330000420&kikanKbn=2", "url2": null, "内容": "医療法人　油原医院【2:診療所】【診療科目:内科_小児科】岡山県玉野市和田１－９－５" }, "geometry": { "type": "Point", "coordinates": [ 133.925622, 34.470567 ] } },
{ "type": "Feature", "properties": { "ID": 3322330000450, "正式名称": "医療法人内田クリニック", "機関区分": 2, "都道府県コード": 33, "市区町村コード": 212, "所在地": "岡山県瀬戸内市邑久町本庄２００４－５", "緯度": 34.660244, "経度": 134.119849, "url": "https://www.iryou.teikyouseido.mhlw.go.jp/znk-web/juminkanja/S2430/initialize?prefCd=33&kikanCd=2330000450&kikanKbn=2", "url2": null, "内容": "医療法人内田クリニック【2:診療所】【診療科目:内科_消化器内科_外科_リハビリテーション科】岡山県瀬戸内市邑久町本庄２００４－５" }, "geometry": { "type": "Point", "coordinates": [ 134.119849, 34.660244 ] } },
{ "type": "Feature", "properties": { "ID": 3322330000460, "正式名称": "医療法人仁生会　長田医院", "機関区分": 2, "都道府県コード": 33, "市区町村コード": 212, "所在地": "岡山県瀬戸内市邑久町豊原３４１－２", "緯度": 34.656938, "経度": 134.088352, "url": "https://www.iryou.teikyouseido.mhlw.go.jp/znk-web/juminkanja/S2430/initialize?prefCd=33&kikanCd=2330000460&kikanKbn=2", "url2": "https://osada-clinic.info/", "内容": "医療法人仁生会　長田医院【2:診療所】【診療科目:内科_小児科】岡山県瀬戸内市邑久町豊原３４１－２" }, "geometry": { "type": "Point", "coordinates": [ 134.088352, 34.656938 ] } },
{ "type": "Feature", "properties": { "ID": 3322330000470, "正式名称": "医療法人社団　仁明会　おさふねクリニック", "機関区分": 2, "都道府県コード": 33, "市区町村コード": 212, "所在地": "岡山県瀬戸内市長船町土師３３２－１", "緯度": 34.699295, "経度": 134.100821, "url": "https://www.iryou.teikyouseido.mhlw.go.jp/znk-web/juminkanja/S2430/initialize?prefCd=33&kikanCd=2330000470&kikanKbn=2", "url2": "http://www.osafune-clinic.com", "内容": "医療法人社団　仁明会　おさふねクリニック【2:診療所】【診療科目:内科_糖尿病内科_消化器内科_腎臓内科_リウマチ科】岡山県瀬戸内市長船町土師３３２－１" }, "geometry": { "type": "Point", "coordinates": [ 134.100821, 34.699295 ] } },
{ "type": "Feature", "properties": { "ID": 3322330000500, "正式名称": "こむら整形外科", "機関区分": 2, "都道府県コード": 33, "市区町村コード": 212, "所在地": "岡山県瀬戸内市長船町服部５２１－１", "緯度": 34.705072, "経度": 134.102099, "url": "https://www.iryou.teikyouseido.mhlw.go.jp/znk-web/juminkanja/S2430/initialize?prefCd=33&kikanCd=2330000500&kikanKbn=2", "url2": "https://www.komuraseikeinaika.com", "内容": "こむら整形外科【2:診療所】【診療科目:内科_整形外科_リウマチ科_リハビリテーション科】岡山県瀬戸内市長船町服部５２１－１" }, "geometry": { "type": "Point", "coordinates": [ 134.102099, 34.705072 ] } },
{ "type": "Feature", "properties": { "ID": 3322330000510, "正式名称": "医療法人柴田医院", "機関区分": 2, "都道府県コード": 33, "市区町村コード": 212, "所在地": "岡山県瀬戸内市長船町長船４２６", "緯度": 34.718987, "経度": 134.107904, "url": "https://www.iryou.teikyouseido.mhlw.go.jp/znk-web/juminkanja/S2430/initialize?prefCd=33&kikanCd=2330000510&kikanKbn=2", "url2": null, "内容": "医療法人柴田医院【2:診療所】【診療科目:内科_小児科】岡山県瀬戸内市長船町長船４２６" }, "geometry": { "type": "Point", "coordinates": [ 134.107904, 34.718987 ] } },
{ "type": "Feature", "properties": { "ID": 3322330000520, "正式名称": "医療法人道照会竹内医院", "機関区分": 2, "都道府県コード": 33, "市区町村コード": 212, "所在地": "岡山県瀬戸内市牛窓町牛窓４９４９－２４", "緯度": 34.618055, "経度": 134.146348, "url": "https://www.iryou.teikyouseido.mhlw.go.jp/znk-web/juminkanja/S2430/initialize?prefCd=33&kikanCd=2330000520&kikanKbn=2", "url2": null, "内容": "医療法人道照会竹内医院【2:診療所】【診療科目:内科_神経内科_外科_整形外科】岡山県瀬戸内市牛窓町牛窓４９４９－２４" }, "geometry": { "type": "Point", "coordinates": [ 134.146348, 34.618055 ] } },
{ "type": "Feature", "properties": { "ID": 3322330000530, "正式名称": "医療法人道照会竹内医院分院", "機関区分": 2, "都道府県コード": 33, "市区町村コード": 212, "所在地": "岡山県瀬戸内市牛窓町牛窓２２７６", "緯度": 34.620889, "経度": 134.175401, "url": "https://www.iryou.teikyouseido.mhlw.go.jp/znk-web/juminkanja/S2430/initialize?prefCd=33&kikanCd=2330000530&kikanKbn=2", "url2": null, "内容": "医療法人道照会竹内医院分院【2:診療所】【診療科目:内科_外科】岡山県瀬戸内市牛窓町牛窓２２７６" }, "geometry": { "type": "Point", "coordinates": [ 134.175401, 34.620889 ] } },
{ "type": "Feature", "properties": { "ID": 3322330000540, "正式名称": "津島医院", "機関区分": 2, "都道府県コード": 33, "市区町村コード": 212, "所在地": "岡山県瀬戸内市牛窓町牛窓３８２３", "緯度": 34.617917, "経度": 134.16343, "url": "https://www.iryou.teikyouseido.mhlw.go.jp/znk-web/juminkanja/S2430/initialize?prefCd=33&kikanCd=2330000540&kikanKbn=2", "url2": null, "内容": "津島医院【2:診療所】【診療科目:内科_糖尿病内科_小児科】岡山県瀬戸内市牛窓町牛窓３８２３" }, "geometry": { "type": "Point", "coordinates": [ 134.16343, 34.617917 ] } },
{ "type": "Feature", "properties": { "ID": 3322330000550, "正式名称": "医療法人中川耳鼻咽喉科", "機関区分": 2, "都道府県コード": 33, "市区町村コード": 212, "所在地": "岡山県瀬戸内市長船町服部５２２－１", "緯度": 34.705072, "経度": 134.102043, "url": "https://www.iryou.teikyouseido.mhlw.go.jp/znk-web/juminkanja/S2430/initialize?prefCd=33&kikanCd=2330000550&kikanKbn=2", "url2": "http://nakagawa-jibika.net/", "内容": "医療法人中川耳鼻咽喉科【2:診療所】【診療科目:耳鼻いんこう科】岡山県瀬戸内市長船町服部５２２－１" }, "geometry": { "type": "Point", "coordinates": [ 134.102043, 34.705072 ] } },
{ "type": "Feature", "properties": { "ID": 3322330000560, "正式名称": "医療法人　那須医院", "機関区分": 2, "都道府県コード": 33, "市区町村コード": 212, "所在地": "岡山県瀬戸内市邑久町大窪１３－３", "緯度": 34.661716, "経度": 134.082852, "url": "https://www.iryou.teikyouseido.mhlw.go.jp/znk-web/juminkanja/S2430/initialize?prefCd=33&kikanCd=2330000560&kikanKbn=2", "url2": null, "内容": "医療法人　那須医院【2:診療所】【診療科目:内科_呼吸器内科_アレルギー疾患内科_外科_アレルギー科_放射線科_麻酔科】岡山県瀬戸内市邑久町大窪１３－３" }, "geometry": { "type": "Point", "coordinates": [ 134.082852, 34.661716 ] } },
{ "type": "Feature", "properties": { "ID": 3322330000570, "正式名称": "長谷井内科医院", "機関区分": 2, "都道府県コード": 33, "市区町村コード": 212, "所在地": "岡山県瀬戸内市長船町服部４８１－４", "緯度": 34.708877, "経度": 134.103987, "url": "https://www.iryou.teikyouseido.mhlw.go.jp/znk-web/juminkanja/S2430/initialize?prefCd=33&kikanCd=2330000570&kikanKbn=2", "url2": null, "内容": "長谷井内科医院【2:診療所】【診療科目:内科_糖尿病・代謝内科_呼吸器内科_循環器内科_消化器内科_小児科】岡山県瀬戸内市長船町服部４８１－４" }, "geometry": { "type": "Point", "coordinates": [ 134.103987, 34.708877 ] } },
{ "type": "Feature", "properties": { "ID": 3322330000580, "正式名称": "はっとり医院", "機関区分": 2, "都道府県コード": 33, "市区町村コード": 212, "所在地": "岡山県瀬戸内市長船町土師１２１２－５", "緯度": 34.696712, "経度": 134.118542, "url": "https://www.iryou.teikyouseido.mhlw.go.jp/znk-web/juminkanja/S2430/initialize?prefCd=33&kikanCd=2330000580&kikanKbn=2", "url2": "https://hattori-clinic-okayama.com", "内容": "はっとり医院【2:診療所】【診療科目:内科_循環器内科_消化器内科_外科_小児科】岡山県瀬戸内市長船町土師１２１２－５" }, "geometry": { "type": "Point", "coordinates": [ 134.118542, 34.696712 ] } },
{ "type": "Feature", "properties": { "ID": 3322330000590, "正式名称": "医療法人平井医院", "機関区分": 2, "都道府県コード": 33, "市区町村コード": 212, "所在地": "岡山県瀬戸内市長船町福岡１０２番地の１", "緯度": 34.705127, "経度": 134.092155, "url": "https://www.iryou.teikyouseido.mhlw.go.jp/znk-web/juminkanja/S2430/initialize?prefCd=33&kikanCd=2330000590&kikanKbn=2", "url2": "http://www.hirai-iin.jp/", "内容": "医療法人平井医院【2:診療所】【診療科目:内科】岡山県瀬戸内市長船町福岡１０２番地の１" }, "geometry": { "type": "Point", "coordinates": [ 134.092155, 34.705127 ] } },
{ "type": "Feature", "properties": { "ID": 3322330000600, "正式名称": "医療法人　藤原クリニック", "機関区分": 2, "都道府県コード": 33, "市区町村コード": 212, "所在地": "岡山県瀬戸内市邑久町山田庄７５－１", "緯度": 34.674353, "経度": 134.090101, "url": "https://www.iryou.teikyouseido.mhlw.go.jp/znk-web/juminkanja/S2430/initialize?prefCd=33&kikanCd=2330000600&kikanKbn=2", "url2": null, "内容": "医療法人　藤原クリニック【2:診療所】【診療科目:内科_整形外科_皮膚科_リウマチ科_リハビリテーション科_放射線科】岡山県瀬戸内市邑久町山田庄７５－１" }, "geometry": { "type": "Point", "coordinates": [ 134.090101, 34.674353 ] } },
{ "type": "Feature", "properties": { "ID": 3322330000610, "正式名称": "医療法人　まつした医院", "機関区分": 2, "都道府県コード": 33, "市区町村コード": 212, "所在地": "岡山県瀬戸内市邑久町尻海７－１", "緯度": 34.659717, "経度": 134.136486, "url": "https://www.iryou.teikyouseido.mhlw.go.jp/znk-web/juminkanja/S2430/initialize?prefCd=33&kikanCd=2330000610&kikanKbn=2", "url2": null, "内容": "医療法人　まつした医院【2:診療所】【診療科目:内科_小児科_リハビリテーション科】岡山県瀬戸内市邑久町尻海７－１" }, "geometry": { "type": "Point", "coordinates": [ 134.136486, 34.659717 ] } },
{ "type": "Feature", "properties": { "ID": 3322330000620, "正式名称": "医療法人社団　行雲会　水野医院", "機関区分": 2, "都道府県コード": 33, "市区町村コード": 212, "所在地": "岡山県瀬戸内市邑久町上笠加１７１－５", "緯度": 34.685769, "経度": 134.098294, "url": "https://www.iryou.teikyouseido.mhlw.go.jp/znk-web/juminkanja/S2430/initialize?prefCd=33&kikanCd=2330000620&kikanKbn=2", "url2": null, "内容": "医療法人社団　行雲会　水野医院【2:診療所】【診療科目:内科_外科_整形外科_小児科_皮膚科_アレルギー科】岡山県瀬戸内市邑久町上笠加１７１－５" }, "geometry": { "type": "Point", "coordinates": [ 134.098294, 34.685769 ] } },
{ "type": "Feature", "properties": { "ID": 3322330000630, "正式名称": "瀬戸内市立裳掛診療所", "機関区分": 2, "都道府県コード": 33, "市区町村コード": 212, "所在地": "岡山県瀬戸内市邑久町虫明５３４－２", "緯度": 34.684466, "経度": 134.20709, "url": "https://www.iryou.teikyouseido.mhlw.go.jp/znk-web/juminkanja/S2430/initialize?prefCd=33&kikanCd=2330000630&kikanKbn=2", "url2": null, "内容": "瀬戸内市立裳掛診療所【2:診療所】【診療科目:内科_外科】岡山県瀬戸内市邑久町虫明５３４－２" }, "geometry": { "type": "Point", "coordinates": [ 134.20709, 34.684466 ] } },
{ "type": "Feature", "properties": { "ID": 3322330000660, "正式名称": "医療法人丈和会木戸医院", "機関区分": 2, "都道府県コード": 33, "市区町村コード": 681, "所在地": "岡山県加賀郡吉備中央町上竹５８４－３", "緯度": 34.849435, "経度": 133.675271, "url": "https://www.iryou.teikyouseido.mhlw.go.jp/znk-web/juminkanja/S2430/initialize?prefCd=33&kikanCd=2330000660&kikanKbn=2", "url2": null, "内容": "医療法人丈和会木戸医院【2:診療所】【診療科目:内科_小児科】岡山県加賀郡吉備中央町上竹５８４－３" }, "geometry": { "type": "Point", "coordinates": [ 133.675271, 34.849435 ] } },
{ "type": "Feature", "properties": { "ID": 3322330000680, "正式名称": "障害者支援施設　吉備高原清和荘", "機関区分": 2, "都道府県コード": 33, "市区町村コード": 681, "所在地": "岡山県加賀郡吉備中央町北９７５－１", "緯度": 34.810329, "経度": 133.687299, "url": "https://www.iryou.teikyouseido.mhlw.go.jp/znk-web/juminkanja/S2430/initialize?prefCd=33&kikanCd=2330000680&kikanKbn=2", "url2": null, "内容": "障害者支援施設　吉備高原清和荘【2:診療所】【診療科目:内科】岡山県加賀郡吉備中央町北９７５－１" }, "geometry": { "type": "Point", "coordinates": [ 133.687299, 34.810329 ] } },
{ "type": "Feature", "properties": { "ID": 3322330000700, "正式名称": "吉備中央町下加茂診療所", "機関区分": 2, "都道府県コード": 33, "市区町村コード": 681, "所在地": "岡山県加賀郡吉備中央町下加茂１０５１番地３", "緯度": 34.861464, "経度": 133.808648, "url": "https://www.iryou.teikyouseido.mhlw.go.jp/znk-web/juminkanja/S2430/initialize?prefCd=33&kikanCd=2330000700&kikanKbn=2", "url2": null, "内容": "吉備中央町下加茂診療所【2:診療所】【診療科目:眼科_皮膚科】岡山県加賀郡吉備中央町下加茂１０５１番地３" }, "geometry": { "type": "Point", "coordinates": [ 133.808648, 34.861464 ] } },
{ "type": "Feature", "properties": { "ID": 3322330000710, "正式名称": "下土井クリニック", "機関区分": 2, "都道府県コード": 33, "市区町村コード": 681, "所在地": "岡山県加賀郡吉備中央町富永１４０３－１", "緯度": 34.874823, "経度": 133.756596, "url": "https://www.iryou.teikyouseido.mhlw.go.jp/znk-web/juminkanja/S2430/initialize?prefCd=33&kikanCd=2330000710&kikanKbn=2", "url2": null, "内容": "下土井クリニック【2:診療所】【診療科目:内科】岡山県加賀郡吉備中央町富永１４０３－１" }, "geometry": { "type": "Point", "coordinates": [ 133.756596, 34.874823 ] } },
{ "type": "Feature", "properties": { "ID": 3322330000720, "正式名称": "医療法人　塚本内科医院", "機関区分": 2, "都道府県コード": 33, "市区町村コード": 681, "所在地": "岡山県加賀郡吉備中央町円城８５５", "緯度": 34.892711, "経度": 133.80748, "url": "https://www.iryou.teikyouseido.mhlw.go.jp/znk-web/juminkanja/S2430/initialize?prefCd=33&kikanCd=2330000720&kikanKbn=2", "url2": null, "内容": "医療法人　塚本内科医院【2:診療所】【診療科目:内科】岡山県加賀郡吉備中央町円城８５５" }, "geometry": { "type": "Point", "coordinates": [ 133.80748, 34.892711 ] } },
{ "type": "Feature", "properties": { "ID": 3322330000730, "正式名称": "豊岡クリニック", "機関区分": 2, "都道府県コード": 33, "市区町村コード": 681, "所在地": "岡山県加賀郡吉備中央町豊岡下２７６－１", "緯度": 34.913041, "経度": 133.775705, "url": "https://www.iryou.teikyouseido.mhlw.go.jp/znk-web/juminkanja/S2430/initialize?prefCd=33&kikanCd=2330000730&kikanKbn=2", "url2": null, "内容": "豊岡クリニック【2:診療所】【診療科目:内科】岡山県加賀郡吉備中央町豊岡下２７６－１" }, "geometry": { "type": "Point", "coordinates": [ 133.775705, 34.913041 ] } },
{ "type": "Feature", "properties": { "ID": 3322330000740, "正式名称": "吉備中央町新山診療所", "機関区分": 2, "都道府県コード": 33, "市区町村コード": 681, "所在地": "岡山県加賀郡吉備中央町尾原５０８番地", "緯度": 34.918401, "経度": 133.755456, "url": "https://www.iryou.teikyouseido.mhlw.go.jp/znk-web/juminkanja/S2430/initialize?prefCd=33&kikanCd=2330000740&kikanKbn=2", "url2": null, "内容": "吉備中央町新山診療所【2:診療所】【診療科目:内科】岡山県加賀郡吉備中央町尾原５０８番地" }, "geometry": { "type": "Point", "coordinates": [ 133.755456, 34.918401 ] } },
{ "type": "Feature", "properties": { "ID": 3322330000770, "正式名称": "医療法人　正風会　浦上医院", "機関区分": 2, "都道府県コード": 33, "市区町村コード": 211, "所在地": "岡山県備前市穂浪２８３５－８", "緯度": 34.73185, "経度": 134.222171, "url": "https://www.iryou.teikyouseido.mhlw.go.jp/znk-web/juminkanja/S2430/initialize?prefCd=33&kikanCd=2330000770&kikanKbn=2", "url2": "https://urakami-clinic.sakura.ne.jp", "内容": "医療法人　正風会　浦上医院【2:診療所】【診療科目:内科_小児科_リハビリテーション科】岡山県備前市穂浪２８３５－８" }, "geometry": { "type": "Point", "coordinates": [ 134.222171, 34.73185 ] } },
{ "type": "Feature", "properties": { "ID": 3322330000780, "正式名称": "大ヶ池診療所", "機関区分": 2, "都道府県コード": 33, "市区町村コード": 211, "所在地": "岡山県備前市大内５７１－１", "緯度": 34.738473, "経度": 134.143529, "url": "https://www.iryou.teikyouseido.mhlw.go.jp/znk-web/juminkanja/S2430/initialize?prefCd=33&kikanCd=2330000780&kikanKbn=2", "url2": "https://www.oogaike.jp", "内容": "大ヶ池診療所【2:診療所】【診療科目:内科_婦人科_皮膚科_放射線科】岡山県備前市大内５７１－１" }, "geometry": { "type": "Point", "coordinates": [ 134.143529, 34.738473 ] } },
{ "type": "Feature", "properties": { "ID": 3322330000800, "正式名称": "備前市国民健康保険市立大多府診療所", "機関区分": 2, "都道府県コード": 33, "市区町村コード": 211, "所在地": "岡山県備前市日生町大多府９", "緯度": 34.683607, "経度": 134.299665, "url": "https://www.iryou.teikyouseido.mhlw.go.jp/znk-web/juminkanja/S2430/initialize?prefCd=33&kikanCd=2330000800&kikanKbn=2", "url2": "http://www.city.bizen.okayama.jp/shimin/shisetsu/", "内容": "備前市国民健康保険市立大多府診療所【2:診療所】【診療科目:内科_整形外科】岡山県備前市日生町大多府９" }, "geometry": { "type": "Point", "coordinates": [ 134.299665, 34.683607 ] } },
{ "type": "Feature", "properties": { "ID": 3322330000810, "正式名称": "亀田眼科医院", "機関区分": 2, "都道府県コード": 33, "市区町村コード": 211, "所在地": "岡山県備前市伊部２１５３－１", "緯度": 34.738458, "経度": 134.155899, "url": "https://www.iryou.teikyouseido.mhlw.go.jp/znk-web/juminkanja/S2430/initialize?prefCd=33&kikanCd=2330000810&kikanKbn=2", "url2": null, "内容": "亀田眼科医院【2:診療所】【診療科目:眼科】岡山県備前市伊部２１５３－１" }, "geometry": { "type": "Point", "coordinates": [ 134.155899, 34.738458 ] } },
{ "type": "Feature", "properties": { "ID": 3322330000820, "正式名称": "医療法人しょう恵会木村内科", "機関区分": 2, "都道府県コード": 33, "市区町村コード": 211, "所在地": "岡山県備前市伊部１４９１", "緯度": 34.740597, "経度": 134.16112, "url": "https://www.iryou.teikyouseido.mhlw.go.jp/znk-web/juminkanja/S2430/initialize?prefCd=33&kikanCd=2330000820&kikanKbn=2", "url2": "http://www.kimnaika.com/", "内容": "医療法人しょう恵会木村内科【2:診療所】【診療科目:内科_糖尿病内科_呼吸器内科_循環器内科_消化器内科_アレルギー疾患内科_小児科_アレルギー科】岡山県備前市伊部１４９１" }, "geometry": { "type": "Point", "coordinates": [ 134.16112, 34.740597 ] } },
{ "type": "Feature", "properties": { "ID": 3322330000830, "正式名称": "特別養護老人ホーム亀楽荘医務室", "機関区分": 2, "都道府県コード": 33, "市区町村コード": 211, "所在地": "岡山県備前市吉永町吉永中３６３", "緯度": 34.810729, "経度": 134.208197, "url": "https://www.iryou.teikyouseido.mhlw.go.jp/znk-web/juminkanja/S2430/initialize?prefCd=33&kikanCd=2330000830&kikanKbn=2", "url2": null, "内容": "特別養護老人ホーム亀楽荘医務室【2:診療所】【診療科目:内科】岡山県備前市吉永町吉永中３６３" }, "geometry": { "type": "Point", "coordinates": [ 134.208197, 34.810729 ] } },
{ "type": "Feature", "properties": { "ID": 3322330000850, "正式名称": "小林内科医院", "機関区分": 2, "都道府県コード": 33, "市区町村コード": 211, "所在地": "岡山県備前市鶴海１５７７－１", "緯度": 34.704741, "経度": 134.190619, "url": "https://www.iryou.teikyouseido.mhlw.go.jp/znk-web/juminkanja/S2430/initialize?prefCd=33&kikanCd=2330000850&kikanKbn=2", "url2": null, "内容": "小林内科医院【2:診療所】【診療科目:内科】岡山県備前市鶴海１５７７－１" }, "geometry": { "type": "Point", "coordinates": [ 134.190619, 34.704741 ] } },
{ "type": "Feature", "properties": { "ID": 3322330000860, "正式名称": "医療法人こまざわ小児科医院", "機関区分": 2, "都道府県コード": 33, "市区町村コード": 211, "所在地": "岡山県備前市伊部４００－８", "緯度": 34.744736, "経度": 134.165592, "url": "https://www.iryou.teikyouseido.mhlw.go.jp/znk-web/juminkanja/S2430/initialize?prefCd=33&kikanCd=2330000860&kikanKbn=2", "url2": null, "内容": "医療法人こまざわ小児科医院【2:診療所】【診療科目:小児科】岡山県備前市伊部４００－８" }, "geometry": { "type": "Point", "coordinates": [ 134.165592, 34.744736 ] } },
{ "type": "Feature", "properties": { "ID": 3322330000890, "正式名称": "下野内科外科", "機関区分": 2, "都道府県コード": 33, "市区町村コード": 211, "所在地": "岡山県備前市木谷２２０－１", "緯度": 34.762846, "経度": 134.222559, "url": "https://www.iryou.teikyouseido.mhlw.go.jp/znk-web/juminkanja/S2430/initialize?prefCd=33&kikanCd=2330000890&kikanKbn=2", "url2": null, "内容": "下野内科外科【2:診療所】【診療科目:内科_歯科】岡山県備前市木谷２２０－１" }, "geometry": { "type": "Point", "coordinates": [ 134.222559, 34.762846 ] } },
{ "type": "Feature", "properties": { "ID": 3322330000900, "正式名称": "たかばクリニック", "機関区分": 2, "都道府県コード": 33, "市区町村コード": 211, "所在地": "岡山県備前市吉永町吉永中７６７－６", "緯度": 34.813618, "経度": 134.202781, "url": "https://www.iryou.teikyouseido.mhlw.go.jp/znk-web/juminkanja/S2430/initialize?prefCd=33&kikanCd=2330000900&kikanKbn=2", "url2": null, "内容": "たかばクリニック【2:診療所】【診療科目:内科_小児科】岡山県備前市吉永町吉永中７６７－６" }, "geometry": { "type": "Point", "coordinates": [ 134.202781, 34.813618 ] } },
{ "type": "Feature", "properties": { "ID": 3322330000910, "正式名称": "武田整形外科", "機関区分": 2, "都道府県コード": 33, "市区町村コード": 211, "所在地": "岡山県備前市伊部２５２－２", "緯度": 34.744569, "経度": 134.166675, "url": "https://www.iryou.teikyouseido.mhlw.go.jp/znk-web/juminkanja/S2430/initialize?prefCd=33&kikanCd=2330000910&kikanKbn=2", "url2": "https://www.takeda-ort.com/", "内容": "武田整形外科【2:診療所】【診療科目:整形外科_リウマチ科_リハビリテーション科】岡山県備前市伊部２５２－２" }, "geometry": { "type": "Point", "coordinates": [ 134.166675, 34.744569 ] } },
{ "type": "Feature", "properties": { "ID": 3322330000920, "正式名称": "医療法人秀伸会　萩原医院", "機関区分": 2, "都道府県コード": 33, "市区町村コード": 211, "所在地": "岡山県備前市日生町寒河３９５５－２", "緯度": 34.746849, "経度": 134.294692, "url": "https://www.iryou.teikyouseido.mhlw.go.jp/znk-web/juminkanja/S2430/initialize?prefCd=33&kikanCd=2330000920&kikanKbn=2", "url2": null, "内容": "医療法人秀伸会　萩原医院【2:診療所】【診療科目:内科_循環器内科_胃腸内科_小児科】岡山県備前市日生町寒河３９５５－２" }, "geometry": { "type": "Point", "coordinates": [ 134.294692, 34.746849 ] } },
{ "type": "Feature", "properties": { "ID": 3322330000940, "正式名称": "備前市国民健康保険市立頭島診療所", "機関区分": 2, "都道府県コード": 33, "市区町村コード": 211, "所在地": "岡山県備前市日生町日生２７８８－１０", "緯度": 34.698938, "経度": 134.28425, "url": "https://www.iryou.teikyouseido.mhlw.go.jp/znk-web/juminkanja/S2430/initialize?prefCd=33&kikanCd=2330000940&kikanKbn=2", "url2": "http://www.city.bizen.okayama.jp/shimin/shisetsu/hinasehospital/index.jsp", "内容": "備前市国民健康保険市立頭島診療所【2:診療所】【診療科目:内科_整形外科】岡山県備前市日生町日生２７８８－１０" }, "geometry": { "type": "Point", "coordinates": [ 134.28425, 34.698938 ] } },
{ "type": "Feature", "properties": { "ID": 3322330000950, "正式名称": "備前市国民健康保険市立神根診療所", "機関区分": 2, "都道府県コード": 33, "市区町村コード": 211, "所在地": "岡山県備前市吉永町神根本１６２－４", "緯度": 34.841837, "経度": 134.238805, "url": "https://www.iryou.teikyouseido.mhlw.go.jp/znk-web/juminkanja/S2430/initialize?prefCd=33&kikanCd=2330000950&kikanKbn=2", "url2": "http://www.city.bizen.okayama.jp/", "内容": "備前市国民健康保険市立神根診療所【2:診療所】【診療科目:内科_外科_整形外科_耳鼻いんこう科】岡山県備前市吉永町神根本１６２－４" }, "geometry": { "type": "Point", "coordinates": [ 134.238805, 34.841837 ] } },
{ "type": "Feature", "properties": { "ID": 3322330000960, "正式名称": "備前市国民健康保険市立三国診療所", "機関区分": 2, "都道府県コード": 33, "市区町村コード": 211, "所在地": "岡山県備前市吉永町都留岐３１９", "緯度": 34.892387, "経度": 134.243552, "url": "https://www.iryou.teikyouseido.mhlw.go.jp/znk-web/juminkanja/S2430/initialize?prefCd=33&kikanCd=2330000960&kikanKbn=2", "url2": "http://www.city.bizen.okayama.jp/", "内容": "備前市国民健康保険市立三国診療所【2:診療所】【診療科目:内科_外科】岡山県備前市吉永町都留岐３１９" }, "geometry": { "type": "Point", "coordinates": [ 134.243552, 34.892387 ] } },
{ "type": "Feature", "properties": { "ID": 3322330000970, "正式名称": "特別養護老人ホーム深谷荘医務室", "機関区分": 2, "都道府県コード": 33, "市区町村コード": 211, "所在地": "岡山県備前市三石２７９１－１", "緯度": 34.815897, "経度": 134.279941, "url": "https://www.iryou.teikyouseido.mhlw.go.jp/znk-web/juminkanja/S2430/initialize?prefCd=33&kikanCd=2330000970&kikanKbn=2", "url2": "http://mitanisou.com/index.html", "内容": "特別養護老人ホーム深谷荘医務室【2:診療所】【診療科目:内科_外科】岡山県備前市三石２７９１－１" }, "geometry": { "type": "Point", "coordinates": [ 134.279941, 34.815897 ] } },
{ "type": "Feature", "properties": { "ID": 3322330000980, "正式名称": "星合医院", "機関区分": 2, "都道府県コード": 33, "市区町村コード": 211, "所在地": "岡山県備前市香登西２５２", "緯度": 34.729292, "経度": 134.11893, "url": "https://www.iryou.teikyouseido.mhlw.go.jp/znk-web/juminkanja/S2430/initialize?prefCd=33&kikanCd=2330000980&kikanKbn=2", "url2": null, "内容": "星合医院【2:診療所】【診療科目:内科_外科_皮膚科】岡山県備前市香登西２５２" }, "geometry": { "type": "Point", "coordinates": [ 134.11893, 34.729292 ] } },
{ "type": "Feature", "properties": { "ID": 3322330001000, "正式名称": "頼実耳鼻咽喉科医院", "機関区分": 2, "都道府県コード": 33, "市区町村コード": 211, "所在地": "岡山県備前市西片上１５９", "緯度": 34.744958, "経度": 134.185646, "url": "https://www.iryou.teikyouseido.mhlw.go.jp/znk-web/juminkanja/S2430/initialize?prefCd=33&kikanCd=2330001000&kikanKbn=2", "url2": null, "内容": "頼実耳鼻咽喉科医院【2:診療所】【診療科目:耳鼻いんこう科】岡山県備前市西片上１５９" }, "geometry": { "type": "Point", "coordinates": [ 134.185646, 34.744958 ] } },
{ "type": "Feature", "properties": { "ID": 3322330001010, "正式名称": "赤磐市国民健康保険是里診療所", "機関区分": 2, "都道府県コード": 33, "市区町村コード": 213, "所在地": "岡山県赤磐市是里３１２１", "緯度": 34.928573, "経度": 134.047652, "url": "https://www.iryou.teikyouseido.mhlw.go.jp/znk-web/juminkanja/S2430/initialize?prefCd=33&kikanCd=2330001010&kikanKbn=2", "url2": null, "内容": "赤磐市国民健康保険是里診療所【2:診療所】【診療科目:内科】岡山県赤磐市是里３１２１" }, "geometry": { "type": "Point", "coordinates": [ 134.047652, 34.928573 ] } },
{ "type": "Feature", "properties": { "ID": 3322330001020, "正式名称": "赤磐市国民健康保険佐伯北診療所", "機関区分": 2, "都道府県コード": 33, "市区町村コード": 213, "所在地": "岡山県赤磐市塩木１４", "緯度": 34.891217, "経度": 134.064068, "url": "https://www.iryou.teikyouseido.mhlw.go.jp/znk-web/juminkanja/S2430/initialize?prefCd=33&kikanCd=2330001020&kikanKbn=2", "url2": null, "内容": "赤磐市国民健康保険佐伯北診療所【2:診療所】【診療科目:内科_脳神経内科_整形外科_耳鼻いんこう科】岡山県赤磐市塩木１４" }, "geometry": { "type": "Point", "coordinates": [ 134.064068, 34.891217 ] } },
{ "type": "Feature", "properties": { "ID": 3322330001030, "正式名称": "医療法人　光心会　あかいわファミリークリニック", "機関区分": 2, "都道府県コード": 33, "市区町村コード": 213, "所在地": "岡山県赤磐市河本１１４３", "緯度": 34.748901, "経度": 134.018319, "url": "https://www.iryou.teikyouseido.mhlw.go.jp/znk-web/juminkanja/S2430/initialize?prefCd=33&kikanCd=2330001030&kikanKbn=2", "url2": null, "内容": "医療法人　光心会　あかいわファミリークリニック【2:診療所】【診療科目:内科_小児科_皮膚科】岡山県赤磐市河本１１４３" }, "geometry": { "type": "Point", "coordinates": [ 134.018319, 34.748901 ] } },
{ "type": "Feature", "properties": { "ID": 3322330001040, "正式名称": "あまの耳鼻咽喉科医院", "機関区分": 2, "都道府県コード": 33, "市区町村コード": 213, "所在地": "岡山県赤磐市日古木７９５－１", "緯度": 34.763599, "経度": 134.032636, "url": "https://www.iryou.teikyouseido.mhlw.go.jp/znk-web/juminkanja/S2430/initialize?prefCd=33&kikanCd=2330001040&kikanKbn=2", "url2": "https://amano-jibiinkoukaiin.com", "内容": "あまの耳鼻咽喉科医院【2:診療所】【診療科目:耳鼻いんこう科_アレルギー科】岡山県赤磐市日古木７９５－１" }, "geometry": { "type": "Point", "coordinates": [ 134.032636, 34.763599 ] } },
{ "type": "Feature", "properties": { "ID": 3322330001050, "正式名称": "うえの内科小児科医院", "機関区分": 2, "都道府県コード": 33, "市区町村コード": 213, "所在地": "岡山県赤磐市桜が丘西４丁目１番１１号", "緯度": 34.778424, "経度": 134.044185, "url": "https://www.iryou.teikyouseido.mhlw.go.jp/znk-web/juminkanja/S2430/initialize?prefCd=33&kikanCd=2330001050&kikanKbn=2", "url2": "http://uenonaika.jp/", "内容": "うえの内科小児科医院【2:診療所】【診療科目:内科_呼吸器内科_循環器内科_胃腸内科_小児科_アレルギー科】岡山県赤磐市桜が丘西４丁目１番１１号" }, "geometry": { "type": "Point", "coordinates": [ 134.044185, 34.778424 ] } },
{ "type": "Feature", "properties": { "ID": 3322330001060, "正式名称": "医療法人社団おおくま皮ふ科医院", "機関区分": 2, "都道府県コード": 33, "市区町村コード": 213, "所在地": "岡山県赤磐市岩田３－１", "緯度": 34.7379, "経度": 134.007134, "url": "https://www.iryou.teikyouseido.mhlw.go.jp/znk-web/juminkanja/S2430/initialize?prefCd=33&kikanCd=2330001060&kikanKbn=2", "url2": null, "内容": "医療法人社団おおくま皮ふ科医院【2:診療所】【診療科目:皮膚科_アレルギー科】岡山県赤磐市岩田３－１" }, "geometry": { "type": "Point", "coordinates": [ 134.007134, 34.7379 ] } },
{ "type": "Feature", "properties": { "ID": 3322330001090, "正式名称": "医療法人松樹会小坂内科医院", "機関区分": 2, "都道府県コード": 33, "市区町村コード": 213, "所在地": "岡山県赤磐市山陽４－１３－３", "緯度": 34.752231, "経度": 134.005578, "url": "https://www.iryou.teikyouseido.mhlw.go.jp/znk-web/juminkanja/S2430/initialize?prefCd=33&kikanCd=2330001090&kikanKbn=2", "url2": "http://kosakanaika.jp", "内容": "医療法人松樹会小坂内科医院【2:診療所】【診療科目:内科_消化器内科】岡山県赤磐市山陽４－１３－３" }, "geometry": { "type": "Point", "coordinates": [ 134.005578, 34.752231 ] } },
{ "type": "Feature", "properties": { "ID": 3322330001100, "正式名称": "越宗医院", "機関区分": 2, "都道府県コード": 33, "市区町村コード": 213, "所在地": "岡山県赤磐市西窪田５２３－１", "緯度": 34.784839, "経度": 134.0038, "url": "https://www.iryou.teikyouseido.mhlw.go.jp/znk-web/juminkanja/S2430/initialize?prefCd=33&kikanCd=2330001100&kikanKbn=2", "url2": "https://www.koshimune-iin.com", "内容": "越宗医院【2:診療所】【診療科目:内科_外科_整形外科】岡山県赤磐市西窪田５２３－１" }, "geometry": { "type": "Point", "coordinates": [ 134.0038, 34.784839 ] } },
{ "type": "Feature", "properties": { "ID": 3322330001110, "正式名称": "桜井内科", "機関区分": 2, "都道府県コード": 33, "市区町村コード": 213, "所在地": "岡山県赤磐市山口１６０－３", "緯度": 34.794059, "経度": 133.984523, "url": "https://www.iryou.teikyouseido.mhlw.go.jp/znk-web/juminkanja/S2430/initialize?prefCd=33&kikanCd=2330001110&kikanKbn=2", "url2": null, "内容": "桜井内科【2:診療所】【診療科目:内科_小児科】岡山県赤磐市山口１６０－３" }, "geometry": { "type": "Point", "coordinates": [ 133.984523, 34.794059 ] } },
{ "type": "Feature", "properties": { "ID": 3322330001120, "正式名称": "医療法人　桜が丘クリニック", "機関区分": 2, "都道府県コード": 33, "市区町村コード": 213, "所在地": "岡山県赤磐市桜が丘西６丁目３－１３", "緯度": 34.780618, "経度": 134.033658, "url": "https://www.iryou.teikyouseido.mhlw.go.jp/znk-web/juminkanja/S2430/initialize?prefCd=33&kikanCd=2330001120&kikanKbn=2", "url2": null, "内容": "医療法人　桜が丘クリニック【2:診療所】【診療科目:内科_循環器内科_消化器内科_小児科】岡山県赤磐市桜が丘西６丁目３－１３" }, "geometry": { "type": "Point", "coordinates": [ 134.033658, 34.780618 ] } },
{ "type": "Feature", "properties": { "ID": 3322330001130, "正式名称": "医療法人　桜美会　さくら整形クリニック", "機関区分": 2, "都道府県コード": 33, "市区町村コード": 213, "所在地": "岡山県赤磐市桜が丘東４－４－４７１", "緯度": 34.781368, "経度": 134.040713, "url": "https://www.iryou.teikyouseido.mhlw.go.jp/znk-web/juminkanja/S2430/initialize?prefCd=33&kikanCd=2330001130&kikanKbn=2", "url2": "http://www.sakura-ortho.jp", "内容": "医療法人　桜美会　さくら整形クリニック【2:診療所】【診療科目:外科_整形外科_リウマチ科_リハビリテーション科】岡山県赤磐市桜が丘東４－４－４７１" }, "geometry": { "type": "Point", "coordinates": [ 134.040713, 34.781368 ] } },
{ "type": "Feature", "properties": { "ID": 3322330001140, "正式名称": "医療法人睦会幸ヶ峯クリニック", "機関区分": 2, "都道府県コード": 33, "市区町村コード": 213, "所在地": "岡山県赤磐市長尾１５", "緯度": 34.732947, "経度": 134.018123, "url": "https://www.iryou.teikyouseido.mhlw.go.jp/znk-web/juminkanja/S2430/initialize?prefCd=33&kikanCd=2330001140&kikanKbn=2", "url2": null, "内容": "医療法人睦会幸ヶ峯クリニック【2:診療所】【診療科目:精神科】岡山県赤磐市長尾１５" }, "geometry": { "type": "Point", "coordinates": [ 134.018123, 34.732947 ] } },
{ "type": "Feature", "properties": { "ID": 3322330001150, "正式名称": "医療法人　山陽クリニック", "機関区分": 2, "都道府県コード": 33, "市区町村コード": 213, "所在地": "岡山県赤磐市上市１４１－１", "緯度": 34.757092, "経度": 134.018299, "url": "https://www.iryou.teikyouseido.mhlw.go.jp/znk-web/juminkanja/S2430/initialize?prefCd=33&kikanCd=2330001150&kikanKbn=2", "url2": null, "内容": "医療法人　山陽クリニック【2:診療所】【診療科目:内科_小児科_アレルギー科】岡山県赤磐市上市１４１－１" }, "geometry": { "type": "Point", "coordinates": [ 134.018299, 34.757092 ] } },
{ "type": "Feature", "properties": { "ID": 3322330001170, "正式名称": "医療法人　道満医院", "機関区分": 2, "都道府県コード": 33, "市区町村コード": 213, "所在地": "岡山県赤磐市町苅田９２０", "緯度": 34.789949, "経度": 134.009577, "url": "https://www.iryou.teikyouseido.mhlw.go.jp/znk-web/juminkanja/S2430/initialize?prefCd=33&kikanCd=2330001170&kikanKbn=2", "url2": null, "内容": "医療法人　道満医院【2:診療所】【診療科目:内科_外科_整形外科_アレルギー科_リハビリテーション科】岡山県赤磐市町苅田９２０" }, "geometry": { "type": "Point", "coordinates": [ 134.009577, 34.789949 ] } },
{ "type": "Feature", "properties": { "ID": 3322330001180, "正式名称": "戸川クリニック", "機関区分": 2, "都道府県コード": 33, "市区町村コード": 213, "所在地": "岡山県赤磐市西軽部２１１－１", "緯度": 34.803837, "経度": 134.016464, "url": "https://www.iryou.teikyouseido.mhlw.go.jp/znk-web/juminkanja/S2430/initialize?prefCd=33&kikanCd=2330001180&kikanKbn=2", "url2": null, "内容": "戸川クリニック【2:診療所】【診療科目:内科_循環器内科_小児科】岡山県赤磐市西軽部２１１－１" }, "geometry": { "type": "Point", "coordinates": [ 134.016464, 34.803837 ] } },
{ "type": "Feature", "properties": { "ID": 3322330001190, "正式名称": "医療法人　那須眼科", "機関区分": 2, "都道府県コード": 33, "市区町村コード": 213, "所在地": "岡山県赤磐市下市１８６－１", "緯度": 34.750374, "経度": 134.018934, "url": "https://www.iryou.teikyouseido.mhlw.go.jp/znk-web/juminkanja/S2430/initialize?prefCd=33&kikanCd=2330001190&kikanKbn=2", "url2": "https://nasu-eye.jp", "内容": "医療法人　那須眼科【2:診療所】【診療科目:眼科】岡山県赤磐市下市１８６－１" }, "geometry": { "type": "Point", "coordinates": [ 134.018934, 34.750374 ] } },
{ "type": "Feature", "properties": { "ID": 3322330001210, "正式名称": "ひらた整形外科", "機関区分": 2, "都道府県コード": 33, "市区町村コード": 213, "所在地": "岡山県赤磐市沼田１２６９－１", "緯度": 34.75912, "経度": 134.026326, "url": "https://www.iryou.teikyouseido.mhlw.go.jp/znk-web/juminkanja/S2430/initialize?prefCd=33&kikanCd=2330001210&kikanKbn=2", "url2": null, "内容": "ひらた整形外科【2:診療所】【診療科目:整形外科_リウマチ科_リハビリテーション科】岡山県赤磐市沼田１２６９－１" }, "geometry": { "type": "Point", "coordinates": [ 134.026326, 34.75912 ] } },
{ "type": "Feature", "properties": { "ID": 3322330001230, "正式名称": "ふよう内科クリニック", "機関区分": 2, "都道府県コード": 33, "市区町村コード": 213, "所在地": "岡山県赤磐市西中１１８８－１", "緯度": 34.766285, "経度": 134.005189, "url": "https://www.iryou.teikyouseido.mhlw.go.jp/znk-web/juminkanja/S2430/initialize?prefCd=33&kikanCd=2330001230&kikanKbn=2", "url2": "http://www.fuyo-clinic.com", "内容": "ふよう内科クリニック【2:診療所】【診療科目:内科_循環器内科】岡山県赤磐市西中１１８８－１" }, "geometry": { "type": "Point", "coordinates": [ 134.005189, 34.766285 ] } },
{ "type": "Feature", "properties": { "ID": 3322330001240, "正式名称": "医療法人マスカット整形外科医院", "機関区分": 2, "都道府県コード": 33, "市区町村コード": 213, "所在地": "岡山県赤磐市穂崎８５１－１", "緯度": 34.738677, "経度": 134.005801, "url": "https://www.iryou.teikyouseido.mhlw.go.jp/znk-web/juminkanja/S2430/initialize?prefCd=33&kikanCd=2330001240&kikanKbn=2", "url2": "https://muscat-cl.jp", "内容": "医療法人マスカット整形外科医院【2:診療所】【診療科目:整形外科_リウマチ科_リハビリテーション科】岡山県赤磐市穂崎８５１－１" }, "geometry": { "type": "Point", "coordinates": [ 134.005801, 34.738677 ] } },
{ "type": "Feature", "properties": { "ID": 3322330001250, "正式名称": "特別養護老人ホーム桃香の里医務室", "機関区分": 2, "都道府県コード": 33, "市区町村コード": 213, "所在地": "岡山県赤磐市熊崎２７６－１", "緯度": 34.756286, "経度": 134.011716, "url": "https://www.iryou.teikyouseido.mhlw.go.jp/znk-web/juminkanja/S2430/initialize?prefCd=33&kikanCd=2330001250&kikanKbn=2", "url2": null, "内容": "特別養護老人ホーム桃香の里医務室【2:診療所】【診療科目:内科】岡山県赤磐市熊崎２７６－１" }, "geometry": { "type": "Point", "coordinates": [ 134.011716, 34.756286 ] } },
{ "type": "Feature", "properties": { "ID": 3322330001270, "正式名称": "医療法人清親会　吉井医院", "機関区分": 2, "都道府県コード": 33, "市区町村コード": 213, "所在地": "岡山県赤磐市山陽１丁目４－６", "緯度": 34.746232, "経度": 134.005773, "url": "https://www.iryou.teikyouseido.mhlw.go.jp/znk-web/juminkanja/S2430/initialize?prefCd=33&kikanCd=2330001270&kikanKbn=2", "url2": null, "内容": "医療法人清親会　吉井医院【2:診療所】【診療科目:内科_外科_耳鼻いんこう科】岡山県赤磐市山陽１丁目４－６" }, "geometry": { "type": "Point", "coordinates": [ 134.005773, 34.746232 ] } },
{ "type": "Feature", "properties": { "ID": 3322330001280, "正式名称": "大田原医院", "機関区分": 2, "都道府県コード": 33, "市区町村コード": 346, "所在地": "岡山県和気郡和気町大田原３２１－１", "緯度": 34.802423, "経度": 134.152758, "url": "https://www.iryou.teikyouseido.mhlw.go.jp/znk-web/juminkanja/S2430/initialize?prefCd=33&kikanCd=2330001280&kikanKbn=2", "url2": null, "内容": "大田原医院【2:診療所】【診療科目:内科_呼吸器内科_循環器内科_消化器内科_小児科_放射線科】岡山県和気郡和気町大田原３２１－１" }, "geometry": { "type": "Point", "coordinates": [ 134.152758, 34.802423 ] } },
{ "type": "Feature", "properties": { "ID": 3322330001320, "正式名称": "ひまわり園診療所（特養）", "機関区分": 2, "都道府県コード": 33, "市区町村コード": 346, "所在地": "岡山県和気郡和気町和気町佐伯１５８", "緯度": 34.844612, "経度": 134.092512, "url": "https://www.iryou.teikyouseido.mhlw.go.jp/znk-web/juminkanja/S2430/initialize?prefCd=33&kikanCd=2330001320&kikanKbn=2", "url2": "http://www.himawarien.org/", "内容": "ひまわり園診療所（特養）【2:診療所】【診療科目:内科】岡山県和気郡和気町和気町佐伯１５８" }, "geometry": { "type": "Point", "coordinates": [ 134.092512, 34.844612 ] } },
{ "type": "Feature", "properties": { "ID": 3322330001330, "正式名称": "障害者支援施設ぽれぽれ診療所", "機関区分": 2, "都道府県コード": 33, "市区町村コード": 346, "所在地": "岡山県和気郡和気町小坂１２７３－７", "緯度": 34.844499, "経度": 134.039322, "url": "https://www.iryou.teikyouseido.mhlw.go.jp/znk-web/juminkanja/S2430/initialize?prefCd=33&kikanCd=2330001330&kikanKbn=2", "url2": "https://polepolemura.jp", "内容": "障害者支援施設ぽれぽれ診療所【2:診療所】【診療科目:内科】岡山県和気郡和気町小坂１２７３－７" }, "geometry": { "type": "Point", "coordinates": [ 134.039322, 34.844499 ] } },
{ "type": "Feature", "properties": { "ID": 3322330001340, "正式名称": "和気町国民健康保険塩田診療所", "機関区分": 2, "都道府県コード": 33, "市区町村コード": 346, "所在地": "岡山県和気郡和気町塩田６４４－１", "緯度": 34.900161, "経度": 134.096649, "url": "https://www.iryou.teikyouseido.mhlw.go.jp/znk-web/juminkanja/S2430/initialize?prefCd=33&kikanCd=2330001340&kikanKbn=2", "url2": null, "内容": "和気町国民健康保険塩田診療所【2:診療所】【診療科目:内科】岡山県和気郡和気町塩田６４４－１" }, "geometry": { "type": "Point", "coordinates": [ 134.096649, 34.900161 ] } },
{ "type": "Feature", "properties": { "ID": 3322330001350, "正式名称": "和気町国民健康保険日笠診療所", "機関区分": 2, "都道府県コード": 33, "市区町村コード": 346, "所在地": "岡山県和気郡和気町日笠上４０５", "緯度": 34.844196, "経度": 134.163561, "url": "https://www.iryou.teikyouseido.mhlw.go.jp/znk-web/juminkanja/S2430/initialize?prefCd=33&kikanCd=2330001350&kikanKbn=2", "url2": null, "内容": "和気町国民健康保険日笠診療所【2:診療所】【診療科目:内科】岡山県和気郡和気町日笠上４０５" }, "geometry": { "type": "Point", "coordinates": [ 134.163561, 34.844196 ] } },
{ "type": "Feature", "properties": { "ID": 3322330001360, "正式名称": "和気広虫荘診療室", "機関区分": 2, "都道府県コード": 33, "市区町村コード": 346, "所在地": "岡山県和気郡和気町和気１０８", "緯度": 34.806617, "経度": 134.144981, "url": "https://www.iryou.teikyouseido.mhlw.go.jp/znk-web/juminkanja/S2430/initialize?prefCd=33&kikanCd=2330001360&kikanKbn=2", "url2": null, "内容": "和気広虫荘診療室【2:診療所】【診療科目:内科】岡山県和気郡和気町和気１０８" }, "geometry": { "type": "Point", "coordinates": [ 134.144981, 34.806617 ] } },
{ "type": "Feature", "properties": { "ID": 3322330001380, "正式名称": "医療法人　弘友会　泉クリニック", "機関区分": 2, "都道府県コード": 33, "市区町村コード": 208, "所在地": "岡山県総社市小寺９９５－１", "緯度": 34.6879, "経度": 133.746992, "url": "https://www.iryou.teikyouseido.mhlw.go.jp/znk-web/juminkanja/S2430/initialize?prefCd=33&kikanCd=2330001380&kikanKbn=2", "url2": "http://kyk-mc.or.jp/", "内容": "医療法人　弘友会　泉クリニック【2:診療所】【診療科目:内科_外科_整形外科_リハビリテーション科】岡山県総社市小寺９９５－１" }, "geometry": { "type": "Point", "coordinates": [ 133.746992, 34.6879 ] } },
{ "type": "Feature", "properties": { "ID": 3322330001390, "正式名称": "医療法人　康栄会　岡ハートクリニック", "機関区分": 2, "都道府県コード": 33, "市区町村コード": 208, "所在地": "岡山県総社市岡谷１７０番地", "緯度": 34.660209, "経度": 133.771074, "url": "https://www.iryou.teikyouseido.mhlw.go.jp/znk-web/juminkanja/S2430/initialize?prefCd=33&kikanCd=2330001390&kikanKbn=2", "url2": "http://www.oka-heart.jp/", "内容": "医療法人　康栄会　岡ハートクリニック【2:診療所】【診療科目:内科_循環器内科_リハビリテーション科】岡山県総社市岡谷１７０番地" }, "geometry": { "type": "Point", "coordinates": [ 133.771074, 34.660209 ] } },
{ "type": "Feature", "properties": { "ID": 3322330001400, "正式名称": "きび皮膚科形成外科クリニック", "機関区分": 2, "都道府県コード": 33, "市区町村コード": 208, "所在地": "岡山県総社市中央２－６－３６", "緯度": 34.673485, "経度": 133.743993, "url": "https://www.iryou.teikyouseido.mhlw.go.jp/znk-web/juminkanja/S2430/initialize?prefCd=33&kikanCd=2330001400&kikanKbn=2", "url2": "http://paa.jp/clinic/140101/", "内容": "きび皮膚科形成外科クリニック【2:診療所】【診療科目:形成外科_皮膚科】岡山県総社市中央２－６－３６" }, "geometry": { "type": "Point", "coordinates": [ 133.743993, 34.673485 ] } },
{ "type": "Feature", "properties": { "ID": 3322330001410, "正式名称": "医療法人清音クリニック", "機関区分": 2, "都道府県コード": 33, "市区町村コード": 208, "所在地": "岡山県総社市清音三因６０６－１", "緯度": 34.649043, "経度": 133.750521, "url": "https://www.iryou.teikyouseido.mhlw.go.jp/znk-web/juminkanja/S2430/initialize?prefCd=33&kikanCd=2330001410&kikanKbn=2", "url2": "http://www.kiyone-clinic.jp/", "内容": "医療法人清音クリニック【2:診療所】【診療科目:内科_循環器内科_小児科_アレルギー科】岡山県総社市清音三因６０６－１" }, "geometry": { "type": "Point", "coordinates": [ 133.750521, 34.649043 ] } },
{ "type": "Feature", "properties": { "ID": 3322330001420, "正式名称": "くにとみクリニック", "機関区分": 2, "都道府県コード": 33, "市区町村コード": 208, "所在地": "岡山県総社市門田７８の１", "緯度": 34.677234, "経度": 133.74727, "url": "https://www.iryou.teikyouseido.mhlw.go.jp/znk-web/juminkanja/S2430/initialize?prefCd=33&kikanCd=2330001420&kikanKbn=2", "url2": "http://www.kunitomi-clinic.jp/", "内容": "くにとみクリニック【2:診療所】【診療科目:内科_小児科_産婦人科】岡山県総社市門田７８の１" }, "geometry": { "type": "Point", "coordinates": [ 133.74727, 34.677234 ] } },
{ "type": "Feature", "properties": { "ID": 3322330001430, "正式名称": "特別養護老人ホームグリーンアンドリバーホーム診療所", "機関区分": 2, "都道府県コード": 33, "市区町村コード": 208, "所在地": "岡山県総社市清音三因１０７４－１", "緯度": 34.654404, "経度": 133.75577, "url": "https://www.iryou.teikyouseido.mhlw.go.jp/znk-web/juminkanja/S2430/initialize?prefCd=33&kikanCd=2330001430&kikanKbn=2", "url2": null, "内容": "特別養護老人ホームグリーンアンドリバーホーム診療所【2:診療所】【診療科目:内科_外科_婦人科_神経科】岡山県総社市清音三因１０７４－１" }, "geometry": { "type": "Point", "coordinates": [ 133.75577, 34.654404 ] } },
{ "type": "Feature", "properties": { "ID": 3322330001440, "正式名称": "医療法人　宏厚会　こうら整形外科", "機関区分": 2, "都道府県コード": 33, "市区町村コード": 208, "所在地": "岡山県総社市中央６丁目１０番１０３", "緯度": 34.667957, "経度": 133.749798, "url": "https://www.iryou.teikyouseido.mhlw.go.jp/znk-web/juminkanja/S2430/initialize?prefCd=33&kikanCd=2330001440&kikanKbn=2", "url2": null, "内容": "医療法人　宏厚会　こうら整形外科【2:診療所】【診療科目:整形外科_リウマチ科_リハビリテーション科】岡山県総社市中央６丁目１０番１０３" }, "geometry": { "type": "Point", "coordinates": [ 133.749798, 34.667957 ] } },
{ "type": "Feature", "properties": { "ID": 3322330001450, "正式名称": "医療法人さかえ外科内科クリニック", "機関区分": 2, "都道府県コード": 33, "市区町村コード": 208, "所在地": "岡山県総社市真壁２１２", "緯度": 34.668041, "経度": 133.757409, "url": "https://www.iryou.teikyouseido.mhlw.go.jp/znk-web/juminkanja/S2430/initialize?prefCd=33&kikanCd=2330001450&kikanKbn=2", "url2": "https://sakae-cli.com", "内容": "医療法人さかえ外科内科クリニック【2:診療所】【診療科目:内科_消化器内科_外科_肛門外科_整形外科_リハビリテーション科】岡山県総社市真壁２１２" }, "geometry": { "type": "Point", "coordinates": [ 133.757409, 34.668041 ] } },
{ "type": "Feature", "properties": { "ID": 3322330001470, "正式名称": "佐藤医院", "機関区分": 2, "都道府県コード": 33, "市区町村コード": 208, "所在地": "岡山県総社市清音上中島１１６番地６", "緯度": 34.643432, "経度": 133.730884, "url": "https://www.iryou.teikyouseido.mhlw.go.jp/znk-web/juminkanja/S2430/initialize?prefCd=33&kikanCd=2330001470&kikanKbn=2", "url2": null, "内容": "佐藤医院【2:診療所】【診療科目:内科_循環器内科】岡山県総社市清音上中島１１６番地６" }, "geometry": { "type": "Point", "coordinates": [ 133.730884, 34.643432 ] } },
{ "type": "Feature", "properties": { "ID": 3322330001480, "正式名称": "特別養護老人ホーム三清荘診療所", "機関区分": 2, "都道府県コード": 33, "市区町村コード": 208, "所在地": "岡山県総社市久米４８－１", "緯度": 34.698316, "経度": 133.777017, "url": "https://www.iryou.teikyouseido.mhlw.go.jp/znk-web/juminkanja/S2430/initialize?prefCd=33&kikanCd=2330001480&kikanKbn=2", "url2": null, "内容": "特別養護老人ホーム三清荘診療所【2:診療所】【診療科目:内科_外科】岡山県総社市久米４８－１" }, "geometry": { "type": "Point", "coordinates": [ 133.777017, 34.698316 ] } },
{ "type": "Feature", "properties": { "ID": 3322330001490, "正式名称": "医療法人昭和医院", "機関区分": 2, "都道府県コード": 33, "市区町村コード": 208, "所在地": "岡山県総社市美袋１２６７", "緯度": 34.72381, "経度": 133.644028, "url": "https://www.iryou.teikyouseido.mhlw.go.jp/znk-web/juminkanja/S2430/initialize?prefCd=33&kikanCd=2330001490&kikanKbn=2", "url2": null, "内容": "医療法人昭和医院【2:診療所】【診療科目:内科】岡山県総社市美袋１２６７" }, "geometry": { "type": "Point", "coordinates": [ 133.644028, 34.72381 ] } },
{ "type": "Feature", "properties": { "ID": 3322330001510, "正式名称": "医療法人　診療ドクター　杉生", "機関区分": 2, "都道府県コード": 33, "市区町村コード": 208, "所在地": "岡山県総社市門田３１５", "緯度": 34.677539, "経度": 133.734855, "url": "https://www.iryou.teikyouseido.mhlw.go.jp/znk-web/juminkanja/S2430/initialize?prefCd=33&kikanCd=2330001510&kikanKbn=2", "url2": "http://sugiu.jp/", "内容": "医療法人　診療ドクター　杉生【2:診療所】【診療科目:内科_脳神経内科_呼吸器内科_循環器内科】岡山県総社市門田３１５" }, "geometry": { "type": "Point", "coordinates": [ 133.734855, 34.677539 ] } },
{ "type": "Feature", "properties": { "ID": 3322330001520, "正式名称": "医療法人革斉会　杉生クリニック", "機関区分": 2, "都道府県コード": 33, "市区町村コード": 208, "所在地": "岡山県総社市三須１３４２", "緯度": 34.673374, "経度": 133.766824, "url": "https://www.iryou.teikyouseido.mhlw.go.jp/znk-web/juminkanja/S2430/initialize?prefCd=33&kikanCd=2330001520&kikanKbn=2", "url2": "http://www.kakusaikai-sugiu.or.jp", "内容": "医療法人革斉会　杉生クリニック【2:診療所】【診療科目:内科_消化器内科_リハビリテーション科】岡山県総社市三須１３４２" }, "geometry": { "type": "Point", "coordinates": [ 133.766824, 34.673374 ] } },
{ "type": "Feature", "properties": { "ID": 3322330001530, "正式名称": "医療法人　すぎもと眼科医院", "機関区分": 2, "都道府県コード": 33, "市区町村コード": 208, "所在地": "岡山県総社市真壁１５８－５", "緯度": 34.668791, "経度": 133.757159, "url": "https://www.iryou.teikyouseido.mhlw.go.jp/znk-web/juminkanja/S2430/initialize?prefCd=33&kikanCd=2330001530&kikanKbn=2", "url2": null, "内容": "医療法人　すぎもと眼科医院【2:診療所】【診療科目:眼科】岡山県総社市真壁１５８－５" }, "geometry": { "type": "Point", "coordinates": [ 133.757159, 34.668791 ] } },
{ "type": "Feature", "properties": { "ID": 3322330001540, "正式名称": "医療法人杉の会　杉本クリニック", "機関区分": 2, "都道府県コード": 33, "市区町村コード": 208, "所在地": "岡山県総社市駅前２丁目１８－２１", "緯度": 34.67029, "経度": 133.741271, "url": "https://www.iryou.teikyouseido.mhlw.go.jp/znk-web/juminkanja/S2430/initialize?prefCd=33&kikanCd=2330001540&kikanKbn=2", "url2": "http://sugimotoclinic.com/", "内容": "医療法人杉の会　杉本クリニック【2:診療所】【診療科目:内科】岡山県総社市駅前２丁目１８－２１" }, "geometry": { "type": "Point", "coordinates": [ 133.741271, 34.67029 ] } },
{ "type": "Feature", "properties": { "ID": 3322330001550, "正式名称": "医療法人薬師寺慈恵会ＪＩＫＥＩクリニック", "機関区分": 2, "都道府県コード": 33, "市区町村コード": 208, "所在地": "岡山県総社市中央３丁目３－１１３", "緯度": 34.673068, "経度": 133.749881, "url": "https://www.iryou.teikyouseido.mhlw.go.jp/znk-web/juminkanja/S2430/initialize?prefCd=33&kikanCd=2330001550&kikanKbn=2", "url2": "https://yakushiji-jikei.com/", "内容": "医療法人薬師寺慈恵会ＪＩＫＥＩクリニック【2:診療所】【診療科目:人工透析内科】岡山県総社市中央３丁目３－１１３" }, "geometry": { "type": "Point", "coordinates": [ 133.749881, 34.673068 ] } },
{ "type": "Feature", "properties": { "ID": 3322330001580, "正式名称": "たなか耳鼻咽喉クリニック", "機関区分": 2, "都道府県コード": 33, "市区町村コード": 208, "所在地": "岡山県総社市中央３丁目１０－１０５", "緯度": 34.671585, "経度": 133.747882, "url": "https://www.iryou.teikyouseido.mhlw.go.jp/znk-web/juminkanja/S2430/initialize?prefCd=33&kikanCd=2330001580&kikanKbn=2", "url2": null, "内容": "たなか耳鼻咽喉クリニック【2:診療所】【診療科目:耳鼻いんこう科_アレルギー科】岡山県総社市中央３丁目１０－１０５" }, "geometry": { "type": "Point", "coordinates": [ 133.747882, 34.671585 ] } },
{ "type": "Feature", "properties": { "ID": 3322330001590, "正式名称": "医療法人谷口レデイスクリニック", "機関区分": 2, "都道府県コード": 33, "市区町村コード": 208, "所在地": "岡山県総社市真壁２１３", "緯度": 34.667763, "経度": 133.757547, "url": "https://www.iryou.teikyouseido.mhlw.go.jp/znk-web/juminkanja/S2430/initialize?prefCd=33&kikanCd=2330001590&kikanKbn=2", "url2": null, "内容": "医療法人谷口レデイスクリニック【2:診療所】【診療科目:産婦人科】岡山県総社市真壁２１３" }, "geometry": { "type": "Point", "coordinates": [ 133.757547, 34.667763 ] } },
{ "type": "Feature", "properties": { "ID": 3322330001600, "正式名称": "医療法人　健奉会　谷向内科", "機関区分": 2, "都道府県コード": 33, "市区町村コード": 208, "所在地": "岡山県総社市井手１２０８の２番地", "緯度": 34.679845, "経度": 133.767713, "url": "https://www.iryou.teikyouseido.mhlw.go.jp/znk-web/juminkanja/S2430/initialize?prefCd=33&kikanCd=2330001600&kikanKbn=2", "url2": "http://www.oka.urban.ne.jp", "内容": "医療法人　健奉会　谷向内科【2:診療所】【診療科目:内科_呼吸器内科_皮膚科_アレルギー科】岡山県総社市井手１２０８の２番地" }, "geometry": { "type": "Point", "coordinates": [ 133.767713, 34.679845 ] } },
{ "type": "Feature", "properties": { "ID": 3322330001610, "正式名称": "医療法人　旦医院", "機関区分": 2, "都道府県コード": 33, "市区町村コード": 208, "所在地": "岡山県総社市美袋１７９２番地１", "緯度": 34.719283, "経度": 133.65175, "url": "https://www.iryou.teikyouseido.mhlw.go.jp/znk-web/juminkanja/S2430/initialize?prefCd=33&kikanCd=2330001610&kikanKbn=2", "url2": null, "内容": "医療法人　旦医院【2:診療所】【診療科目:内科】岡山県総社市美袋１７９２番地１" }, "geometry": { "type": "Point", "coordinates": [ 133.65175, 34.719283 ] } },
{ "type": "Feature", "properties": { "ID": 3322330001620, "正式名称": "医療法人　友野内科医院", "機関区分": 2, "都道府県コード": 33, "市区町村コード": 208, "所在地": "岡山県総社市富原３４４－１", "緯度": 34.670512, "経度": 133.71544, "url": "https://www.iryou.teikyouseido.mhlw.go.jp/znk-web/juminkanja/S2430/initialize?prefCd=33&kikanCd=2330001620&kikanKbn=2", "url2": null, "内容": "医療法人　友野内科医院【2:診療所】【診療科目:内科_小児科_泌尿器科_リハビリテーション科】岡山県総社市富原３４４－１" }, "geometry": { "type": "Point", "coordinates": [ 133.71544, 34.670512 ] } },
{ "type": "Feature", "properties": { "ID": 3322330001640, "正式名称": "医療法人謙晋会服部耳鼻咽喉科医院", "機関区分": 2, "都道府県コード": 33, "市区町村コード": 208, "所在地": "岡山県総社市井手１２０８－３", "緯度": 34.679568, "経度": 133.767657, "url": "https://www.iryou.teikyouseido.mhlw.go.jp/znk-web/juminkanja/S2430/initialize?prefCd=33&kikanCd=2330001640&kikanKbn=2", "url2": "http://hattorijibika.com", "内容": "医療法人謙晋会服部耳鼻咽喉科医院【2:診療所】【診療科目:耳鼻いんこう科】岡山県総社市井手１２０８－３" }, "geometry": { "type": "Point", "coordinates": [ 133.767657, 34.679568 ] } },
{ "type": "Feature", "properties": { "ID": 3322330001650, "正式名称": "医療法人原田整形外科　原田整形外科医院", "機関区分": 2, "都道府県コード": 33, "市区町村コード": 208, "所在地": "岡山県総社市井手１２０８－２", "緯度": 34.679845, "経度": 133.767713, "url": "https://www.iryou.teikyouseido.mhlw.go.jp/znk-web/juminkanja/S2430/initialize?prefCd=33&kikanCd=2330001650&kikanKbn=2", "url2": "https://harada-seikei.netlify.app/", "内容": "医療法人原田整形外科　原田整形外科医院【2:診療所】【診療科目:整形外科_リウマチ科_リハビリテーション科】岡山県総社市井手１２０８－２" }, "geometry": { "type": "Point", "coordinates": [ 133.767713, 34.679845 ] } },
{ "type": "Feature", "properties": { "ID": 3322330001660, "正式名称": "平川内科クリニック", "機関区分": 2, "都道府県コード": 33, "市区町村コード": 208, "所在地": "岡山県総社市久代４９６４－１", "緯度": 34.675761, "経度": 133.699219, "url": "https://www.iryou.teikyouseido.mhlw.go.jp/znk-web/juminkanja/S2430/initialize?prefCd=33&kikanCd=2330001660&kikanKbn=2", "url2": "www.hirakawaclinic.jp", "内容": "平川内科クリニック【2:診療所】【診療科目:内科_糖尿病・内分泌内科_消化器内科_小児科】岡山県総社市久代４９６４－１" }, "geometry": { "type": "Point", "coordinates": [ 133.699219, 34.675761 ] } },
{ "type": "Feature", "properties": { "ID": 3322330001670, "正式名称": "医療法人　孝秀会　パーク統合クリニック", "機関区分": 2, "都道府県コード": 33, "市区町村コード": 208, "所在地": "岡山県総社市駅前２－１７－１", "緯度": 34.670818, "経度": 133.740466, "url": "https://www.iryou.teikyouseido.mhlw.go.jp/znk-web/juminkanja/S2430/initialize?prefCd=33&kikanCd=2330001670&kikanKbn=2", "url2": "http://park-integrated-clinic.com/", "内容": "医療法人　孝秀会　パーク統合クリニック【2:診療所】【診療科目:内科_糖尿病内科_糖尿病・内分泌内科_漢方内科_外科_心療内科】岡山県総社市駅前２－１７－１" }, "geometry": { "type": "Point", "coordinates": [ 133.740466, 34.670818 ] } },
{ "type": "Feature", "properties": { "ID": 3322330001680, "正式名称": "ふじかわ眼科", "機関区分": 2, "都道府県コード": 33, "市区町村コード": 208, "所在地": "岡山県総社市小寺７－７", "緯度": 34.677484, "経度": 133.74852, "url": "https://www.iryou.teikyouseido.mhlw.go.jp/znk-web/juminkanja/S2430/initialize?prefCd=33&kikanCd=2330001680&kikanKbn=2", "url2": null, "内容": "ふじかわ眼科【2:診療所】【診療科目:眼科】岡山県総社市小寺７－７" }, "geometry": { "type": "Point", "coordinates": [ 133.74852, 34.677484 ] } },
{ "type": "Feature", "properties": { "ID": 3322330001690, "正式名称": "医療法人明徳会松尾皮膚科医院", "機関区分": 2, "都道府県コード": 33, "市区町村コード": 208, "所在地": "岡山県総社市総社２－２３－１４", "緯度": 34.67729, "経度": 133.754547, "url": "https://www.iryou.teikyouseido.mhlw.go.jp/znk-web/juminkanja/S2430/initialize?prefCd=33&kikanCd=2330001690&kikanKbn=2", "url2": "http://www.matsuohifuka.sakura.ne.jp/index.htm", "内容": "医療法人明徳会松尾皮膚科医院【2:診療所】【診療科目:皮膚科】岡山県総社市総社２－２３－１４" }, "geometry": { "type": "Point", "coordinates": [ 133.754547, 34.67729 ] } },
{ "type": "Feature", "properties": { "ID": 3322330001700, "正式名称": "三宅内科小児科医院", "機関区分": 2, "都道府県コード": 33, "市区町村コード": 208, "所在地": "岡山県総社市井手９１９番地", "緯度": 34.679762, "経度": 133.771185, "url": "https://www.iryou.teikyouseido.mhlw.go.jp/znk-web/juminkanja/S2430/initialize?prefCd=33&kikanCd=2330001700&kikanKbn=2", "url2": "https://miyakenaika.com/", "内容": "三宅内科小児科医院【2:診療所】【診療科目:内科_小児科_リハビリテーション科_放射線科】岡山県総社市井手９１９番地" }, "geometry": { "type": "Point", "coordinates": [ 133.771185, 34.679762 ] } },
{ "type": "Feature", "properties": { "ID": 3322330001730, "正式名称": "医療法人　やまもと医院", "機関区分": 2, "都道府県コード": 33, "市区町村コード": 208, "所在地": "岡山県総社市三輪６１８", "緯度": 34.66368, "経度": 133.74216, "url": "https://www.iryou.teikyouseido.mhlw.go.jp/znk-web/juminkanja/S2430/initialize?prefCd=33&kikanCd=2330001730&kikanKbn=2", "url2": "http://yamamoto-cli.com", "内容": "医療法人　やまもと医院【2:診療所】【診療科目:内科_消化器内科_小児科】岡山県総社市三輪６１８" }, "geometry": { "type": "Point", "coordinates": [ 133.74216, 34.66368 ] } },
{ "type": "Feature", "properties": { "ID": 3322330001740, "正式名称": "渡辺医院", "機関区分": 2, "都道府県コード": 33, "市区町村コード": 208, "所在地": "岡山県総社市真壁１５１－５", "緯度": 34.669902, "経度": 133.756631, "url": "https://www.iryou.teikyouseido.mhlw.go.jp/znk-web/juminkanja/S2430/initialize?prefCd=33&kikanCd=2330001740&kikanKbn=2", "url2": null, "内容": "渡辺医院【2:診療所】【診療科目:内科_消化器内科_整形外科_放射線科】岡山県総社市真壁１５１－５" }, "geometry": { "type": "Point", "coordinates": [ 133.756631, 34.669902 ] } },
{ "type": "Feature", "properties": { "ID": 3322330001750, "正式名称": "医療法人　河原内科医院", "機関区分": 2, "都道府県コード": 33, "市区町村コード": 423, "所在地": "岡山県都窪郡早島町早島３３１７－１", "緯度": 34.609577, "経度": 133.819155, "url": "https://www.iryou.teikyouseido.mhlw.go.jp/znk-web/juminkanja/S2430/initialize?prefCd=33&kikanCd=2330001750&kikanKbn=2", "url2": null, "内容": "医療法人　河原内科医院【2:診療所】【診療科目:内科_呼吸器内科】岡山県都窪郡早島町早島３３１７－１" }, "geometry": { "type": "Point", "coordinates": [ 133.819155, 34.609577 ] } },
{ "type": "Feature", "properties": { "ID": 3322330001760, "正式名称": "医療法人　木村医院", "機関区分": 2, "都道府県コード": 33, "市区町村コード": 423, "所在地": "岡山県都窪郡早島町早島１４６９－１", "緯度": 34.608077, "経度": 133.818405, "url": "https://www.iryou.teikyouseido.mhlw.go.jp/znk-web/juminkanja/S2430/initialize?prefCd=33&kikanCd=2330001760&kikanKbn=2", "url2": null, "内容": "医療法人　木村医院【2:診療所】【診療科目:内科_呼吸器内科_小児科】岡山県都窪郡早島町早島１４６９－１" }, "geometry": { "type": "Point", "coordinates": [ 133.818405, 34.608077 ] } },
{ "type": "Feature", "properties": { "ID": 3322330001770, "正式名称": "木村眼科", "機関区分": 2, "都道府県コード": 33, "市区町村コード": 423, "所在地": "岡山県都窪郡早島町早島１４６７－５", "緯度": 34.602383, "経度": 133.825321, "url": "https://www.iryou.teikyouseido.mhlw.go.jp/znk-web/juminkanja/S2430/initialize?prefCd=33&kikanCd=2330001770&kikanKbn=2", "url2": "https://kimuraganka2.web.fc2.com", "内容": "木村眼科【2:診療所】【診療科目:眼科】岡山県都窪郡早島町早島１４６７－５" }, "geometry": { "type": "Point", "coordinates": [ 133.825321, 34.602383 ] } },
{ "type": "Feature", "properties": { "ID": 3322330001780, "正式名称": "神経内科クリニックなんば", "機関区分": 2, "都道府県コード": 33, "市区町村コード": 423, "所在地": "岡山県都窪郡早島町若宮３５４１－１５", "緯度": 34.613966, "経度": 133.835181, "url": "https://www.iryou.teikyouseido.mhlw.go.jp/znk-web/juminkanja/S2430/initialize?prefCd=33&kikanCd=2330001780&kikanKbn=2", "url2": null, "内容": "神経内科クリニックなんば【2:診療所】【診療科目:内科_神経内科】岡山県都窪郡早島町若宮３５４１－１５" }, "geometry": { "type": "Point", "coordinates": [ 133.835181, 34.613966 ] } },
{ "type": "Feature", "properties": { "ID": 3322330001810, "正式名称": "医療法人　ふじい整形外科", "機関区分": 2, "都道府県コード": 33, "市区町村コード": 423, "所在地": "岡山県都窪郡早島町前潟６１８－１", "緯度": 34.605056, "経度": 133.833317, "url": "https://www.iryou.teikyouseido.mhlw.go.jp/znk-web/juminkanja/S2430/initialize?prefCd=33&kikanCd=2330001810&kikanKbn=2", "url2": "http://www.fujii-ort.com/", "内容": "医療法人　ふじい整形外科【2:診療所】【診療科目:整形外科_リウマチ科_リハビリテーション科】岡山県都窪郡早島町前潟６１８－１" }, "geometry": { "type": "Point", "coordinates": [ 133.833317, 34.605056 ] } },
{ "type": "Feature", "properties": { "ID": 3322330001830, "正式名称": "猪木医院", "機関区分": 2, "都道府県コード": 33, "市区町村コード": 205, "所在地": "岡山県笠岡市十一番町１－７", "緯度": 34.498, "経度": 133.511186, "url": "https://www.iryou.teikyouseido.mhlw.go.jp/znk-web/juminkanja/S2430/initialize?prefCd=33&kikanCd=2330001830&kikanKbn=2", "url2": null, "内容": "猪木医院【2:診療所】【診療科目:内科_呼吸器内科_小児科_アレルギー科_リハビリテーション科】岡山県笠岡市十一番町１－７" }, "geometry": { "type": "Point", "coordinates": [ 133.511186, 34.498 ] } },
{ "type": "Feature", "properties": { "ID": 3322330001840, "正式名称": "植木内科", "機関区分": 2, "都道府県コード": 33, "市区町村コード": 205, "所在地": "岡山県笠岡市走出５７１－３", "緯度": 34.59685, "経度": 133.535653, "url": "https://www.iryou.teikyouseido.mhlw.go.jp/znk-web/juminkanja/S2430/initialize?prefCd=33&kikanCd=2330001840&kikanKbn=2", "url2": null, "内容": "植木内科【2:診療所】【診療科目:内科】岡山県笠岡市走出５７１－３" }, "geometry": { "type": "Point", "coordinates": [ 133.535653, 34.59685 ] } },
{ "type": "Feature", "properties": { "ID": 3322330001860, "正式名称": "医療法人社団　平山内科整形外科クリニック", "機関区分": 2, "都道府県コード": 33, "市区町村コード": 205, "所在地": "岡山県笠岡市吉田３７－２", "緯度": 34.544855, "経度": 133.519434, "url": "https://www.iryou.teikyouseido.mhlw.go.jp/znk-web/juminkanja/S2430/initialize?prefCd=33&kikanCd=2330001860&kikanKbn=2", "url2": null, "内容": "医療法人社団　平山内科整形外科クリニック【2:診療所】【診療科目:内科_神経内科_脳神経外科_整形外科】岡山県笠岡市吉田３７－２" }, "geometry": { "type": "Point", "coordinates": [ 133.519434, 34.544855 ] } },
{ "type": "Feature", "properties": { "ID": 3322330001870, "正式名称": "医療法人おぐるすハートクリニック内科循環器呼吸器科", "機関区分": 2, "都道府県コード": 33, "市区町村コード": 205, "所在地": "岡山県笠岡市九番町２－２", "緯度": 34.495528, "経度": 133.517658, "url": "https://www.iryou.teikyouseido.mhlw.go.jp/znk-web/juminkanja/S2430/initialize?prefCd=33&kikanCd=2330001870&kikanKbn=2", "url2": "https://www.okayama.med.or.jp/kasaoka/hospital/index07.html", "内容": "医療法人おぐるすハートクリニック内科循環器呼吸器科【2:診療所】【診療科目:内科_呼吸器内科_循環器内科_小児科_リハビリテーション科】岡山県笠岡市九番町２－２" }, "geometry": { "type": "Point", "coordinates": [ 133.517658, 34.495528 ] } },
{ "type": "Feature", "properties": { "ID": 3322330001880, "正式名称": "医療法人小田内科医院", "機関区分": 2, "都道府県コード": 33, "市区町村コード": 205, "所在地": "岡山県笠岡市富岡２６５－７", "緯度": 34.496806, "経度": 133.529268, "url": "https://www.iryou.teikyouseido.mhlw.go.jp/znk-web/juminkanja/S2430/initialize?prefCd=33&kikanCd=2330001880&kikanKbn=2", "url2": null, "内容": "医療法人小田内科医院【2:診療所】【診療科目:内科_呼吸器内科_小児科】岡山県笠岡市富岡２６５－７" }, "geometry": { "type": "Point", "coordinates": [ 133.529268, 34.496806 ] } },
{ "type": "Feature", "properties": { "ID": 3322330001890, "正式名称": "笠岡市北木島診療所", "機関区分": 2, "都道府県コード": 33, "市区町村コード": 205, "所在地": "岡山県笠岡市北木島町３８０２－５３", "緯度": 34.375959, "経度": 133.546659, "url": "https://www.iryou.teikyouseido.mhlw.go.jp/znk-web/juminkanja/S2430/initialize?prefCd=33&kikanCd=2330001890&kikanKbn=2", "url2": "http://www.midorijujikai.or.jp/index.html", "内容": "笠岡市北木島診療所【2:診療所】【診療科目:内科】岡山県笠岡市北木島町３８０２－５３" }, "geometry": { "type": "Point", "coordinates": [ 133.546659, 34.375959 ] } },
{ "type": "Feature", "properties": { "ID": 3322330001900, "正式名称": "笠岡市高島診療所", "機関区分": 2, "都道府県コード": 33, "市区町村コード": 205, "所在地": "岡山県笠岡市高島５０３９番地の１", "緯度": 34.430618, "経度": 133.503633, "url": "https://www.iryou.teikyouseido.mhlw.go.jp/znk-web/juminkanja/S2430/initialize?prefCd=33&kikanCd=2330001900&kikanKbn=2", "url2": null, "内容": "笠岡市高島診療所【2:診療所】【診療科目:内科_外科】岡山県笠岡市高島５０３９番地の１" }, "geometry": { "type": "Point", "coordinates": [ 133.503633, 34.430618 ] } },
{ "type": "Feature", "properties": { "ID": 3322330001910, "正式名称": "笠岡市飛島診療所", "機関区分": 2, "都道府県コード": 33, "市区町村コード": 205, "所在地": "岡山県笠岡市飛島５９２０－２", "緯度": 34.342351, "経度": 133.508636, "url": "https://www.iryou.teikyouseido.mhlw.go.jp/znk-web/juminkanja/S2430/initialize?prefCd=33&kikanCd=2330001910&kikanKbn=2", "url2": null, "内容": "笠岡市飛島診療所【2:診療所】【診療科目:内科_リハビリテーション科】岡山県笠岡市飛島５９２０－２" }, "geometry": { "type": "Point", "coordinates": [ 133.508636, 34.342351 ] } },
{ "type": "Feature", "properties": { "ID": 3322330001920, "正式名称": "笠岡市国民健康保険　真鍋島診療所", "機関区分": 2, "都道府県コード": 33, "市区町村コード": 205, "所在地": "岡山県笠岡市真鍋島４０２３番地の１", "緯度": 34.355045, "経度": 133.577268, "url": "https://www.iryou.teikyouseido.mhlw.go.jp/znk-web/juminkanja/S2430/initialize?prefCd=33&kikanCd=2330001920&kikanKbn=2", "url2": null, "内容": "笠岡市国民健康保険　真鍋島診療所【2:診療所】【診療科目:内科_外科_整形外科_小児科_皮膚科_リハビリテーション科_放射線科】岡山県笠岡市真鍋島４０２３番地の１" }, "geometry": { "type": "Point", "coordinates": [ 133.577268, 34.355045 ] } },
{ "type": "Feature", "properties": { "ID": 3322330001930, "正式名称": "笠岡市六島診療所", "機関区分": 2, "都道府県コード": 33, "市区町村コード": 205, "所在地": "岡山県笠岡市六島５８５８番地５", "緯度": 34.303797, "経度": 133.536779, "url": "https://www.iryou.teikyouseido.mhlw.go.jp/znk-web/juminkanja/S2430/initialize?prefCd=33&kikanCd=2330001930&kikanKbn=2", "url2": null, "内容": "笠岡市六島診療所【2:診療所】【診療科目:内科_リハビリテーション科】岡山県笠岡市六島５８５８番地５" }, "geometry": { "type": "Point", "coordinates": [ 133.536779, 34.303797 ] } },
{ "type": "Feature", "properties": { "ID": 3322330001950, "正式名称": "木野山医院", "機関区分": 2, "都道府県コード": 33, "市区町村コード": 205, "所在地": "岡山県笠岡市西大島新田６４９", "緯度": 34.480807, "経度": 133.532157, "url": "https://www.iryou.teikyouseido.mhlw.go.jp/znk-web/juminkanja/S2430/initialize?prefCd=33&kikanCd=2330001950&kikanKbn=2", "url2": "http://kinoyamaiin.com/", "内容": "木野山医院【2:診療所】【診療科目:内科_呼吸器内科_消化器内科_肝臓内科_内視鏡内科_小児科_アレルギー科_リハビリテーション科】岡山県笠岡市西大島新田６４９" }, "geometry": { "type": "Point", "coordinates": [ 133.532157, 34.480807 ] } },
{ "type": "Feature", "properties": { "ID": 3322330002000, "正式名称": "医療法人さくらい内科小児科医院金浦診療所", "機関区分": 2, "都道府県コード": 33, "市区町村コード": 205, "所在地": "岡山県笠岡市吉浜２４８３－５", "緯度": 34.520191, "経度": 133.491798, "url": "https://www.iryou.teikyouseido.mhlw.go.jp/znk-web/juminkanja/S2430/initialize?prefCd=33&kikanCd=2330002000&kikanKbn=2", "url2": null, "内容": "医療法人さくらい内科小児科医院金浦診療所【2:診療所】【診療科目:内科_アレルギー疾患内科_小児科_アレルギー科】岡山県笠岡市吉浜２４８３－５" }, "geometry": { "type": "Point", "coordinates": [ 133.491798, 34.520191 ] } },
{ "type": "Feature", "properties": { "ID": 3322330002010, "正式名称": "医療法人さくらい内科小児科医院茂平診療所", "機関区分": 2, "都道府県コード": 33, "市区町村コード": 205, "所在地": "岡山県笠岡市茂平１９７０", "緯度": 34.492027, "経度": 133.458774, "url": "https://www.iryou.teikyouseido.mhlw.go.jp/znk-web/juminkanja/S2430/initialize?prefCd=33&kikanCd=2330002010&kikanKbn=2", "url2": null, "内容": "医療法人さくらい内科小児科医院茂平診療所【2:診療所】【診療科目:内科_アレルギー疾患内科_小児科_アレルギー科】岡山県笠岡市茂平１９７０" }, "geometry": { "type": "Point", "coordinates": [ 133.458774, 34.492027 ] } },
{ "type": "Feature", "properties": { "ID": 3322330002020, "正式名称": "さなだ耳鼻咽喉科医院", "機関区分": 2, "都道府県コード": 33, "市区町村コード": 205, "所在地": "岡山県笠岡市笠岡２２６５－２", "緯度": 34.503804, "経度": 133.506992, "url": "https://www.iryou.teikyouseido.mhlw.go.jp/znk-web/juminkanja/S2430/initialize?prefCd=33&kikanCd=2330002020&kikanKbn=2", "url2": "https://sanada.gr.jp/", "内容": "さなだ耳鼻咽喉科医院【2:診療所】【診療科目:耳鼻いんこう科_頭頸部・耳鼻いんこう科】岡山県笠岡市笠岡２２６５－２" }, "geometry": { "type": "Point", "coordinates": [ 133.506992, 34.503804 ] } },
{ "type": "Feature", "properties": { "ID": 3322330002040, "正式名称": "鈴木医院", "機関区分": 2, "都道府県コード": 33, "市区町村コード": 205, "所在地": "岡山県笠岡市西大島新田", "緯度": 34.492668, "経度": 133.530647, "url": "https://www.iryou.teikyouseido.mhlw.go.jp/znk-web/juminkanja/S2430/initialize?prefCd=33&kikanCd=2330002040&kikanKbn=2", "url2": null, "内容": "鈴木医院【2:診療所】【診療科目:外科_整形外科_皮膚科_皮膚泌尿器科_泌尿器科】岡山県笠岡市西大島新田" }, "geometry": { "type": "Point", "coordinates": [ 133.530647, 34.492668 ] } },
{ "type": "Feature", "properties": { "ID": 3322330002060, "正式名称": "医療法人武田耳鼻咽喉科医院", "機関区分": 2, "都道府県コード": 33, "市区町村コード": 205, "所在地": "岡山県笠岡市二番町７－９", "緯度": 34.496861, "経度": 133.520213, "url": "https://www.iryou.teikyouseido.mhlw.go.jp/znk-web/juminkanja/S2430/initialize?prefCd=33&kikanCd=2330002060&kikanKbn=2", "url2": "https://takeda-jibika3387.jp/clinic/", "内容": "医療法人武田耳鼻咽喉科医院【2:診療所】【診療科目:耳鼻いんこう科】岡山県笠岡市二番町７－９" }, "geometry": { "type": "Point", "coordinates": [ 133.520213, 34.496861 ] } },
{ "type": "Feature", "properties": { "ID": 3322330002080, "正式名称": "坪田医院", "機関区分": 2, "都道府県コード": 33, "市区町村コード": 205, "所在地": "岡山県笠岡市大島中８３６２", "緯度": 34.477725, "経度": 133.562071, "url": "https://www.iryou.teikyouseido.mhlw.go.jp/znk-web/juminkanja/S2430/initialize?prefCd=33&kikanCd=2330002080&kikanKbn=2", "url2": null, "内容": "坪田医院【2:診療所】【診療科目:内科_循環器内科_小児科】岡山県笠岡市大島中８３６２" }, "geometry": { "type": "Point", "coordinates": [ 133.562071, 34.477725 ] } },
{ "type": "Feature", "properties": { "ID": 3322330002110, "正式名称": "医療法人永山眼科クリニック", "機関区分": 2, "都道府県コード": 33, "市区町村コード": 205, "所在地": "岡山県笠岡市五番町３－２", "緯度": 34.499583, "経度": 133.511436, "url": "https://www.iryou.teikyouseido.mhlw.go.jp/znk-web/juminkanja/S2430/initialize?prefCd=33&kikanCd=2330002110&kikanKbn=2", "url2": "http://www.nagayama-gannka.jp", "内容": "医療法人永山眼科クリニック【2:診療所】【診療科目:眼科】岡山県笠岡市五番町３－２" }, "geometry": { "type": "Point", "coordinates": [ 133.511436, 34.499583 ] } },
{ "type": "Feature", "properties": { "ID": 3322330002130, "正式名称": "医療法人　はらだ眼科", "機関区分": 2, "都道府県コード": 33, "市区町村コード": 205, "所在地": "岡山県笠岡市中央町３５－３", "緯度": 34.50536, "経度": 133.504214, "url": "https://www.iryou.teikyouseido.mhlw.go.jp/znk-web/juminkanja/S2430/initialize?prefCd=33&kikanCd=2330002130&kikanKbn=2", "url2": "http://www.harada-ganka.jp", "内容": "医療法人　はらだ眼科【2:診療所】【診療科目:眼科】岡山県笠岡市中央町３５－３" }, "geometry": { "type": "Point", "coordinates": [ 133.504214, 34.50536 ] } },
{ "type": "Feature", "properties": { "ID": 3322330002140, "正式名称": "みやけこどもクリニック", "機関区分": 2, "都道府県コード": 33, "市区町村コード": 205, "所在地": "岡山県笠岡市富岡２５６－８", "緯度": 34.494695, "経度": 133.527296, "url": "https://www.iryou.teikyouseido.mhlw.go.jp/znk-web/juminkanja/S2430/initialize?prefCd=33&kikanCd=2330002140&kikanKbn=2", "url2": "http://www6.ocn.ne.jp/~miyake51/", "内容": "みやけこどもクリニック【2:診療所】【診療科目:小児科_アレルギー科】岡山県笠岡市富岡２５６－８" }, "geometry": { "type": "Point", "coordinates": [ 133.527296, 34.494695 ] } },
{ "type": "Feature", "properties": { "ID": 3322330002150, "正式名称": "医療法人村上脳神経外科・内科", "機関区分": 2, "都道府県コード": 33, "市区町村コード": 205, "所在地": "岡山県笠岡市大井南２８－４", "緯度": 34.530301, "経度": 133.510157, "url": "https://www.iryou.teikyouseido.mhlw.go.jp/znk-web/juminkanja/S2430/initialize?prefCd=33&kikanCd=2330002150&kikanKbn=2", "url2": "https://www.murakami-nougeka.jp/", "内容": "医療法人村上脳神経外科・内科【2:診療所】【診療科目:内科_神経内科_脳神経外科_リハビリテーション科_放射線科】岡山県笠岡市大井南２８－４" }, "geometry": { "type": "Point", "coordinates": [ 133.510157, 34.530301 ] } },
{ "type": "Feature", "properties": { "ID": 3322330002160, "正式名称": "渡辺クリニック", "機関区分": 2, "都道府県コード": 33, "市区町村コード": 205, "所在地": "岡山県笠岡市中央町２－８", "緯度": 34.507526, "経度": 133.506992, "url": "https://www.iryou.teikyouseido.mhlw.go.jp/znk-web/juminkanja/S2430/initialize?prefCd=33&kikanCd=2330002160&kikanKbn=2", "url2": "http://www.wata-cl.com", "内容": "渡辺クリニック【2:診療所】【診療科目:内科_消化器内科_胃腸内科_肝臓内科_小児科_アレルギー科】岡山県笠岡市中央町２－８" }, "geometry": { "type": "Point", "coordinates": [ 133.506992, 34.507526 ] } },
{ "type": "Feature", "properties": { "ID": 3322330002170, "正式名称": "青木内科", "機関区分": 2, "都道府県コード": 33, "市区町村コード": 207, "所在地": "岡山県井原市高屋町４－２４－１０", "緯度": 34.579877, "経度": 133.435329, "url": "https://www.iryou.teikyouseido.mhlw.go.jp/znk-web/juminkanja/S2430/initialize?prefCd=33&kikanCd=2330002170&kikanKbn=2", "url2": null, "内容": "青木内科【2:診療所】【診療科目:内科_小児科】岡山県井原市高屋町４－２４－１０" }, "geometry": { "type": "Point", "coordinates": [ 133.435329, 34.579877 ] } },
{ "type": "Feature", "properties": { "ID": 3322330002180, "正式名称": "医療法人白雲会　赤木医院", "機関区分": 2, "都道府県コード": 33, "市区町村コード": 207, "所在地": "岡山県井原市芳井町東三原１０６１－１", "緯度": 34.734692, "経度": 133.397522, "url": "https://www.iryou.teikyouseido.mhlw.go.jp/znk-web/juminkanja/S2430/initialize?prefCd=33&kikanCd=2330002180&kikanKbn=2", "url2": null, "内容": "医療法人白雲会　赤木医院【2:診療所】【診療科目:内科】岡山県井原市芳井町東三原１０６１－１" }, "geometry": { "type": "Point", "coordinates": [ 133.397522, 34.734692 ] } },
{ "type": "Feature", "properties": { "ID": 3322330002220, "正式名称": "井原市立美星国保診療所", "機関区分": 2, "都道府県コード": 33, "市区町村コード": 207, "所在地": "岡山県井原市美星町大倉２４６７番地４", "緯度": 34.674258, "経度": 133.531928, "url": "https://www.iryou.teikyouseido.mhlw.go.jp/znk-web/juminkanja/S2430/initialize?prefCd=33&kikanCd=2330002220&kikanKbn=2", "url2": null, "内容": "井原市立美星国保診療所【2:診療所】【診療科目:内科_循環器内科_整形外科】岡山県井原市美星町大倉２４６７番地４" }, "geometry": { "type": "Point", "coordinates": [ 133.531928, 34.674258 ] } },
{ "type": "Feature", "properties": { "ID": 3322330002230, "正式名称": "井原腎泌尿器科クリニック", "機関区分": 2, "都道府県コード": 33, "市区町村コード": 207, "所在地": "岡山県井原市上出部町５１３", "緯度": 34.593904, "経度": 133.464354, "url": "https://www.iryou.teikyouseido.mhlw.go.jp/znk-web/juminkanja/S2430/initialize?prefCd=33&kikanCd=2330002230&kikanKbn=2", "url2": "http://ibarajin.jp", "内容": "井原腎泌尿器科クリニック【2:診療所】【診療科目:内科_泌尿器科】岡山県井原市上出部町５１３" }, "geometry": { "type": "Point", "coordinates": [ 133.464354, 34.593904 ] } },
{ "type": "Feature", "properties": { "ID": 3322330002240, "正式名称": "医療法人弘智会　井原第一クリニック", "機関区分": 2, "都道府県コード": 33, "市区町村コード": 207, "所在地": "岡山県井原市高屋町１２７－１", "緯度": 34.579627, "経度": 133.426496, "url": "https://www.iryou.teikyouseido.mhlw.go.jp/znk-web/juminkanja/S2430/initialize?prefCd=33&kikanCd=2330002240&kikanKbn=2", "url2": "http://ww.ibaraisikai.or.jp/hospital/file/daiichi.html", "内容": "医療法人弘智会　井原第一クリニック【2:診療所】【診療科目:内科_呼吸器内科_胃腸内科_外科_脳神経外科_肛門外科_整形外科_小児科_アレルギー科_リハビリテーション科】岡山県井原市高屋町１２７－１" }, "geometry": { "type": "Point", "coordinates": [ 133.426496, 34.579627 ] } },
{ "type": "Feature", "properties": { "ID": 3322330002260, "正式名称": "医療法人　大山眼科", "機関区分": 2, "都道府県コード": 33, "市区町村コード": 207, "所在地": "岡山県井原市井原町１２２８－２", "緯度": 34.604264, "経度": 133.458493, "url": "https://www.iryou.teikyouseido.mhlw.go.jp/znk-web/juminkanja/S2430/initialize?prefCd=33&kikanCd=2330002260&kikanKbn=2", "url2": "http://oyama.or.jp", "内容": "医療法人　大山眼科【2:診療所】【診療科目:眼科】岡山県井原市井原町１２２８－２" }, "geometry": { "type": "Point", "coordinates": [ 133.458493, 34.604264 ] } },
{ "type": "Feature", "properties": { "ID": 3322330002280, "正式名称": "医療法人河合医院", "機関区分": 2, "都道府県コード": 33, "市区町村コード": 207, "所在地": "岡山県井原市芳井町吉井８９－１", "緯度": 34.632344, "経度": 133.434827, "url": "https://www.iryou.teikyouseido.mhlw.go.jp/znk-web/juminkanja/S2430/initialize?prefCd=33&kikanCd=2330002280&kikanKbn=2", "url2": null, "内容": "医療法人河合医院【2:診療所】【診療科目:内科_小児科】岡山県井原市芳井町吉井８９－１" }, "geometry": { "type": "Point", "coordinates": [ 133.434827, 34.632344 ] } },
{ "type": "Feature", "properties": { "ID": 3322330002290, "正式名称": "きのこエスポアール病院付属きのこ診療所", "機関区分": 2, "都道府県コード": 33, "市区町村コード": 207, "所在地": "岡山県井原市西方町１４２５－１", "緯度": 34.577684, "経度": 133.481603, "url": "https://www.iryou.teikyouseido.mhlw.go.jp/znk-web/juminkanja/S2430/initialize?prefCd=33&kikanCd=2330002290&kikanKbn=2", "url2": "http://www.kinoko-group.jp/kinoko-espoir/", "内容": "きのこエスポアール病院付属きのこ診療所【2:診療所】【診療科目:内科_耳鼻いんこう科_精神科_リハビリテーション科】岡山県井原市西方町１４２５－１" }, "geometry": { "type": "Point", "coordinates": [ 133.481603, 34.577684 ] } },
{ "type": "Feature", "properties": { "ID": 3322330002330, "正式名称": "医療法人　恵真会　鳥越医院", "機関区分": 2, "都道府県コード": 33, "市区町村コード": 207, "所在地": "岡山県井原市笹賀町二丁目２１番地の３", "緯度": 34.590126, "経度": 133.446133, "url": "https://www.iryou.teikyouseido.mhlw.go.jp/znk-web/juminkanja/S2430/initialize?prefCd=33&kikanCd=2330002330&kikanKbn=2", "url2": null, "内容": "医療法人　恵真会　鳥越医院【2:診療所】【診療科目:内科_リハビリテーション科_麻酔科】岡山県井原市笹賀町二丁目２１番地の３" }, "geometry": { "type": "Point", "coordinates": [ 133.446133, 34.590126 ] } },
{ "type": "Feature", "properties": { "ID": 3322330002340, "正式名称": "長尾整形外科リハビリテーション科", "機関区分": 2, "都道府県コード": 33, "市区町村コード": 207, "所在地": "岡山県井原市西江原町８６７番地１", "緯度": 34.597404, "経度": 133.484907, "url": "https://www.iryou.teikyouseido.mhlw.go.jp/znk-web/juminkanja/S2430/initialize?prefCd=33&kikanCd=2330002340&kikanKbn=2", "url2": "https://nagao-clinic.or.jp/", "内容": "長尾整形外科リハビリテーション科【2:診療所】【診療科目:整形外科_リハビリテーション科】岡山県井原市西江原町８６７番地１" }, "geometry": { "type": "Point", "coordinates": [ 133.484907, 34.597404 ] } },
{ "type": "Feature", "properties": { "ID": 3322330002350, "正式名称": "医療法人原田内科医院", "機関区分": 2, "都道府県コード": 33, "市区町村コード": 207, "所在地": "岡山県井原市西江原町８５１－１", "緯度": 34.598349, "経度": 133.485018, "url": "https://www.iryou.teikyouseido.mhlw.go.jp/znk-web/juminkanja/S2430/initialize?prefCd=33&kikanCd=2330002350&kikanKbn=2", "url2": null, "内容": "医療法人原田内科医院【2:診療所】【診療科目:内科_呼吸器内科_小児科_アレルギー科_放射線科】岡山県井原市西江原町８５１－１" }, "geometry": { "type": "Point", "coordinates": [ 133.485018, 34.598349 ] } },
{ "type": "Feature", "properties": { "ID": 3322330002360, "正式名称": "平木眼科医院", "機関区分": 2, "都道府県コード": 33, "市区町村コード": 207, "所在地": "岡山県井原市七日市町１３２", "緯度": 34.594543, "経度": 133.467937, "url": "https://www.iryou.teikyouseido.mhlw.go.jp/znk-web/juminkanja/S2430/initialize?prefCd=33&kikanCd=2330002360&kikanKbn=2", "url2": "http://hiraki-eye.jp", "内容": "平木眼科医院【2:診療所】【診療科目:眼科】岡山県井原市七日市町１３２" }, "geometry": { "type": "Point", "coordinates": [ 133.467937, 34.594543 ] } },
{ "type": "Feature", "properties": { "ID": 3322330002380, "正式名称": "医療法人　ほそや医院", "機関区分": 2, "都道府県コード": 33, "市区町村コード": 207, "所在地": "岡山県井原市七日市町１０２", "緯度": 34.595321, "経度": 133.469853, "url": "https://www.iryou.teikyouseido.mhlw.go.jp/znk-web/juminkanja/S2430/initialize?prefCd=33&kikanCd=2330002380&kikanKbn=2", "url2": "https://www.hosoya-iin.or.jp/", "内容": "医療法人　ほそや医院【2:診療所】【診療科目:内科_糖尿病・内分泌内科_小児科_皮膚科】岡山県井原市七日市町１０２" }, "geometry": { "type": "Point", "coordinates": [ 133.469853, 34.595321 ] } },
{ "type": "Feature", "properties": { "ID": 3322330002400, "正式名称": "医療法人美星会三宅医院", "機関区分": 2, "都道府県コード": 33, "市区町村コード": 207, "所在地": "岡山県井原市美星町星田５１９１－１", "緯度": 34.679617, "経度": 133.494432, "url": "https://www.iryou.teikyouseido.mhlw.go.jp/znk-web/juminkanja/S2430/initialize?prefCd=33&kikanCd=2330002400&kikanKbn=2", "url2": null, "内容": "医療法人美星会三宅医院【2:診療所】【診療科目:内科_消化器内科_小児科】岡山県井原市美星町星田５１９１－１" }, "geometry": { "type": "Point", "coordinates": [ 133.494432, 34.679617 ] } },
{ "type": "Feature", "properties": { "ID": 3322330002410, "正式名称": "医療法人　平允会　森本整形外科医院", "機関区分": 2, "都道府県コード": 33, "市区町村コード": 207, "所在地": "岡山県井原市上出部町４７３", "緯度": 34.594432, "経度": 133.467353, "url": "https://www.iryou.teikyouseido.mhlw.go.jp/znk-web/juminkanja/S2430/initialize?prefCd=33&kikanCd=2330002410&kikanKbn=2", "url2": "http://morimotoseikei-hifu.net", "内容": "医療法人　平允会　森本整形外科医院【2:診療所】【診療科目:整形外科_皮膚科_リウマチ科_リハビリテーション科】岡山県井原市上出部町４７３" }, "geometry": { "type": "Point", "coordinates": [ 133.467353, 34.594432 ] } },
{ "type": "Feature", "properties": { "ID": 3322330002420, "正式名称": "山成医院", "機関区分": 2, "都道府県コード": 33, "市区町村コード": 207, "所在地": "岡山県井原市芳井町与井４４－７", "緯度": 34.627539, "経度": 133.435022, "url": "https://www.iryou.teikyouseido.mhlw.go.jp/znk-web/juminkanja/S2430/initialize?prefCd=33&kikanCd=2330002420&kikanKbn=2", "url2": "http://www.ibaraisikai.or.jp/hospital/iryoumap.html", "内容": "山成医院【2:診療所】【診療科目:内科_循環器内科_小児科】岡山県井原市芳井町与井４４－７" }, "geometry": { "type": "Point", "coordinates": [ 133.435022, 34.627539 ] } },
{ "type": "Feature", "properties": { "ID": 3322330002440, "正式名称": "医療法人飛翔会鴨方クリニック", "機関区分": 2, "都道府県コード": 33, "市区町村コード": 216, "所在地": "岡山県浅口市鴨方町深田９９１－１", "緯度": 34.534969, "経度": 133.577429, "url": "https://www.iryou.teikyouseido.mhlw.go.jp/znk-web/juminkanja/S2430/initialize?prefCd=33&kikanCd=2330002440&kikanKbn=2", "url2": "https://www.kamogata-clinic.com", "内容": "医療法人飛翔会鴨方クリニック【2:診療所】【診療科目:内科_循環器内科_小児科】岡山県浅口市鴨方町深田９９１－１" }, "geometry": { "type": "Point", "coordinates": [ 133.577429, 34.534969 ] } },
{ "type": "Feature", "properties": { "ID": 3322330002450, "正式名称": "医療法人　社団福谷会　鴨方第一内科クリニック", "機関区分": 2, "都道府県コード": 33, "市区町村コード": 216, "所在地": "岡山県浅口市鴨方町六条院中１３２９", "緯度": 34.521471, "経度": 133.578401, "url": "https://www.iryou.teikyouseido.mhlw.go.jp/znk-web/juminkanja/S2430/initialize?prefCd=33&kikanCd=2330002450&kikanKbn=2", "url2": "http://www.sunpalacetouka2.com/.", "内容": "医療法人　社団福谷会　鴨方第一内科クリニック【2:診療所】【診療科目:内科_外科_泌尿器科】岡山県浅口市鴨方町六条院中１３２９" }, "geometry": { "type": "Point", "coordinates": [ 133.578401, 34.521471 ] } },
{ "type": "Feature", "properties": { "ID": 3322330002460, "正式名称": "くにもと内科小児科医院", "機関区分": 2, "都道府県コード": 33, "市区町村コード": 216, "所在地": "岡山県浅口市鴨方町六条院中２３２６－１", "緯度": 34.523304, "経度": 133.584429, "url": "https://www.iryou.teikyouseido.mhlw.go.jp/znk-web/juminkanja/S2430/initialize?prefCd=33&kikanCd=2330002460&kikanKbn=2", "url2": null, "内容": "くにもと内科小児科医院【2:診療所】【診療科目:内科_小児科_リハビリテーション科】岡山県浅口市鴨方町六条院中２３２６－１" }, "geometry": { "type": "Point", "coordinates": [ 133.584429, 34.523304 ] } },
{ "type": "Feature", "properties": { "ID": 3322330002470, "正式名称": "さかの整形外科", "機関区分": 2, "都道府県コード": 33, "市区町村コード": 216, "所在地": "岡山県浅口市鴨方町鴨方１１０８－７", "緯度": 34.538552, "経度": 133.587706, "url": "https://www.iryou.teikyouseido.mhlw.go.jp/znk-web/juminkanja/S2430/initialize?prefCd=33&kikanCd=2330002470&kikanKbn=2", "url2": null, "内容": "さかの整形外科【2:診療所】【診療科目:整形外科_リウマチ科_リハビリテーション科】岡山県浅口市鴨方町鴨方１１０８－７" }, "geometry": { "type": "Point", "coordinates": [ 133.587706, 34.538552 ] } },
{ "type": "Feature", "properties": { "ID": 3322330002490, "正式名称": "白神医院", "機関区分": 2, "都道府県コード": 33, "市区町村コード": 216, "所在地": "岡山県浅口市寄島町５６６０", "緯度": 34.48478, "経度": 133.583624, "url": "https://www.iryou.teikyouseido.mhlw.go.jp/znk-web/juminkanja/S2430/initialize?prefCd=33&kikanCd=2330002490&kikanKbn=2", "url2": null, "内容": "白神医院【2:診療所】【診療科目:内科】岡山県浅口市寄島町５６６０" }, "geometry": { "type": "Point", "coordinates": [ 133.583624, 34.48478 ] } },
{ "type": "Feature", "properties": { "ID": 3322330002500, "正式名称": "高山医院", "機関区分": 2, "都道府県コード": 33, "市区町村コード": 216, "所在地": "岡山県浅口市鴨方町鴨方２２１０－１", "緯度": 34.535025, "経度": 133.586095, "url": "https://www.iryou.teikyouseido.mhlw.go.jp/znk-web/juminkanja/S2430/initialize?prefCd=33&kikanCd=2330002500&kikanKbn=2", "url2": null, "内容": "高山医院【2:診療所】【診療科目:内科_胃腸内科_小児科】岡山県浅口市鴨方町鴨方２２１０－１" }, "geometry": { "type": "Point", "coordinates": [ 133.586095, 34.535025 ] } },
{ "type": "Feature", "properties": { "ID": 3322330002510, "正式名称": "医療法人　たけ耳鼻咽喉科医院", "機関区分": 2, "都道府県コード": 33, "市区町村コード": 216, "所在地": "岡山県浅口市金光町占見新田３９８－１", "緯度": 34.54158, "経度": 133.621175, "url": "https://www.iryou.teikyouseido.mhlw.go.jp/znk-web/juminkanja/S2430/initialize?prefCd=33&kikanCd=2330002510&kikanKbn=2", "url2": "http://www.takejibika.com/index.html", "内容": "医療法人　たけ耳鼻咽喉科医院【2:診療所】【診療科目:耳鼻いんこう科】岡山県浅口市金光町占見新田３９８－１" }, "geometry": { "type": "Point", "coordinates": [ 133.621175, 34.54158 ] } },
{ "type": "Feature", "properties": { "ID": 3322330002520, "正式名称": "医療法人　田中眼科医院", "機関区分": 2, "都道府県コード": 33, "市区町村コード": 216, "所在地": "岡山県浅口市鴨方町六条院中３２３５－１", "緯度": 34.52772, "経度": 133.586873, "url": "https://www.iryou.teikyouseido.mhlw.go.jp/znk-web/juminkanja/S2430/initialize?prefCd=33&kikanCd=2330002520&kikanKbn=2", "url2": "http://www.tanaka-ganka-clinic.com/wp/", "内容": "医療法人　田中眼科医院【2:診療所】【診療科目:眼科】岡山県浅口市鴨方町六条院中３２３５－１" }, "geometry": { "type": "Point", "coordinates": [ 133.586873, 34.52772 ] } },
{ "type": "Feature", "properties": { "ID": 3322330002530, "正式名称": "ナガヒロ医院", "機関区分": 2, "都道府県コード": 33, "市区町村コード": 216, "所在地": "岡山県浅口市鴨方町鴨方１８３７－１", "緯度": 34.535608, "経度": 133.592427, "url": "https://www.iryou.teikyouseido.mhlw.go.jp/znk-web/juminkanja/S2430/initialize?prefCd=33&kikanCd=2330002530&kikanKbn=2", "url2": "https://nagahiroiin.web.fc2.com/", "内容": "ナガヒロ医院【2:診療所】【診療科目:内科_呼吸器内科_小児科】岡山県浅口市鴨方町鴨方１８３７－１" }, "geometry": { "type": "Point", "coordinates": [ 133.592427, 34.535608 ] } },
{ "type": "Feature", "properties": { "ID": 3322330002540, "正式名称": "医療法人社団宇根本会　にいつ耳鼻咽喉科医院", "機関区分": 2, "都道府県コード": 33, "市区町村コード": 216, "所在地": "岡山県浅口市鴨方町鴨方１６４５番地１", "緯度": 34.540802, "経度": 133.593483, "url": "https://www.iryou.teikyouseido.mhlw.go.jp/znk-web/juminkanja/S2430/initialize?prefCd=33&kikanCd=2330002540&kikanKbn=2", "url2": "https://une-niitsu.jp/", "内容": "医療法人社団宇根本会　にいつ耳鼻咽喉科医院【2:診療所】【診療科目:耳鼻いんこう科】岡山県浅口市鴨方町鴨方１６４５番地１" }, "geometry": { "type": "Point", "coordinates": [ 133.593483, 34.540802 ] } },
{ "type": "Feature", "properties": { "ID": 3322330002550, "正式名称": "医療法人　福嶋医院", "機関区分": 2, "都道府県コード": 33, "市区町村コード": 216, "所在地": "岡山県浅口市寄島町３０７２", "緯度": 34.491558, "経度": 133.592734, "url": "https://www.iryou.teikyouseido.mhlw.go.jp/znk-web/juminkanja/S2430/initialize?prefCd=33&kikanCd=2330002550&kikanKbn=2", "url2": "http://www.iruka.or.jp", "内容": "医療法人　福嶋医院【2:診療所】【診療科目:内科_消化器内科】岡山県浅口市寄島町３０７２" }, "geometry": { "type": "Point", "coordinates": [ 133.592734, 34.491558 ] } },
{ "type": "Feature", "properties": { "ID": 3322330002560, "正式名称": "医療法人　ほかま医院", "機関区分": 2, "都道府県コード": 33, "市区町村コード": 216, "所在地": "岡山県浅口市金光町占見新田１１６６－１", "緯度": 34.547941, "経度": 133.626813, "url": "https://www.iryou.teikyouseido.mhlw.go.jp/znk-web/juminkanja/S2430/initialize?prefCd=33&kikanCd=2330002560&kikanKbn=2", "url2": null, "内容": "医療法人　ほかま医院【2:診療所】【診療科目:内科_小児科_リハビリテーション科】岡山県浅口市金光町占見新田１１６６－１" }, "geometry": { "type": "Point", "coordinates": [ 133.626813, 34.547941 ] } },
{ "type": "Feature", "properties": { "ID": 3322330002570, "正式名称": "医療法人社団よりしま中西医院", "機関区分": 2, "都道府県コード": 33, "市区町村コード": 216, "所在地": "岡山県浅口市寄島町７５４３－１１", "緯度": 34.480503, "経度": 133.58643, "url": "https://www.iryou.teikyouseido.mhlw.go.jp/znk-web/juminkanja/S2430/initialize?prefCd=33&kikanCd=2330002570&kikanKbn=2", "url2": null, "内容": "医療法人社団よりしま中西医院【2:診療所】【診療科目:内科_リハビリテーション科】岡山県浅口市寄島町７５４３－１１" }, "geometry": { "type": "Point", "coordinates": [ 133.58643, 34.480503 ] } },
{ "type": "Feature", "properties": { "ID": 3322330002580, "正式名称": "医療法人礒川内科医院", "機関区分": 2, "都道府県コード": 33, "市区町村コード": 445, "所在地": "岡山県浅口郡里庄町新庄１３８８", "緯度": 34.510749, "経度": 133.556765, "url": "https://www.iryou.teikyouseido.mhlw.go.jp/znk-web/juminkanja/S2430/initialize?prefCd=33&kikanCd=2330002580&kikanKbn=2", "url2": null, "内容": "医療法人礒川内科医院【2:診療所】【診療科目:内科】岡山県浅口郡里庄町新庄１３８８" }, "geometry": { "type": "Point", "coordinates": [ 133.556765, 34.510749 ] } },
{ "type": "Feature", "properties": { "ID": 3322330002590, "正式名称": "鴨方整形外科", "機関区分": 2, "都道府県コード": 33, "市区町村コード": 445, "所在地": "岡山県浅口郡里庄町里見５２７６", "緯度": 34.530247, "経度": 133.583354, "url": "https://www.iryou.teikyouseido.mhlw.go.jp/znk-web/juminkanja/S2430/initialize?prefCd=33&kikanCd=2330002590&kikanKbn=2", "url2": null, "内容": "鴨方整形外科【2:診療所】【診療科目:整形外科_リハビリテーション科】岡山県浅口郡里庄町里見５２７６" }, "geometry": { "type": "Point", "coordinates": [ 133.583354, 34.530247 ] } },
{ "type": "Feature", "properties": { "ID": 3322330002600, "正式名称": "里庄町健康福祉センター", "機関区分": 2, "都道府県コード": 33, "市区町村コード": 445, "所在地": "岡山県浅口郡里庄町里見１１０７－２", "緯度": 34.513999, "経度": 133.556265, "url": "https://www.iryou.teikyouseido.mhlw.go.jp/znk-web/juminkanja/S2430/initialize?prefCd=33&kikanCd=2330002600&kikanKbn=2", "url2": null, "内容": "里庄町健康福祉センター【2:診療所】【診療科目:内科_リハビリテーション科】岡山県浅口郡里庄町里見１１０７－２" }, "geometry": { "type": "Point", "coordinates": [ 133.556265, 34.513999 ] } },
{ "type": "Feature", "properties": { "ID": 3322330002604, "正式名称": "渡辺医院尾上クリニック", "機関区分": 2, "都道府県コード": 33, "市区町村コード": 101, "所在地": "岡山県岡山市北区尾上１０５－１", "緯度": 34.669081, "経度": 133.868453, "url": "https://www.iryou.teikyouseido.mhlw.go.jp/znk-web/juminkanja/S2430/initialize?prefCd=33&kikanCd=2330002604&kikanKbn=2", "url2": null, "内容": "渡辺医院尾上クリニック【2:診療所】【診療科目:内科_消化器内科_内視鏡内科】岡山県岡山市北区尾上１０５－１" }, "geometry": { "type": "Point", "coordinates": [ 133.868453, 34.669081 ] } },
{ "type": "Feature", "properties": { "ID": 3322330002610, "正式名称": "医療法人一明会なかむら眼科", "機関区分": 2, "都道府県コード": 33, "市区町村コード": 445, "所在地": "岡山県浅口郡里庄町新庄５３４１－１", "緯度": 34.504833, "経度": 133.550266, "url": "https://www.iryou.teikyouseido.mhlw.go.jp/znk-web/juminkanja/S2430/initialize?prefCd=33&kikanCd=2330002610&kikanKbn=2", "url2": "https://www.nakamuraopthclinic.com", "内容": "医療法人一明会なかむら眼科【2:診療所】【診療科目:眼科】岡山県浅口郡里庄町新庄５３４１－１" }, "geometry": { "type": "Point", "coordinates": [ 133.550266, 34.504833 ] } },
{ "type": "Feature", "properties": { "ID": 3322330002620, "正式名称": "医療法人社団宇根本会　にいつクリニック", "機関区分": 2, "都道府県コード": 33, "市区町村コード": 445, "所在地": "岡山県浅口郡里庄町新庄２９２９番地１", "緯度": 34.506305, "経度": 133.55096, "url": "https://www.iryou.teikyouseido.mhlw.go.jp/znk-web/juminkanja/S2430/initialize?prefCd=33&kikanCd=2330002620&kikanKbn=2", "url2": "https://une-niitsu.jp/", "内容": "医療法人社団宇根本会　にいつクリニック【2:診療所】【診療科目:内科_外科_整形外科_耳鼻いんこう科_皮膚科】岡山県浅口郡里庄町新庄２９２９番地１" }, "geometry": { "type": "Point", "coordinates": [ 133.55096, 34.506305 ] } },
{ "type": "Feature", "properties": { "ID": 3322330002630, "正式名称": "医療法人おぐら整形外科医院", "機関区分": 2, "都道府県コード": 33, "市区町村コード": 461, "所在地": "岡山県小田郡矢掛町矢掛２５３３", "緯度": 34.627681, "経度": 133.58998, "url": "https://www.iryou.teikyouseido.mhlw.go.jp/znk-web/juminkanja/S2430/initialize?prefCd=33&kikanCd=2330002630&kikanKbn=2", "url2": "http://myclinic.ne.jp/oguraseikei/", "内容": "医療法人おぐら整形外科医院【2:診療所】【診療科目:内科_整形外科_リウマチ科_リハビリテーション科_麻酔科】岡山県小田郡矢掛町矢掛２５３３" }, "geometry": { "type": "Point", "coordinates": [ 133.58998, 34.627681 ] } },
{ "type": "Feature", "properties": { "ID": 3322330002640, "正式名称": "小塚医院", "機関区分": 2, "都道府県コード": 33, "市区町村コード": 461, "所在地": "岡山県小田郡矢掛町矢掛３０３０－１", "緯度": 34.626486, "経度": 133.587342, "url": "https://www.iryou.teikyouseido.mhlw.go.jp/znk-web/juminkanja/S2430/initialize?prefCd=33&kikanCd=2330002640&kikanKbn=2", "url2": null, "内容": "小塚医院【2:診療所】【診療科目:内科_消化器内科】岡山県小田郡矢掛町矢掛３０３０－１" }, "geometry": { "type": "Point", "coordinates": [ 133.587342, 34.626486 ] } },
{ "type": "Feature", "properties": { "ID": 3322330002650, "正式名称": "医療法人　筒井医院", "機関区分": 2, "都道府県コード": 33, "市区町村コード": 461, "所在地": "岡山県小田郡矢掛町小田５５２６－７", "緯度": 34.60596, "経度": 133.54343, "url": "https://www.iryou.teikyouseido.mhlw.go.jp/znk-web/juminkanja/S2430/initialize?prefCd=33&kikanCd=2330002650&kikanKbn=2", "url2": "https://tsutsui-iin.jp", "内容": "医療法人　筒井医院【2:診療所】【診療科目:内科_消化器内科_外科_乳腺外科_皮膚科】岡山県小田郡矢掛町小田５５２６－７" }, "geometry": { "type": "Point", "coordinates": [ 133.54343, 34.60596 ] } },
{ "type": "Feature", "properties": { "ID": 3322330002660, "正式名称": "水川内科医院", "機関区分": 2, "都道府県コード": 33, "市区町村コード": 461, "所在地": "岡山県小田郡矢掛町小林１６７－１", "緯度": 34.623903, "経度": 133.584259, "url": "https://www.iryou.teikyouseido.mhlw.go.jp/znk-web/juminkanja/S2430/initialize?prefCd=33&kikanCd=2330002660&kikanKbn=2", "url2": null, "内容": "水川内科医院【2:診療所】【診療科目:内科_循環器内科_小児科】岡山県小田郡矢掛町小林１６７－１" }, "geometry": { "type": "Point", "coordinates": [ 133.584259, 34.623903 ] } },
{ "type": "Feature", "properties": { "ID": 3322330002670, "正式名称": "特別養護老人ホーム矢掛荘医務室", "機関区分": 2, "都道府県コード": 33, "市区町村コード": 461, "所在地": "岡山県小田郡矢掛町南山田３０４４－１２", "緯度": 34.585353, "経度": 133.613007, "url": "https://www.iryou.teikyouseido.mhlw.go.jp/znk-web/juminkanja/S2430/initialize?prefCd=33&kikanCd=2330002670&kikanKbn=2", "url2": "https://www.yakage-so.jp/", "内容": "特別養護老人ホーム矢掛荘医務室【2:診療所】【診療科目:内科_外科】岡山県小田郡矢掛町南山田３０４４－１２" }, "geometry": { "type": "Point", "coordinates": [ 133.613007, 34.585353 ] } },
{ "type": "Feature", "properties": { "ID": 3322330002690, "正式名称": "医療法人慈成会山縣内科医院", "機関区分": 2, "都道府県コード": 33, "市区町村コード": 461, "所在地": "岡山県小田郡矢掛町矢掛３１０３", "緯度": 34.623459, "経度": 133.587592, "url": "https://www.iryou.teikyouseido.mhlw.go.jp/znk-web/juminkanja/S2430/initialize?prefCd=33&kikanCd=2330002690&kikanKbn=2", "url2": "https://www.yamagata-internal-medicine-clinic.com/", "内容": "医療法人慈成会山縣内科医院【2:診療所】【診療科目:内科_呼吸器内科_消化器内科_小児科_アレルギー科】岡山県小田郡矢掛町矢掛３１０３" }, "geometry": { "type": "Point", "coordinates": [ 133.587592, 34.623459 ] } },
{ "type": "Feature", "properties": { "ID": 3322330002710, "正式名称": "医療法人　池田医院", "機関区分": 2, "都道府県コード": 33, "市区町村コード": 209, "所在地": "岡山県高梁市中間町５８", "緯度": 34.793231, "経度": 133.614613, "url": "https://www.iryou.teikyouseido.mhlw.go.jp/znk-web/juminkanja/S2430/initialize?prefCd=33&kikanCd=2330002710&kikanKbn=2", "url2": null, "内容": "医療法人　池田医院【2:診療所】【診療科目:内科_人工透析内科_小児科_歯科_矯正歯科】岡山県高梁市中間町５８" }, "geometry": { "type": "Point", "coordinates": [ 133.614613, 34.793231 ] } },
{ "type": "Feature", "properties": { "ID": 3322330002730, "正式名称": "医療法人　優輝会　尾島クリニック", "機関区分": 2, "都道府県コード": 33, "市区町村コード": 209, "所在地": "岡山県高梁市柿木町５", "緯度": 34.794829, "経度": 133.617, "url": "https://www.iryou.teikyouseido.mhlw.go.jp/znk-web/juminkanja/S2430/initialize?prefCd=33&kikanCd=2330002730&kikanKbn=2", "url2": "http://www.ojimaclinic.com/", "内容": "医療法人　優輝会　尾島クリニック【2:診療所】【診療科目:内科_産婦人科】岡山県高梁市柿木町５" }, "geometry": { "type": "Point", "coordinates": [ 133.617, 34.794829 ] } },
{ "type": "Feature", "properties": { "ID": 3322330002750, "正式名称": "社会福祉法人　順正福祉会　特別養護老人ホームグリーンヒル順正", "機関区分": 2, "都道府県コード": 33, "市区町村コード": 209, "所在地": "岡山県高梁市松原町神原２２８１－８", "緯度": 34.814382, "経度": 133.595307, "url": "https://www.iryou.teikyouseido.mhlw.go.jp/znk-web/juminkanja/S2430/initialize?prefCd=33&kikanCd=2330002750&kikanKbn=2", "url2": "http://greenhill-junsei.com/", "内容": "社会福祉法人　順正福祉会　特別養護老人ホームグリーンヒル順正【2:診療所】【診療科目:内科】岡山県高梁市松原町神原２２８１－８" }, "geometry": { "type": "Point", "coordinates": [ 133.595307, 34.814382 ] } },
{ "type": "Feature", "properties": { "ID": 3322330002770, "正式名称": "高梁市有漢診療所", "機関区分": 2, "都道府県コード": 33, "市区町村コード": 209, "所在地": "岡山県高梁市有漢町有漢３３８７", "緯度": 34.903843, "経度": 133.66241, "url": "https://www.iryou.teikyouseido.mhlw.go.jp/znk-web/juminkanja/S2430/initialize?prefCd=33&kikanCd=2330002770&kikanKbn=2", "url2": "https://www.city.takahashi.lg.jp/map/ukanshinryoujyo.html", "内容": "高梁市有漢診療所【2:診療所】【診療科目:内科_外科】岡山県高梁市有漢町有漢３３８７" }, "geometry": { "type": "Point", "coordinates": [ 133.66241, 34.903843 ] } },
{ "type": "Feature", "properties": { "ID": 3322330002780, "正式名称": "高梁市宇治診療所", "機関区分": 2, "都道府県コード": 33, "市区町村コード": 209, "所在地": "岡山県高梁市宇治町宇治１６９０番地", "緯度": 34.827684, "経度": 133.491455, "url": "https://www.iryou.teikyouseido.mhlw.go.jp/znk-web/juminkanja/S2430/initialize?prefCd=33&kikanCd=2330002780&kikanKbn=2", "url2": "https://www.city.takahashi.lg.jp/site/nariwahospital/", "内容": "高梁市宇治診療所【2:診療所】【診療科目:内科】岡山県高梁市宇治町宇治１６９０番地" }, "geometry": { "type": "Point", "coordinates": [ 133.491455, 34.827684 ] } },
{ "type": "Feature", "properties": { "ID": 3322330002790, "正式名称": "高梁市国民健康保険成羽病院附属川上診療所", "機関区分": 2, "都道府県コード": 33, "市区町村コード": 209, "所在地": "岡山県高梁市川上町地頭２３４０", "緯度": 34.733416, "経度": 133.48007, "url": "https://www.iryou.teikyouseido.mhlw.go.jp/znk-web/juminkanja/S2430/initialize?prefCd=33&kikanCd=2330002790&kikanKbn=2", "url2": "http://www.asahigawasou.or.jp/", "内容": "高梁市国民健康保険成羽病院附属川上診療所【2:診療所】【診療科目:内科_外科_小児科_精神科】岡山県高梁市川上町地頭２３４０" }, "geometry": { "type": "Point", "coordinates": [ 133.48007, 34.733416 ] } },
{ "type": "Feature", "properties": { "ID": 3322330002800, "正式名称": "高梁市国民健康保険成羽病院附属田原診療所", "機関区分": 2, "都道府県コード": 33, "市区町村コード": 209, "所在地": "岡山県高梁市成羽町布寄１１９番地", "緯度": 34.818294, "経度": 133.434516, "url": "https://www.iryou.teikyouseido.mhlw.go.jp/znk-web/juminkanja/S2430/initialize?prefCd=33&kikanCd=2330002800&kikanKbn=2", "url2": "https://www.city.takahashi.lg.jp/site/nariwahospital/", "内容": "高梁市国民健康保険成羽病院附属田原診療所【2:診療所】【診療科目:内科】岡山県高梁市成羽町布寄１１９番地" }, "geometry": { "type": "Point", "coordinates": [ 133.434516, 34.818294 ] } },
{ "type": "Feature", "properties": { "ID": 3322330002820, "正式名称": "高梁市西山診療所", "機関区分": 2, "都道府県コード": 33, "市区町村コード": 209, "所在地": "岡山県高梁市備中町西山２１１５番地４", "緯度": 34.856205, "経度": 133.354633, "url": "https://www.iryou.teikyouseido.mhlw.go.jp/znk-web/juminkanja/S2430/initialize?prefCd=33&kikanCd=2330002820&kikanKbn=2", "url2": "https://www.city.takahashi.lg.jp/site/nariwahospital/", "内容": "高梁市西山診療所【2:診療所】【診療科目:内科】岡山県高梁市備中町西山２１１５番地４" }, "geometry": { "type": "Point", "coordinates": [ 133.354633, 34.856205 ] } },
{ "type": "Feature", "properties": { "ID": 3322330002830, "正式名称": "高梁市国民健康保険成羽病院附属備中診療所", "機関区分": 2, "都道府県コード": 33, "市区町村コード": 209, "所在地": "岡山県高梁市備中町長屋６－１", "緯度": 34.786354, "経度": 133.462264, "url": "https://www.iryou.teikyouseido.mhlw.go.jp/znk-web/juminkanja/S2430/initialize?prefCd=33&kikanCd=2330002830&kikanKbn=2", "url2": "https://www.city.takahashi.lg.jp/site/nariwahospital/", "内容": "高梁市国民健康保険成羽病院附属備中診療所【2:診療所】【診療科目:内科_外科】岡山県高梁市備中町長屋６－１" }, "geometry": { "type": "Point", "coordinates": [ 133.462264, 34.786354 ] } },
{ "type": "Feature", "properties": { "ID": 3322330002840, "正式名称": "高梁市国民健康保険成羽病院附属平川診療所", "機関区分": 2, "都道府県コード": 33, "市区町村コード": 209, "所在地": "岡山県高梁市備中町平川６１７２－４", "緯度": 34.798157, "経度": 133.383604, "url": "https://www.iryou.teikyouseido.mhlw.go.jp/znk-web/juminkanja/S2430/initialize?prefCd=33&kikanCd=2330002840&kikanKbn=2", "url2": "https://www.city.takahashi.lg.jp/site/nariwahospital/", "内容": "高梁市国民健康保険成羽病院附属平川診療所【2:診療所】【診療科目:内科】岡山県高梁市備中町平川６１７２－４" }, "geometry": { "type": "Point", "coordinates": [ 133.383604, 34.798157 ] } },
{ "type": "Feature", "properties": { "ID": 3322330002850, "正式名称": "高梁市国民健康保険成羽病院附属吹屋診療所", "機関区分": 2, "都道府県コード": 33, "市区町村コード": 209, "所在地": "岡山県高梁市成羽町吹屋８３８－２", "緯度": 34.861318, "経度": 133.470511, "url": "https://www.iryou.teikyouseido.mhlw.go.jp/znk-web/juminkanja/S2430/initialize?prefCd=33&kikanCd=2330002850&kikanKbn=2", "url2": "https://www.city.takahashi.lg.jp/site/nariwahospital/", "内容": "高梁市国民健康保険成羽病院附属吹屋診療所【2:診療所】【診療科目:内科】岡山県高梁市成羽町吹屋８３８－２" }, "geometry": { "type": "Point", "coordinates": [ 133.470511, 34.861318 ] } },
{ "type": "Feature", "properties": { "ID": 3322330002860, "正式名称": "高梁市国民健康保険成羽病院附属湯野診療所", "機関区分": 2, "都道府県コード": 33, "市区町村コード": 209, "所在地": "岡山県高梁市備中町西油野１４０４番地の１", "緯度": 34.85079, "経度": 133.402129, "url": "https://www.iryou.teikyouseido.mhlw.go.jp/znk-web/juminkanja/S2430/initialize?prefCd=33&kikanCd=2330002860&kikanKbn=2", "url2": "https://www.city.takahashi.lg.jp/site/nariwahospital/", "内容": "高梁市国民健康保険成羽病院附属湯野診療所【2:診療所】【診療科目:内科】岡山県高梁市備中町西油野１４０４番地の１" }, "geometry": { "type": "Point", "coordinates": [ 133.402129, 34.85079 ] } },
{ "type": "Feature", "properties": { "ID": 3322330002870, "正式名称": "医療法人高梁整形外科医院", "機関区分": 2, "都道府県コード": 33, "市区町村コード": 209, "所在地": "岡山県高梁市本町１１番地１", "緯度": 34.799047, "経度": 133.615968, "url": "https://www.iryou.teikyouseido.mhlw.go.jp/znk-web/juminkanja/S2430/initialize?prefCd=33&kikanCd=2330002870&kikanKbn=2", "url2": "http://www.takahashiseikei.jp/", "内容": "医療法人高梁整形外科医院【2:診療所】【診療科目:整形外科_リウマチ科_リハビリテーション科】岡山県高梁市本町１１番地１" }, "geometry": { "type": "Point", "coordinates": [ 133.615968, 34.799047 ] } },
{ "type": "Feature", "properties": { "ID": 3322330002880, "正式名称": "医療法人仲田医院", "機関区分": 2, "都道府県コード": 33, "市区町村コード": 209, "所在地": "岡山県高梁市落合町阿部１８９６", "緯度": 34.779274, "経度": 133.586143, "url": "https://www.iryou.teikyouseido.mhlw.go.jp/znk-web/juminkanja/S2430/initialize?prefCd=33&kikanCd=2330002880&kikanKbn=2", "url2": null, "内容": "医療法人仲田医院【2:診療所】【診療科目:内科_小児科】岡山県高梁市落合町阿部１８９６" }, "geometry": { "type": "Point", "coordinates": [ 133.586143, 34.779274 ] } },
{ "type": "Feature", "properties": { "ID": 3322330002890, "正式名称": "西医院", "機関区分": 2, "都道府県コード": 33, "市区町村コード": 209, "所在地": "岡山県高梁市中之町２１番地", "緯度": 34.797856, "経度": 133.617722, "url": "https://www.iryou.teikyouseido.mhlw.go.jp/znk-web/juminkanja/S2430/initialize?prefCd=33&kikanCd=2330002890&kikanKbn=2", "url2": null, "内容": "西医院【2:診療所】【診療科目:内科】岡山県高梁市中之町２１番地" }, "geometry": { "type": "Point", "coordinates": [ 133.617722, 34.797856 ] } },
{ "type": "Feature", "properties": { "ID": 3322330002900, "正式名称": "医療法人野村医院", "機関区分": 2, "都道府県コード": 33, "市区町村コード": 209, "所在地": "岡山県高梁市巨瀬町１６５０－１", "緯度": 34.88493, "経度": 133.644912, "url": "https://www.iryou.teikyouseido.mhlw.go.jp/znk-web/juminkanja/S2430/initialize?prefCd=33&kikanCd=2330002900&kikanKbn=2", "url2": null, "内容": "医療法人野村医院【2:診療所】【診療科目:内科_外科】岡山県高梁市巨瀬町１６５０－１" }, "geometry": { "type": "Point", "coordinates": [ 133.644912, 34.88493 ] } },
{ "type": "Feature", "properties": { "ID": 3322330002920, "正式名称": "ふじかわ眼科高梁分院", "機関区分": 2, "都道府県コード": 33, "市区町村コード": 209, "所在地": "岡山県高梁市落合町阿部５９９－１", "緯度": 34.779747, "経度": 133.593836, "url": "https://www.iryou.teikyouseido.mhlw.go.jp/znk-web/juminkanja/S2430/initialize?prefCd=33&kikanCd=2330002920&kikanKbn=2", "url2": null, "内容": "ふじかわ眼科高梁分院【2:診療所】【診療科目:眼科】岡山県高梁市落合町阿部５９９－１" }, "geometry": { "type": "Point", "coordinates": [ 133.593836, 34.779747 ] } },
{ "type": "Feature", "properties": { "ID": 3322330002930, "正式名称": "医療法人昌陽会藤本診療所", "機関区分": 2, "都道府県コード": 33, "市区町村コード": 209, "所在地": "岡山県高梁市松原通２１１３", "緯度": 34.792218, "経度": 133.61675, "url": "https://www.iryou.teikyouseido.mhlw.go.jp/znk-web/juminkanja/S2430/initialize?prefCd=33&kikanCd=2330002930&kikanKbn=2", "url2": null, "内容": "医療法人昌陽会藤本診療所【2:診療所】【診療科目:内科_小児科】岡山県高梁市松原通２１１３" }, "geometry": { "type": "Point", "coordinates": [ 133.61675, 34.792218 ] } },
{ "type": "Feature", "properties": { "ID": 3322330002940, "正式名称": "医療法人　宏仁会　まつうらクリニック", "機関区分": 2, "都道府県コード": 33, "市区町村コード": 209, "所在地": "岡山県高梁市成羽町下原１００４－１", "緯度": 34.781918, "経度": 133.537351, "url": "https://www.iryou.teikyouseido.mhlw.go.jp/znk-web/juminkanja/S2430/initialize?prefCd=33&kikanCd=2330002940&kikanKbn=2", "url2": "https://www.matsuura-clinic.net/", "内容": "医療法人　宏仁会　まつうらクリニック【2:診療所】【診療科目:内科_消化器内科_精神科】岡山県高梁市成羽町下原１００４－１" }, "geometry": { "type": "Point", "coordinates": [ 133.537351, 34.781918 ] } },
{ "type": "Feature", "properties": { "ID": 3322330002970, "正式名称": "医療法人　上江洲医院", "機関区分": 2, "都道府県コード": 33, "市区町村コード": 210, "所在地": "岡山県新見市石蟹６０番地", "緯度": 34.952558, "経度": 133.479313, "url": "https://www.iryou.teikyouseido.mhlw.go.jp/znk-web/juminkanja/S2430/initialize?prefCd=33&kikanCd=2330002970&kikanKbn=2", "url2": "http://web.clinicn.jp/uesu-clinic/", "内容": "医療法人　上江洲医院【2:診療所】【診療科目:内科】岡山県新見市石蟹６０番地" }, "geometry": { "type": "Point", "coordinates": [ 133.479313, 34.952558 ] } },
{ "type": "Feature", "properties": { "ID": 3322330003000, "正式名称": "防災診療所", "機関区分": 2, "都道府県コード": 33, "市区町村コード": 210, "所在地": "岡山県新見市哲多町田淵７０番地", "緯度": 34.930947, "経度": 133.39496, "url": "https://www.iryou.teikyouseido.mhlw.go.jp/znk-web/juminkanja/S2430/initialize?prefCd=33&kikanCd=2330003000&kikanKbn=2", "url2": null, "内容": "防災診療所【2:診療所】【診療科目:内科】岡山県新見市哲多町田淵７０番地" }, "geometry": { "type": "Point", "coordinates": [ 133.39496, 34.930947 ] } },
{ "type": "Feature", "properties": { "ID": 3322330003010, "正式名称": "金田医院", "機関区分": 2, "都道府県コード": 33, "市区町村コード": 210, "所在地": "岡山県新見市大佐永富１６１７", "緯度": 35.082073, "経度": 133.568357, "url": "https://www.iryou.teikyouseido.mhlw.go.jp/znk-web/juminkanja/S2430/initialize?prefCd=33&kikanCd=2330003010&kikanKbn=2", "url2": null, "内容": "金田医院【2:診療所】【診療科目:内科_小児科】岡山県新見市大佐永富１６１７" }, "geometry": { "type": "Point", "coordinates": [ 133.568357, 35.082073 ] } },
{ "type": "Feature", "properties": { "ID": 3322330003040, "正式名称": "国際貢献大学校メディカルクリニック", "機関区分": 2, "都道府県コード": 33, "市区町村コード": 210, "所在地": "岡山県新見市哲多町本郷１３３４番地１", "緯度": 34.936614, "経度": 133.443678, "url": "https://www.iryou.teikyouseido.mhlw.go.jp/znk-web/juminkanja/S2430/initialize?prefCd=33&kikanCd=2330003040&kikanKbn=2", "url2": "http://www.miic.jp/medical/clinic.htm", "内容": "国際貢献大学校メディカルクリニック【2:診療所】【診療科目:内科_外科_小児科_産婦人科_リハビリテーション科_放射線科】岡山県新見市哲多町本郷１３３４番地１" }, "geometry": { "type": "Point", "coordinates": [ 133.443678, 34.936614 ] } },
{ "type": "Feature", "properties": { "ID": 3322330003050, "正式名称": "医療法人啓優会", "機関区分": 2, "都道府県コード": 33, "市区町村コード": 210, "所在地": "岡山県新見市高尾２４５０－２", "緯度": 34.989303, "経度": 133.456259, "url": "https://www.iryou.teikyouseido.mhlw.go.jp/znk-web/juminkanja/S2430/initialize?prefCd=33&kikanCd=2330003050&kikanKbn=2", "url2": null, "内容": "医療法人啓優会【2:診療所】【診療科目:眼科】岡山県新見市高尾２４５０－２" }, "geometry": { "type": "Point", "coordinates": [ 133.456259, 34.989303 ] } },
{ "type": "Feature", "properties": { "ID": 3322330003060, "正式名称": "新見市養護老人ホーム　和みの郷かなや診療室", "機関区分": 2, "都道府県コード": 33, "市区町村コード": 210, "所在地": "岡山県新見市金谷６４１番地", "緯度": 34.979693, "経度": 133.476479, "url": "https://www.iryou.teikyouseido.mhlw.go.jp/znk-web/juminkanja/S2430/initialize?prefCd=33&kikanCd=2330003060&kikanKbn=2", "url2": null, "内容": "新見市養護老人ホーム　和みの郷かなや診療室【2:診療所】【診療科目:内科】岡山県新見市金谷６４１番地" }, "geometry": { "type": "Point", "coordinates": [ 133.476479, 34.979693 ] } },
{ "type": "Feature", "properties": { "ID": 3322330003070, "正式名称": "新見市高瀬診療所", "機関区分": 2, "都道府県コード": 33, "市区町村コード": 210, "所在地": "岡山県新見市神郷高瀬１２２６番地", "緯度": 35.086676, "経度": 133.320885, "url": "https://www.iryou.teikyouseido.mhlw.go.jp/znk-web/juminkanja/S2430/initialize?prefCd=33&kikanCd=2330003070&kikanKbn=2", "url2": null, "内容": "新見市高瀬診療所【2:診療所】【診療科目:内科_小児科】岡山県新見市神郷高瀬１２２６番地" }, "geometry": { "type": "Point", "coordinates": [ 133.320885, 35.086676 ] } },
{ "type": "Feature", "properties": { "ID": 3322330003080, "正式名称": "新見市油野診療所", "機関区分": 2, "都道府県コード": 33, "市区町村コード": 210, "所在地": "岡山県新見市神郷油野２００４", "緯度": 35.043483, "経度": 133.365151, "url": "https://www.iryou.teikyouseido.mhlw.go.jp/znk-web/juminkanja/S2430/initialize?prefCd=33&kikanCd=2330003080&kikanKbn=2", "url2": null, "内容": "新見市油野診療所【2:診療所】【診療科目:内科_小児科】岡山県新見市神郷油野２００４" }, "geometry": { "type": "Point", "coordinates": [ 133.365151, 35.043483 ] } },
{ "type": "Feature", "properties": { "ID": 3322330003110, "正式名称": "医療法人社団泉樹会新見クリニック", "機関区分": 2, "都道府県コード": 33, "市区町村コード": 210, "所在地": "岡山県新見市西方４５０", "緯度": 34.987775, "経度": 133.457675, "url": "https://www.iryou.teikyouseido.mhlw.go.jp/znk-web/juminkanja/S2430/initialize?prefCd=33&kikanCd=2330003110&kikanKbn=2", "url2": "https://www.niimiclinic.com/", "内容": "医療法人社団泉樹会新見クリニック【2:診療所】【診療科目:人工透析内科】岡山県新見市西方４５０" }, "geometry": { "type": "Point", "coordinates": [ 133.457675, 34.987775 ] } },
{ "type": "Feature", "properties": { "ID": 3322330003130, "正式名称": "新見市大佐診療所", "機関区分": 2, "都道府県コード": 33, "市区町村コード": 210, "所在地": "岡山県新見市大佐小阪部１４７０", "緯度": 35.079323, "経度": 133.565079, "url": "https://www.iryou.teikyouseido.mhlw.go.jp/znk-web/juminkanja/S2430/initialize?prefCd=33&kikanCd=2330003130&kikanKbn=2", "url2": "ﾆｲﾐｲｼｶｲﾎｰﾑﾍﾟｰｼﾞ", "内容": "新見市大佐診療所【2:診療所】【診療科目:内科】岡山県新見市大佐小阪部１４７０" }, "geometry": { "type": "Point", "coordinates": [ 133.565079, 35.079323 ] } },
{ "type": "Feature", "properties": { "ID": 3322330003140, "正式名称": "新見市休日・準夜間診療所", "機関区分": 2, "都道府県コード": 33, "市区町村コード": 210, "所在地": "岡山県新見市高尾２３０６－５", "緯度": 34.993552, "経度": 133.447092, "url": "https://www.iryou.teikyouseido.mhlw.go.jp/znk-web/juminkanja/S2430/initialize?prefCd=33&kikanCd=2330003140&kikanKbn=2", "url2": "http://www.okayama.med.or.jp/niimi", "内容": "新見市休日・準夜間診療所【2:診療所】【診療科目:内科_小児科】岡山県新見市高尾２３０６－５" }, "geometry": { "type": "Point", "coordinates": [ 133.447092, 34.993552 ] } },
{ "type": "Feature", "properties": { "ID": 3322330003150, "正式名称": "新見市国民健康保険　神代診療所", "機関区分": 2, "都道府県コード": 33, "市区町村コード": 210, "所在地": "岡山県新見市神郷下神代３９４６番地", "緯度": 34.992551, "経度": 133.396041, "url": "https://www.iryou.teikyouseido.mhlw.go.jp/znk-web/juminkanja/S2430/initialize?prefCd=33&kikanCd=2330003150&kikanKbn=2", "url2": "https://www.qq.pref.okayama.jp/qq33/qqport/kenmintop/detail/fk1101.php?sisetuid=10478&kinouid=fk9920", "内容": "新見市国民健康保険　神代診療所【2:診療所】【診療科目:内科_小児科_リウマチ科】岡山県新見市神郷下神代３９４６番地" }, "geometry": { "type": "Point", "coordinates": [ 133.396041, 34.992551 ] } },
{ "type": "Feature", "properties": { "ID": 3322330003160, "正式名称": "新見市国民健康保険菅生診療所", "機関区分": 2, "都道府県コード": 33, "市区町村コード": 210, "所在地": "岡山県新見市菅生６３８２－４", "緯度": 35.078405, "経度": 133.500224, "url": "https://www.iryou.teikyouseido.mhlw.go.jp/znk-web/juminkanja/S2430/initialize?prefCd=33&kikanCd=2330003160&kikanKbn=2", "url2": "ﾆｲﾐｲｼｶｲﾎｰﾑﾍﾟｰｼﾞ", "内容": "新見市国民健康保険菅生診療所【2:診療所】【診療科目:内科】岡山県新見市菅生６３８２－４" }, "geometry": { "type": "Point", "coordinates": [ 133.500224, 35.078405 ] } },
{ "type": "Feature", "properties": { "ID": 3322330003170, "正式名称": "新見市千屋診療所", "機関区分": 2, "都道府県コード": 33, "市区町村コード": 210, "所在地": "岡山県新見市千屋実１４３３－１", "緯度": 35.108039, "経度": 133.43584, "url": "https://www.iryou.teikyouseido.mhlw.go.jp/znk-web/juminkanja/S2430/initialize?prefCd=33&kikanCd=2330003170&kikanKbn=2", "url2": null, "内容": "新見市千屋診療所【2:診療所】【診療科目:内科】岡山県新見市千屋実１４３３－１" }, "geometry": { "type": "Point", "coordinates": [ 133.43584, 35.108039 ] } },
{ "type": "Feature", "properties": { "ID": 3322330003180, "正式名称": "哲西町診療所", "機関区分": 2, "都道府県コード": 33, "市区町村コード": 210, "所在地": "岡山県新見市哲西町矢田３６０４", "緯度": 34.932724, "経度": 133.331466, "url": "https://www.iryou.teikyouseido.mhlw.go.jp/znk-web/juminkanja/S2430/initialize?prefCd=33&kikanCd=2330003180&kikanKbn=2", "url2": "http://www.tesseishinryo.com", "内容": "哲西町診療所【2:診療所】【診療科目:内科_小児科_放射線科】岡山県新見市哲西町矢田３６０４" }, "geometry": { "type": "Point", "coordinates": [ 133.331466, 34.932724 ] } },
{ "type": "Feature", "properties": { "ID": 3322330003190, "正式名称": "新見市国民健康保険湯川診療所", "機関区分": 2, "都道府県コード": 33, "市区町村コード": 210, "所在地": "岡山県新見市土橋（落方、寺内）２４０６", "緯度": 34.95642, "経度": 133.569444, "url": "https://www.iryou.teikyouseido.mhlw.go.jp/znk-web/juminkanja/S2430/initialize?prefCd=33&kikanCd=2330003190&kikanKbn=2", "url2": null, "内容": "新見市国民健康保険湯川診療所【2:診療所】【診療科目:内科】岡山県新見市土橋（落方、寺内）２４０６" }, "geometry": { "type": "Point", "coordinates": [ 133.569444, 34.95642 ] } },
{ "type": "Feature", "properties": { "ID": 3322330003200, "正式名称": "さきがけクリニック", "機関区分": 2, "都道府県コード": 33, "市区町村コード": 210, "所在地": "岡山県新見市高尾２４８８－１３", "緯度": 34.990414, "経度": 133.455842, "url": "https://www.iryou.teikyouseido.mhlw.go.jp/znk-web/juminkanja/S2430/initialize?prefCd=33&kikanCd=2330003200&kikanKbn=2", "url2": null, "内容": "さきがけクリニック【2:診療所】【診療科目:精神科_神経科_心療内科】岡山県新見市高尾２４８８－１３" }, "geometry": { "type": "Point", "coordinates": [ 133.455842, 34.990414 ] } },
{ "type": "Feature", "properties": { "ID": 3322330003210, "正式名称": "みはら皮膚科", "機関区分": 2, "都道府県コード": 33, "市区町村コード": 210, "所在地": "岡山県新見市高尾１９３３－１", "緯度": 34.994441, "経度": 133.447454, "url": "https://www.iryou.teikyouseido.mhlw.go.jp/znk-web/juminkanja/S2430/initialize?prefCd=33&kikanCd=2330003210&kikanKbn=2", "url2": null, "内容": "みはら皮膚科【2:診療所】【診療科目:皮膚科】岡山県新見市高尾１９３３－１" }, "geometry": { "type": "Point", "coordinates": [ 133.447454, 34.994441 ] } },
{ "type": "Feature", "properties": { "ID": 3322330003220, "正式名称": "新見市国民健康保険　新郷診療所", "機関区分": 2, "都道府県コード": 33, "市区町村コード": 210, "所在地": "岡山県新見市神郷釜村１１８７番地１", "緯度": 35.089608, "経度": 133.368991, "url": "https://www.iryou.teikyouseido.mhlw.go.jp/znk-web/juminkanja/S2430/initialize?prefCd=33&kikanCd=2330003220&kikanKbn=2", "url2": null, "内容": "新見市国民健康保険　新郷診療所【2:診療所】【診療科目:内科_小児科】岡山県新見市神郷釜村１１８７番地１" }, "geometry": { "type": "Point", "coordinates": [ 133.368991, 35.089608 ] } },
{ "type": "Feature", "properties": { "ID": 3322330003230, "正式名称": "医療法人一節会吉田医院", "機関区分": 2, "都道府県コード": 33, "市区町村コード": 210, "所在地": "岡山県新見市高尾２４８７－２０", "緯度": 34.990109, "経度": 133.456175, "url": "https://www.iryou.teikyouseido.mhlw.go.jp/znk-web/juminkanja/S2430/initialize?prefCd=33&kikanCd=2330003230&kikanKbn=2", "url2": null, "内容": "医療法人一節会吉田医院【2:診療所】【診療科目:内科_循環器内科_消化器内科】岡山県新見市高尾２４８７－２０" }, "geometry": { "type": "Point", "coordinates": [ 133.456175, 34.990109 ] } },
{ "type": "Feature", "properties": { "ID": 3322330003240, "正式名称": "医療法人　イケヤ医院", "機関区分": 2, "都道府県コード": 33, "市区町村コード": 214, "所在地": "岡山県真庭市久世２９２６－３", "緯度": 35.0763, "経度": 133.751757, "url": "https://www.iryou.teikyouseido.mhlw.go.jp/znk-web/juminkanja/S2430/initialize?prefCd=33&kikanCd=2330003240&kikanKbn=2", "url2": null, "内容": "医療法人　イケヤ医院【2:診療所】【診療科目:内科_消化器内科_小児科_リハビリテーション科】岡山県真庭市久世２９２６－３" }, "geometry": { "type": "Point", "coordinates": [ 133.751757, 35.0763 ] } },
{ "type": "Feature", "properties": { "ID": 3322330003260, "正式名称": "医療法人日新会遠藤クリニック", "機関区分": 2, "都道府県コード": 33, "市区町村コード": 214, "所在地": "岡山県真庭市蒜山上福田６９４", "緯度": 35.279274, "経度": 133.643038, "url": "https://www.iryou.teikyouseido.mhlw.go.jp/znk-web/juminkanja/S2430/initialize?prefCd=33&kikanCd=2330003260&kikanKbn=2", "url2": null, "内容": "医療法人日新会遠藤クリニック【2:診療所】【診療科目:内科_呼吸器内科_消化器内科_外科】岡山県真庭市蒜山上福田６９４" }, "geometry": { "type": "Point", "coordinates": [ 133.643038, 35.279274 ] } },
{ "type": "Feature", "properties": { "ID": 3322330003270, "正式名称": "社会福祉法人檜山荘附属診療所", "機関区分": 2, "都道府県コード": 33, "市区町村コード": 214, "所在地": "岡山県真庭市上市瀬１０５０－３９", "緯度": 35.029721, "経度": 133.745204, "url": "https://www.iryou.teikyouseido.mhlw.go.jp/znk-web/juminkanja/S2430/initialize?prefCd=33&kikanCd=2330003270&kikanKbn=2", "url2": null, "内容": "社会福祉法人檜山荘附属診療所【2:診療所】【診療科目:内科】岡山県真庭市上市瀬１０５０－３９" }, "geometry": { "type": "Point", "coordinates": [ 133.745204, 35.029721 ] } },
{ "type": "Feature", "properties": { "ID": 3322330003280, "正式名称": "医療法人　片岡医院", "機関区分": 2, "都道府県コード": 33, "市区町村コード": 214, "所在地": "岡山県真庭市禾津１７２－４", "緯度": 35.169205, "経度": 133.73145, "url": "https://www.iryou.teikyouseido.mhlw.go.jp/znk-web/juminkanja/S2430/initialize?prefCd=33&kikanCd=2330003280&kikanKbn=2", "url2": null, "内容": "医療法人　片岡医院【2:診療所】【診療科目:内科_小児科】岡山県真庭市禾津１７２－４" }, "geometry": { "type": "Point", "coordinates": [ 133.73145, 35.169205 ] } },
{ "type": "Feature", "properties": { "ID": 3322330003320, "正式名称": "十字園付属診療所", "機関区分": 2, "都道府県コード": 33, "市区町村コード": 214, "所在地": "岡山県真庭市下河内２２７５番地", "緯度": 35.0325, "経度": 133.786561, "url": "https://www.iryou.teikyouseido.mhlw.go.jp/znk-web/juminkanja/S2430/initialize?prefCd=33&kikanCd=2330003320&kikanKbn=2", "url2": null, "内容": "十字園付属診療所【2:診療所】【診療科目:内科】岡山県真庭市下河内２２７５番地" }, "geometry": { "type": "Point", "coordinates": [ 133.786561, 35.0325 ] } },
{ "type": "Feature", "properties": { "ID": 3322330003330, "正式名称": "新庄村国民健康保険診療所", "機関区分": 2, "都道府県コード": 33, "市区町村コード": 586, "所在地": "岡山県真庭郡新庄村幸町１９９８－１", "緯度": 35.181089, "経度": 133.565159, "url": "https://www.iryou.teikyouseido.mhlw.go.jp/znk-web/juminkanja/S2430/initialize?prefCd=33&kikanCd=2330003330&kikanKbn=2", "url2": "https://www.okayama.med.or.jp/maniwa/hospital/shinjo.html", "内容": "新庄村国民健康保険診療所【2:診療所】【診療科目:内科_小児科_精神科】岡山県真庭郡新庄村幸町１９９８－１" }, "geometry": { "type": "Point", "coordinates": [ 133.565159, 35.181089 ] } },
{ "type": "Feature", "properties": { "ID": 3322330003340, "正式名称": "医療法人　久和会　杉江医院", "機関区分": 2, "都道府県コード": 33, "市区町村コード": 214, "所在地": "岡山県真庭市下方５８３－１", "緯度": 35.008807, "経度": 133.73465, "url": "https://www.iryou.teikyouseido.mhlw.go.jp/znk-web/juminkanja/S2430/initialize?prefCd=33&kikanCd=2330003340&kikanKbn=2", "url2": null, "内容": "医療法人　久和会　杉江医院【2:診療所】【診療科目:内科_循環器内科_消化器内科_外科_整形外科_小児科_皮膚科_リウマチ科】岡山県真庭市下方５８３－１" }, "geometry": { "type": "Point", "coordinates": [ 133.73465, 35.008807 ] } },
{ "type": "Feature", "properties": { "ID": 3322330003360, "正式名称": "千寿荘付属診療所", "機関区分": 2, "都道府県コード": 33, "市区町村コード": 214, "所在地": "岡山県真庭市蒜山上長田２８－１", "緯度": 35.286052, "経度": 133.687284, "url": "https://www.iryou.teikyouseido.mhlw.go.jp/znk-web/juminkanja/S2430/initialize?prefCd=33&kikanCd=2330003360&kikanKbn=2", "url2": "http://senju-sou.com", "内容": "千寿荘付属診療所【2:診療所】【診療科目:内科_外科】岡山県真庭市蒜山上長田２８－１" }, "geometry": { "type": "Point", "coordinates": [ 133.687284, 35.286052 ] } },
{ "type": "Feature", "properties": { "ID": 3322330003390, "正式名称": "医療法人宏真会　おかのぶ眼科", "機関区分": 2, "都道府県コード": 33, "市区町村コード": 214, "所在地": "岡山県真庭市中４４４－７", "緯度": 35.060635, "経度": 133.752007, "url": "https://www.iryou.teikyouseido.mhlw.go.jp/znk-web/juminkanja/S2430/initialize?prefCd=33&kikanCd=2330003390&kikanKbn=2", "url2": null, "内容": "医療法人宏真会　おかのぶ眼科【2:診療所】【診療科目:眼科】岡山県真庭市中４４４－７" }, "geometry": { "type": "Point", "coordinates": [ 133.752007, 35.060635 ] } },
{ "type": "Feature", "properties": { "ID": 3322330003430, "正式名称": "廣惠医院", "機関区分": 2, "都道府県コード": 33, "市区町村コード": 214, "所在地": "岡山県真庭市下中津井７７３－９", "緯度": 34.945701, "経度": 133.625522, "url": "https://www.iryou.teikyouseido.mhlw.go.jp/znk-web/juminkanja/S2430/initialize?prefCd=33&kikanCd=2330003430&kikanKbn=2", "url2": null, "内容": "廣惠医院【2:診療所】【診療科目:内科_外科】岡山県真庭市下中津井７７３－９" }, "geometry": { "type": "Point", "coordinates": [ 133.625522, 34.945701 ] } },
{ "type": "Feature", "properties": { "ID": 3322330003450, "正式名称": "医療法人前原医院", "機関区分": 2, "都道府県コード": 33, "市区町村コード": 214, "所在地": "岡山県真庭市中島３９２－３", "緯度": 35.072383, "経度": 133.749646, "url": "https://www.iryou.teikyouseido.mhlw.go.jp/znk-web/juminkanja/S2430/initialize?prefCd=33&kikanCd=2330003450&kikanKbn=2", "url2": null, "内容": "医療法人前原医院【2:診療所】【診療科目:内科_外科_泌尿器科_リハビリテーション科】岡山県真庭市中島３９２－３" }, "geometry": { "type": "Point", "coordinates": [ 133.749646, 35.072383 ] } },
{ "type": "Feature", "properties": { "ID": 3322330003470, "正式名称": "医療法人まつうら会まつうら医院", "機関区分": 2, "都道府県コード": 33, "市区町村コード": 214, "所在地": "岡山県真庭市久世２４３３－１", "緯度": 35.081132, "経度": 133.743507, "url": "https://www.iryou.teikyouseido.mhlw.go.jp/znk-web/juminkanja/S2430/initialize?prefCd=33&kikanCd=2330003470&kikanKbn=2", "url2": "http://www.okayama.med.or.jp/maniwa/hospital/matsuura.html", "内容": "医療法人まつうら会まつうら医院【2:診療所】【診療科目:内科_脳神経外科_整形外科_小児科_眼科】岡山県真庭市久世２４３３－１" }, "geometry": { "type": "Point", "coordinates": [ 133.743507, 35.081132 ] } },
{ "type": "Feature", "properties": { "ID": 3322330003480, "正式名称": "医療法人真人会松坂内科医院", "機関区分": 2, "都道府県コード": 33, "市区町村コード": 214, "所在地": "岡山県真庭市久世２８７３", "緯度": 35.076966, "経度": 133.749479, "url": "https://www.iryou.teikyouseido.mhlw.go.jp/znk-web/juminkanja/S2430/initialize?prefCd=33&kikanCd=2330003480&kikanKbn=2", "url2": "https://www.okayama.med.or.jp/maniwa/hospital/matsuzaka.html", "内容": "医療法人真人会松坂内科医院【2:診療所】【診療科目:内科_小児科】岡山県真庭市久世２８７３" }, "geometry": { "type": "Point", "coordinates": [ 133.749479, 35.076966 ] } },
{ "type": "Feature", "properties": { "ID": 3322330003490, "正式名称": "真庭市国民健康保険　湯原温泉病院　中和診療所", "機関区分": 2, "都道府県コード": 33, "市区町村コード": 214, "所在地": "岡山県真庭市蒜山下和１８３３－２", "緯度": 35.264445, "経度": 133.774276, "url": "https://www.iryou.teikyouseido.mhlw.go.jp/znk-web/juminkanja/S2430/initialize?prefCd=33&kikanCd=2330003490&kikanKbn=2", "url2": null, "内容": "真庭市国民健康保険　湯原温泉病院　中和診療所【2:診療所】【診療科目:内科】岡山県真庭市蒜山下和１８３３－２" }, "geometry": { "type": "Point", "coordinates": [ 133.774276, 35.264445 ] } },
{ "type": "Feature", "properties": { "ID": 3322330003500, "正式名称": "真庭市国民健康保険　湯原温泉病院　二川診療所", "機関区分": 2, "都道府県コード": 33, "市区町村コード": 214, "所在地": "岡山県真庭市種９６６", "緯度": 35.221281, "経度": 133.67262, "url": "https://www.iryou.teikyouseido.mhlw.go.jp/znk-web/juminkanja/S2430/initialize?prefCd=33&kikanCd=2330003500&kikanKbn=2", "url2": null, "内容": "真庭市国民健康保険　湯原温泉病院　二川診療所【2:診療所】【診療科目:内科】岡山県真庭市種９６６" }, "geometry": { "type": "Point", "coordinates": [ 133.67262, 35.221281 ] } },
{ "type": "Feature", "properties": { "ID": 3322330003510, "正式名称": "真庭市国民健康保険　湯原温泉病院　美甘診療所", "機関区分": 2, "都道府県コード": 33, "市区町村コード": 214, "所在地": "岡山県真庭市美甘４１３４", "緯度": 35.157093, "経度": 133.623794, "url": "https://www.iryou.teikyouseido.mhlw.go.jp/znk-web/juminkanja/S2430/initialize?prefCd=33&kikanCd=2330003510&kikanKbn=2", "url2": null, "内容": "真庭市国民健康保険　湯原温泉病院　美甘診療所【2:診療所】【診療科目:内科】岡山県真庭市美甘４１３４" }, "geometry": { "type": "Point", "coordinates": [ 133.623794, 35.157093 ] } },
{ "type": "Feature", "properties": { "ID": 3322330003530, "正式名称": "まにわ整形外科クリニック", "機関区分": 2, "都道府県コード": 33, "市区町村コード": 214, "所在地": "岡山県真庭市目木１８８５番地１", "緯度": 35.075967, "経度": 133.774422, "url": "https://www.iryou.teikyouseido.mhlw.go.jp/znk-web/juminkanja/S2430/initialize?prefCd=33&kikanCd=2330003530&kikanKbn=2", "url2": "https://www.maniwaseikei.com/", "内容": "まにわ整形外科クリニック【2:診療所】【診療科目:内科_整形外科_形成外科_美容外科_皮膚科】岡山県真庭市目木１８８５番地１" }, "geometry": { "type": "Point", "coordinates": [ 133.774422, 35.075967 ] } },
{ "type": "Feature", "properties": { "ID": 3322330003540, "正式名称": "医療法人洗心堂宮島医院", "機関区分": 2, "都道府県コード": 33, "市区町村コード": 214, "所在地": "岡山県真庭市月田６８４０", "緯度": 35.044218, "経度": 133.662349, "url": "https://www.iryou.teikyouseido.mhlw.go.jp/znk-web/juminkanja/S2430/initialize?prefCd=33&kikanCd=2330003540&kikanKbn=2", "url2": "http://miyashima-iin.com", "内容": "医療法人洗心堂宮島医院【2:診療所】【診療科目:内科_小児科】岡山県真庭市月田６８４０" }, "geometry": { "type": "Point", "coordinates": [ 133.662349, 35.044218 ] } },
{ "type": "Feature", "properties": { "ID": 3322330003550, "正式名称": "内科・小児科　本山医院", "機関区分": 2, "都道府県コード": 33, "市区町村コード": 214, "所在地": "岡山県真庭市下方１２２６－１", "緯度": 35.011834, "経度": 133.735788, "url": "https://www.iryou.teikyouseido.mhlw.go.jp/znk-web/juminkanja/S2430/initialize?prefCd=33&kikanCd=2330003550&kikanKbn=2", "url2": null, "内容": "内科・小児科　本山医院【2:診療所】【診療科目:内科_循環器内科_心臓内科_消化器内科_肝臓内科_漢方内科_小児科_放射線科】岡山県真庭市下方１２２６－１" }, "geometry": { "type": "Point", "coordinates": [ 133.735788, 35.011834 ] } },
{ "type": "Feature", "properties": { "ID": 3322330003560, "正式名称": "特別養護老人ホームやすらぎ付属診療所", "機関区分": 2, "都道府県コード": 33, "市区町村コード": 214, "所在地": "岡山県真庭市下湯原４７", "緯度": 35.18762, "経度": 133.735005, "url": "https://www.iryou.teikyouseido.mhlw.go.jp/znk-web/juminkanja/S2430/initialize?prefCd=33&kikanCd=2330003560&kikanKbn=2", "url2": null, "内容": "特別養護老人ホームやすらぎ付属診療所【2:診療所】【診療科目:内科】岡山県真庭市下湯原４７" }, "geometry": { "type": "Point", "coordinates": [ 133.735005, 35.18762 ] } },
{ "type": "Feature", "properties": { "ID": 3322330003570, "正式名称": "医療法人聖旨会吉弘クリニック", "機関区分": 2, "都道府県コード": 33, "市区町村コード": 214, "所在地": "岡山県真庭市山田１９３７", "緯度": 34.975226, "経度": 133.661991, "url": "https://www.iryou.teikyouseido.mhlw.go.jp/znk-web/juminkanja/S2430/initialize?prefCd=33&kikanCd=2330003570&kikanKbn=2", "url2": null, "内容": "医療法人聖旨会吉弘クリニック【2:診療所】【診療科目:内科_小児科_耳鼻いんこう科】岡山県真庭市山田１９３７" }, "geometry": { "type": "Point", "coordinates": [ 133.661991, 34.975226 ] } },
{ "type": "Feature", "properties": { "ID": 3322330003580, "正式名称": "医療法人　かめの子会　米田内科医院", "機関区分": 2, "都道府県コード": 33, "市区町村コード": 214, "所在地": "岡山県真庭市勝山９６", "緯度": 35.086603, "経度": 133.690734, "url": "https://www.iryou.teikyouseido.mhlw.go.jp/znk-web/juminkanja/S2430/initialize?prefCd=33&kikanCd=2330003580&kikanKbn=2", "url2": null, "内容": "医療法人　かめの子会　米田内科医院【2:診療所】【診療科目:内科_小児科】岡山県真庭市勝山９６" }, "geometry": { "type": "Point", "coordinates": [ 133.690734, 35.086603 ] } },
{ "type": "Feature", "properties": { "ID": 3322330003650, "正式名称": "一般財団法人　江原積善会　ＥＳクリニック", "機関区分": 2, "都道府県コード": 33, "市区町村コード": 203, "所在地": "岡山県津山市津山口３０８番地", "緯度": 35.055613, "経度": 133.981793, "url": "https://www.iryou.teikyouseido.mhlw.go.jp/znk-web/juminkanja/S2430/initialize?prefCd=33&kikanCd=2330003650&kikanKbn=2", "url2": "http://www.sekizen.or.jp/esclinic.html", "内容": "一般財団法人　江原積善会　ＥＳクリニック【2:診療所】【診療科目:内科_精神科】岡山県津山市津山口３０８番地" }, "geometry": { "type": "Point", "coordinates": [ 133.981793, 35.055613 ] } },
{ "type": "Feature", "properties": { "ID": 3322330003670, "正式名称": "医療法人いちば医院", "機関区分": 2, "都道府県コード": 33, "市区町村コード": 203, "所在地": "岡山県津山市二宮１９００番５", "緯度": 35.060584, "経度": 133.973543, "url": "https://www.iryou.teikyouseido.mhlw.go.jp/znk-web/juminkanja/S2430/initialize?prefCd=33&kikanCd=2330003670&kikanKbn=2", "url2": "http://www.ichiba-cl.jp", "内容": "医療法人いちば医院【2:診療所】【診療科目:内科_呼吸器内科_循環器内科_外科】岡山県津山市二宮１９００番５" }, "geometry": { "type": "Point", "coordinates": [ 133.973543, 35.060584 ] } },
{ "type": "Feature", "properties": { "ID": 3322330003680, "正式名称": "医療法人井戸内科クリニック", "機関区分": 2, "都道府県コード": 33, "市区町村コード": 203, "所在地": "岡山県津山市山下１０１", "緯度": 35.061474, "経度": 134.004152, "url": "https://www.iryou.teikyouseido.mhlw.go.jp/znk-web/juminkanja/S2430/initialize?prefCd=33&kikanCd=2330003680&kikanKbn=2", "url2": null, "内容": "医療法人井戸内科クリニック【2:診療所】【診療科目:内科_消化器内科】岡山県津山市山下１０１" }, "geometry": { "type": "Point", "coordinates": [ 134.004152, 35.061474 ] } },
{ "type": "Feature", "properties": { "ID": 3322330003690, "正式名称": "上野眼科クリニック", "機関区分": 2, "都道府県コード": 33, "市区町村コード": 203, "所在地": "岡山県津山市山下９－５", "緯度": 35.060585, "経度": 134.006485, "url": "https://www.iryou.teikyouseido.mhlw.go.jp/znk-web/juminkanja/S2430/initialize?prefCd=33&kikanCd=2330003690&kikanKbn=2", "url2": null, "内容": "上野眼科クリニック【2:診療所】【診療科目:眼科】岡山県津山市山下９－５" }, "geometry": { "type": "Point", "coordinates": [ 134.006485, 35.060585 ] } },
{ "type": "Feature", "properties": { "ID": 3322330003710, "正式名称": "薄元医院", "機関区分": 2, "都道府県コード": 33, "市区町村コード": 203, "所在地": "岡山県津山市山北４３５番地の８", "緯度": 35.070445, "経度": 134.002262, "url": "https://www.iryou.teikyouseido.mhlw.go.jp/znk-web/juminkanja/S2430/initialize?prefCd=33&kikanCd=2330003710&kikanKbn=2", "url2": "http://www.hakase.co.jp/usumot/", "内容": "薄元医院【2:診療所】【診療科目:内科_消化器内科】岡山県津山市山北４３５番地の８" }, "geometry": { "type": "Point", "coordinates": [ 134.002262, 35.070445 ] } },
{ "type": "Feature", "properties": { "ID": 3322330003720, "正式名称": "内田整形外科医院", "機関区分": 2, "都道府県コード": 33, "市区町村コード": 203, "所在地": "岡山県津山市山北５５０", "緯度": 35.07275, "経度": 134.004096, "url": "https://www.iryou.teikyouseido.mhlw.go.jp/znk-web/juminkanja/S2430/initialize?prefCd=33&kikanCd=2330003720&kikanKbn=2", "url2": "http://www.uchida-seikei.jp", "内容": "内田整形外科医院【2:診療所】【診療科目:整形外科_リウマチ科_リハビリテーション科】岡山県津山市山北５５０" }, "geometry": { "type": "Point", "coordinates": [ 134.004096, 35.07275 ] } },
{ "type": "Feature", "properties": { "ID": 3322330003730, "正式名称": "産賀眼科医院", "機関区分": 2, "都道府県コード": 33, "市区町村コード": 203, "所在地": "岡山県津山市田町１３０番地", "緯度": 35.061251, "経度": 133.995569, "url": "https://www.iryou.teikyouseido.mhlw.go.jp/znk-web/juminkanja/S2430/initialize?prefCd=33&kikanCd=2330003730&kikanKbn=2", "url2": null, "内容": "産賀眼科医院【2:診療所】【診療科目:眼科】岡山県津山市田町１３０番地" }, "geometry": { "type": "Point", "coordinates": [ 133.995569, 35.061251 ] } },
{ "type": "Feature", "properties": { "ID": 3322330003750, "正式名称": "医療法人　大桑医院", "機関区分": 2, "都道府県コード": 33, "市区町村コード": 203, "所在地": "岡山県津山市川崎１１３６", "緯度": 35.062085, "経度": 134.030649, "url": "https://www.iryou.teikyouseido.mhlw.go.jp/znk-web/juminkanja/S2430/initialize?prefCd=33&kikanCd=2330003750&kikanKbn=2", "url2": null, "内容": "医療法人　大桑医院【2:診療所】【診療科目:内科】岡山県津山市川崎１１３６" }, "geometry": { "type": "Point", "coordinates": [ 134.030649, 35.062085 ] } },
{ "type": "Feature", "properties": { "ID": 3322330003760, "正式名称": "大澤皮膚科医院", "機関区分": 2, "都道府県コード": 33, "市区町村コード": 203, "所在地": "岡山県津山市河辺９３３－１", "緯度": 35.062308, "経度": 134.045092, "url": "https://www.iryou.teikyouseido.mhlw.go.jp/znk-web/juminkanja/S2430/initialize?prefCd=33&kikanCd=2330003760&kikanKbn=2", "url2": "https://itp.ne.jp/info/337534150159840340/", "内容": "大澤皮膚科医院【2:診療所】【診療科目:皮膚科】岡山県津山市河辺９３３－１" }, "geometry": { "type": "Point", "coordinates": [ 134.045092, 35.062308 ] } },
{ "type": "Feature", "properties": { "ID": 3322330003770, "正式名称": "医療法人　鴻鵠会　おかクリニック津山", "機関区分": 2, "都道府県コード": 33, "市区町村コード": 203, "所在地": "岡山県津山市河辺９４３－１", "緯度": 35.063113, "経度": 134.046037, "url": "https://www.iryou.teikyouseido.mhlw.go.jp/znk-web/juminkanja/S2430/initialize?prefCd=33&kikanCd=2330003770&kikanKbn=2", "url2": "https://okageka.jp/", "内容": "医療法人　鴻鵠会　おかクリニック津山【2:診療所】【診療科目:消化器内科_外科_肛門外科_婦人科】岡山県津山市河辺９４３－１" }, "geometry": { "type": "Point", "coordinates": [ 134.046037, 35.063113 ] } },
{ "type": "Feature", "properties": { "ID": 3322330003780, "正式名称": "医療法人　アイリス会", "機関区分": 2, "都道府県コード": 33, "市区町村コード": 203, "所在地": "岡山県津山市上河原２２２－７", "緯度": 35.083471, "経度": 134.005123, "url": "https://www.iryou.teikyouseido.mhlw.go.jp/znk-web/juminkanja/S2430/initialize?prefCd=33&kikanCd=2330003780&kikanKbn=2", "url2": null, "内容": "医療法人　アイリス会【2:診療所】【診療科目:眼科】岡山県津山市上河原２２２－７" }, "geometry": { "type": "Point", "coordinates": [ 134.005123, 35.083471 ] } },
{ "type": "Feature", "properties": { "ID": 3322330003800, "正式名称": "小田醫院", "機関区分": 2, "都道府県コード": 33, "市区町村コード": 203, "所在地": "岡山県津山市大田４５２－６", "緯度": 35.099367, "経度": 134.012181, "url": "https://www.iryou.teikyouseido.mhlw.go.jp/znk-web/juminkanja/S2430/initialize?prefCd=33&kikanCd=2330003800&kikanKbn=2", "url2": "http://obata-iin.byoinnavi.jp/pc/", "内容": "小田醫院【2:診療所】【診療科目:内科_糖尿病内科_消化器内科_人工透析内科_小児科_リハビリテーション科_放射線科】岡山県津山市大田４５２－６" }, "geometry": { "type": "Point", "coordinates": [ 134.012181, 35.099367 ] } },
{ "type": "Feature", "properties": { "ID": 3322330003810, "正式名称": "影山医院", "機関区分": 2, "都道府県コード": 33, "市区町村コード": 203, "所在地": "岡山県津山市上村６２－１", "緯度": 35.099332, "経度": 134.098086, "url": "https://www.iryou.teikyouseido.mhlw.go.jp/znk-web/juminkanja/S2430/initialize?prefCd=33&kikanCd=2330003810&kikanKbn=2", "url2": null, "内容": "影山医院【2:診療所】【診療科目:内科_呼吸器内科_循環器内科_消化器内科】岡山県津山市上村６２－１" }, "geometry": { "type": "Point", "coordinates": [ 134.098086, 35.099332 ] } },
{ "type": "Feature", "properties": { "ID": 3322330003820, "正式名称": "神尾内科医院", "機関区分": 2, "都道府県コード": 33, "市区町村コード": 203, "所在地": "岡山県津山市河辺７７０", "緯度": 35.064196, "経度": 134.050786, "url": "https://www.iryou.teikyouseido.mhlw.go.jp/znk-web/juminkanja/S2430/initialize?prefCd=33&kikanCd=2330003820&kikanKbn=2", "url2": "https://itp.ne.jp/info/333668294400000899/shop/", "内容": "神尾内科医院【2:診療所】【診療科目:内科_循環器内科_消化器内科】岡山県津山市河辺７７０" }, "geometry": { "type": "Point", "coordinates": [ 134.050786, 35.064196 ] } },
{ "type": "Feature", "properties": { "ID": 3322330003830, "正式名称": "神谷内科医院", "機関区分": 2, "都道府県コード": 33, "市区町村コード": 203, "所在地": "岡山県津山市南新座１０９", "緯度": 35.058388, "経度": 133.995967, "url": "https://www.iryou.teikyouseido.mhlw.go.jp/znk-web/juminkanja/S2430/initialize?prefCd=33&kikanCd=2330003830&kikanKbn=2", "url2": null, "内容": "神谷内科医院【2:診療所】【診療科目:内科】岡山県津山市南新座１０９" }, "geometry": { "type": "Point", "coordinates": [ 133.995967, 35.058388 ] } },
{ "type": "Feature", "properties": { "ID": 3322330003850, "正式名称": "医療法人ウナデ会河原内科松尾小児科クリニック", "機関区分": 2, "都道府県コード": 33, "市区町村コード": 203, "所在地": "岡山県津山市二宮２１３７－１０", "緯度": 35.059029, "経度": 133.968016, "url": "https://www.iryou.teikyouseido.mhlw.go.jp/znk-web/juminkanja/S2430/initialize?prefCd=33&kikanCd=2330003850&kikanKbn=2", "url2": "http://www.km-clinic.jp", "内容": "医療法人ウナデ会河原内科松尾小児科クリニック【2:診療所】【診療科目:内科_循環器内科_小児科_アレルギー科】岡山県津山市二宮２１３７－１０" }, "geometry": { "type": "Point", "coordinates": [ 133.968016, 35.059029 ] } },
{ "type": "Feature", "properties": { "ID": 3322330003860, "正式名称": "医療法人野ゆり会かんざき医院", "機関区分": 2, "都道府県コード": 33, "市区町村コード": 203, "所在地": "岡山県津山市山方５５－１０", "緯度": 35.102219, "経度": 133.999151, "url": "https://www.iryou.teikyouseido.mhlw.go.jp/znk-web/juminkanja/S2430/initialize?prefCd=33&kikanCd=2330003860&kikanKbn=2", "url2": "https://kanzaki-clinic.net/", "内容": "医療法人野ゆり会かんざき医院【2:診療所】【診療科目:内科_消化器内科_内視鏡内科】岡山県津山市山方５５－１０" }, "geometry": { "type": "Point", "coordinates": [ 133.999151, 35.102219 ] } },
{ "type": "Feature", "properties": { "ID": 3322330003870, "正式名称": "かんだ小児科医院", "機関区分": 2, "都道府県コード": 33, "市区町村コード": 203, "所在地": "岡山県津山市勝間田町４８－１", "緯度": 35.061029, "経度": 134.011262, "url": "https://www.iryou.teikyouseido.mhlw.go.jp/znk-web/juminkanja/S2430/initialize?prefCd=33&kikanCd=2330003870&kikanKbn=2", "url2": null, "内容": "かんだ小児科医院【2:診療所】【診療科目:小児科】岡山県津山市勝間田町４８－１" }, "geometry": { "type": "Point", "coordinates": [ 134.011262, 35.061029 ] } },
{ "type": "Feature", "properties": { "ID": 3322330003880, "正式名称": "医療法人　衣笠内科医院", "機関区分": 2, "都道府県コード": 33, "市区町村コード": 203, "所在地": "岡山県津山市椿高下３９", "緯度": 35.065362, "経度": 134.000985, "url": "https://www.iryou.teikyouseido.mhlw.go.jp/znk-web/juminkanja/S2430/initialize?prefCd=33&kikanCd=2330003880&kikanKbn=2", "url2": "https://www.kinugasa-naika.com/", "内容": "医療法人　衣笠内科医院【2:診療所】【診療科目:内科】岡山県津山市椿高下３９" }, "geometry": { "type": "Point", "coordinates": [ 134.000985, 35.065362 ] } },
{ "type": "Feature", "properties": { "ID": 3322330003890, "正式名称": "医療法人　健生会　くめ診療所", "機関区分": 2, "都道府県コード": 33, "市区町村コード": 203, "所在地": "岡山県津山市宮尾２８５－１", "緯度": 35.055484, "経度": 133.933255, "url": "https://www.iryou.teikyouseido.mhlw.go.jp/znk-web/juminkanja/S2430/initialize?prefCd=33&kikanCd=2330003890&kikanKbn=2", "url2": null, "内容": "医療法人　健生会　くめ診療所【2:診療所】【診療科目:内科_胃腸内科_外科】岡山県津山市宮尾２８５－１" }, "geometry": { "type": "Point", "coordinates": [ 133.933255, 35.055484 ] } },
{ "type": "Feature", "properties": { "ID": 3322330003910, "正式名称": "坂本眼科医院", "機関区分": 2, "都道府県コード": 33, "市区町村コード": 203, "所在地": "岡山県津山市田町２１－１服部ビル２Ｆ", "緯度": 35.063251, "経度": 134.000763, "url": "https://www.iryou.teikyouseido.mhlw.go.jp/znk-web/juminkanja/S2430/initialize?prefCd=33&kikanCd=2330003910&kikanKbn=2", "url2": null, "内容": "坂本眼科医院【2:診療所】【診療科目:眼科】岡山県津山市田町２１－１服部ビル２Ｆ" }, "geometry": { "type": "Point", "coordinates": [ 134.000763, 35.063251 ] } },
{ "type": "Feature", "properties": { "ID": 3322330003920, "正式名称": "医療法人社団　泰仙会　坂本クリニック", "機関区分": 2, "都道府県コード": 33, "市区町村コード": 203, "所在地": "岡山県津山市高野本郷１２５７－６", "緯度": 35.072945, "経度": 134.047092, "url": "https://www.iryou.teikyouseido.mhlw.go.jp/znk-web/juminkanja/S2430/initialize?prefCd=33&kikanCd=2330003920&kikanKbn=2", "url2": null, "内容": "医療法人社団　泰仙会　坂本クリニック【2:診療所】【診療科目:内科_糖尿病内科_呼吸器内科_循環器内科_消化器内科_小児科_アレルギー科】岡山県津山市高野本郷１２５７－６" }, "geometry": { "type": "Point", "coordinates": [ 134.047092, 35.072945 ] } },
{ "type": "Feature", "properties": { "ID": 3322330003930, "正式名称": "笹岡皮膚科クリニック", "機関区分": 2, "都道府県コード": 33, "市区町村コード": 203, "所在地": "岡山県津山市小原１２５－１５", "緯度": 35.079749, "経度": 134.000596, "url": "https://www.iryou.teikyouseido.mhlw.go.jp/znk-web/juminkanja/S2430/initialize?prefCd=33&kikanCd=2330003930&kikanKbn=2", "url2": null, "内容": "笹岡皮膚科クリニック【2:診療所】【診療科目:皮膚科】岡山県津山市小原１２５－１５" }, "geometry": { "type": "Point", "coordinates": [ 134.000596, 35.079749 ] } },
{ "type": "Feature", "properties": { "ID": 3322330003970, "正式名称": "倭文診療所", "機関区分": 2, "都道府県コード": 33, "市区町村コード": 203, "所在地": "岡山県津山市里公文１６７４－１", "緯度": 35.02367, "経度": 133.909106, "url": "https://www.iryou.teikyouseido.mhlw.go.jp/znk-web/juminkanja/S2430/initialize?prefCd=33&kikanCd=2330003970&kikanKbn=2", "url2": null, "内容": "倭文診療所【2:診療所】【診療科目:内科】岡山県津山市里公文１６７４－１" }, "geometry": { "type": "Point", "coordinates": [ 133.909106, 35.02367 ] } },
{ "type": "Feature", "properties": { "ID": 3322330003980, "正式名称": "医療法人こころ　勝央診療所", "機関区分": 2, "都道府県コード": 33, "市区町村コード": 622, "所在地": "岡山県勝田郡勝央町植月中２８６３ー１", "緯度": 35.087639, "経度": 134.101309, "url": "https://www.iryou.teikyouseido.mhlw.go.jp/znk-web/juminkanja/S2430/initialize?prefCd=33&kikanCd=2330003980&kikanKbn=2", "url2": "https://shouou.jp/", "内容": "医療法人こころ　勝央診療所【2:診療所】【診療科目:内科_消化器内科_小児科】岡山県勝田郡勝央町植月中２８６３ー１" }, "geometry": { "type": "Point", "coordinates": [ 134.101309, 35.087639 ] } },
{ "type": "Feature", "properties": { "ID": 3322330004000, "正式名称": "砂田眼科医院", "機関区分": 2, "都道府県コード": 33, "市区町村コード": 203, "所在地": "岡山県津山市田町７７", "緯度": 35.06264, "経度": 133.998291, "url": "https://www.iryou.teikyouseido.mhlw.go.jp/znk-web/juminkanja/S2430/initialize?prefCd=33&kikanCd=2330004000&kikanKbn=2", "url2": null, "内容": "砂田眼科医院【2:診療所】【診療科目:眼科】岡山県津山市田町７７" }, "geometry": { "type": "Point", "coordinates": [ 133.998291, 35.06264 ] } },
{ "type": "Feature", "properties": { "ID": 3322330004020, "正式名称": "軽費老人ホーム第２日本原荘診療所", "機関区分": 2, "都道府県コード": 33, "市区町村コード": 203, "所在地": "岡山県津山市新野東１７９８－１", "緯度": 35.103916, "経度": 134.128334, "url": "https://www.iryou.teikyouseido.mhlw.go.jp/znk-web/juminkanja/S2430/initialize?prefCd=33&kikanCd=2330004020&kikanKbn=2", "url2": null, "内容": "軽費老人ホーム第２日本原荘診療所【2:診療所】【診療科目:内科】岡山県津山市新野東１７９８－１" }, "geometry": { "type": "Point", "coordinates": [ 134.128334, 35.103916 ] } },
{ "type": "Feature", "properties": { "ID": 3322330004030, "正式名称": "田口医院", "機関区分": 2, "都道府県コード": 33, "市区町村コード": 203, "所在地": "岡山県津山市押渕２２８", "緯度": 35.011174, "経度": 134.032317, "url": "https://www.iryou.teikyouseido.mhlw.go.jp/znk-web/juminkanja/S2430/initialize?prefCd=33&kikanCd=2330004030&kikanKbn=2", "url2": null, "内容": "田口医院【2:診療所】【診療科目:内科】岡山県津山市押渕２２８" }, "geometry": { "type": "Point", "coordinates": [ 134.032317, 35.011174 ] } },
{ "type": "Feature", "properties": { "ID": 3322330004040, "正式名称": "医療法人　多胡医院　多胡クリニック", "機関区分": 2, "都道府県コード": 33, "市区町村コード": 203, "所在地": "岡山県津山市草加部９５５－１", "緯度": 35.095832, "経度": 134.070089, "url": "https://www.iryou.teikyouseido.mhlw.go.jp/znk-web/juminkanja/S2430/initialize?prefCd=33&kikanCd=2330004040&kikanKbn=2", "url2": "https://tagoclinic.or.jp", "内容": "医療法人　多胡医院　多胡クリニック【2:診療所】【診療科目:内科_外科_整形外科_麻酔科】岡山県津山市草加部９５５－１" }, "geometry": { "type": "Point", "coordinates": [ 134.070089, 35.095832 ] } },
{ "type": "Feature", "properties": { "ID": 3322330004050, "正式名称": "只友医院", "機関区分": 2, "都道府県コード": 33, "市区町村コード": 203, "所在地": "岡山県津山市加茂町塔中１０５", "緯度": 35.178461, "経度": 134.053949, "url": "https://www.iryou.teikyouseido.mhlw.go.jp/znk-web/juminkanja/S2430/initialize?prefCd=33&kikanCd=2330004050&kikanKbn=2", "url2": null, "内容": "只友医院【2:診療所】【診療科目:内科】岡山県津山市加茂町塔中１０５" }, "geometry": { "type": "Point", "coordinates": [ 134.053949, 35.178461 ] } },
{ "type": "Feature", "properties": { "ID": 3322330004060, "正式名称": "医療法人　光樹会　近光整形外科診療所", "機関区分": 2, "都道府県コード": 33, "市区町村コード": 203, "所在地": "岡山県津山市椿高下１２７－１", "緯度": 35.065251, "経度": 134.004096, "url": "https://www.iryou.teikyouseido.mhlw.go.jp/znk-web/juminkanja/S2430/initialize?prefCd=33&kikanCd=2330004060&kikanKbn=2", "url2": null, "内容": "医療法人　光樹会　近光整形外科診療所【2:診療所】【診療科目:整形外科_リハビリテーション科_麻酔科】岡山県津山市椿高下１２７－１" }, "geometry": { "type": "Point", "coordinates": [ 134.004096, 35.065251 ] } },
{ "type": "Feature", "properties": { "ID": 3322330004070, "正式名称": "公益財団法人中国労働衛生協会津山検診所", "機関区分": 2, "都道府県コード": 33, "市区町村コード": 203, "所在地": "岡山県津山市戸島６３４－２５", "緯度": 35.074998, "経度": 133.947906, "url": "https://www.iryou.teikyouseido.mhlw.go.jp/znk-web/juminkanja/S2430/initialize?prefCd=33&kikanCd=2330004070&kikanKbn=2", "url2": "http:www.churou-wp.sub.jp", "内容": "公益財団法人中国労働衛生協会津山検診所【2:診療所】【診療科目:内科】岡山県津山市戸島６３４－２５" }, "geometry": { "type": "Point", "coordinates": [ 133.947906, 35.074998 ] } },
{ "type": "Feature", "properties": { "ID": 3322330004090, "正式名称": "医療法人　津山内田整形外科", "機関区分": 2, "都道府県コード": 33, "市区町村コード": 203, "所在地": "岡山県津山市津山口４９－１", "緯度": 35.057085, "経度": 133.989292, "url": "https://www.iryou.teikyouseido.mhlw.go.jp/znk-web/juminkanja/S2430/initialize?prefCd=33&kikanCd=2330004090&kikanKbn=2", "url2": "https://www.tsuyamauchida.com/", "内容": "医療法人　津山内田整形外科【2:診療所】【診療科目:整形外科_リウマチ科_リハビリテーション科】岡山県津山市津山口４９－１" }, "geometry": { "type": "Point", "coordinates": [ 133.989292, 35.057085 ] } },
{ "type": "Feature", "properties": { "ID": 3322330004100, "正式名称": "津山広済寮医務室", "機関区分": 2, "都道府県コード": 33, "市区町村コード": 203, "所在地": "岡山県津山市小田中１４１２", "緯度": 35.061251, "経度": 133.988847, "url": "https://www.iryou.teikyouseido.mhlw.go.jp/znk-web/juminkanja/S2430/initialize?prefCd=33&kikanCd=2330004100&kikanKbn=2", "url2": "http://www.kousaikai.net/", "内容": "津山広済寮医務室【2:診療所】【診療科目:内科_精神科】岡山県津山市小田中１４１２" }, "geometry": { "type": "Point", "coordinates": [ 133.988847, 35.061251 ] } },
{ "type": "Feature", "properties": { "ID": 3322330004120, "正式名称": "津山東クリニック", "機関区分": 2, "都道府県コード": 33, "市区町村コード": 203, "所在地": "岡山県津山市川崎１７６－１", "緯度": 35.059474, "経度": 134.032788, "url": "https://www.iryou.teikyouseido.mhlw.go.jp/znk-web/juminkanja/S2430/initialize?prefCd=33&kikanCd=2330004120&kikanKbn=2", "url2": null, "内容": "津山東クリニック【2:診療所】【診療科目:内科_泌尿器科】岡山県津山市川崎１７６－１" }, "geometry": { "type": "Point", "coordinates": [ 134.032788, 35.059474 ] } },
{ "type": "Feature", "properties": { "ID": 3322330004130, "正式名称": "社会医療法人清風會　津山ファミリークリニック", "機関区分": 2, "都道府県コード": 33, "市区町村コード": 203, "所在地": "岡山県津山市高野本郷１２７９－２８", "緯度": 35.071883, "経度": 134.052449, "url": "https://www.iryou.teikyouseido.mhlw.go.jp/znk-web/juminkanja/S2430/initialize?prefCd=33&kikanCd=2330004130&kikanKbn=2", "url2": "https://smc-seifukai.or.jp/clinic/fctsuyama/", "内容": "社会医療法人清風會　津山ファミリークリニック【2:診療所】【診療科目:内科_小児科】岡山県津山市高野本郷１２７９－２８" }, "geometry": { "type": "Point", "coordinates": [ 134.052449, 35.071883 ] } },
{ "type": "Feature", "properties": { "ID": 3322330004170, "正式名称": "中西クリニック", "機関区分": 2, "都道府県コード": 33, "市区町村コード": 203, "所在地": "岡山県津山市東一宮４３－１３", "緯度": 35.097803, "経度": 134.003012, "url": "https://www.iryou.teikyouseido.mhlw.go.jp/znk-web/juminkanja/S2430/initialize?prefCd=33&kikanCd=2330004170&kikanKbn=2", "url2": null, "内容": "中西クリニック【2:診療所】【診療科目:内科_呼吸器内科】岡山県津山市東一宮４３－１３" }, "geometry": { "type": "Point", "coordinates": [ 134.003012, 35.097803 ] } },
{ "type": "Feature", "properties": { "ID": 3322330004180, "正式名称": "内科・小児科　西医院", "機関区分": 2, "都道府県コード": 33, "市区町村コード": 203, "所在地": "岡山県津山市高野本郷１２７４－１", "緯度": 35.074612, "経度": 134.05223, "url": "https://www.iryou.teikyouseido.mhlw.go.jp/znk-web/juminkanja/S2430/initialize?prefCd=33&kikanCd=2330004180&kikanKbn=2", "url2": null, "内容": "内科・小児科　西医院【2:診療所】【診療科目:内科_小児科】岡山県津山市高野本郷１２７４－１" }, "geometry": { "type": "Point", "coordinates": [ 134.05223, 35.074612 ] } },
{ "type": "Feature", "properties": { "ID": 3322330004200, "正式名称": "医療法人　新和会　ふくはら小児科内科", "機関区分": 2, "都道府県コード": 33, "市区町村コード": 203, "所在地": "岡山県津山市山北５５９－５", "緯度": 35.072972, "経度": 134.003429, "url": "https://www.iryou.teikyouseido.mhlw.go.jp/znk-web/juminkanja/S2430/initialize?prefCd=33&kikanCd=2330004200&kikanKbn=2", "url2": "http://www.nukada-clinic.or.jp/", "内容": "医療法人　新和会　ふくはら小児科内科【2:診療所】【診療科目:内科_小児科】岡山県津山市山北５５９－５" }, "geometry": { "type": "Point", "coordinates": [ 134.003429, 35.072972 ] } },
{ "type": "Feature", "properties": { "ID": 3322330004220, "正式名称": "医療法人三和会　林小児科", "機関区分": 2, "都道府県コード": 33, "市区町村コード": 203, "所在地": "岡山県津山市山下３７", "緯度": 35.061473, "経度": 134.002124, "url": "https://www.iryou.teikyouseido.mhlw.go.jp/znk-web/juminkanja/S2430/initialize?prefCd=33&kikanCd=2330004220&kikanKbn=2", "url2": "https://ped-hayashi.jp/", "内容": "医療法人三和会　林小児科【2:診療所】【診療科目:小児科】岡山県津山市山下３７" }, "geometry": { "type": "Point", "coordinates": [ 134.002124, 35.061473 ] } },
{ "type": "Feature", "properties": { "ID": 3322330004230, "正式名称": "平福診療所", "機関区分": 2, "都道府県コード": 33, "市区町村コード": 203, "所在地": "岡山県津山市平福５４６－１", "緯度": 35.049141, "経度": 133.968711, "url": "https://www.iryou.teikyouseido.mhlw.go.jp/znk-web/juminkanja/S2430/initialize?prefCd=33&kikanCd=2330004230&kikanKbn=2", "url2": "http://tsuyama-coop.jp/hirahuku.htnl", "内容": "平福診療所【2:診療所】【診療科目:内科】岡山県津山市平福５４６－１" }, "geometry": { "type": "Point", "coordinates": [ 133.968711, 35.049141 ] } },
{ "type": "Feature", "properties": { "ID": 3322330004240, "正式名称": "医療法人盛鳳会福田産婦人科", "機関区分": 2, "都道府県コード": 33, "市区町村コード": 203, "所在地": "岡山県津山市田町１０５", "緯度": 35.062779, "経度": 133.996013, "url": "https://www.iryou.teikyouseido.mhlw.go.jp/znk-web/juminkanja/S2430/initialize?prefCd=33&kikanCd=2330004240&kikanKbn=2", "url2": "http://www.fukuda-lc.jp/", "内容": "医療法人盛鳳会福田産婦人科【2:診療所】【診療科目:産婦人科】岡山県津山市田町１０５" }, "geometry": { "type": "Point", "coordinates": [ 133.996013, 35.062779 ] } },
{ "type": "Feature", "properties": { "ID": 3322330004250, "正式名称": "医療法人　藤田会　藤田耳鼻咽喉科医院", "機関区分": 2, "都道府県コード": 33, "市区町村コード": 203, "所在地": "岡山県津山市小原２５－５", "緯度": 35.077472, "経度": 134.003096, "url": "https://www.iryou.teikyouseido.mhlw.go.jp/znk-web/juminkanja/S2430/initialize?prefCd=33&kikanCd=2330004250&kikanKbn=2", "url2": "https://www.fujita-jibiinkouka.com", "内容": "医療法人　藤田会　藤田耳鼻咽喉科医院【2:診療所】【診療科目:呼吸器内科_小児耳鼻いんこう科_耳鼻いんこう科_気管食道・耳鼻いんこう科_頭頸部・耳鼻いんこう科_アレルギー科】岡山県津山市小原２５－５" }, "geometry": { "type": "Point", "coordinates": [ 134.003096, 35.077472 ] } },
{ "type": "Feature", "properties": { "ID": 3322330004260, "正式名称": "医療法人本位田診療所", "機関区分": 2, "都道府県コード": 33, "市区町村コード": 203, "所在地": "岡山県津山市新野東１７９７－１２", "緯度": 35.10432, "経度": 134.128385, "url": "https://www.iryou.teikyouseido.mhlw.go.jp/znk-web/juminkanja/S2430/initialize?prefCd=33&kikanCd=2330004260&kikanKbn=2", "url2": "https://www.hon-iden-clinic.com", "内容": "医療法人本位田診療所【2:診療所】【診療科目:内科_リハビリテーション科】岡山県津山市新野東１７９７－１２" }, "geometry": { "type": "Point", "coordinates": [ 134.128385, 35.10432 ] } },
{ "type": "Feature", "properties": { "ID": 3322330004270, "正式名称": "本渡記念循環器クリニック", "機関区分": 2, "都道府県コード": 33, "市区町村コード": 203, "所在地": "岡山県津山市小原７９番地５", "緯度": 35.077777, "経度": 134.002373, "url": "https://www.iryou.teikyouseido.mhlw.go.jp/znk-web/juminkanja/S2430/initialize?prefCd=33&kikanCd=2330004270&kikanKbn=2", "url2": "http://www.hmc.ecweb.jp", "内容": "本渡記念循環器クリニック【2:診療所】【診療科目:内科_循環器内科】岡山県津山市小原７９番地５" }, "geometry": { "type": "Point", "coordinates": [ 134.002373, 35.077777 ] } },
{ "type": "Feature", "properties": { "ID": 3322330004290, "正式名称": "医療法人　万袋医院", "機関区分": 2, "都道府県コード": 33, "市区町村コード": 203, "所在地": "岡山県津山市加茂町中原３２", "緯度": 35.175961, "経度": 134.051588, "url": "https://www.iryou.teikyouseido.mhlw.go.jp/znk-web/juminkanja/S2430/initialize?prefCd=33&kikanCd=2330004290&kikanKbn=2", "url2": null, "内容": "医療法人　万袋医院【2:診療所】【診療科目:内科】岡山県津山市加茂町中原３２" }, "geometry": { "type": "Point", "coordinates": [ 134.051588, 35.175961 ] } },
{ "type": "Feature", "properties": { "ID": 3322330004310, "正式名称": "水田皮膚科泌尿器科", "機関区分": 2, "都道府県コード": 33, "市区町村コード": 203, "所在地": "岡山県津山市南新座１０５", "緯度": 35.058252, "経度": 133.996763, "url": "https://www.iryou.teikyouseido.mhlw.go.jp/znk-web/juminkanja/S2430/initialize?prefCd=33&kikanCd=2330004310&kikanKbn=2", "url2": "http://www.hakueikai.com/", "内容": "水田皮膚科泌尿器科【2:診療所】【診療科目:皮膚科_美容皮膚科_泌尿器科】岡山県津山市南新座１０５" }, "geometry": { "type": "Point", "coordinates": [ 133.996763, 35.058252 ] } },
{ "type": "Feature", "properties": { "ID": 3322330004320, "正式名称": "光井産婦人科", "機関区分": 2, "都道府県コード": 33, "市区町村コード": 203, "所在地": "岡山県津山市南新座１８", "緯度": 35.058668, "経度": 133.99743, "url": "https://www.iryou.teikyouseido.mhlw.go.jp/znk-web/juminkanja/S2430/initialize?prefCd=33&kikanCd=2330004320&kikanKbn=2", "url2": "http://www.mitsui-lc.jp/", "内容": "光井産婦人科【2:診療所】【診療科目:産婦人科】岡山県津山市南新座１８" }, "geometry": { "type": "Point", "coordinates": [ 133.99743, 35.058668 ] } },
{ "type": "Feature", "properties": { "ID": 3322330004330, "正式名称": "医療法人晴風会三村医院", "機関区分": 2, "都道府県コード": 33, "市区町村コード": 203, "所在地": "岡山県津山市北園町３５－５", "緯度": 35.077944, "経度": 134.003984, "url": "https://www.iryou.teikyouseido.mhlw.go.jp/znk-web/juminkanja/S2430/initialize?prefCd=33&kikanCd=2330004330&kikanKbn=2", "url2": null, "内容": "医療法人晴風会三村医院【2:診療所】【診療科目:内科】岡山県津山市北園町３５－５" }, "geometry": { "type": "Point", "coordinates": [ 134.003984, 35.077944 ] } },
{ "type": "Feature", "properties": { "ID": 3322330004340, "正式名称": "医療法人はなこどもクリニック", "機関区分": 2, "都道府県コード": 33, "市区町村コード": 203, "所在地": "岡山県津山市東一宮６２－１７", "緯度": 35.100552, "経度": 134.004539, "url": "https://www.iryou.teikyouseido.mhlw.go.jp/znk-web/juminkanja/S2430/initialize?prefCd=33&kikanCd=2330004340&kikanKbn=2", "url2": null, "内容": "医療法人はなこどもクリニック【2:診療所】【診療科目:内科_小児科】岡山県津山市東一宮６２－１７" }, "geometry": { "type": "Point", "coordinates": [ 134.004539, 35.100552 ] } },
{ "type": "Feature", "properties": { "ID": 3322330004350, "正式名称": "医療法人　聖美会　安田医院", "機関区分": 2, "都道府県コード": 33, "市区町村コード": 203, "所在地": "岡山県津山市上河原２１５－７", "緯度": 35.084165, "経度": 134.001707, "url": "https://www.iryou.teikyouseido.mhlw.go.jp/znk-web/juminkanja/S2430/initialize?prefCd=33&kikanCd=2330004350&kikanKbn=2", "url2": null, "内容": "医療法人　聖美会　安田医院【2:診療所】【診療科目:内科_小児科_皮膚科】岡山県津山市上河原２１５－７" }, "geometry": { "type": "Point", "coordinates": [ 134.001707, 35.084165 ] } },
{ "type": "Feature", "properties": { "ID": 3322330004360, "正式名称": "医療法人社団　弓狩クリニック", "機関区分": 2, "都道府県コード": 33, "市区町村コード": 203, "所在地": "岡山県津山市南新座２３－１", "緯度": 35.058474, "経度": 133.998263, "url": "https://www.iryou.teikyouseido.mhlw.go.jp/znk-web/juminkanja/S2430/initialize?prefCd=33&kikanCd=2330004360&kikanKbn=2", "url2": "http://www.yukariclinic.com", "内容": "医療法人社団　弓狩クリニック【2:診療所】【診療科目:小児科_泌尿器科_リハビリテーション科】岡山県津山市南新座２３－１" }, "geometry": { "type": "Point", "coordinates": [ 133.998263, 35.058474 ] } },
{ "type": "Feature", "properties": { "ID": 3322330004410, "正式名称": "鏡野町国民健康保険奥津診療所", "機関区分": 2, "都道府県コード": 33, "市区町村コード": 606, "所在地": "岡山県苫田郡鏡野町女原９０－１", "緯度": 35.178152, "経度": 133.907406, "url": "https://www.iryou.teikyouseido.mhlw.go.jp/znk-web/juminkanja/S2430/initialize?prefCd=33&kikanCd=2330004410&kikanKbn=2", "url2": "http://www.town.kagamino.lg.jp/okutsu-cl/index.html", "内容": "鏡野町国民健康保険奥津診療所【2:診療所】【診療科目:内科_整形外科】岡山県苫田郡鏡野町女原９０－１" }, "geometry": { "type": "Point", "coordinates": [ 133.907406, 35.178152 ] } },
{ "type": "Feature", "properties": { "ID": 3322330004420, "正式名称": "鏡野町国民健康保険上齋原診療所", "機関区分": 2, "都道府県コード": 33, "市区町村コード": 606, "所在地": "岡山県苫田郡鏡野町上齋原４８０番地の１", "緯度": 35.278447, "経度": 133.925874, "url": "https://www.iryou.teikyouseido.mhlw.go.jp/znk-web/juminkanja/S2430/initialize?prefCd=33&kikanCd=2330004420&kikanKbn=2", "url2": null, "内容": "鏡野町国民健康保険上齋原診療所【2:診療所】【診療科目:内科】岡山県苫田郡鏡野町上齋原４８０番地の１" }, "geometry": { "type": "Point", "coordinates": [ 133.925874, 35.278447 ] } },
{ "type": "Feature", "properties": { "ID": 3322330004430, "正式名称": "鏡野町国民健康保険富診療所", "機関区分": 2, "都道府県コード": 33, "市区町村コード": 606, "所在地": "岡山県苫田郡鏡野町富西谷１１９", "緯度": 35.159292, "経度": 133.843163, "url": "https://www.iryou.teikyouseido.mhlw.go.jp/znk-web/juminkanja/S2430/initialize?prefCd=33&kikanCd=2330004430&kikanKbn=2", "url2": null, "内容": "鏡野町国民健康保険富診療所【2:診療所】【診療科目:内科_消化器内科_整形外科】岡山県苫田郡鏡野町富西谷１１９" }, "geometry": { "type": "Point", "coordinates": [ 133.843163, 35.159292 ] } },
{ "type": "Feature", "properties": { "ID": 3322330004440, "正式名称": "武田医院", "機関区分": 2, "都道府県コード": 33, "市区町村コード": 606, "所在地": "岡山県苫田郡鏡野町入４８－１", "緯度": 35.109244, "経度": 133.914019, "url": "https://www.iryou.teikyouseido.mhlw.go.jp/znk-web/juminkanja/S2430/initialize?prefCd=33&kikanCd=2330004440&kikanKbn=2", "url2": null, "内容": "武田医院【2:診療所】【診療科目:内科_消化器内科】岡山県苫田郡鏡野町入４８－１" }, "geometry": { "type": "Point", "coordinates": [ 133.914019, 35.109244 ] } },
{ "type": "Feature", "properties": { "ID": 3322330004450, "正式名称": "西村眼科医院", "機関区分": 2, "都道府県コード": 33, "市区町村コード": 606, "所在地": "岡山県苫田郡鏡野町古川１５０", "緯度": 35.075609, "経度": 133.926186, "url": "https://www.iryou.teikyouseido.mhlw.go.jp/znk-web/juminkanja/S2430/initialize?prefCd=33&kikanCd=2330004450&kikanKbn=2", "url2": "https://www.nishimura-eye.net", "内容": "西村眼科医院【2:診療所】【診療科目:眼科】岡山県苫田郡鏡野町古川１５０" }, "geometry": { "type": "Point", "coordinates": [ 133.926186, 35.075609 ] } },
{ "type": "Feature", "properties": { "ID": 3322330004460, "正式名称": "藤本　診療所", "機関区分": 2, "都道府県コード": 33, "市区町村コード": 606, "所在地": "岡山県苫田郡鏡野町古川４２１－５", "緯度": 35.076248, "経度": 133.931102, "url": "https://www.iryou.teikyouseido.mhlw.go.jp/znk-web/juminkanja/S2430/initialize?prefCd=33&kikanCd=2330004460&kikanKbn=2", "url2": null, "内容": "藤本　診療所【2:診療所】【診療科目:内科_小児科】岡山県苫田郡鏡野町古川４２１－５" }, "geometry": { "type": "Point", "coordinates": [ 133.931102, 35.076248 ] } },
{ "type": "Feature", "properties": { "ID": 3322330004470, "正式名称": "医療法人天空会三村医院", "機関区分": 2, "都道府県コード": 33, "市区町村コード": 606, "所在地": "岡山県苫田郡鏡野町香々美８５０の８", "緯度": 35.117549, "経度": 133.953876, "url": "https://www.iryou.teikyouseido.mhlw.go.jp/znk-web/juminkanja/S2430/initialize?prefCd=33&kikanCd=2330004470&kikanKbn=2", "url2": null, "内容": "医療法人天空会三村医院【2:診療所】【診療科目:内科_心療内科】岡山県苫田郡鏡野町香々美８５０の８" }, "geometry": { "type": "Point", "coordinates": [ 133.953876, 35.117549 ] } },
{ "type": "Feature", "properties": { "ID": 3322330004480, "正式名称": "山田医院", "機関区分": 2, "都道府県コード": 33, "市区町村コード": 606, "所在地": "岡山県苫田郡鏡野町寺元３４３－１", "緯度": 35.086664, "経度": 133.933713, "url": "https://www.iryou.teikyouseido.mhlw.go.jp/znk-web/juminkanja/S2430/initialize?prefCd=33&kikanCd=2330004480&kikanKbn=2", "url2": null, "内容": "山田医院【2:診療所】【診療科目:内科_小児科】岡山県苫田郡鏡野町寺元３４３－１" }, "geometry": { "type": "Point", "coordinates": [ 133.933713, 35.086664 ] } },
{ "type": "Feature", "properties": { "ID": 3322330004500, "正式名称": "近藤クリニック", "機関区分": 2, "都道府県コード": 33, "市区町村コード": 663, "所在地": "岡山県久米郡久米南町下弓削３８９－１", "緯度": 34.926349, "経度": 133.959299, "url": "https://www.iryou.teikyouseido.mhlw.go.jp/znk-web/juminkanja/S2430/initialize?prefCd=33&kikanCd=2330004500&kikanKbn=2", "url2": "https://www.kondo-clinic-kumenan.jp", "内容": "近藤クリニック【2:診療所】【診療科目:内科_循環器内科_外科_整形外科_小児科】岡山県久米郡久米南町下弓削３８９－１" }, "geometry": { "type": "Point", "coordinates": [ 133.959299, 34.926349 ] } },
{ "type": "Feature", "properties": { "ID": 3322330004510, "正式名称": "救護施設ニュー三楽園医務室", "機関区分": 2, "都道府県コード": 33, "市区町村コード": 663, "所在地": "岡山県久米郡久米南町下弓削６８７－１", "緯度": 34.930932, "経度": 133.966715, "url": "https://www.iryou.teikyouseido.mhlw.go.jp/znk-web/juminkanja/S2430/initialize?prefCd=33&kikanCd=2330004510&kikanKbn=2", "url2": null, "内容": "救護施設ニュー三楽園医務室【2:診療所】【診療科目:精神科】岡山県久米郡久米南町下弓削６８７－１" }, "geometry": { "type": "Point", "coordinates": [ 133.966715, 34.930932 ] } },
{ "type": "Feature", "properties": { "ID": 3322330004520, "正式名称": "みさき福祉園医務室", "機関区分": 2, "都道府県コード": 33, "市区町村コード": 666, "所在地": "岡山県久米郡美咲町原田２６０", "緯度": 34.987203, "経度": 133.961408, "url": "https://www.iryou.teikyouseido.mhlw.go.jp/znk-web/juminkanja/S2430/initialize?prefCd=33&kikanCd=2330004520&kikanKbn=2", "url2": null, "内容": "みさき福祉園医務室【2:診療所】【診療科目:なし】岡山県久米郡美咲町原田２６０" }, "geometry": { "type": "Point", "coordinates": [ 133.961408, 34.987203 ] } },
{ "type": "Feature", "properties": { "ID": 3322330004530, "正式名称": "医療法人亀乃甲診療所", "機関区分": 2, "都道府県コード": 33, "市区町村コード": 666, "所在地": "岡山県久米郡美咲町原田３１５４－１", "緯度": 34.99498, "経度": 133.955964, "url": "https://www.iryou.teikyouseido.mhlw.go.jp/znk-web/juminkanja/S2430/initialize?prefCd=33&kikanCd=2330004530&kikanKbn=2", "url2": null, "内容": "医療法人亀乃甲診療所【2:診療所】【診療科目:内科_小児科】岡山県久米郡美咲町原田３１５４－１" }, "geometry": { "type": "Point", "coordinates": [ 133.955964, 34.99498 ] } },
{ "type": "Feature", "properties": { "ID": 3322330004550, "正式名称": "久米老人ホーム組合静香園医務室", "機関区分": 2, "都道府県コード": 33, "市区町村コード": 666, "所在地": "岡山県久米郡美咲町打穴下１７６６", "緯度": 35.012906, "経度": 133.933196, "url": "https://www.iryou.teikyouseido.mhlw.go.jp/znk-web/juminkanja/S2430/initialize?prefCd=33&kikanCd=2330004550&kikanKbn=2", "url2": null, "内容": "久米老人ホーム組合静香園医務室【2:診療所】【診療科目:内科_外科】岡山県久米郡美咲町打穴下１７６６" }, "geometry": { "type": "Point", "coordinates": [ 133.933196, 35.012906 ] } },
{ "type": "Feature", "properties": { "ID": 3322330004560, "正式名称": "関医院", "機関区分": 2, "都道府県コード": 33, "市区町村コード": 666, "所在地": "岡山県久米郡美咲町原田１７３２－１", "緯度": 34.998258, "経度": 133.958602, "url": "https://www.iryou.teikyouseido.mhlw.go.jp/znk-web/juminkanja/S2430/initialize?prefCd=33&kikanCd=2330004560&kikanKbn=2", "url2": "http://seki-med-cli.byoinnavi.jp/pc/", "内容": "関医院【2:診療所】【診療科目:内科_外科_乳腺外科】岡山県久米郡美咲町原田１７３２－１" }, "geometry": { "type": "Point", "coordinates": [ 133.958602, 34.998258 ] } },
{ "type": "Feature", "properties": { "ID": 3322330004570, "正式名称": "田口医院大戸分院", "機関区分": 2, "都道府県コード": 33, "市区町村コード": 666, "所在地": "岡山県久米郡美咲町大戸下２５３－６", "緯度": 34.973929, "経度": 134.030569, "url": "https://www.iryou.teikyouseido.mhlw.go.jp/znk-web/juminkanja/S2430/initialize?prefCd=33&kikanCd=2330004570&kikanKbn=2", "url2": null, "内容": "田口医院大戸分院【2:診療所】【診療科目:内科_ペインクリニック内科_麻酔科】岡山県久米郡美咲町大戸下２５３－６" }, "geometry": { "type": "Point", "coordinates": [ 134.030569, 34.973929 ] } },
{ "type": "Feature", "properties": { "ID": 3322330004580, "正式名称": "特別養護老人ホーム　白寿荘医務室", "機関区分": 2, "都道府県コード": 33, "市区町村コード": 666, "所在地": "岡山県久米郡美咲町錦織２３５７－１", "緯度": 35.028754, "経度": 133.944547, "url": "https://www.iryou.teikyouseido.mhlw.go.jp/znk-web/juminkanja/S2430/initialize?prefCd=33&kikanCd=2330004580&kikanKbn=2", "url2": "http://www.hakujuso.or.jp", "内容": "特別養護老人ホーム　白寿荘医務室【2:診療所】【診療科目:内科】岡山県久米郡美咲町錦織２３５７－１" }, "geometry": { "type": "Point", "coordinates": [ 133.944547, 35.028754 ] } },
{ "type": "Feature", "properties": { "ID": 3322330004600, "正式名称": "特別養護老人ホーム吉井川荘医務室", "機関区分": 2, "都道府県コード": 33, "市区町村コード": 666, "所在地": "岡山県久米郡美咲町吉ヶ原８３８", "緯度": 34.943211, "経度": 134.075955, "url": "https://www.iryou.teikyouseido.mhlw.go.jp/znk-web/juminkanja/S2430/initialize?prefCd=33&kikanCd=2330004600&kikanKbn=2", "url2": null, "内容": "特別養護老人ホーム吉井川荘医務室【2:診療所】【診療科目:内科】岡山県久米郡美咲町吉ヶ原８３８" }, "geometry": { "type": "Point", "coordinates": [ 134.075955, 34.943211 ] } },
{ "type": "Feature", "properties": { "ID": 3322330004610, "正式名称": "青山医院", "機関区分": 2, "都道府県コード": 33, "市区町村コード": 215, "所在地": "岡山県美作市福本５４９", "緯度": 34.93774, "経度": 134.123339, "url": "https://www.iryou.teikyouseido.mhlw.go.jp/znk-web/juminkanja/S2430/initialize?prefCd=33&kikanCd=2330004610&kikanKbn=2", "url2": null, "内容": "青山医院【2:診療所】【診療科目:内科_循環器内科_消化器内科_小児科】岡山県美作市福本５４９" }, "geometry": { "type": "Point", "coordinates": [ 134.123339, 34.93774 ] } },
{ "type": "Feature", "properties": { "ID": 3322330004620, "正式名称": "医療法人　岡本医院", "機関区分": 2, "都道府県コード": 33, "市区町村コード": 215, "所在地": "岡山県美作市栄町４０－８", "緯度": 35.008983, "経度": 134.149085, "url": "https://www.iryou.teikyouseido.mhlw.go.jp/znk-web/juminkanja/S2430/initialize?prefCd=33&kikanCd=2330004620&kikanKbn=2", "url2": "https://www.okamoto-gankaiin.com/", "内容": "医療法人　岡本医院【2:診療所】【診療科目:眼科】岡山県美作市栄町４０－８" }, "geometry": { "type": "Point", "coordinates": [ 134.149085, 35.008983 ] } },
{ "type": "Feature", "properties": { "ID": 3322330004630, "正式名称": "医療法人社団　金澤会　金澤外科内科医院", "機関区分": 2, "都道府県コード": 33, "市区町村コード": 215, "所在地": "岡山県美作市江見４８１番地１", "緯度": 35.015567, "経度": 134.224689, "url": "https://www.iryou.teikyouseido.mhlw.go.jp/znk-web/juminkanja/S2430/initialize?prefCd=33&kikanCd=2330004630&kikanKbn=2", "url2": null, "内容": "医療法人社団　金澤会　金澤外科内科医院【2:診療所】【診療科目:内科_外科】岡山県美作市江見４８１番地１" }, "geometry": { "type": "Point", "coordinates": [ 134.224689, 35.015567 ] } },
{ "type": "Feature", "properties": { "ID": 3322330004640, "正式名称": "医療法人　河田医院", "機関区分": 2, "都道府県コード": 33, "市区町村コード": 215, "所在地": "岡山県美作市栄町７５－１", "緯度": 35.01101, "経度": 134.150307, "url": "https://www.iryou.teikyouseido.mhlw.go.jp/znk-web/juminkanja/S2430/initialize?prefCd=33&kikanCd=2330004640&kikanKbn=2", "url2": "https://kawata-entcl.com/", "内容": "医療法人　河田医院【2:診療所】【診療科目:小児耳鼻いんこう科_耳鼻いんこう科_頭頸部・耳鼻いんこう科_睡眠時無呼吸症候群_アレルギー科】岡山県美作市栄町７５－１" }, "geometry": { "type": "Point", "coordinates": [ 134.150307, 35.01101 ] } },
{ "type": "Feature", "properties": { "ID": 3322330004650, "正式名称": "医療法人菊池クリニック", "機関区分": 2, "都道府県コード": 33, "市区町村コード": 215, "所在地": "岡山県美作市入田２２５－１", "緯度": 35.001567, "経度": 134.142808, "url": "https://www.iryou.teikyouseido.mhlw.go.jp/znk-web/juminkanja/S2430/initialize?prefCd=33&kikanCd=2330004650&kikanKbn=2", "url2": "http://www.r-kikuchi.jp/", "内容": "医療法人菊池クリニック【2:診療所】【診療科目:神経内科_皮膚科_美容皮膚科_アレルギー科】岡山県美作市入田２２５－１" }, "geometry": { "type": "Point", "coordinates": [ 134.142808, 35.001567 ] } },
{ "type": "Feature", "properties": { "ID": 3322330004670, "正式名称": "岡山国際サーキット診療所", "機関区分": 2, "都道府県コード": 33, "市区町村コード": 215, "所在地": "岡山県美作市滝宮１２１０", "緯度": 34.914218, "経度": 134.220915, "url": "https://www.iryou.teikyouseido.mhlw.go.jp/znk-web/juminkanja/S2430/initialize?prefCd=33&kikanCd=2330004670&kikanKbn=2", "url2": null, "内容": "岡山国際サーキット診療所【2:診療所】【診療科目:外科】岡山県美作市滝宮１２１０" }, "geometry": { "type": "Point", "coordinates": [ 134.220915, 34.914218 ] } },
{ "type": "Feature", "properties": { "ID": 3322330004680, "正式名称": "特別養護老人ホーム作東寮", "機関区分": 2, "都道府県コード": 33, "市区町村コード": 215, "所在地": "岡山県美作市川北１０８９番地", "緯度": 35.014511, "経度": 134.214829, "url": "https://www.iryou.teikyouseido.mhlw.go.jp/znk-web/juminkanja/S2430/initialize?prefCd=33&kikanCd=2330004680&kikanKbn=2", "url2": null, "内容": "特別養護老人ホーム作東寮【2:診療所】【診療科目:内科_歯科】岡山県美作市川北１０８９番地" }, "geometry": { "type": "Point", "coordinates": [ 134.214829, 35.014511 ] } },
{ "type": "Feature", "properties": { "ID": 3322330004700, "正式名称": "社会医療法人　清風會　湯郷ファミリークリニック", "機関区分": 2, "都道府県コード": 33, "市区町村コード": 215, "所在地": "岡山県美作市湯郷８１５－６", "緯度": 34.99229, "経度": 134.133337, "url": "https://www.iryou.teikyouseido.mhlw.go.jp/znk-web/juminkanja/S2430/initialize?prefCd=33&kikanCd=2330004700&kikanKbn=2", "url2": "https://www.smc-seifukai.or.jp/fcyunogo/", "内容": "社会医療法人　清風會　湯郷ファミリークリニック【2:診療所】【診療科目:内科_小児科】岡山県美作市湯郷８１５－６" }, "geometry": { "type": "Point", "coordinates": [ 134.133337, 34.99229 ] } },
{ "type": "Feature", "properties": { "ID": 3322330004710, "正式名称": "医療法人　豊医会　原医院", "機関区分": 2, "都道府県コード": 33, "市区町村コード": 215, "所在地": "岡山県美作市豊国原３６３－２", "緯度": 35.021232, "経度": 134.159417, "url": "https://www.iryou.teikyouseido.mhlw.go.jp/znk-web/juminkanja/S2430/initialize?prefCd=33&kikanCd=2330004710&kikanKbn=2", "url2": "houikai.jp", "内容": "医療法人　豊医会　原医院【2:診療所】【診療科目:内科_外科_整形外科_リハビリテーション科】岡山県美作市豊国原３６３－２" }, "geometry": { "type": "Point", "coordinates": [ 134.159417, 35.021232 ] } },
{ "type": "Feature", "properties": { "ID": 3322330004720, "正式名称": "原田内科医院", "機関区分": 2, "都道府県コード": 33, "市区町村コード": 215, "所在地": "岡山県美作市豆田５０－３", "緯度": 35.055675, "経度": 134.273711, "url": "https://www.iryou.teikyouseido.mhlw.go.jp/znk-web/juminkanja/S2430/initialize?prefCd=33&kikanCd=2330004720&kikanKbn=2", "url2": "https://www.haradanaika-cl.com/", "内容": "原田内科医院【2:診療所】【診療科目:内科_消化器内科_小児科_リウマチ科】岡山県美作市豆田５０－３" }, "geometry": { "type": "Point", "coordinates": [ 134.273711, 35.055675 ] } },
{ "type": "Feature", "properties": { "ID": 3322330004760, "正式名称": "美作市立英田診療所", "機関区分": 2, "都道府県コード": 33, "市区町村コード": 215, "所在地": "岡山県美作市中川１６７５－６", "緯度": 34.916355, "経度": 134.162198, "url": "https://www.iryou.teikyouseido.mhlw.go.jp/znk-web/juminkanja/S2430/initialize?prefCd=33&kikanCd=2330004760&kikanKbn=2", "url2": null, "内容": "美作市立英田診療所【2:診療所】【診療科目:内科】岡山県美作市中川１６７５－６" }, "geometry": { "type": "Point", "coordinates": [ 134.162198, 34.916355 ] } },
{ "type": "Feature", "properties": { "ID": 3322330004770, "正式名称": "美作市立粟井診療所", "機関区分": 2, "都道府県コード": 33, "市区町村コード": 215, "所在地": "岡山県美作市小野２５６５－１", "緯度": 35.076616, "経度": 134.242991, "url": "https://www.iryou.teikyouseido.mhlw.go.jp/znk-web/juminkanja/S2430/initialize?prefCd=33&kikanCd=2330004770&kikanKbn=2", "url2": null, "内容": "美作市立粟井診療所【2:診療所】【診療科目:内科_循環器内科】岡山県美作市小野２５６５－１" }, "geometry": { "type": "Point", "coordinates": [ 134.242991, 35.076616 ] } },
{ "type": "Feature", "properties": { "ID": 3322330004780, "正式名称": "美作市立作東診療所", "機関区分": 2, "都道府県コード": 33, "市区町村コード": 215, "所在地": "岡山県美作市江見２８０", "緯度": 35.013206, "経度": 134.225578, "url": "https://www.iryou.teikyouseido.mhlw.go.jp/znk-web/juminkanja/S2430/initialize?prefCd=33&kikanCd=2330004780&kikanKbn=2", "url2": "http:/http://www.city.mimasaka.lg.jp/soshiki/hoken/sakutoushinryou/1669270576729.html", "内容": "美作市立作東診療所【2:診療所】【診療科目:内科_循環器内科_整形外科_小児科_婦人科_皮膚科】岡山県美作市江見２８０" }, "geometry": { "type": "Point", "coordinates": [ 134.225578, 35.013206 ] } },
{ "type": "Feature", "properties": { "ID": 3322330004790, "正式名称": "美作市立福山診療所", "機関区分": 2, "都道府県コード": 33, "市区町村コード": 215, "所在地": "岡山県美作市万善２４－１", "緯度": 34.958407, "経度": 134.206887, "url": "https://www.iryou.teikyouseido.mhlw.go.jp/znk-web/juminkanja/S2430/initialize?prefCd=33&kikanCd=2330004790&kikanKbn=2", "url2": null, "内容": "美作市立福山診療所【2:診療所】【診療科目:内科_循環器内科】岡山県美作市万善２４－１" }, "geometry": { "type": "Point", "coordinates": [ 134.206887, 34.958407 ] } },
{ "type": "Feature", "properties": { "ID": 3322330004800, "正式名称": "美作特別養護老人ホームやすらぎ荘", "機関区分": 2, "都道府県コード": 33, "市区町村コード": 215, "所在地": "岡山県美作市古町１７０７－３", "緯度": 35.110031, "経度": 134.327121, "url": "https://www.iryou.teikyouseido.mhlw.go.jp/znk-web/juminkanja/S2430/initialize?prefCd=33&kikanCd=2330004800&kikanKbn=2", "url2": null, "内容": "美作特別養護老人ホームやすらぎ荘【2:診療所】【診療科目:内科】岡山県美作市古町１７０７－３" }, "geometry": { "type": "Point", "coordinates": [ 134.327121, 35.110031 ] } },
{ "type": "Feature", "properties": { "ID": 3322330004850, "正式名称": "内科小児科大村医院", "機関区分": 2, "都道府県コード": 33, "市区町村コード": 622, "所在地": "岡山県勝田郡勝央町勝間田２２０－２", "緯度": 35.040062, "経度": 134.116114, "url": "https://www.iryou.teikyouseido.mhlw.go.jp/znk-web/juminkanja/S2430/initialize?prefCd=33&kikanCd=2330004850&kikanKbn=2", "url2": null, "内容": "内科小児科大村医院【2:診療所】【診療科目:内科_小児科_皮膚科】岡山県勝田郡勝央町勝間田２２０－２" }, "geometry": { "type": "Point", "coordinates": [ 134.116114, 35.040062 ] } },
{ "type": "Feature", "properties": { "ID": 3322330004860, "正式名称": "医療法人社団小坂田医院", "機関区分": 2, "都道府県コード": 33, "市区町村コード": 622, "所在地": "岡山県勝田郡勝央町勝間田１７８", "緯度": 35.038644, "経度": 134.116355, "url": "https://www.iryou.teikyouseido.mhlw.go.jp/znk-web/juminkanja/S2430/initialize?prefCd=33&kikanCd=2330004860&kikanKbn=2", "url2": null, "内容": "医療法人社団小坂田医院【2:診療所】【診療科目:内科_呼吸器内科_循環器内科_消化器内科】岡山県勝田郡勝央町勝間田１７８" }, "geometry": { "type": "Point", "coordinates": [ 134.116355, 35.038644 ] } },
{ "type": "Feature", "properties": { "ID": 3322330004870, "正式名称": "小林医院", "機関区分": 2, "都道府県コード": 33, "市区町村コード": 622, "所在地": "岡山県勝田郡勝央町岡３７", "緯度": 35.03634, "経度": 134.12242, "url": "https://www.iryou.teikyouseido.mhlw.go.jp/znk-web/juminkanja/S2430/initialize?prefCd=33&kikanCd=2330004870&kikanKbn=2", "url2": null, "内容": "小林医院【2:診療所】【診療科目:内科_呼吸器内科_循環器内科_消化器内科_麻酔科】岡山県勝田郡勝央町岡３７" }, "geometry": { "type": "Point", "coordinates": [ 134.12242, 35.03634 ] } },
{ "type": "Feature", "properties": { "ID": 3322330004890, "正式名称": "奈義ファミリークリニック", "機関区分": 2, "都道府県コード": 33, "市区町村コード": 623, "所在地": "岡山県勝田郡奈義町豊沢２９２－１", "緯度": 35.121332, "経度": 134.178273, "url": "https://www.iryou.teikyouseido.mhlw.go.jp/znk-web/juminkanja/S2430/initialize?prefCd=33&kikanCd=2330004890&kikanKbn=2", "url2": "https://smc-seifukai.or.jp/clinic/fcnagi/", "内容": "奈義ファミリークリニック【2:診療所】【診療科目:内科_小児科】岡山県勝田郡奈義町豊沢２９２－１" }, "geometry": { "type": "Point", "coordinates": [ 134.178273, 35.121332 ] } },
{ "type": "Feature", "properties": { "ID": 3322330004900, "正式名称": "特別養護老人ホーム　なぎみ苑", "機関区分": 2, "都道府県コード": 33, "市区町村コード": 623, "所在地": "岡山県勝田郡奈義町広岡３０", "緯度": 35.121943, "経度": 134.169413, "url": "https://www.iryou.teikyouseido.mhlw.go.jp/znk-web/juminkanja/S2430/initialize?prefCd=33&kikanCd=2330004900&kikanKbn=2", "url2": null, "内容": "特別養護老人ホーム　なぎみ苑【2:診療所】【診療科目:内科】岡山県勝田郡奈義町広岡３０" }, "geometry": { "type": "Point", "coordinates": [ 134.169413, 35.121943 ] } },
{ "type": "Feature", "properties": { "ID": 3322330004930, "正式名称": "西粟倉村国民健康保険診療所", "機関区分": 2, "都道府県コード": 33, "市区町村コード": 643, "所在地": "岡山県英田郡西粟倉村影石９０番地１", "緯度": 35.172496, "経度": 134.335257, "url": "https://www.iryou.teikyouseido.mhlw.go.jp/znk-web/juminkanja/S2430/initialize?prefCd=33&kikanCd=2330004930&kikanKbn=2", "url2": "https://nishiawakura-shinryo.jp/", "内容": "西粟倉村国民健康保険診療所【2:診療所】【診療科目:内科_神経内科_小児科】岡山県英田郡西粟倉村影石９０番地１" }, "geometry": { "type": "Point", "coordinates": [ 134.335257, 35.172496 ] } },
{ "type": "Feature", "properties": { "ID": 3322330004940, "正式名称": "特別養護老人ホーム　愛光苑　愛光苑診療所", "機関区分": 2, "都道府県コード": 33, "市区町村コード": 104, "所在地": "岡山県岡山市南区浦安本町８１番地２", "緯度": 34.606941, "経度": 133.930145, "url": "https://www.iryou.teikyouseido.mhlw.go.jp/znk-web/juminkanja/S2430/initialize?prefCd=33&kikanCd=2330004940&kikanKbn=2", "url2": "http://www11.ocn.ne.jp/~aikouen/", "内容": "特別養護老人ホーム　愛光苑　愛光苑診療所【2:診療所】【診療科目:内科_眼科】岡山県岡山市南区浦安本町８１番地２" }, "geometry": { "type": "Point", "coordinates": [ 133.930145, 34.606941 ] } },
{ "type": "Feature", "properties": { "ID": 3322330004950, "正式名称": "医療法人青木内科小児科医院　あいの里クリニック", "機関区分": 2, "都道府県コード": 33, "市区町村コード": 104, "所在地": "岡山県岡山市南区大福９５０－６", "緯度": 34.619133, "経度": 133.891176, "url": "https://www.iryou.teikyouseido.mhlw.go.jp/znk-web/juminkanja/S2430/initialize?prefCd=33&kikanCd=2330004950&kikanKbn=2", "url2": "http://www.aoki-ainosato.or.jp", "内容": "医療法人青木内科小児科医院　あいの里クリニック【2:診療所】【診療科目:内科_歯科】岡山県岡山市南区大福９５０－６" }, "geometry": { "type": "Point", "coordinates": [ 133.891176, 34.619133 ] } },
{ "type": "Feature", "properties": { "ID": 3322330004960, "正式名称": "医療法人　青元会　あおき整形リハビリクリニック", "機関区分": 2, "都道府県コード": 33, "市区町村コード": 101, "所在地": "岡山県岡山市北区久米２５０番地４", "緯度": 34.647101, "経度": 133.868872, "url": "https://www.iryou.teikyouseido.mhlw.go.jp/znk-web/juminkanja/S2430/initialize?prefCd=33&kikanCd=2330004960&kikanKbn=2", "url2": "https://aoki-ortho.com/", "内容": "医療法人　青元会　あおき整形リハビリクリニック【2:診療所】【診療科目:内科_外科_整形外科_リウマチ科_リハビリテーション科_放射線科】岡山県岡山市北区久米２５０番地４" }, "geometry": { "type": "Point", "coordinates": [ 133.868872, 34.647101 ] } },
{ "type": "Feature", "properties": { "ID": 3322330004970, "正式名称": "医療法人　青木内科小児科医院", "機関区分": 2, "都道府県コード": 33, "市区町村コード": 104, "所在地": "岡山県岡山市南区大福２８１－５", "緯度": 34.621688, "経度": 133.877955, "url": "https://www.iryou.teikyouseido.mhlw.go.jp/znk-web/juminkanja/S2430/initialize?prefCd=33&kikanCd=2330004970&kikanKbn=2", "url2": "http://www.aoki-ainosato.or.jp/", "内容": "医療法人　青木内科小児科医院【2:診療所】【診療科目:内科_循環器内科_消化器内科_神経内科_小児科_精神科_アレルギー科_リハビリテーション科】岡山県岡山市南区大福２８１－５" }, "geometry": { "type": "Point", "coordinates": [ 133.877955, 34.621688 ] } },
{ "type": "Feature", "properties": { "ID": 3322330004980, "正式名称": "青地耳鼻咽喉科", "機関区分": 2, "都道府県コード": 33, "市区町村コード": 101, "所在地": "岡山県岡山市北区奉還町２－１－２９日笠ビル２階", "緯度": 34.668128, "経度": 133.917033, "url": "https://www.iryou.teikyouseido.mhlw.go.jp/znk-web/juminkanja/S2430/initialize?prefCd=33&kikanCd=2330004980&kikanKbn=2", "url2": "https://www.aojijibika.com/guide", "内容": "青地耳鼻咽喉科【2:診療所】【診療科目:耳鼻いんこう科】岡山県岡山市北区奉還町２－１－２９日笠ビル２階" }, "geometry": { "type": "Point", "coordinates": [ 133.917033, 34.668128 ] } },
{ "type": "Feature", "properties": { "ID": 3322330004990, "正式名称": "赤木皮膚科医院", "機関区分": 2, "都道府県コード": 33, "市区町村コード": 101, "所在地": "岡山県岡山市北区岩田町７－８", "緯度": 34.668794, "経度": 133.921116, "url": "https://www.iryou.teikyouseido.mhlw.go.jp/znk-web/juminkanja/S2430/initialize?prefCd=33&kikanCd=2330004990&kikanKbn=2", "url2": "http://www.akahihu.server-shared.com", "内容": "赤木皮膚科医院【2:診療所】【診療科目:皮膚科】岡山県岡山市北区岩田町７－８" }, "geometry": { "type": "Point", "coordinates": [ 133.921116, 34.668794 ] } },
{ "type": "Feature", "properties": { "ID": 3322330005000, "正式名称": "医療法人専心会赤司整形外科医院", "機関区分": 2, "都道府県コード": 33, "市区町村コード": 101, "所在地": "岡山県岡山市北区平野５３８－１", "緯度": 34.646574, "経度": 133.8619, "url": "https://www.iryou.teikyouseido.mhlw.go.jp/znk-web/juminkanja/S2430/initialize?prefCd=33&kikanCd=2330005000&kikanKbn=2", "url2": null, "内容": "医療法人専心会赤司整形外科医院【2:診療所】【診療科目:内科_整形外科_リウマチ科_リハビリテーション科】岡山県岡山市北区平野５３８－１" }, "geometry": { "type": "Point", "coordinates": [ 133.8619, 34.646574 ] } },
{ "type": "Feature", "properties": { "ID": 3322330005010, "正式名称": "秋山皮膚科", "機関区分": 2, "都道府県コード": 33, "市区町村コード": 101, "所在地": "岡山県岡山市北区大安寺南町二丁目九番四十号", "緯度": 34.660656, "経度": 133.885314, "url": "https://www.iryou.teikyouseido.mhlw.go.jp/znk-web/juminkanja/S2430/initialize?prefCd=33&kikanCd=2330005010&kikanKbn=2", "url2": null, "内容": "秋山皮膚科【2:診療所】【診療科目:皮膚科】岡山県岡山市北区大安寺南町二丁目九番四十号" }, "geometry": { "type": "Point", "coordinates": [ 133.885314, 34.660656 ] } },
{ "type": "Feature", "properties": { "ID": 3322330005020, "正式名称": "あけぼのクリニック", "機関区分": 2, "都道府県コード": 33, "市区町村コード": 104, "所在地": "岡山県岡山市南区築港新町一丁目７－２８", "緯度": 34.606524, "経度": 133.937339, "url": "https://www.iryou.teikyouseido.mhlw.go.jp/znk-web/juminkanja/S2430/initialize?prefCd=33&kikanCd=2330005020&kikanKbn=2", "url2": null, "内容": "あけぼのクリニック【2:診療所】【診療科目:内科_神経内科_小児科_リハビリテーション科】岡山県岡山市南区築港新町一丁目７－２８" }, "geometry": { "type": "Point", "coordinates": [ 133.937339, 34.606524 ] } },
{ "type": "Feature", "properties": { "ID": 3322330005030, "正式名称": "浅野内科医院", "機関区分": 2, "都道府県コード": 33, "市区町村コード": 101, "所在地": "岡山県岡山市北区富田町１－７－１８", "緯度": 34.67001, "経度": 133.924249, "url": "https://www.iryou.teikyouseido.mhlw.go.jp/znk-web/juminkanja/S2430/initialize?prefCd=33&kikanCd=2330005030&kikanKbn=2", "url2": "http://asanonaika.com/", "内容": "浅野内科医院【2:診療所】【診療科目:内科_リウマチ科】岡山県岡山市北区富田町１－７－１８" }, "geometry": { "type": "Point", "coordinates": [ 133.924249, 34.67001 ] } },
{ "type": "Feature", "properties": { "ID": 3322330005070, "正式名称": "あさひクリニック", "機関区分": 2, "都道府県コード": 33, "市区町村コード": 104, "所在地": "岡山県岡山市南区大福１５０－３", "緯度": 34.62316, "経度": 133.881038, "url": "https://www.iryou.teikyouseido.mhlw.go.jp/znk-web/juminkanja/S2430/initialize?prefCd=33&kikanCd=2330005070&kikanKbn=2", "url2": "http://asahi-clinic.net/", "内容": "あさひクリニック【2:診療所】【診療科目:内科_外科_脳神経外科_整形外科_リハビリテーション科】岡山県岡山市南区大福１５０－３" }, "geometry": { "type": "Point", "coordinates": [ 133.881038, 34.62316 ] } },
{ "type": "Feature", "properties": { "ID": 3322330005080, "正式名称": "旭クリニック", "機関区分": 2, "都道府県コード": 33, "市区町村コード": 101, "所在地": "岡山県岡山市北区中井町１－１－７", "緯度": 34.680488, "経度": 133.928449, "url": "https://www.iryou.teikyouseido.mhlw.go.jp/znk-web/juminkanja/S2430/initialize?prefCd=33&kikanCd=2330005080&kikanKbn=2", "url2": null, "内容": "旭クリニック【2:診療所】【診療科目:内科_外科_整形外科_麻酔科】岡山県岡山市北区中井町１－１－７" }, "geometry": { "type": "Point", "coordinates": [ 133.928449, 34.680488 ] } },
{ "type": "Feature", "properties": { "ID": 3322330005090, "正式名称": "特別養護老人ホーム足守荘医務室", "機関区分": 2, "都道府県コード": 33, "市区町村コード": 101, "所在地": "岡山県岡山市北区下足守１８９８番地", "緯度": 34.718453, "経度": 133.803819, "url": "https://www.iryou.teikyouseido.mhlw.go.jp/znk-web/juminkanja/S2430/initialize?prefCd=33&kikanCd=2330005090&kikanKbn=2", "url2": "https://ikenaga-group.jp/", "内容": "特別養護老人ホーム足守荘医務室【2:診療所】【診療科目:内科_精神科】岡山県岡山市北区下足守１８９８番地" }, "geometry": { "type": "Point", "coordinates": [ 133.803819, 34.718453 ] } },
{ "type": "Feature", "properties": { "ID": 3322330005100, "正式名称": "医療法人　雄風会　あしもりクリニック", "機関区分": 2, "都道府県コード": 33, "市区町村コード": 101, "所在地": "岡山県岡山市北区下足守１９００－１", "緯度": 34.71787, "経度": 133.803458, "url": "https://www.iryou.teikyouseido.mhlw.go.jp/znk-web/juminkanja/S2430/initialize?prefCd=33&kikanCd=2330005100&kikanKbn=2", "url2": "https://ikenaga-group.jp/", "内容": "医療法人　雄風会　あしもりクリニック【2:診療所】【診療科目:内科_呼吸器内科_循環器内科_消化器内科_リハビリテーション科】岡山県岡山市北区下足守１９００－１" }, "geometry": { "type": "Point", "coordinates": [ 133.803458, 34.71787 ] } },
{ "type": "Feature", "properties": { "ID": 3322330005150, "正式名称": "医療法人有森医院　有森・整形外科・内科クリニック", "機関区分": 2, "都道府県コード": 33, "市区町村コード": 101, "所在地": "岡山県岡山市北区西辛川４７９", "緯度": 34.681875, "経度": 133.860399, "url": "https://www.iryou.teikyouseido.mhlw.go.jp/znk-web/juminkanja/S2430/initialize?prefCd=33&kikanCd=2330005150&kikanKbn=2", "url2": "http://arimori-fuwari.com/", "内容": "医療法人有森医院　有森・整形外科・内科クリニック【2:診療所】【診療科目:内科_外科_整形外科_リハビリテーション科】岡山県岡山市北区西辛川４７９" }, "geometry": { "type": "Point", "coordinates": [ 133.860399, 34.681875 ] } },
{ "type": "Feature", "properties": { "ID": 3322330005160, "正式名称": "医療法人粟井内科医院", "機関区分": 2, "都道府県コード": 33, "市区町村コード": 103, "所在地": "岡山県岡山市東区瀬戸町万富６２２－１", "緯度": 34.761926, "経度": 134.082377, "url": "https://www.iryou.teikyouseido.mhlw.go.jp/znk-web/juminkanja/S2430/initialize?prefCd=33&kikanCd=2330005160&kikanKbn=2", "url2": "https://www.awainaika.com/", "内容": "医療法人粟井内科医院【2:診療所】【診療科目:内科】岡山県岡山市東区瀬戸町万富６２２－１" }, "geometry": { "type": "Point", "coordinates": [ 134.082377, 34.761926 ] } },
{ "type": "Feature", "properties": { "ID": 3322330005170, "正式名称": "医療法人成和会　粟井内科診療所", "機関区分": 2, "都道府県コード": 33, "市区町村コード": 101, "所在地": "岡山県岡山市北区津島京町２丁目１２番３８号", "緯度": 34.683376, "経度": 133.903617, "url": "https://www.iryou.teikyouseido.mhlw.go.jp/znk-web/juminkanja/S2430/initialize?prefCd=33&kikanCd=2330005170&kikanKbn=2", "url2": "https://www.naika-okayama.com/", "内容": "医療法人成和会　粟井内科診療所【2:診療所】【診療科目:内科_糖尿病内科_糖尿病・内分泌内科_呼吸器内科_消化器内科_放射線科】岡山県岡山市北区津島京町２丁目１２番３８号" }, "geometry": { "type": "Point", "coordinates": [ 133.903617, 34.683376 ] } },
{ "type": "Feature", "properties": { "ID": 3322330005190, "正式名称": "いのくち内科クリニック", "機関区分": 2, "都道府県コード": 33, "市区町村コード": 101, "所在地": "岡山県岡山市北区大安寺東町２３－１５", "緯度": 34.664461, "経度": 133.889564, "url": "https://www.iryou.teikyouseido.mhlw.go.jp/znk-web/juminkanja/S2430/initialize?prefCd=33&kikanCd=2330005190&kikanKbn=2", "url2": "http://www.inokuchi-naika.com", "内容": "いのくち内科クリニック【2:診療所】【診療科目:内科_消化器内科_小児科】岡山県岡山市北区大安寺東町２３－１５" }, "geometry": { "type": "Point", "coordinates": [ 133.889564, 34.664461 ] } },
{ "type": "Feature", "properties": { "ID": 3322330005210, "正式名称": "医療法人ＲＥＧＩＯＮＯ　池田医院", "機関区分": 2, "都道府県コード": 33, "市区町村コード": 104, "所在地": "岡山県岡山市南区彦崎２８０１－１", "緯度": 34.552723, "経度": 133.836627, "url": "https://www.iryou.teikyouseido.mhlw.go.jp/znk-web/juminkanja/S2430/initialize?prefCd=33&kikanCd=2330005210&kikanKbn=2", "url2": "https://ikedaiin.or.jp", "内容": "医療法人ＲＥＧＩＯＮＯ　池田医院【2:診療所】【診療科目:内科_小児科】岡山県岡山市南区彦崎２８０１－１" }, "geometry": { "type": "Point", "coordinates": [ 133.836627, 34.552723 ] } },
{ "type": "Feature", "properties": { "ID": 3322330005220, "正式名称": "社会福祉法人恩賜財団岡山県済生会特別養護老人ホーム憩いの丘", "機関区分": 2, "都道府県コード": 33, "市区町村コード": 101, "所在地": "岡山県岡山市北区日近１８０７", "緯度": 34.751616, "経度": 133.8179, "url": "https://www.iryou.teikyouseido.mhlw.go.jp/znk-web/juminkanja/S2430/initialize?prefCd=33&kikanCd=2330005220&kikanKbn=2", "url2": null, "内容": "社会福祉法人恩賜財団岡山県済生会特別養護老人ホーム憩いの丘【2:診療所】【診療科目:内科】岡山県岡山市北区日近１８０７" }, "geometry": { "type": "Point", "coordinates": [ 133.8179, 34.751616 ] } },
{ "type": "Feature", "properties": { "ID": 3322330005230, "正式名称": "医療法人ネバーランド　石井内科クリニック", "機関区分": 2, "都道府県コード": 33, "市区町村コード": 103, "所在地": "岡山県岡山市東区神崎町１０５－１", "緯度": 34.627163, "経度": 134.058466, "url": "https://www.iryou.teikyouseido.mhlw.go.jp/znk-web/juminkanja/S2430/initialize?prefCd=33&kikanCd=2330005230&kikanKbn=2", "url2": "http://www.ishiinaika.e-doctor.info/", "内容": "医療法人ネバーランド　石井内科クリニック【2:診療所】【診療科目:内科_消化器内科_漢方内科_外科_小児科】岡山県岡山市東区神崎町１０５－１" }, "geometry": { "type": "Point", "coordinates": [ 134.058466, 34.627163 ] } },
{ "type": "Feature", "properties": { "ID": 3322330005240, "正式名称": "医療法人　石原医院", "機関区分": 2, "都道府県コード": 33, "市区町村コード": 103, "所在地": "岡山県岡山市東区瀬戸町瀬戸７７", "緯度": 34.735067, "経度": 134.039604, "url": "https://www.iryou.teikyouseido.mhlw.go.jp/znk-web/juminkanja/S2430/initialize?prefCd=33&kikanCd=2330005240&kikanKbn=2", "url2": null, "内容": "医療法人　石原医院【2:診療所】【診療科目:整形外科_リウマチ科_リハビリテーション科】岡山県岡山市東区瀬戸町瀬戸７７" }, "geometry": { "type": "Point", "coordinates": [ 134.039604, 34.735067 ] } },
{ "type": "Feature", "properties": { "ID": 3322330005260, "正式名称": "医療法人慶風会伊藤整形外科医院", "機関区分": 2, "都道府県コード": 33, "市区町村コード": 101, "所在地": "岡山県岡山市北区鹿田本町１－１５", "緯度": 34.651769, "経度": 133.916784, "url": "https://www.iryou.teikyouseido.mhlw.go.jp/znk-web/juminkanja/S2430/initialize?prefCd=33&kikanCd=2330005260&kikanKbn=2", "url2": "http://www.ito-seikei.com", "内容": "医療法人慶風会伊藤整形外科医院【2:診療所】【診療科目:整形外科_リハビリテーション科】岡山県岡山市北区鹿田本町１－１５" }, "geometry": { "type": "Point", "coordinates": [ 133.916784, 34.651769 ] } },
{ "type": "Feature", "properties": { "ID": 3322330005270, "正式名称": "医療法人誠仁会井戸内科医院", "機関区分": 2, "都道府県コード": 33, "市区町村コード": 101, "所在地": "岡山県岡山市北区今７－２３－２５", "緯度": 34.642352, "経度": 133.891564, "url": "https://www.iryou.teikyouseido.mhlw.go.jp/znk-web/juminkanja/S2430/initialize?prefCd=33&kikanCd=2330005270&kikanKbn=2", "url2": null, "内容": "医療法人誠仁会井戸内科医院【2:診療所】【診療科目:内科_呼吸器内科_循環器内科】岡山県岡山市北区今７－２３－２５" }, "geometry": { "type": "Point", "coordinates": [ 133.891564, 34.642352 ] } },
{ "type": "Feature", "properties": { "ID": 3322330005280, "正式名称": "医療法人　イナバ小児科", "機関区分": 2, "都道府県コード": 33, "市区町村コード": 101, "所在地": "岡山県岡山市北区鹿田町１－７－１", "緯度": 34.653518, "経度": 133.918617, "url": "https://www.iryou.teikyouseido.mhlw.go.jp/znk-web/juminkanja/S2430/initialize?prefCd=33&kikanCd=2330005280&kikanKbn=2", "url2": null, "内容": "医療法人　イナバ小児科【2:診療所】【診療科目:アレルギー疾患内科_小児科_アレルギー科】岡山県岡山市北区鹿田町１－７－１" }, "geometry": { "type": "Point", "coordinates": [ 133.918617, 34.653518 ] } },
{ "type": "Feature", "properties": { "ID": 3322330005300, "正式名称": "医療法人井上医院", "機関区分": 2, "都道府県コード": 33, "市区町村コード": 102, "所在地": "岡山県岡山市中区関２２", "緯度": 34.675267, "経度": 133.971973, "url": "https://www.iryou.teikyouseido.mhlw.go.jp/znk-web/juminkanja/S2430/initialize?prefCd=33&kikanCd=2330005300&kikanKbn=2", "url2": "http://www.inoue-iin.jp", "内容": "医療法人井上医院【2:診療所】【診療科目:産婦人科_産科_婦人科】岡山県岡山市中区関２２" }, "geometry": { "type": "Point", "coordinates": [ 133.971973, 34.675267 ] } },
{ "type": "Feature", "properties": { "ID": 3322330005310, "正式名称": "医療法人義人会　井上医院", "機関区分": 2, "都道府県コード": 33, "市区町村コード": 101, "所在地": "岡山県岡山市北区大井２３１６", "緯度": 34.738256, "経度": 133.801013, "url": "https://www.iryou.teikyouseido.mhlw.go.jp/znk-web/juminkanja/S2430/initialize?prefCd=33&kikanCd=2330005310&kikanKbn=2", "url2": "https://www.gijinkai.com/", "内容": "医療法人義人会　井上医院【2:診療所】【診療科目:内科_循環器内科_消化器内科_アレルギー疾患内科_外科_小児科_アレルギー科_リハビリテーション科】岡山県岡山市北区大井２３１６" }, "geometry": { "type": "Point", "coordinates": [ 133.801013, 34.738256 ] } },
{ "type": "Feature", "properties": { "ID": 3322330005320, "正式名称": "井上産婦人科クリニック", "機関区分": 2, "都道府県コード": 33, "市区町村コード": 101, "所在地": "岡山県岡山市北区幸町４－１２河田ビル３階", "緯度": 34.661906, "経度": 133.92245, "url": "https://www.iryou.teikyouseido.mhlw.go.jp/znk-web/juminkanja/S2430/initialize?prefCd=33&kikanCd=2330005320&kikanKbn=2", "url2": "http://www.inoue-gyne.jp", "内容": "井上産婦人科クリニック【2:診療所】【診療科目:内科_産婦人科】岡山県岡山市北区幸町４－１２河田ビル３階" }, "geometry": { "type": "Point", "coordinates": [ 133.92245, 34.661906 ] } },
{ "type": "Feature", "properties": { "ID": 3322330005330, "正式名称": "医療法人　洸和会　井上内科小児科医院", "機関区分": 2, "都道府県コード": 33, "市区町村コード": 103, "所在地": "岡山県岡山市東区東平島９２１－１", "緯度": 34.71993, "経度": 134.050381, "url": "https://www.iryou.teikyouseido.mhlw.go.jp/znk-web/juminkanja/S2430/initialize?prefCd=33&kikanCd=2330005330&kikanKbn=2", "url2": "http://www.inouecl.com", "内容": "医療法人　洸和会　井上内科小児科医院【2:診療所】【診療科目:内科_呼吸器内科_消化器内科_小児科】岡山県岡山市東区東平島９２１－１" }, "geometry": { "type": "Point", "coordinates": [ 134.050381, 34.71993 ] } },
{ "type": "Feature", "properties": { "ID": 3322330005340, "正式名称": "医療法人正善会　今井医院", "機関区分": 2, "都道府県コード": 33, "市区町村コード": 101, "所在地": "岡山県岡山市北区西辛川２６９番地１", "緯度": 34.680736, "経度": 133.863454, "url": "https://www.iryou.teikyouseido.mhlw.go.jp/znk-web/juminkanja/S2430/initialize?prefCd=33&kikanCd=2330005340&kikanKbn=2", "url2": "https://www.seizenkai-imai-clinic.net", "内容": "医療法人正善会　今井医院【2:診療所】【診療科目:内科_糖尿病内科_胃腸内科_神経内科_小児科_皮膚科_心療内科_リハビリテーション科_放射線科】岡山県岡山市北区西辛川２６９番地１" }, "geometry": { "type": "Point", "coordinates": [ 133.863454, 34.680736 ] } },
{ "type": "Feature", "properties": { "ID": 3322330005350, "正式名称": "キタカタクリニック", "機関区分": 2, "都道府県コード": 33, "市区町村コード": 101, "所在地": "岡山県岡山市北区大和町２丁目８番２３号", "緯度": 34.682599, "経度": 133.927976, "url": "https://www.iryou.teikyouseido.mhlw.go.jp/znk-web/juminkanja/S2430/initialize?prefCd=33&kikanCd=2330005350&kikanKbn=2", "url2": "https://kitakata-cl.com/", "内容": "キタカタクリニック【2:診療所】【診療科目:内科_循環器内科_外科】岡山県岡山市北区大和町２丁目８番２３号" }, "geometry": { "type": "Point", "coordinates": [ 133.927976, 34.682599 ] } },
{ "type": "Feature", "properties": { "ID": 3322330005360, "正式名称": "岩藤胃腸科外科歯科クリニック", "機関区分": 2, "都道府県コード": 33, "市区町村コード": 103, "所在地": "岡山県岡山市東区瀬戸町沖３４３", "緯度": 34.718319, "経度": 134.044687, "url": "https://www.iryou.teikyouseido.mhlw.go.jp/znk-web/juminkanja/S2430/initialize?prefCd=33&kikanCd=2330005360&kikanKbn=2", "url2": "http://www.iwadou.or.jp/", "内容": "岩藤胃腸科外科歯科クリニック【2:診療所】【診療科目:内科_呼吸器内科_消化器内科_腎臓内科_外科_消化器外科_肛門外科_整形外科_歯科_小児歯科_リウマチ科_リハビリテーション科】岡山県岡山市東区瀬戸町沖３４３" }, "geometry": { "type": "Point", "coordinates": [ 134.044687, 34.718319 ] } },
{ "type": "Feature", "properties": { "ID": 3322330005380, "正式名称": "ウィメンズクリニック・かみむら", "機関区分": 2, "都道府県コード": 33, "市区町村コード": 101, "所在地": "岡山県岡山市北区本町４－１８コア本町３Ｆ", "緯度": 34.664823, "経度": 133.922172, "url": "https://www.iryou.teikyouseido.mhlw.go.jp/znk-web/juminkanja/S2430/initialize?prefCd=33&kikanCd=2330005380&kikanKbn=2", "url2": "http://wck-ok.sakura.ne.jp/wpwp/", "内容": "ウィメンズクリニック・かみむら【2:診療所】【診療科目:産婦人科】岡山県岡山市北区本町４－１８コア本町３Ｆ" }, "geometry": { "type": "Point", "coordinates": [ 133.922172, 34.664823 ] } },
{ "type": "Feature", "properties": { "ID": 3322330005390, "正式名称": "医療法人うえおか内科医院", "機関区分": 2, "都道府県コード": 33, "市区町村コード": 103, "所在地": "岡山県岡山市東区瀬戸町江尻１３６０－５", "緯度": 34.724513, "経度": 134.047409, "url": "https://www.iryou.teikyouseido.mhlw.go.jp/znk-web/juminkanja/S2430/initialize?prefCd=33&kikanCd=2330005390&kikanKbn=2", "url2": "https://seto-clinic.net", "内容": "医療法人うえおか内科医院【2:診療所】【診療科目:内科_小児科_皮膚科_アレルギー科】岡山県岡山市東区瀬戸町江尻１３６０－５" }, "geometry": { "type": "Point", "coordinates": [ 134.047409, 34.724513 ] } },
{ "type": "Feature", "properties": { "ID": 3322330005420, "正式名称": "うきた皮フ科", "機関区分": 2, "都道府県コード": 33, "市区町村コード": 101, "所在地": "岡山県岡山市北区小山１０８－１（ＭＳビル１階）", "緯度": 34.692039, "経度": 133.813931, "url": "https://www.iryou.teikyouseido.mhlw.go.jp/znk-web/juminkanja/S2430/initialize?prefCd=33&kikanCd=2330005420&kikanKbn=2", "url2": null, "内容": "うきた皮フ科【2:診療所】【診療科目:皮膚科】岡山県岡山市北区小山１０８－１（ＭＳビル１階）" }, "geometry": { "type": "Point", "coordinates": [ 133.813931, 34.692039 ] } },
{ "type": "Feature", "properties": { "ID": 3322330005430, "正式名称": "医療法人信愛会内科呼吸器科消化器科リハビリテーション科放射線科宇治医院", "機関区分": 2, "都道府県コード": 33, "市区町村コード": 103, "所在地": "岡山県岡山市東区西大寺中３丁目３番２４号", "緯度": 34.652771, "経度": 134.036523, "url": "https://www.iryou.teikyouseido.mhlw.go.jp/znk-web/juminkanja/S2430/initialize?prefCd=33&kikanCd=2330005430&kikanKbn=2", "url2": null, "内容": "医療法人信愛会内科呼吸器科消化器科リハビリテーション科放射線科宇治医院【2:診療所】【診療科目:内科_呼吸器内科_消化器内科_リハビリテーション科_放射線科】岡山県岡山市東区西大寺中３丁目３番２４号" }, "geometry": { "type": "Point", "coordinates": [ 134.036523, 34.652771 ] } },
{ "type": "Feature", "properties": { "ID": 3322330005440, "正式名称": "内科宇治医院犬島分院", "機関区分": 2, "都道府県コード": 33, "市区町村コード": 103, "所在地": "岡山県岡山市東区犬島１０９", "緯度": 34.564727, "経度": 134.101687, "url": "https://www.iryou.teikyouseido.mhlw.go.jp/znk-web/juminkanja/S2430/initialize?prefCd=33&kikanCd=2330005440&kikanKbn=2", "url2": null, "内容": "内科宇治医院犬島分院【2:診療所】【診療科目:内科】岡山県岡山市東区犬島１０９" }, "geometry": { "type": "Point", "coordinates": [ 134.101687, 34.564727 ] } },
{ "type": "Feature", "properties": { "ID": 3322330005450, "正式名称": "氏平医院", "機関区分": 2, "都道府県コード": 33, "市区町村コード": 102, "所在地": "岡山県岡山市中区古京町一丁目５番１０号", "緯度": 34.661851, "経度": 133.939643, "url": "https://www.iryou.teikyouseido.mhlw.go.jp/znk-web/juminkanja/S2430/initialize?prefCd=33&kikanCd=2330005450&kikanKbn=2", "url2": "http://ujihira-clinic.com/", "内容": "氏平医院【2:診療所】【診療科目:内科_循環器内科】岡山県岡山市中区古京町一丁目５番１０号" }, "geometry": { "type": "Point", "coordinates": [ 133.939643, 34.661851 ] } },
{ "type": "Feature", "properties": { "ID": 3322330005470, "正式名称": "医療法人　内田内科小児科医院", "機関区分": 2, "都道府県コード": 33, "市区町村コード": 102, "所在地": "岡山県岡山市中区円山１４６－３", "緯度": 34.651881, "経度": 133.964002, "url": "https://www.iryou.teikyouseido.mhlw.go.jp/znk-web/juminkanja/S2430/initialize?prefCd=33&kikanCd=2330005470&kikanKbn=2", "url2": "http://uchida-naikasyounika.com", "内容": "医療法人　内田内科小児科医院【2:診療所】【診療科目:内科_呼吸器内科_アレルギー疾患内科_小児科_リハビリテーション科】岡山県岡山市中区円山１４６－３" }, "geometry": { "type": "Point", "coordinates": [ 133.964002, 34.651881 ] } },
{ "type": "Feature", "properties": { "ID": 3322330005480, "正式名称": "うちだ皮膚科クリニック", "機関区分": 2, "都道府県コード": 33, "市区町村コード": 104, "所在地": "岡山県岡山市南区新保１６１１－１２", "緯度": 34.637381, "経度": 133.909702, "url": "https://www.iryou.teikyouseido.mhlw.go.jp/znk-web/juminkanja/S2430/initialize?prefCd=33&kikanCd=2330005480&kikanKbn=2", "url2": "https://www.uchidaclinic.jp", "内容": "うちだ皮膚科クリニック【2:診療所】【診療科目:形成外科_皮膚科_アレルギー科】岡山県岡山市南区新保１６１１－１２" }, "geometry": { "type": "Point", "coordinates": [ 133.909702, 34.637381 ] } },
{ "type": "Feature", "properties": { "ID": 3322330005490, "正式名称": "畝木医院", "機関区分": 2, "都道府県コード": 33, "市区町村コード": 101, "所在地": "岡山県岡山市北区平和町１－１", "緯度": 34.665128, "経度": 133.922422, "url": "https://www.iryou.teikyouseido.mhlw.go.jp/znk-web/juminkanja/S2430/initialize?prefCd=33&kikanCd=2330005490&kikanKbn=2", "url2": null, "内容": "畝木医院【2:診療所】【診療科目:内科_産婦人科_泌尿器科】岡山県岡山市北区平和町１－１" }, "geometry": { "type": "Point", "coordinates": [ 133.922422, 34.665128 ] } },
{ "type": "Feature", "properties": { "ID": 3322330005500, "正式名称": "医療法人うのきん耳鼻咽喉科", "機関区分": 2, "都道府県コード": 33, "市区町村コード": 101, "所在地": "岡山県岡山市北区厚生町２－８－１２", "緯度": 34.65449, "経度": 133.913423, "url": "https://www.iryou.teikyouseido.mhlw.go.jp/znk-web/juminkanja/S2430/initialize?prefCd=33&kikanCd=2330005500&kikanKbn=2", "url2": null, "内容": "医療法人うのきん耳鼻咽喉科【2:診療所】【診療科目:耳鼻いんこう科】岡山県岡山市北区厚生町２－８－１２" }, "geometry": { "type": "Point", "coordinates": [ 133.913423, 34.65449 ] } },
{ "type": "Feature", "properties": { "ID": 3322330005520, "正式名称": "宇野診療所", "機関区分": 2, "都道府県コード": 33, "市区町村コード": 103, "所在地": "岡山県岡山市東区西大寺上２－８－４５－１", "緯度": 34.659298, "経度": 134.036606, "url": "https://www.iryou.teikyouseido.mhlw.go.jp/znk-web/juminkanja/S2430/initialize?prefCd=33&kikanCd=2330005520&kikanKbn=2", "url2": "http://www.uno-doc.com", "内容": "宇野診療所【2:診療所】【診療科目:皮膚科_泌尿器科_アレルギー科】岡山県岡山市東区西大寺上２－８－４５－１" }, "geometry": { "type": "Point", "coordinates": [ 134.036606, 34.659298 ] } },
{ "type": "Feature", "properties": { "ID": 3322330005540, "正式名称": "医療法人　川島会　浦上ファミリークリニック", "機関区分": 2, "都道府県コード": 33, "市区町村コード": 101, "所在地": "岡山県岡山市北区一宮３４－３", "緯度": 34.679014, "経度": 133.871926, "url": "https://www.iryou.teikyouseido.mhlw.go.jp/znk-web/juminkanja/S2430/initialize?prefCd=33&kikanCd=2330005540&kikanKbn=2", "url2": "http://urakami-family-clinic.com/", "内容": "医療法人　川島会　浦上ファミリークリニック【2:診療所】【診療科目:内科_外科_小児科】岡山県岡山市北区一宮３４－３" }, "geometry": { "type": "Point", "coordinates": [ 133.871926, 34.679014 ] } },
{ "type": "Feature", "properties": { "ID": 3322330005570, "正式名称": "医療法人江口小児科", "機関区分": 2, "都道府県コード": 33, "市区町村コード": 101, "所在地": "岡山県岡山市北区伊島北町１－２２", "緯度": 34.681209, "経度": 133.908534, "url": "https://www.iryou.teikyouseido.mhlw.go.jp/znk-web/juminkanja/S2430/initialize?prefCd=33&kikanCd=2330005570&kikanKbn=2", "url2": "http://dr-koala.com", "内容": "医療法人江口小児科【2:診療所】【診療科目:小児科_アレルギー科】岡山県岡山市北区伊島北町１－２２" }, "geometry": { "type": "Point", "coordinates": [ 133.908534, 34.681209 ] } },
{ "type": "Feature", "properties": { "ID": 3322330005580, "正式名称": "医療法人芳貴会えばらクリニック", "機関区分": 2, "都道府県コード": 33, "市区町村コード": 101, "所在地": "岡山県岡山市北区加茂１５－３", "緯度": 34.673959, "経度": 133.836429, "url": "https://www.iryou.teikyouseido.mhlw.go.jp/znk-web/juminkanja/S2430/initialize?prefCd=33&kikanCd=2330005580&kikanKbn=2", "url2": "https://www.ebara-clinic.com/", "内容": "医療法人芳貴会えばらクリニック【2:診療所】【診療科目:内科_消化器内科_漢方内科_内視鏡内科】岡山県岡山市北区加茂１５－３" }, "geometry": { "type": "Point", "coordinates": [ 133.836429, 34.673959 ] } },
{ "type": "Feature", "properties": { "ID": 3322330005600, "正式名称": "江森内科・循環器科", "機関区分": 2, "都道府県コード": 33, "市区町村コード": 102, "所在地": "岡山県岡山市中区中井１丁目１３－１５", "緯度": 34.683821, "経度": 133.960584, "url": "https://www.iryou.teikyouseido.mhlw.go.jp/znk-web/juminkanja/S2430/initialize?prefCd=33&kikanCd=2330005600&kikanKbn=2", "url2": null, "内容": "江森内科・循環器科【2:診療所】【診療科目:内科_循環器内科】岡山県岡山市中区中井１丁目１３－１５" }, "geometry": { "type": "Point", "coordinates": [ 133.960584, 34.683821 ] } },
{ "type": "Feature", "properties": { "ID": 3322330005630, "正式名称": "医療法人遠藤耳鼻咽喉科医院", "機関区分": 2, "都道府県コード": 33, "市区町村コード": 102, "所在地": "岡山県岡山市中区藤原８１－３", "緯度": 34.675795, "経度": 133.958779, "url": "https://www.iryou.teikyouseido.mhlw.go.jp/znk-web/juminkanja/S2430/initialize?prefCd=33&kikanCd=2330005630&kikanKbn=2", "url2": "https://endo-jibi.com", "内容": "医療法人遠藤耳鼻咽喉科医院【2:診療所】【診療科目:耳鼻いんこう科】岡山県岡山市中区藤原８１－３" }, "geometry": { "type": "Point", "coordinates": [ 133.958779, 34.675795 ] } },
{ "type": "Feature", "properties": { "ID": 3322330005640, "正式名称": "太田眼科医院", "機関区分": 2, "都道府県コード": 33, "市区町村コード": 104, "所在地": "岡山県岡山市南区妹尾２３４４－４", "緯度": 34.618466, "経度": 133.869845, "url": "https://www.iryou.teikyouseido.mhlw.go.jp/znk-web/juminkanja/S2430/initialize?prefCd=33&kikanCd=2330005640&kikanKbn=2", "url2": null, "内容": "太田眼科医院【2:診療所】【診療科目:眼科】岡山県岡山市南区妹尾２３４４－４" }, "geometry": { "type": "Point", "coordinates": [ 133.869845, 34.618466 ] } },
{ "type": "Feature", "properties": { "ID": 3322330005650, "正式名称": "医療法人　社団　康生会　大西内科消化器科医院", "機関区分": 2, "都道府県コード": 33, "市区町村コード": 103, "所在地": "岡山県岡山市東区益野町２５１－１", "緯度": 34.65827, "経度": 133.997221, "url": "https://www.iryou.teikyouseido.mhlw.go.jp/znk-web/juminkanja/S2430/initialize?prefCd=33&kikanCd=2330005650&kikanKbn=2", "url2": "http://onishi-cl.jp/", "内容": "医療法人　社団　康生会　大西内科消化器科医院【2:診療所】【診療科目:内科_消化器内科】岡山県岡山市東区益野町２５１－１" }, "geometry": { "type": "Point", "coordinates": [ 133.997221, 34.65827 ] } },
{ "type": "Feature", "properties": { "ID": 3322330005660, "正式名称": "大野はぐくみクリニック", "機関区分": 2, "都道府県コード": 33, "市区町村コード": 101, "所在地": "岡山県岡山市北区奉還町１－２－１１", "緯度": 34.668544, "経度": 133.917672, "url": "https://www.iryou.teikyouseido.mhlw.go.jp/znk-web/juminkanja/S2430/initialize?prefCd=33&kikanCd=2330005660&kikanKbn=2", "url2": "http://o-hagukumi.net", "内容": "大野はぐくみクリニック【2:診療所】【診療科目:小児科_精神科】岡山県岡山市北区奉還町１－２－１１" }, "geometry": { "type": "Point", "coordinates": [ 133.917672, 34.668544 ] } },
{ "type": "Feature", "properties": { "ID": 3322330005680, "正式名称": "医療法人秀樹会大橋内科医院", "機関区分": 2, "都道府県コード": 33, "市区町村コード": 101, "所在地": "岡山県岡山市北区一宮１４４－２", "緯度": 34.677209, "経度": 133.874148, "url": "https://www.iryou.teikyouseido.mhlw.go.jp/znk-web/juminkanja/S2430/initialize?prefCd=33&kikanCd=2330005680&kikanKbn=2", "url2": "http://ohashi-clinic.jp", "内容": "医療法人秀樹会大橋内科医院【2:診療所】【診療科目:内科_呼吸器内科_消化器内科_小児科_皮膚科_リハビリテーション科】岡山県岡山市北区一宮１４４－２" }, "geometry": { "type": "Point", "coordinates": [ 133.874148, 34.677209 ] } },
{ "type": "Feature", "properties": { "ID": 3322330005690, "正式名称": "大畑小児科", "機関区分": 2, "都道府県コード": 33, "市区町村コード": 101, "所在地": "岡山県岡山市北区番町１－９－３", "緯度": 34.6726, "経度": 133.928393, "url": "https://www.iryou.teikyouseido.mhlw.go.jp/znk-web/juminkanja/S2430/initialize?prefCd=33&kikanCd=2330005690&kikanKbn=2", "url2": null, "内容": "大畑小児科【2:診療所】【診療科目:小児科】岡山県岡山市北区番町１－９－３" }, "geometry": { "type": "Point", "coordinates": [ 133.928393, 34.6726 ] } },
{ "type": "Feature", "properties": { "ID": 3322330005700, "正式名称": "医療法人大淵整形外科眼科医院", "機関区分": 2, "都道府県コード": 33, "市区町村コード": 101, "所在地": "岡山県岡山市北区野田屋町２－１１－１４", "緯度": 34.667934, "経度": 133.925921, "url": "https://www.iryou.teikyouseido.mhlw.go.jp/znk-web/juminkanja/S2430/initialize?prefCd=33&kikanCd=2330005700&kikanKbn=2", "url2": "http://www.ofuchi-clinic.com/", "内容": "医療法人大淵整形外科眼科医院【2:診療所】【診療科目:整形外科_眼科_美容皮膚科_リハビリテーション科】岡山県岡山市北区野田屋町２－１１－１４" }, "geometry": { "type": "Point", "coordinates": [ 133.925921, 34.667934 ] } },
{ "type": "Feature", "properties": { "ID": 3322330005710, "正式名称": "医療法人　おおみち耳鼻咽喉科医院", "機関区分": 2, "都道府県コード": 33, "市区町村コード": 103, "所在地": "岡山県岡山市東区西大寺松崎１６７－８", "緯度": 34.661853, "経度": 134.012247, "url": "https://www.iryou.teikyouseido.mhlw.go.jp/znk-web/juminkanja/S2430/initialize?prefCd=33&kikanCd=2330005710&kikanKbn=2", "url2": "https://omichi-clinics.com/", "内容": "医療法人　おおみち耳鼻咽喉科医院【2:診療所】【診療科目:気管食道外科_耳鼻いんこう科_アレルギー科】岡山県岡山市東区西大寺松崎１６７－８" }, "geometry": { "type": "Point", "coordinates": [ 134.012247, 34.661853 ] } },
{ "type": "Feature", "properties": { "ID": 3322330005720, "正式名称": "医療法人　大本眼科医院", "機関区分": 2, "都道府県コード": 33, "市区町村コード": 102, "所在地": "岡山県岡山市中区浜２－８－１９", "緯度": 34.670211, "経度": 133.938448, "url": "https://www.iryou.teikyouseido.mhlw.go.jp/znk-web/juminkanja/S2430/initialize?prefCd=33&kikanCd=2330005720&kikanKbn=2", "url2": "http://www.omoto-ganka.jp/", "内容": "医療法人　大本眼科医院【2:診療所】【診療科目:眼科】岡山県岡山市中区浜２－８－１９" }, "geometry": { "type": "Point", "coordinates": [ 133.938448, 34.670211 ] } },
{ "type": "Feature", "properties": { "ID": 3322330005740, "正式名称": "大守クリニック", "機関区分": 2, "都道府県コード": 33, "市区町村コード": 101, "所在地": "岡山県岡山市北区楢津１２０３－１", "緯度": 34.689319, "経度": 133.878064, "url": "https://www.iryou.teikyouseido.mhlw.go.jp/znk-web/juminkanja/S2430/initialize?prefCd=33&kikanCd=2330005740&kikanKbn=2", "url2": null, "内容": "大守クリニック【2:診療所】【診療科目:内科_呼吸器内科_消化器内科_外科_整形外科_小児科_アレルギー科_リハビリテーション科】岡山県岡山市北区楢津１２０３－１" }, "geometry": { "type": "Point", "coordinates": [ 133.878064, 34.689319 ] } },
{ "type": "Feature", "properties": { "ID": 3322330005760, "正式名称": "大森皮膚科", "機関区分": 2, "都道府県コード": 33, "市区町村コード": 101, "所在地": "岡山県岡山市北区番町１丁目８－１", "緯度": 34.672183, "経度": 133.927671, "url": "https://www.iryou.teikyouseido.mhlw.go.jp/znk-web/juminkanja/S2430/initialize?prefCd=33&kikanCd=2330005760&kikanKbn=2", "url2": "https://omori-hifu.jimdofree.com/", "内容": "大森皮膚科【2:診療所】【診療科目:皮膚科】岡山県岡山市北区番町１丁目８－１" }, "geometry": { "type": "Point", "coordinates": [ 133.927671, 34.672183 ] } },
{ "type": "Feature", "properties": { "ID": 3322330005770, "正式名称": "医療法人博優会　大森クリニック", "機関区分": 2, "都道府県コード": 33, "市区町村コード": 101, "所在地": "岡山県岡山市北区中山下１－６－１８", "緯度": 34.664851, "経度": 133.926894, "url": "https://www.iryou.teikyouseido.mhlw.go.jp/znk-web/juminkanja/S2430/initialize?prefCd=33&kikanCd=2330005770&kikanKbn=2", "url2": "https://www.ohmori-heart.com", "内容": "医療法人博優会　大森クリニック【2:診療所】【診療科目:循環器内科_外科_循環器外科_皮膚科】岡山県岡山市北区中山下１－６－１８" }, "geometry": { "type": "Point", "coordinates": [ 133.926894, 34.664851 ] } },
{ "type": "Feature", "properties": { "ID": 3322330005790, "正式名称": "医療法人アスクレピオス会岡眼科クリニック", "機関区分": 2, "都道府県コード": 33, "市区町村コード": 102, "所在地": "岡山県岡山市中区清水２８７", "緯度": 34.679489, "経度": 133.95914, "url": "https://www.iryou.teikyouseido.mhlw.go.jp/znk-web/juminkanja/S2430/initialize?prefCd=33&kikanCd=2330005790&kikanKbn=2", "url2": "http://www.oka-eye-clinic.com/", "内容": "医療法人アスクレピオス会岡眼科クリニック【2:診療所】【診療科目:眼科】岡山県岡山市中区清水２８７" }, "geometry": { "type": "Point", "coordinates": [ 133.95914, 34.679489 ] } },
{ "type": "Feature", "properties": { "ID": 3322330005800, "正式名称": "おかざき眼科", "機関区分": 2, "都道府県コード": 33, "市区町村コード": 101, "所在地": "岡山県岡山市北区青江１－２０－１", "緯度": 34.633993, "経度": 133.916618, "url": "https://www.iryou.teikyouseido.mhlw.go.jp/znk-web/juminkanja/S2430/initialize?prefCd=33&kikanCd=2330005800&kikanKbn=2", "url2": "http://www.okazaki-ganka.com/", "内容": "おかざき眼科【2:診療所】【診療科目:眼科】岡山県岡山市北区青江１－２０－１" }, "geometry": { "type": "Point", "coordinates": [ 133.916618, 34.633993 ] } },
{ "type": "Feature", "properties": { "ID": 3322330005810, "正式名称": "岡耳鼻咽喉科医院", "機関区分": 2, "都道府県コード": 33, "市区町村コード": 104, "所在地": "岡山県岡山市南区浦安西町２１－３１", "緯度": 34.617328, "経度": 133.911035, "url": "https://www.iryou.teikyouseido.mhlw.go.jp/znk-web/juminkanja/S2430/initialize?prefCd=33&kikanCd=2330005810&kikanKbn=2", "url2": null, "内容": "岡耳鼻咽喉科医院【2:診療所】【診療科目:耳鼻いんこう科】岡山県岡山市南区浦安西町２１－３１" }, "geometry": { "type": "Point", "coordinates": [ 133.911035, 34.617328 ] } },
{ "type": "Feature", "properties": { "ID": 3322330005820, "正式名称": "医療法人　岡田内科", "機関区分": 2, "都道府県コード": 33, "市区町村コード": 101, "所在地": "岡山県岡山市北区奥田本町１３－８", "緯度": 34.646408, "経度": 133.920561, "url": "https://www.iryou.teikyouseido.mhlw.go.jp/znk-web/juminkanja/S2430/initialize?prefCd=33&kikanCd=2330005820&kikanKbn=2", "url2": "okadacl-deiokuda.or.jp", "内容": "医療法人　岡田内科【2:診療所】【診療科目:内科_呼吸器内科_循環器内科_消化器内科】岡山県岡山市北区奥田本町１３－８" }, "geometry": { "type": "Point", "coordinates": [ 133.920561, 34.646408 ] } },
{ "type": "Feature", "properties": { "ID": 3322330005830, "正式名称": "医療法人奏圭会岡田メディカルクリニック", "機関区分": 2, "都道府県コード": 33, "市区町村コード": 101, "所在地": "岡山県岡山市北区伊福町三丁目５－４", "緯度": 34.671072, "経度": 133.912645, "url": "https://www.iryou.teikyouseido.mhlw.go.jp/znk-web/juminkanja/S2430/initialize?prefCd=33&kikanCd=2330005830&kikanKbn=2", "url2": "https://www.okadamedical.com/", "内容": "医療法人奏圭会岡田メディカルクリニック【2:診療所】【診療科目:内科_糖尿病内科_呼吸器内科】岡山県岡山市北区伊福町三丁目５－４" }, "geometry": { "type": "Point", "coordinates": [ 133.912645, 34.671072 ] } },
{ "type": "Feature", "properties": { "ID": 3322330005840, "正式名称": "医療法人　岡内科医院", "機関区分": 2, "都道府県コード": 33, "市区町村コード": 104, "所在地": "岡山県岡山市南区浦安本町８８番地７", "緯度": 34.606607, "経度": 133.919896, "url": "https://www.iryou.teikyouseido.mhlw.go.jp/znk-web/juminkanja/S2430/initialize?prefCd=33&kikanCd=2330005840&kikanKbn=2", "url2": null, "内容": "医療法人　岡内科医院【2:診療所】【診療科目:内科_消化器内科_小児科_リハビリテーション科】岡山県岡山市南区浦安本町８８番地７" }, "geometry": { "type": "Point", "coordinates": [ 133.919896, 34.606607 ] } },
{ "type": "Feature", "properties": { "ID": 3322330005850, "正式名称": "医療法人　岡野耳鼻咽喉科医院", "機関区分": 2, "都道府県コード": 33, "市区町村コード": 103, "所在地": "岡山県岡山市東区南古都４４０－２７", "緯度": 34.70621, "経度": 134.049604, "url": "https://www.iryou.teikyouseido.mhlw.go.jp/znk-web/juminkanja/S2430/initialize?prefCd=33&kikanCd=2330005850&kikanKbn=2", "url2": "http://www.okano-jibi.com/", "内容": "医療法人　岡野耳鼻咽喉科医院【2:診療所】【診療科目:耳鼻いんこう科】岡山県岡山市東区南古都４４０－２７" }, "geometry": { "type": "Point", "coordinates": [ 134.049604, 34.70621 ] } },
{ "type": "Feature", "properties": { "ID": 3322330005860, "正式名称": "医療法人　あさひ会　岡部眼科医院", "機関区分": 2, "都道府県コード": 33, "市区町村コード": 104, "所在地": "岡山県岡山市南区福富西３丁目７－２３", "緯度": 34.622272, "経度": 133.929034, "url": "https://www.iryou.teikyouseido.mhlw.go.jp/znk-web/juminkanja/S2430/initialize?prefCd=33&kikanCd=2330005860&kikanKbn=2", "url2": null, "内容": "医療法人　あさひ会　岡部眼科医院【2:診療所】【診療科目:眼科】岡山県岡山市南区福富西３丁目７－２３" }, "geometry": { "type": "Point", "coordinates": [ 133.929034, 34.622272 ] } },
{ "type": "Feature", "properties": { "ID": 3322330005880, "正式名称": "医療法人緑風会　三宅おおふくクリニック", "機関区分": 2, "都道府県コード": 33, "市区町村コード": 104, "所在地": "岡山県岡山市南区大福３９３－１", "緯度": 34.619632, "経度": 133.873316, "url": "https://www.iryou.teikyouseido.mhlw.go.jp/znk-web/juminkanja/S2430/initialize?prefCd=33&kikanCd=2330005880&kikanKbn=2", "url2": "https://ofuku-miyakegroup.jp/", "内容": "医療法人緑風会　三宅おおふくクリニック【2:診療所】【診療科目:内科_血液内科_糖尿病内科_呼吸器内科_循環器内科_消化器内科_外科_脳神経外科_乳腺外科_産婦人科_婦人科_泌尿器科_リハビリテーション科_放射線科_麻酔科】岡山県岡山市南区大福３９３－１" }, "geometry": { "type": "Point", "coordinates": [ 133.873316, 34.619632 ] } },
{ "type": "Feature", "properties": { "ID": 3322330005890, "正式名称": "医療法人岡山画像診断センター", "機関区分": 2, "都道府県コード": 33, "市区町村コード": 101, "所在地": "岡山県岡山市北区大供２－３－２５", "緯度": 34.654824, "経度": 133.917784, "url": "https://www.iryou.teikyouseido.mhlw.go.jp/znk-web/juminkanja/S2430/initialize?prefCd=33&kikanCd=2330005890&kikanKbn=2", "url2": "https://www.okayama-dic.or.jp", "内容": "医療法人岡山画像診断センター【2:診療所】【診療科目:放射線科】岡山県岡山市北区大供２－３－２５" }, "geometry": { "type": "Point", "coordinates": [ 133.917784, 34.654824 ] } },
{ "type": "Feature", "properties": { "ID": 3322330005900, "正式名称": "岡山眼科", "機関区分": 2, "都道府県コード": 33, "市区町村コード": 102, "所在地": "岡山県岡山市中区国府市場５６５－７", "緯度": 34.689349, "経度": 133.974416, "url": "https://www.iryou.teikyouseido.mhlw.go.jp/znk-web/juminkanja/S2430/initialize?prefCd=33&kikanCd=2330005900&kikanKbn=2", "url2": "http://okayamaganka.com", "内容": "岡山眼科【2:診療所】【診療科目:眼科】岡山県岡山市中区国府市場５６５－７" }, "geometry": { "type": "Point", "coordinates": [ 133.974416, 34.689349 ] } },
{ "type": "Feature", "properties": { "ID": 3322330005910, "正式名称": "岡山済生会県庁内診療所", "機関区分": 2, "都道府県コード": 33, "市区町村コード": 101, "所在地": "岡山県岡山市北区内山下２丁目４ー６岡山県庁西庁舎２階", "緯度": 34.66147, "経度": 133.934224, "url": "https://www.iryou.teikyouseido.mhlw.go.jp/znk-web/juminkanja/S2430/initialize?prefCd=33&kikanCd=2330005910&kikanKbn=2", "url2": "http://www.okayamasaiseikai.or.jp/facilities/prefecture/", "内容": "岡山済生会県庁内診療所【2:診療所】【診療科目:内科_糖尿病内科_消化器内科】岡山県岡山市北区内山下２丁目４ー６岡山県庁西庁舎２階" }, "geometry": { "type": "Point", "coordinates": [ 133.934224, 34.66147 ] } },
{ "type": "Feature", "properties": { "ID": 3322330005920, "正式名称": "岡山済生会国体町診療所", "機関区分": 2, "都道府県コード": 33, "市区町村コード": 101, "所在地": "岡山県岡山市北区国体町３番１２号岡山済生会ライフケアセンター", "緯度": 34.673516, "経度": 133.920311, "url": "https://www.iryou.teikyouseido.mhlw.go.jp/znk-web/juminkanja/S2430/initialize?prefCd=33&kikanCd=2330005920&kikanKbn=2", "url2": "http://www.okasaisei-life.jp/", "内容": "岡山済生会国体町診療所【2:診療所】【診療科目:内科】岡山県岡山市北区国体町３番１２号岡山済生会ライフケアセンター" }, "geometry": { "type": "Point", "coordinates": [ 133.920311, 34.673516 ] } },
{ "type": "Feature", "properties": { "ID": 3322330005940, "正式名称": "岡山市休日夜間急患診療所", "機関区分": 2, "都道府県コード": 33, "市区町村コード": 101, "所在地": "岡山県岡山市北区東中央町３番１４号", "緯度": 34.654657, "経度": 133.927366, "url": "https://www.iryou.teikyouseido.mhlw.go.jp/znk-web/juminkanja/S2430/initialize?prefCd=33&kikanCd=2330005940&kikanKbn=2", "url2": "http://www.okayama.med.or.jp/okayamac/pdf/kyukan.pdf", "内容": "岡山市休日夜間急患診療所【2:診療所】【診療科目:内科_小児科】岡山県岡山市北区東中央町３番１４号" }, "geometry": { "type": "Point", "coordinates": [ 133.927366, 34.654657 ] } },
{ "type": "Feature", "properties": { "ID": 3322330005990, "正式名称": "岡山中央クリニック", "機関区分": 2, "都道府県コード": 33, "市区町村コード": 101, "所在地": "岡山県岡山市北区奉還町１－２－１ＭＫビル１Ｆ", "緯度": 34.667961, "経度": 133.918033, "url": "https://www.iryou.teikyouseido.mhlw.go.jp/znk-web/juminkanja/S2430/initialize?prefCd=33&kikanCd=2330005990&kikanKbn=2", "url2": "https://www.c-kirei.jp/", "内容": "岡山中央クリニック【2:診療所】【診療科目:形成外科_美容外科_美容皮膚科】岡山県岡山市北区奉還町１－２－１ＭＫビル１Ｆ" }, "geometry": { "type": "Point", "coordinates": [ 133.918033, 34.667961 ] } },
{ "type": "Feature", "properties": { "ID": 3322330006020, "正式名称": "岡山東部脳神経外科　東備クリニック", "機関区分": 2, "都道府県コード": 33, "市区町村コード": 103, "所在地": "岡山県岡山市東区瀬戸町光明谷２０３－１", "緯度": 34.738317, "経度": 134.042714, "url": "https://www.iryou.teikyouseido.mhlw.go.jp/znk-web/juminkanja/S2430/initialize?prefCd=33&kikanCd=2330006020&kikanKbn=2", "url2": "http://www.oenc.or.jp", "内容": "岡山東部脳神経外科　東備クリニック【2:診療所】【診療科目:内科_脳神経内科_循環器内科_消化器内科_脳神経外科_リハビリテーション科_放射線科】岡山県岡山市東区瀬戸町光明谷２０３－１" }, "geometry": { "type": "Point", "coordinates": [ 134.042714, 34.738317 ] } },
{ "type": "Feature", "properties": { "ID": 3322330006030, "正式名称": "医療法人　三志会　岡山西眼科", "機関区分": 2, "都道府県コード": 33, "市区町村コード": 101, "所在地": "岡山県岡山市北区一宮山崎２７９－２", "緯度": 34.679626, "経度": 133.876286, "url": "https://www.iryou.teikyouseido.mhlw.go.jp/znk-web/juminkanja/S2430/initialize?prefCd=33&kikanCd=2330006030&kikanKbn=2", "url2": "https://www.sanshikai-oph.com/", "内容": "医療法人　三志会　岡山西眼科【2:診療所】【診療科目:眼科】岡山県岡山市北区一宮山崎２７９－２" }, "geometry": { "type": "Point", "coordinates": [ 133.876286, 34.679626 ] } },
{ "type": "Feature", "properties": { "ID": 3322330006050, "正式名称": "医療法人社団岡山二人クリニック", "機関区分": 2, "都道府県コード": 33, "市区町村コード": 101, "所在地": "岡山県岡山市北区津高２８５－１番地", "緯度": 34.695458, "経度": 133.898534, "url": "https://www.iryou.teikyouseido.mhlw.go.jp/znk-web/juminkanja/S2430/initialize?prefCd=33&kikanCd=2330006050&kikanKbn=2", "url2": "https://www.futari.or.jp", "内容": "医療法人社団岡山二人クリニック【2:診療所】【診療科目:乳腺外科_婦人科_産婦人科（生殖医療）】岡山県岡山市北区津高２８５－１番地" }, "geometry": { "type": "Point", "coordinates": [ 133.898534, 34.695458 ] } },
{ "type": "Feature", "properties": { "ID": 3322330006070, "正式名称": "小川クリニック", "機関区分": 2, "都道府県コード": 33, "市区町村コード": 101, "所在地": "岡山県岡山市北区中山下１－８－４５ＮＴＴクレド岡山ビル８階", "緯度": 34.66274, "経度": 133.926783, "url": "https://www.iryou.teikyouseido.mhlw.go.jp/znk-web/juminkanja/S2430/initialize?prefCd=33&kikanCd=2330006070&kikanKbn=2", "url2": null, "内容": "小川クリニック【2:診療所】【診療科目:内科_神経内科_精神科_心療内科】岡山県岡山市北区中山下１－８－４５ＮＴＴクレド岡山ビル８階" }, "geometry": { "type": "Point", "coordinates": [ 133.926783, 34.66274 ] } },
{ "type": "Feature", "properties": { "ID": 3322330006100, "正式名称": "おくむら大腸肛門クリニック", "機関区分": 2, "都道府県コード": 33, "市区町村コード": 101, "所在地": "岡山県岡山市北区中山下２－２－７４", "緯度": 34.661545, "経度": 133.927533, "url": "https://www.iryou.teikyouseido.mhlw.go.jp/znk-web/juminkanja/S2430/initialize?prefCd=33&kikanCd=2330006100&kikanKbn=2", "url2": "http://www.okumura-clinic.net", "内容": "おくむら大腸肛門クリニック【2:診療所】【診療科目:肛門外科】岡山県岡山市北区中山下２－２－７４" }, "geometry": { "type": "Point", "coordinates": [ 133.927533, 34.661545 ] } },
{ "type": "Feature", "properties": { "ID": 332233000611, "正式名称": "みずしま協同クリニック", "機関区分": 2, "都道府県コード": 33, "市区町村コード": 202, "所在地": "岡山県倉敷市水島南春日町１番２号", "緯度": 34.541641, "経度": 133.742834, "url": "https://www.iryou.teikyouseido.mhlw.go.jp/znk-web/juminkanja/S2430/initialize?prefCd=33&kikanCd=233000611&kikanKbn=2", "url2": "https://mizukyo.jp/clinic/about/", "内容": "みずしま協同クリニック【2:診療所】【診療科目:内科_糖尿病・内分泌内科_脳神経内科_循環器内科_消化器内科_腎臓内科_外科_脳神経外科_乳腺外科_整形外科_小児科_産婦人科_眼科_皮膚科_泌尿器科_精神科_老年精神科_リウマチ科_麻酔科】岡山県倉敷市水島南春日町１番２号" }, "geometry": { "type": "Point", "coordinates": [ 133.742834, 34.541641 ] } },
{ "type": "Feature", "properties": { "ID": 3322330006110, "正式名称": "おぐら小児科", "機関区分": 2, "都道府県コード": 33, "市区町村コード": 101, "所在地": "岡山県岡山市北区辰巳３４－１０９", "緯度": 34.639408, "経度": 133.889981, "url": "https://www.iryou.teikyouseido.mhlw.go.jp/znk-web/juminkanja/S2430/initialize?prefCd=33&kikanCd=2330006110&kikanKbn=2", "url2": "http://ogura-shounika.com", "内容": "おぐら小児科【2:診療所】【診療科目:小児科_アレルギー科】岡山県岡山市北区辰巳３４－１０９" }, "geometry": { "type": "Point", "coordinates": [ 133.889981, 34.639408 ] } },
{ "type": "Feature", "properties": { "ID": 3322330006120, "正式名称": "医療法人おごう眼科", "機関区分": 2, "都道府県コード": 33, "市区町村コード": 102, "所在地": "岡山県岡山市中区倉田６９２－３", "緯度": 34.63666, "経度": 133.953753, "url": "https://www.iryou.teikyouseido.mhlw.go.jp/znk-web/juminkanja/S2430/initialize?prefCd=33&kikanCd=2330006120&kikanKbn=2", "url2": null, "内容": "医療法人おごう眼科【2:診療所】【診療科目:眼科】岡山県岡山市中区倉田６９２－３" }, "geometry": { "type": "Point", "coordinates": [ 133.953753, 34.63666 ] } },
{ "type": "Feature", "properties": { "ID": 3322330006130, "正式名称": "医療法人　小野医院", "機関区分": 2, "都道府県コード": 33, "市区町村コード": 104, "所在地": "岡山県岡山市南区平福２－１－５", "緯度": 34.618079, "経度": 133.947949, "url": "https://www.iryou.teikyouseido.mhlw.go.jp/znk-web/juminkanja/S2430/initialize?prefCd=33&kikanCd=2330006130&kikanKbn=2", "url2": "http://www.onoiin.or.jp/", "内容": "医療法人　小野医院【2:診療所】【診療科目:内科_整形外科_リウマチ科_リハビリテーション科】岡山県岡山市南区平福２－１－５" }, "geometry": { "type": "Point", "coordinates": [ 133.947949, 34.618079 ] } },
{ "type": "Feature", "properties": { "ID": 3322330006140, "正式名称": "尾上整形外科医院", "機関区分": 2, "都道府県コード": 33, "市区町村コード": 101, "所在地": "岡山県岡山市北区久米３６１", "緯度": 34.648407, "経度": 133.874732, "url": "https://www.iryou.teikyouseido.mhlw.go.jp/znk-web/juminkanja/S2430/initialize?prefCd=33&kikanCd=2330006140&kikanKbn=2", "url2": null, "内容": "尾上整形外科医院【2:診療所】【診療科目:整形外科_リハビリテーション科】岡山県岡山市北区久米３６１" }, "geometry": { "type": "Point", "coordinates": [ 133.874732, 34.648407 ] } },
{ "type": "Feature", "properties": { "ID": 3322330006160, "正式名称": "表町診療所", "機関区分": 2, "都道府県コード": 33, "市区町村コード": 101, "所在地": "岡山県岡山市北区丸の内１－１１－１４", "緯度": 34.662879, "経度": 133.931588, "url": "https://www.iryou.teikyouseido.mhlw.go.jp/znk-web/juminkanja/S2430/initialize?prefCd=33&kikanCd=2330006160&kikanKbn=2", "url2": "https://www.omotechou-medical-clinic.com", "内容": "表町診療所【2:診療所】【診療科目:内科_糖尿病内科_呼吸器内科_アレルギー科】岡山県岡山市北区丸の内１－１１－１４" }, "geometry": { "type": "Point", "coordinates": [ 133.931588, 34.662879 ] } },
{ "type": "Feature", "properties": { "ID": 3322330006180, "正式名称": "笠井医院", "機関区分": 2, "都道府県コード": 33, "市区町村コード": 101, "所在地": "岡山県岡山市北区中山下２－５－４３", "緯度": 34.659629, "経度": 133.928283, "url": "https://www.iryou.teikyouseido.mhlw.go.jp/znk-web/juminkanja/S2430/initialize?prefCd=33&kikanCd=2330006180&kikanKbn=2", "url2": null, "内容": "笠井医院【2:診療所】【診療科目:耳鼻いんこう科_歯科_小児歯科】岡山県岡山市北区中山下２－５－４３" }, "geometry": { "type": "Point", "coordinates": [ 133.928283, 34.659629 ] } },
{ "type": "Feature", "properties": { "ID": 3322330006200, "正式名称": "医療法人　片岡内科医院", "機関区分": 2, "都道府県コード": 33, "市区町村コード": 101, "所在地": "岡山県岡山市北区京町７番１６号", "緯度": 34.65388, "経度": 133.924228, "url": "https://www.iryou.teikyouseido.mhlw.go.jp/znk-web/juminkanja/S2430/initialize?prefCd=33&kikanCd=2330006200&kikanKbn=2", "url2": "http://nttbj.itp.ne.jp/0862228143/index.html", "内容": "医療法人　片岡内科医院【2:診療所】【診療科目:内科_呼吸器内科_消化器内科_放射線科】岡山県岡山市北区京町７番１６号" }, "geometry": { "type": "Point", "coordinates": [ 133.924228, 34.65388 ] } },
{ "type": "Feature", "properties": { "ID": 3322330006230, "正式名称": "医療法人社団かとう内科並木通り診療所", "機関区分": 2, "都道府県コード": 33, "市区町村コード": 104, "所在地": "岡山県岡山市南区並木町２－２７－５", "緯度": 34.610135, "経度": 133.938922, "url": "https://www.iryou.teikyouseido.mhlw.go.jp/znk-web/juminkanja/S2430/initialize?prefCd=33&kikanCd=2330006230&kikanKbn=2", "url2": "http://www.kato-namiki.or.jp", "内容": "医療法人社団かとう内科並木通り診療所【2:診療所】【診療科目:内科_循環器内科_胃腸内科_神経内科_小児科_皮膚科_美容皮膚科_リハビリテーション科】岡山県岡山市南区並木町２－２７－５" }, "geometry": { "type": "Point", "coordinates": [ 133.938922, 34.610135 ] } },
{ "type": "Feature", "properties": { "ID": 3322330006240, "正式名称": "医療法人　亀山内科", "機関区分": 2, "都道府県コード": 33, "市区町村コード": 101, "所在地": "岡山県岡山市北区平和町５－１アミティ西川２０１号", "緯度": 34.664795, "経度": 133.923172, "url": "https://www.iryou.teikyouseido.mhlw.go.jp/znk-web/juminkanja/S2430/initialize?prefCd=33&kikanCd=2330006240&kikanKbn=2", "url2": null, "内容": "医療法人　亀山内科【2:診療所】【診療科目:内科】岡山県岡山市北区平和町５－１アミティ西川２０１号" }, "geometry": { "type": "Point", "coordinates": [ 133.923172, 34.664795 ] } },
{ "type": "Feature", "properties": { "ID": 3322330006250, "正式名称": "医療法人一進会河合外科内科", "機関区分": 2, "都道府県コード": 33, "市区町村コード": 104, "所在地": "岡山県岡山市南区豊浜町１－３５", "緯度": 34.633965, "経度": 133.931061, "url": "https://www.iryou.teikyouseido.mhlw.go.jp/znk-web/juminkanja/S2430/initialize?prefCd=33&kikanCd=2330006250&kikanKbn=2", "url2": "http://www.isshinkai.jp", "内容": "医療法人一進会河合外科内科【2:診療所】【診療科目:内科_外科_整形外科】岡山県岡山市南区豊浜町１－３５" }, "geometry": { "type": "Point", "coordinates": [ 133.931061, 34.633965 ] } },
{ "type": "Feature", "properties": { "ID": 3322330006260, "正式名称": "医療法人　河合内科医院", "機関区分": 2, "都道府県コード": 33, "市区町村コード": 101, "所在地": "岡山県岡山市北区中山下２－２－６３", "緯度": 34.661063, "経度": 133.927466, "url": "https://www.iryou.teikyouseido.mhlw.go.jp/znk-web/juminkanja/S2430/initialize?prefCd=33&kikanCd=2330006260&kikanKbn=2", "url2": "http://www.kawai-imc.biz", "内容": "医療法人　河合内科医院【2:診療所】【診療科目:内科_呼吸器内科_循環器内科_消化器内科_放射線科】岡山県岡山市北区中山下２－２－６３" }, "geometry": { "type": "Point", "coordinates": [ 133.927466, 34.661063 ] } },
{ "type": "Feature", "properties": { "ID": 3322330006290, "正式名称": "医療法人川口内科　川口メディカルクリニック", "機関区分": 2, "都道府県コード": 33, "市区町村コード": 101, "所在地": "岡山県岡山市北区大供２丁目２－１６", "緯度": 34.655482, "経度": 133.918222, "url": "https://www.iryou.teikyouseido.mhlw.go.jp/znk-web/juminkanja/S2430/initialize?prefCd=33&kikanCd=2330006290&kikanKbn=2", "url2": "http://www.kawaguchi-hp.or.jp", "内容": "医療法人川口内科　川口メディカルクリニック【2:診療所】【診療科目:内科_消化器内科_肝臓内科_内視鏡内科_放射線科】岡山県岡山市北区大供２丁目２－１６" }, "geometry": { "type": "Point", "coordinates": [ 133.918222, 34.655482 ] } },
{ "type": "Feature", "properties": { "ID": 3322330006300, "正式名称": "医療法人博温会川島眼科", "機関区分": 2, "都道府県コード": 33, "市区町村コード": 101, "所在地": "岡山県岡山市北区庭瀬２２３－１", "緯度": 34.646907, "経度": 133.851595, "url": "https://www.iryou.teikyouseido.mhlw.go.jp/znk-web/juminkanja/S2430/initialize?prefCd=33&kikanCd=2330006300&kikanKbn=2", "url2": "http://www.kawashima-eye.net", "内容": "医療法人博温会川島眼科【2:診療所】【診療科目:眼科】岡山県岡山市北区庭瀬２２３－１" }, "geometry": { "type": "Point", "coordinates": [ 133.851595, 34.646907 ] } },
{ "type": "Feature", "properties": { "ID": 3322330006310, "正式名称": "医療法人温交会河島外科胃腸科", "機関区分": 2, "都道府県コード": 33, "市区町村コード": 102, "所在地": "岡山県岡山市中区門田屋敷２丁目３－２２", "緯度": 34.655102, "経度": 133.93856, "url": "https://www.iryou.teikyouseido.mhlw.go.jp/znk-web/juminkanja/S2430/initialize?prefCd=33&kikanCd=2330006310&kikanKbn=2", "url2": "http://plus.harenet.ne.jp/~kawashima-gi-hp/", "内容": "医療法人温交会河島外科胃腸科【2:診療所】【診療科目:内科_消化器内科_外科_消化器外科_肛門外科】岡山県岡山市中区門田屋敷２丁目３－２２" }, "geometry": { "type": "Point", "coordinates": [ 133.93856, 34.655102 ] } },
{ "type": "Feature", "properties": { "ID": 3322330006320, "正式名称": "医療法人　河田外科形成外科", "機関区分": 2, "都道府県コード": 33, "市区町村コード": 101, "所在地": "岡山県岡山市北区幸町４－１２", "緯度": 34.661906, "経度": 133.92245, "url": "https://www.iryou.teikyouseido.mhlw.go.jp/znk-web/juminkanja/S2430/initialize?prefCd=33&kikanCd=2330006320&kikanKbn=2", "url2": "https://www.kawada-keisei.gr.jp/", "内容": "医療法人　河田外科形成外科【2:診療所】【診療科目:外科_乳腺外科_形成外科_美容外科】岡山県岡山市北区幸町４－１２" }, "geometry": { "type": "Point", "coordinates": [ 133.92245, 34.661906 ] } },
{ "type": "Feature", "properties": { "ID": 3322330006330, "正式名称": "河田内科クリニック", "機関区分": 2, "都道府県コード": 33, "市区町村コード": 101, "所在地": "岡山県岡山市北区富町２－１４－７", "緯度": 34.664656, "経度": 133.909256, "url": "https://www.iryou.teikyouseido.mhlw.go.jp/znk-web/juminkanja/S2430/initialize?prefCd=33&kikanCd=2330006330&kikanKbn=2", "url2": null, "内容": "河田内科クリニック【2:診療所】【診療科目:内科_小児科_アレルギー科】岡山県岡山市北区富町２－１４－７" }, "geometry": { "type": "Point", "coordinates": [ 133.909256, 34.664656 ] } },
{ "type": "Feature", "properties": { "ID": 3322330006340, "正式名称": "河田皮膚科医院", "機関区分": 2, "都道府県コード": 33, "市区町村コード": 101, "所在地": "岡山県岡山市北区庭瀬２７２－１５", "緯度": 34.649073, "経度": 133.850123, "url": "https://www.iryou.teikyouseido.mhlw.go.jp/znk-web/juminkanja/S2430/initialize?prefCd=33&kikanCd=2330006340&kikanKbn=2", "url2": null, "内容": "河田皮膚科医院【2:診療所】【診療科目:皮膚科_アレルギー科】岡山県岡山市北区庭瀬２７２－１５" }, "geometry": { "type": "Point", "coordinates": [ 133.850123, 34.649073 ] } },
{ "type": "Feature", "properties": { "ID": 3322330006350, "正式名称": "かわだファミリークリニック", "機関区分": 2, "都道府県コード": 33, "市区町村コード": 101, "所在地": "岡山県岡山市北区東古松三丁目２番２３号", "緯度": 34.647436, "経度": 133.914395, "url": "https://www.iryou.teikyouseido.mhlw.go.jp/znk-web/juminkanja/S2430/initialize?prefCd=33&kikanCd=2330006350&kikanKbn=2", "url2": "https://www.kawada-familyclinic.com/", "内容": "かわだファミリークリニック【2:診療所】【診療科目:内科_呼吸器内科_小児科】岡山県岡山市北区東古松三丁目２番２３号" }, "geometry": { "type": "Point", "coordinates": [ 133.914395, 34.647436 ] } },
{ "type": "Feature", "properties": { "ID": 3322330006360, "正式名称": "河原眼科クリニック", "機関区分": 2, "都道府県コード": 33, "市区町村コード": 101, "所在地": "岡山県岡山市北区本町６－３６第一セントラルビル３Ｆ", "緯度": 34.664462, "経度": 133.919644, "url": "https://www.iryou.teikyouseido.mhlw.go.jp/znk-web/juminkanja/S2430/initialize?prefCd=33&kikanCd=2330006360&kikanKbn=2", "url2": "http://kawaharaeye.web.fc2.com/", "内容": "河原眼科クリニック【2:診療所】【診療科目:眼科】岡山県岡山市北区本町６－３６第一セントラルビル３Ｆ" }, "geometry": { "type": "Point", "coordinates": [ 133.919644, 34.664462 ] } },
{ "type": "Feature", "properties": { "ID": 3322330006370, "正式名称": "川村医院", "機関区分": 2, "都道府県コード": 33, "市区町村コード": 101, "所在地": "岡山県岡山市北区奥田２丁目８－３", "緯度": 34.64302, "経度": 133.919478, "url": "https://www.iryou.teikyouseido.mhlw.go.jp/znk-web/juminkanja/S2430/initialize?prefCd=33&kikanCd=2330006370&kikanKbn=2", "url2": null, "内容": "川村医院【2:診療所】【診療科目:内科_糖尿病内科_消化器内科_小児科】岡山県岡山市北区奥田２丁目８－３" }, "geometry": { "type": "Point", "coordinates": [ 133.919478, 34.64302 ] } },
{ "type": "Feature", "properties": { "ID": 3322330006380, "正式名称": "神崎皮膚科", "機関区分": 2, "都道府県コード": 33, "市区町村コード": 101, "所在地": "岡山県岡山市北区平和町５－１アミティ西川３Ｆ", "緯度": 34.664795, "経度": 133.923172, "url": "https://www.iryou.teikyouseido.mhlw.go.jp/znk-web/juminkanja/S2430/initialize?prefCd=33&kikanCd=2330006380&kikanKbn=2", "url2": "https://www.kanzakihifuka-okayama.com/", "内容": "神崎皮膚科【2:診療所】【診療科目:皮膚科_アレルギー科】岡山県岡山市北区平和町５－１アミティ西川３Ｆ" }, "geometry": { "type": "Point", "coordinates": [ 133.923172, 34.664795 ] } },
{ "type": "Feature", "properties": { "ID": 3322330006390, "正式名称": "医療法人　岸医院", "機関区分": 2, "都道府県コード": 33, "市区町村コード": 101, "所在地": "岡山県岡山市北区伊福町３－２６－２７", "緯度": 34.674849, "経度": 133.912617, "url": "https://www.iryou.teikyouseido.mhlw.go.jp/znk-web/juminkanja/S2430/initialize?prefCd=33&kikanCd=2330006390&kikanKbn=2", "url2": "https://www.big-advance.site/s/164/1446", "内容": "医療法人　岸医院【2:診療所】【診療科目:内科_消化器内科】岡山県岡山市北区伊福町３－２６－２７" }, "geometry": { "type": "Point", "coordinates": [ 133.912617, 34.674849 ] } },
{ "type": "Feature", "properties": { "ID": 3322330006400, "正式名称": "医療法人喜多嶋眼科", "機関区分": 2, "都道府県コード": 33, "市区町村コード": 103, "所在地": "岡山県岡山市東区西大寺上３丁目１－２４", "緯度": 34.657326, "経度": 134.037301, "url": "https://www.iryou.teikyouseido.mhlw.go.jp/znk-web/juminkanja/S2430/initialize?prefCd=33&kikanCd=2330006400&kikanKbn=2", "url2": "http://www.kitajima.or.jp", "内容": "医療法人喜多嶋眼科【2:診療所】【診療科目:眼科】岡山県岡山市東区西大寺上３丁目１－２４" }, "geometry": { "type": "Point", "coordinates": [ 134.037301, 34.657326 ] } },
{ "type": "Feature", "properties": { "ID": 3322330006420, "正式名称": "医療法人福和会木下医院", "機関区分": 2, "都道府県コード": 33, "市区町村コード": 104, "所在地": "岡山県岡山市南区妹尾１０１１", "緯度": 34.615077, "経度": 133.861568, "url": "https://www.iryou.teikyouseido.mhlw.go.jp/znk-web/juminkanja/S2430/initialize?prefCd=33&kikanCd=2330006420&kikanKbn=2", "url2": "http://www.myclinic.ne.jp/kinosita/pc/", "内容": "医療法人福和会木下医院【2:診療所】【診療科目:内科_消化器内科_神経内科_外科_皮膚科_泌尿器科_リハビリテーション科_放射線科】岡山県岡山市南区妹尾１０１１" }, "geometry": { "type": "Point", "coordinates": [ 133.861568, 34.615077 ] } },
{ "type": "Feature", "properties": { "ID": 3322330006450, "正式名称": "医療法人　木村ファミリークリニック", "機関区分": 2, "都道府県コード": 33, "市区町村コード": 104, "所在地": "岡山県岡山市南区泉田四丁目５番２６号", "緯度": 34.623577, "経度": 133.917979, "url": "https://www.iryou.teikyouseido.mhlw.go.jp/znk-web/juminkanja/S2430/initialize?prefCd=33&kikanCd=2330006450&kikanKbn=2", "url2": null, "内容": "医療法人　木村ファミリークリニック【2:診療所】【診療科目:内科_小児科_皮膚科】岡山県岡山市南区泉田四丁目５番２６号" }, "geometry": { "type": "Point", "coordinates": [ 133.917979, 34.623577 ] } },
{ "type": "Feature", "properties": { "ID": 3322330006480, "正式名称": "共立美容外科", "機関区分": 2, "都道府県コード": 33, "市区町村コード": 101, "所在地": "岡山県岡山市北区本町６ー３６第一セントラルビル６Ｆ", "緯度": 34.664462, "経度": 133.919644, "url": "https://www.iryou.teikyouseido.mhlw.go.jp/znk-web/juminkanja/S2430/initialize?prefCd=33&kikanCd=2330006480&kikanKbn=2", "url2": "http://www.kyoritsu-biyo.com", "内容": "共立美容外科【2:診療所】【診療科目:美容外科】岡山県岡山市北区本町６ー３６第一セントラルビル６Ｆ" }, "geometry": { "type": "Point", "coordinates": [ 133.919644, 34.664462 ] } },
{ "type": "Feature", "properties": { "ID": 3322330006500, "正式名称": "旭竜クリニック", "機関区分": 2, "都道府県コード": 33, "市区町村コード": 102, "所在地": "岡山県岡山市中区中島７０番地１", "緯度": 34.685855, "経度": 133.945473, "url": "https://www.iryou.teikyouseido.mhlw.go.jp/znk-web/juminkanja/S2430/initialize?prefCd=33&kikanCd=2330006500&kikanKbn=2", "url2": "http://takufukai-group.or.jp/", "内容": "旭竜クリニック【2:診療所】【診療科目:内科_呼吸器内科_消化器内科_小児科_アレルギー科】岡山県岡山市中区中島７０番地１" }, "geometry": { "type": "Point", "coordinates": [ 133.945473, 34.685855 ] } },
{ "type": "Feature", "properties": { "ID": 3322330006510, "正式名称": "清谷医院", "機関区分": 2, "都道府県コード": 33, "市区町村コード": 101, "所在地": "岡山県岡山市北区奥田本町２３－１５", "緯度": 34.644658, "経度": 133.920256, "url": "https://www.iryou.teikyouseido.mhlw.go.jp/znk-web/juminkanja/S2430/initialize?prefCd=33&kikanCd=2330006510&kikanKbn=2", "url2": null, "内容": "清谷医院【2:診療所】【診療科目:内科】岡山県岡山市北区奥田本町２３－１５" }, "geometry": { "type": "Point", "coordinates": [ 133.920256, 34.644658 ] } },
{ "type": "Feature", "properties": { "ID": 3322330006520, "正式名称": "清野内科医院", "機関区分": 2, "都道府県コード": 33, "市区町村コード": 102, "所在地": "岡山県岡山市中区雄町２９５－１", "緯度": 34.685933, "経度": 133.973722, "url": "https://www.iryou.teikyouseido.mhlw.go.jp/znk-web/juminkanja/S2430/initialize?prefCd=33&kikanCd=2330006520&kikanKbn=2", "url2": null, "内容": "清野内科医院【2:診療所】【診療科目:内科_消化器内科】岡山県岡山市中区雄町２９５－１" }, "geometry": { "type": "Point", "coordinates": [ 133.973722, 34.685933 ] } },
{ "type": "Feature", "properties": { "ID": 3322330006530, "正式名称": "清藤医院", "機関区分": 2, "都道府県コード": 33, "市区町村コード": 102, "所在地": "岡山県岡山市中区平井４－２０－１５", "緯度": 34.636882, "経度": 133.945698, "url": "https://www.iryou.teikyouseido.mhlw.go.jp/znk-web/juminkanja/S2430/initialize?prefCd=33&kikanCd=2330006530&kikanKbn=2", "url2": null, "内容": "清藤医院【2:診療所】【診療科目:整形外科_リハビリテーション科】岡山県岡山市中区平井４－２０－１５" }, "geometry": { "type": "Point", "coordinates": [ 133.945698, 34.636882 ] } },
{ "type": "Feature", "properties": { "ID": 3322330006540, "正式名称": "くにとみ外科胃腸科医院", "機関区分": 2, "都道府県コード": 33, "市区町村コード": 102, "所在地": "岡山県岡山市中区国富１丁目１４番８号", "緯度": 34.664184, "経度": 133.944948, "url": "https://www.iryou.teikyouseido.mhlw.go.jp/znk-web/juminkanja/S2430/initialize?prefCd=33&kikanCd=2330006540&kikanKbn=2", "url2": null, "内容": "くにとみ外科胃腸科医院【2:診療所】【診療科目:外科_乳腺外科_乳腺・内分泌外科】岡山県岡山市中区国富１丁目１４番８号" }, "geometry": { "type": "Point", "coordinates": [ 133.944948, 34.664184 ] } },
{ "type": "Feature", "properties": { "ID": 3322330006550, "正式名称": "国富クリニック", "機関区分": 2, "都道府県コード": 33, "市区町村コード": 103, "所在地": "岡山県岡山市東区東平島９６－１", "緯度": 34.705432, "経度": 134.054825, "url": "https://www.iryou.teikyouseido.mhlw.go.jp/znk-web/juminkanja/S2430/initialize?prefCd=33&kikanCd=2330006550&kikanKbn=2", "url2": null, "内容": "国富クリニック【2:診療所】【診療科目:内科_小児科_皮膚科_精神科_心療内科_歯科_救急科】岡山県岡山市東区東平島９６－１" }, "geometry": { "type": "Point", "coordinates": [ 134.054825, 34.705432 ] } },
{ "type": "Feature", "properties": { "ID": 3322330006560, "正式名称": "医療法人　熊代眼科医院", "機関区分": 2, "都道府県コード": 33, "市区町村コード": 101, "所在地": "岡山県岡山市北区一宮４８７－１", "緯度": 34.67807, "経度": 133.868343, "url": "https://www.iryou.teikyouseido.mhlw.go.jp/znk-web/juminkanja/S2430/initialize?prefCd=33&kikanCd=2330006560&kikanKbn=2", "url2": null, "内容": "医療法人　熊代眼科医院【2:診療所】【診療科目:眼科】岡山県岡山市北区一宮４８７－１" }, "geometry": { "type": "Point", "coordinates": [ 133.868343, 34.67807 ] } },
{ "type": "Feature", "properties": { "ID": 3322330006600, "正式名称": "医療法人　栗原医院", "機関区分": 2, "都道府県コード": 33, "市区町村コード": 103, "所在地": "岡山県岡山市東区西大寺中２丁目２４番３６号", "緯度": 34.65641, "経度": 134.035662, "url": "https://www.iryou.teikyouseido.mhlw.go.jp/znk-web/juminkanja/S2430/initialize?prefCd=33&kikanCd=2330006600&kikanKbn=2", "url2": "http://nttbj.itp.ne.jp/0869433111/", "内容": "医療法人　栗原医院【2:診療所】【診療科目:小児科_アレルギー科】岡山県岡山市東区西大寺中２丁目２４番３６号" }, "geometry": { "type": "Point", "coordinates": [ 134.035662, 34.65641 ] } },
{ "type": "Feature", "properties": { "ID": 3322330006610, "正式名称": "医療法人　黒住外科内科", "機関区分": 2, "都道府県コード": 33, "市区町村コード": 101, "所在地": "岡山県岡山市北区一宮５０９－１", "緯度": 34.679209, "経度": 133.869593, "url": "https://www.iryou.teikyouseido.mhlw.go.jp/znk-web/juminkanja/S2430/initialize?prefCd=33&kikanCd=2330006610&kikanKbn=2", "url2": null, "内容": "医療法人　黒住外科内科【2:診療所】【診療科目:内科_外科_肛門外科_整形外科_麻酔科】岡山県岡山市北区一宮５０９－１" }, "geometry": { "type": "Point", "coordinates": [ 133.869593, 34.679209 ] } },
{ "type": "Feature", "properties": { "ID": 3322330006620, "正式名称": "医療法人正崇会　黒田医院", "機関区分": 2, "都道府県コード": 33, "市区町村コード": 101, "所在地": "岡山県岡山市北区神田町二丁目８番３５号", "緯度": 34.638604, "経度": 133.921784, "url": "https://www.iryou.teikyouseido.mhlw.go.jp/znk-web/juminkanja/S2430/initialize?prefCd=33&kikanCd=2330006620&kikanKbn=2", "url2": "https://www.kuroda-group.or.jp/", "内容": "医療法人正崇会　黒田医院【2:診療所】【診療科目:内科_循環器内科_ペインクリニック内科_小児科_皮膚科_リハビリテーション科_麻酔科】岡山県岡山市北区神田町二丁目８番３５号" }, "geometry": { "type": "Point", "coordinates": [ 133.921784, 34.638604 ] } },
{ "type": "Feature", "properties": { "ID": 3322330006630, "正式名称": "医療法人　せとうちクリニック", "機関区分": 2, "都道府県コード": 33, "市区町村コード": 101, "所在地": "岡山県岡山市北区野田３丁目１－１０野田白石ビル２階", "緯度": 34.653702, "経度": 133.901862, "url": "https://www.iryou.teikyouseido.mhlw.go.jp/znk-web/juminkanja/S2430/initialize?prefCd=33&kikanCd=2330006630&kikanKbn=2", "url2": "https://setouchi-clinic.sakura.ne.jp/", "内容": "医療法人　せとうちクリニック【2:診療所】【診療科目:内科_感染症内科_糖尿病内科_糖尿病・内分泌内科_呼吸器内科_循環器内科_消化器内科_整形外科_小児科_心療内科_アレルギー科_リハビリテーション科_放射線科】岡山県岡山市北区野田３丁目１－１０野田白石ビル２階" }, "geometry": { "type": "Point", "coordinates": [ 133.901862, 34.653702 ] } },
{ "type": "Feature", "properties": { "ID": 3322330006660, "正式名称": "公益財団法人岡山県健康づくり財団附属診療所", "機関区分": 2, "都道府県コード": 33, "市区町村コード": 101, "所在地": "岡山県岡山市北区平田４０８－１", "緯度": 34.635131, "経度": 133.882176, "url": "https://www.iryou.teikyouseido.mhlw.go.jp/znk-web/juminkanja/S2430/initialize?prefCd=33&kikanCd=2330006660&kikanKbn=2", "url2": "http://www.okakenko.jp/zaidan/", "内容": "公益財団法人岡山県健康づくり財団附属診療所【2:診療所】【診療科目:内科】岡山県岡山市北区平田４０８－１" }, "geometry": { "type": "Point", "coordinates": [ 133.882176, 34.635131 ] } },
{ "type": "Feature", "properties": { "ID": 3322330006700, "正式名称": "幸輝園医務室", "機関区分": 2, "都道府県コード": 33, "市区町村コード": 102, "所在地": "岡山県岡山市中区国府市場９８５－１", "緯度": 34.693793, "経度": 133.964973, "url": "https://www.iryou.teikyouseido.mhlw.go.jp/znk-web/juminkanja/S2430/initialize?prefCd=33&kikanCd=2330006700&kikanKbn=2", "url2": null, "内容": "幸輝園医務室【2:診療所】【診療科目:内科_整形外科】岡山県岡山市中区国府市場９８５－１" }, "geometry": { "type": "Point", "coordinates": [ 133.964973, 34.693793 ] } },
{ "type": "Feature", "properties": { "ID": 3322330006730, "正式名称": "医療法人　河内山皮膚科形成外科", "機関区分": 2, "都道府県コード": 33, "市区町村コード": 103, "所在地": "岡山県岡山市東区目黒町１０番地３", "緯度": 34.667741, "経度": 134.00022, "url": "https://www.iryou.teikyouseido.mhlw.go.jp/znk-web/juminkanja/S2430/initialize?prefCd=33&kikanCd=2330006730&kikanKbn=2", "url2": null, "内容": "医療法人　河内山皮膚科形成外科【2:診療所】【診療科目:形成外科_皮膚科】岡山県岡山市東区目黒町１０番地３" }, "geometry": { "type": "Point", "coordinates": [ 134.00022, 34.667741 ] } },
{ "type": "Feature", "properties": { "ID": 3322330006740, "正式名称": "こうなんクリニック", "機関区分": 2, "都道府県コード": 33, "市区町村コード": 104, "所在地": "岡山県岡山市南区東畦６５１－１９", "緯度": 34.605579, "経度": 133.880788, "url": "https://www.iryou.teikyouseido.mhlw.go.jp/znk-web/juminkanja/S2430/initialize?prefCd=33&kikanCd=2330006740&kikanKbn=2", "url2": "http://www.kounan-cl.com/", "内容": "こうなんクリニック【2:診療所】【診療科目:内科_老年精神科】岡山県岡山市南区東畦６５１－１９" }, "geometry": { "type": "Point", "coordinates": [ 133.880788, 34.605579 ] } },
{ "type": "Feature", "properties": { "ID": 3322330006750, "正式名称": "医療法人岡南産婦人科医院", "機関区分": 2, "都道府県コード": 33, "市区町村コード": 104, "所在地": "岡山県岡山市南区平福２丁目６－４３", "緯度": 34.616329, "経度": 133.950115, "url": "https://www.iryou.teikyouseido.mhlw.go.jp/znk-web/juminkanja/S2430/initialize?prefCd=33&kikanCd=2330006750&kikanKbn=2", "url2": "https://www.kounan-ladies.jp/", "内容": "医療法人岡南産婦人科医院【2:診療所】【診療科目:小児科_産婦人科】岡山県岡山市南区平福２丁目６－４３" }, "geometry": { "type": "Point", "coordinates": [ 133.950115, 34.616329 ] } },
{ "type": "Feature", "properties": { "ID": 3322330006760, "正式名称": "医療法人光南台クリニック", "機関区分": 2, "都道府県コード": 33, "市区町村コード": 104, "所在地": "岡山県岡山市南区北浦７１４", "緯度": 34.587249, "経度": 133.968615, "url": "https://www.iryou.teikyouseido.mhlw.go.jp/znk-web/juminkanja/S2430/initialize?prefCd=33&kikanCd=2330006760&kikanKbn=2", "url2": "http://www.kounandai-clinic.jp/", "内容": "医療法人光南台クリニック【2:診療所】【診療科目:内科_呼吸器内科_循環器内科_消化器内科】岡山県岡山市南区北浦７１４" }, "geometry": { "type": "Point", "coordinates": [ 133.968615, 34.587249 ] } },
{ "type": "Feature", "properties": { "ID": 3322330006770, "正式名称": "河野整形外科医院", "機関区分": 2, "都道府県コード": 33, "市区町村コード": 101, "所在地": "岡山県岡山市北区田中１５４－１０２", "緯度": 34.642408, "経度": 133.879371, "url": "https://www.iryou.teikyouseido.mhlw.go.jp/znk-web/juminkanja/S2430/initialize?prefCd=33&kikanCd=2330006770&kikanKbn=2", "url2": "https://konohihuka.com/", "内容": "河野整形外科医院【2:診療所】【診療科目:整形外科_小児皮膚科_皮膚科_アレルギー科】岡山県岡山市北区田中１５４－１０２" }, "geometry": { "type": "Point", "coordinates": [ 133.879371, 34.642408 ] } },
{ "type": "Feature", "properties": { "ID": 3322330006780, "正式名称": "医療法人幸和会岡北整形外科医院", "機関区分": 2, "都道府県コード": 33, "市区町村コード": 101, "所在地": "岡山県岡山市北区津島東二丁目７番１号", "緯度": 34.688098, "経度": 133.92817, "url": "https://www.iryou.teikyouseido.mhlw.go.jp/znk-web/juminkanja/S2430/initialize?prefCd=33&kikanCd=2330006780&kikanKbn=2", "url2": "http://kohwakai.jp", "内容": "医療法人幸和会岡北整形外科医院【2:診療所】【診療科目:整形外科_リウマチ科_リハビリテーション科】岡山県岡山市北区津島東二丁目７番１号" }, "geometry": { "type": "Point", "coordinates": [ 133.92817, 34.688098 ] } },
{ "type": "Feature", "properties": { "ID": 3322330006790, "正式名称": "コープ西大寺診療所", "機関区分": 2, "都道府県コード": 33, "市区町村コード": 103, "所在地": "岡山県岡山市東区西大寺中２丁目２０－３３", "緯度": 34.654799, "経度": 134.033718, "url": "https://www.iryou.teikyouseido.mhlw.go.jp/znk-web/juminkanja/S2430/initialize?prefCd=33&kikanCd=2330006790&kikanKbn=2", "url2": "https://www.okayama-health.coop", "内容": "コープ西大寺診療所【2:診療所】【診療科目:内科】岡山県岡山市東区西大寺中２丁目２０－３３" }, "geometry": { "type": "Point", "coordinates": [ 134.033718, 34.654799 ] } },
{ "type": "Feature", "properties": { "ID": 3322330006800, "正式名称": "コープみんなの診療所", "機関区分": 2, "都道府県コード": 33, "市区町村コード": 102, "所在地": "岡山県岡山市中区乙多見１０１－４", "緯度": 34.676934, "経度": 133.977889, "url": "https://www.iryou.teikyouseido.mhlw.go.jp/znk-web/juminkanja/S2430/initialize?prefCd=33&kikanCd=2330006800&kikanKbn=2", "url2": "http://www.okayama-health.coop/minna/index.html", "内容": "コープみんなの診療所【2:診療所】【診療科目:内科】岡山県岡山市中区乙多見１０１－４" }, "geometry": { "type": "Point", "coordinates": [ 133.977889, 34.676934 ] } },
{ "type": "Feature", "properties": { "ID": 3322330006820, "正式名称": "医療法人　小坂耳鼻咽喉科医院", "機関区分": 2, "都道府県コード": 33, "市区町村コード": 101, "所在地": "岡山県岡山市北区大元上町１－１４", "緯度": 34.64913, "経度": 133.902063, "url": "https://www.iryou.teikyouseido.mhlw.go.jp/znk-web/juminkanja/S2430/initialize?prefCd=33&kikanCd=2330006820&kikanKbn=2", "url2": "http://paa.jp/t/133901/", "内容": "医療法人　小坂耳鼻咽喉科医院【2:診療所】【診療科目:耳鼻いんこう科】岡山県岡山市北区大元上町１－１４" }, "geometry": { "type": "Point", "coordinates": [ 133.902063, 34.64913 ] } },
{ "type": "Feature", "properties": { "ID": 3322330006830, "正式名称": "医療法人こしむね瀬戸クリニック", "機関区分": 2, "都道府県コード": 33, "市区町村コード": 103, "所在地": "岡山県岡山市東区瀬戸町光明谷２１８－１", "緯度": 34.738956, "経度": 134.04277, "url": "https://www.iryou.teikyouseido.mhlw.go.jp/znk-web/juminkanja/S2430/initialize?prefCd=33&kikanCd=2330006830&kikanKbn=2", "url2": "http://www.setocli.com", "内容": "医療法人こしむね瀬戸クリニック【2:診療所】【診療科目:整形外科_耳鼻いんこう科_リハビリテーション科】岡山県岡山市東区瀬戸町光明谷２１８－１" }, "geometry": { "type": "Point", "coordinates": [ 134.04277, 34.738956 ] } },
{ "type": "Feature", "properties": { "ID": 3322330006840, "正式名称": "医療法人社団正信会　こたけもり整形外科医院", "機関区分": 2, "都道府県コード": 33, "市区町村コード": 101, "所在地": "岡山県岡山市北区奉還町４－１７－１７", "緯度": 34.669378, "経度": 133.911284, "url": "https://www.iryou.teikyouseido.mhlw.go.jp/znk-web/juminkanja/S2430/initialize?prefCd=33&kikanCd=2330006840&kikanKbn=2", "url2": "https://www.kotakemori-seikei.com", "内容": "医療法人社団正信会　こたけもり整形外科医院【2:診療所】【診療科目:整形外科_リウマチ科_リハビリテーション科】岡山県岡山市北区奉還町４－１７－１７" }, "geometry": { "type": "Point", "coordinates": [ 133.911284, 34.669378 ] } },
{ "type": "Feature", "properties": { "ID": 3322330006850, "正式名称": "小塚内科", "機関区分": 2, "都道府県コード": 33, "市区町村コード": 101, "所在地": "岡山県岡山市北区磨屋町１０－２０磨屋町ビル２階", "緯度": 34.662518, "経度": 133.925977, "url": "https://www.iryou.teikyouseido.mhlw.go.jp/znk-web/juminkanja/S2430/initialize?prefCd=33&kikanCd=2330006850&kikanKbn=2", "url2": null, "内容": "小塚内科【2:診療所】【診療科目:内科】岡山県岡山市北区磨屋町１０－２０磨屋町ビル２階" }, "geometry": { "type": "Point", "coordinates": [ 133.925977, 34.662518 ] } },
{ "type": "Feature", "properties": { "ID": 3322330006870, "正式名称": "ごとうクリニック", "機関区分": 2, "都道府県コード": 33, "市区町村コード": 101, "所在地": "岡山県岡山市北区大供１丁目２番１５号ダイヤモンドフォーラム大供２０１号", "緯度": 34.656046, "経度": 133.921255, "url": "https://www.iryou.teikyouseido.mhlw.go.jp/znk-web/juminkanja/S2430/initialize?prefCd=33&kikanCd=2330006870&kikanKbn=2", "url2": "http://www.megaegg.ne.jp/~goto-clinic", "内容": "ごとうクリニック【2:診療所】【診療科目:内科_消化器内科】岡山県岡山市北区大供１丁目２番１５号ダイヤモンドフォーラム大供２０１号" }, "geometry": { "type": "Point", "coordinates": [ 133.921255, 34.656046 ] } },
{ "type": "Feature", "properties": { "ID": 3322330006880, "正式名称": "こどもクリニック青い鳥", "機関区分": 2, "都道府県コード": 33, "市区町村コード": 101, "所在地": "岡山県岡山市北区楢津５３３－５", "緯度": 34.679015, "経度": 133.882147, "url": "https://www.iryou.teikyouseido.mhlw.go.jp/znk-web/juminkanja/S2430/initialize?prefCd=33&kikanCd=2330006880&kikanKbn=2", "url2": null, "内容": "こどもクリニック青い鳥【2:診療所】【診療科目:小児科】岡山県岡山市北区楢津５３３－５" }, "geometry": { "type": "Point", "coordinates": [ 133.882147, 34.679015 ] } },
{ "type": "Feature", "properties": { "ID": 3322330006890, "正式名称": "医療法人　小西整形外科・腰痛クリニック", "機関区分": 2, "都道府県コード": 33, "市区町村コード": 101, "所在地": "岡山県岡山市北区牟佐１２０－７", "緯度": 34.725539, "経度": 133.982748, "url": "https://www.iryou.teikyouseido.mhlw.go.jp/znk-web/juminkanja/S2430/initialize?prefCd=33&kikanCd=2330006890&kikanKbn=2", "url2": "http://www.myclinic.ne.jp/yo-tu110/", "内容": "医療法人　小西整形外科・腰痛クリニック【2:診療所】【診療科目:整形外科_リハビリテーション科】岡山県岡山市北区牟佐１２０－７" }, "geometry": { "type": "Point", "coordinates": [ 133.982748, 34.725539 ] } },
{ "type": "Feature", "properties": { "ID": 3322330006900, "正式名称": "こばし医院", "機関区分": 2, "都道府県コード": 33, "市区町村コード": 101, "所在地": "岡山県岡山市北区津島西坂２丁目２－２０", "緯度": 34.682876, "経度": 133.907895, "url": "https://www.iryou.teikyouseido.mhlw.go.jp/znk-web/juminkanja/S2430/initialize?prefCd=33&kikanCd=2330006900&kikanKbn=2", "url2": "http://www.kobashi-cl.com/pc/", "内容": "こばし医院【2:診療所】【診療科目:内科_小児科_皮膚科_アレルギー科_リハビリテーション科】岡山県岡山市北区津島西坂２丁目２－２０" }, "geometry": { "type": "Point", "coordinates": [ 133.907895, 34.682876 ] } },
{ "type": "Feature", "properties": { "ID": 3322330006910, "正式名称": "コバヤシ眼科", "機関区分": 2, "都道府県コード": 33, "市区町村コード": 101, "所在地": "岡山県岡山市北区表町２丁目３番８４号小林ビル２階", "緯度": 34.661768, "経度": 133.929866, "url": "https://www.iryou.teikyouseido.mhlw.go.jp/znk-web/juminkanja/S2430/initialize?prefCd=33&kikanCd=2330006910&kikanKbn=2", "url2": "https://kobayashigannka.com/", "内容": "コバヤシ眼科【2:診療所】【診療科目:眼科】岡山県岡山市北区表町２丁目３番８４号小林ビル２階" }, "geometry": { "type": "Point", "coordinates": [ 133.929866, 34.661768 ] } },
{ "type": "Feature", "properties": { "ID": 3322330006920, "正式名称": "医療法人光満会　岡山照陽クリニック", "機関区分": 2, "都道府県コード": 33, "市区町村コード": 102, "所在地": "岡山県岡山市中区倉田３２４－６１", "緯度": 34.635494, "経度": 133.958808, "url": "https://www.iryou.teikyouseido.mhlw.go.jp/znk-web/juminkanja/S2430/initialize?prefCd=33&kikanCd=2330006920&kikanKbn=2", "url2": "https://www.okayama-shouyou.jp", "内容": "医療法人光満会　岡山照陽クリニック【2:診療所】【診療科目:内科_腎臓内科_皮膚科_放射線科】岡山県岡山市中区倉田３２４－６１" }, "geometry": { "type": "Point", "coordinates": [ 133.958808, 34.635494 ] } },
{ "type": "Feature", "properties": { "ID": 3322330006930, "正式名称": "医療法人天成会　青江クリニック", "機関区分": 2, "都道府県コード": 33, "市区町村コード": 101, "所在地": "岡山県岡山市北区青江五丁目１－３", "緯度": 34.631465, "経度": 133.918118, "url": "https://www.iryou.teikyouseido.mhlw.go.jp/znk-web/juminkanja/S2430/initialize?prefCd=33&kikanCd=2330006930&kikanKbn=2", "url2": "https://www.tenseikai-aoe.net", "内容": "医療法人天成会　青江クリニック【2:診療所】【診療科目:内科_糖尿病内科_呼吸器内科_循環器内科_消化器内科_腎臓内科_整形外科_皮膚科_アレルギー科_リウマチ科_リハビリテーション科_放射線科】岡山県岡山市北区青江五丁目１－３" }, "geometry": { "type": "Point", "coordinates": [ 133.918118, 34.631465 ] } },
{ "type": "Feature", "properties": { "ID": 3322330006950, "正式名称": "小松神経科内科医院", "機関区分": 2, "都道府県コード": 33, "市区町村コード": 101, "所在地": "岡山県岡山市北区表町１－６－３６", "緯度": 34.663934, "経度": 133.929893, "url": "https://www.iryou.teikyouseido.mhlw.go.jp/znk-web/juminkanja/S2430/initialize?prefCd=33&kikanCd=2330006950&kikanKbn=2", "url2": null, "内容": "小松神経科内科医院【2:診療所】【診療科目:内科_精神科】岡山県岡山市北区表町１－６－３６" }, "geometry": { "type": "Point", "coordinates": [ 133.929893, 34.663934 ] } },
{ "type": "Feature", "properties": { "ID": 3322330006960, "正式名称": "医療法人社団暁行会　小見山整形外科医院", "機関区分": 2, "都道府県コード": 33, "市区町村コード": 101, "所在地": "岡山県岡山市北区東島田町１－５－２", "緯度": 34.659573, "経度": 133.913534, "url": "https://www.iryou.teikyouseido.mhlw.go.jp/znk-web/juminkanja/S2430/initialize?prefCd=33&kikanCd=2330006960&kikanKbn=2", "url2": "https://www.kohjin.ne.jp/komiyama/", "内容": "医療法人社団暁行会　小見山整形外科医院【2:診療所】【診療科目:整形外科_リウマチ科_リハビリテーション科】岡山県岡山市北区東島田町１－５－２" }, "geometry": { "type": "Point", "coordinates": [ 133.913534, 34.659573 ] } },
{ "type": "Feature", "properties": { "ID": 3322330007000, "正式名称": "小山眼科", "機関区分": 2, "都道府県コード": 33, "市区町村コード": 103, "所在地": "岡山県岡山市東区可知二丁目３番１４号", "緯度": 34.656909, "経度": 134.002026, "url": "https://www.iryou.teikyouseido.mhlw.go.jp/znk-web/juminkanja/S2430/initialize?prefCd=33&kikanCd=2330007000&kikanKbn=2", "url2": "http://www.koyama.or.jp", "内容": "小山眼科【2:診療所】【診療科目:眼科】岡山県岡山市東区可知二丁目３番１４号" }, "geometry": { "type": "Point", "coordinates": [ 134.002026, 34.656909 ] } },
{ "type": "Feature", "properties": { "ID": 3322330007010, "正式名称": "医療法人　小山眼科医院", "機関区分": 2, "都道府県コード": 33, "市区町村コード": 101, "所在地": "岡山県岡山市北区今２－７－３", "緯度": 34.648066, "経度": 133.898198, "url": "https://www.iryou.teikyouseido.mhlw.go.jp/znk-web/juminkanja/S2430/initialize?prefCd=33&kikanCd=2330007010&kikanKbn=2", "url2": "http://www.koyama-ganka.jp", "内容": "医療法人　小山眼科医院【2:診療所】【診療科目:眼科】岡山県岡山市北区今２－７－３" }, "geometry": { "type": "Point", "coordinates": [ 133.898198, 34.648066 ] } },
{ "type": "Feature", "properties": { "ID": 3322330007020, "正式名称": "これさわ内科医院", "機関区分": 2, "都道府県コード": 33, "市区町村コード": 102, "所在地": "岡山県岡山市中区海吉１５３７－２", "緯度": 34.662297, "経度": 133.987111, "url": "https://www.iryou.teikyouseido.mhlw.go.jp/znk-web/juminkanja/S2430/initialize?prefCd=33&kikanCd=2330007020&kikanKbn=2", "url2": null, "内容": "これさわ内科医院【2:診療所】【診療科目:内科_小児科_リハビリテーション科】岡山県岡山市中区海吉１５３７－２" }, "geometry": { "type": "Point", "coordinates": [ 133.987111, 34.662297 ] } },
{ "type": "Feature", "properties": { "ID": 3322330007030, "正式名称": "医療法人　近藤内科", "機関区分": 2, "都道府県コード": 33, "市区町村コード": 103, "所在地": "岡山県岡山市東区瀬戸町宗堂５９７", "緯度": 34.755899, "経度": 134.067378, "url": "https://www.iryou.teikyouseido.mhlw.go.jp/znk-web/juminkanja/S2430/initialize?prefCd=33&kikanCd=2330007030&kikanKbn=2", "url2": "https://www..setocho-kondonaika.com", "内容": "医療法人　近藤内科【2:診療所】【診療科目:内科_消化器内科_小児科_放射線科】岡山県岡山市東区瀬戸町宗堂５９７" }, "geometry": { "type": "Point", "coordinates": [ 134.067378, 34.755899 ] } },
{ "type": "Feature", "properties": { "ID": 3322330007040, "正式名称": "西条脳神経外科クリニック", "機関区分": 2, "都道府県コード": 33, "市区町村コード": 102, "所在地": "岡山県岡山市中区西川原６９－１", "緯度": 34.677933, "経度": 133.937781, "url": "https://www.iryou.teikyouseido.mhlw.go.jp/znk-web/juminkanja/S2430/initialize?prefCd=33&kikanCd=2330007040&kikanKbn=2", "url2": null, "内容": "西条脳神経外科クリニック【2:診療所】【診療科目:脳神経外科】岡山県岡山市中区西川原６９－１" }, "geometry": { "type": "Point", "coordinates": [ 133.937781, 34.677933 ] } },
{ "type": "Feature", "properties": { "ID": 3322330007050, "正式名称": "西条レディスクリニック", "機関区分": 2, "都道府県コード": 33, "市区町村コード": 102, "所在地": "岡山県岡山市中区西川原１２１－１", "緯度": 34.680932, "経度": 133.94142, "url": "https://www.iryou.teikyouseido.mhlw.go.jp/znk-web/juminkanja/S2430/initialize?prefCd=33&kikanCd=2330007050&kikanKbn=2", "url2": "http://fdoc.jp/clinic/detail/index/id/155154/", "内容": "西条レディスクリニック【2:診療所】【診療科目:婦人科】岡山県岡山市中区西川原１２１－１" }, "geometry": { "type": "Point", "coordinates": [ 133.94142, 34.680932 ] } },
{ "type": "Feature", "properties": { "ID": 3322330007060, "正式名称": "さいとう耳鼻科", "機関区分": 2, "都道府県コード": 33, "市区町村コード": 104, "所在地": "岡山県岡山市南区東畦１４６－１４シティーウエストコート１階", "緯度": 34.607689, "経度": 133.871095, "url": "https://www.iryou.teikyouseido.mhlw.go.jp/znk-web/juminkanja/S2430/initialize?prefCd=33&kikanCd=2330007060&kikanKbn=2", "url2": null, "内容": "さいとう耳鼻科【2:診療所】【診療科目:耳鼻いんこう科】岡山県岡山市南区東畦１４６－１４シティーウエストコート１階" }, "geometry": { "type": "Point", "coordinates": [ 133.871095, 34.607689 ] } },
{ "type": "Feature", "properties": { "ID": 3322330007090, "正式名称": "医療法人　酒井眼科医院", "機関区分": 2, "都道府県コード": 33, "市区町村コード": 101, "所在地": "岡山県岡山市北区白石西新町７番１１０", "緯度": 34.654628, "経度": 133.868399, "url": "https://www.iryou.teikyouseido.mhlw.go.jp/znk-web/juminkanja/S2430/initialize?prefCd=33&kikanCd=2330007090&kikanKbn=2", "url2": null, "内容": "医療法人　酒井眼科医院【2:診療所】【診療科目:眼科】岡山県岡山市北区白石西新町７番１１０" }, "geometry": { "type": "Point", "coordinates": [ 133.868399, 34.654628 ] } },
{ "type": "Feature", "properties": { "ID": 3322330007100, "正式名称": "さかいクリニック", "機関区分": 2, "都道府県コード": 33, "市区町村コード": 101, "所在地": "岡山県岡山市北区高柳西町１６－１３ＴＭＣビル５階", "緯度": 34.66135, "経度": 133.897785, "url": "https://www.iryou.teikyouseido.mhlw.go.jp/znk-web/juminkanja/S2430/initialize?prefCd=33&kikanCd=2330007100&kikanKbn=2", "url2": "http://a-sakai-clinic.sakura.ne.jp", "内容": "さかいクリニック【2:診療所】【診療科目:精神科_心療内科】岡山県岡山市北区高柳西町１６－１３ＴＭＣビル５階" }, "geometry": { "type": "Point", "coordinates": [ 133.897785, 34.66135 ] } },
{ "type": "Feature", "properties": { "ID": 3322330007110, "正式名称": "酒井内科小児科", "機関区分": 2, "都道府県コード": 33, "市区町村コード": 101, "所在地": "岡山県岡山市北区白石西新町７番１１０", "緯度": 34.654628, "経度": 133.868399, "url": "https://www.iryou.teikyouseido.mhlw.go.jp/znk-web/juminkanja/S2430/initialize?prefCd=33&kikanCd=2330007110&kikanKbn=2", "url2": "http://www.sakainaikasyounika.com/", "内容": "酒井内科小児科【2:診療所】【診療科目:内科_消化器内科_内視鏡内科_小児科】岡山県岡山市北区白石西新町７番１１０" }, "geometry": { "type": "Point", "coordinates": [ 133.868399, 34.654628 ] } },
{ "type": "Feature", "properties": { "ID": 3322330007120, "正式名称": "医療法人坂田整形外科医院", "機関区分": 2, "都道府県コード": 33, "市区町村コード": 101, "所在地": "岡山県岡山市北区高柳西町１６－１０", "緯度": 34.661489, "経度": 133.89798, "url": "https://www.iryou.teikyouseido.mhlw.go.jp/znk-web/juminkanja/S2430/initialize?prefCd=33&kikanCd=2330007120&kikanKbn=2", "url2": null, "内容": "医療法人坂田整形外科医院【2:診療所】【診療科目:整形外科_リハビリテーション科】岡山県岡山市北区高柳西町１６－１０" }, "geometry": { "type": "Point", "coordinates": [ 133.89798, 34.661489 ] } },
{ "type": "Feature", "properties": { "ID": 3322330007130, "正式名称": "医療法人　坂野内科医院", "機関区分": 2, "都道府県コード": 33, "市区町村コード": 101, "所在地": "岡山県岡山市北区吉宗６７７番地１", "緯度": 34.727065, "経度": 133.906893, "url": "https://www.iryou.teikyouseido.mhlw.go.jp/znk-web/juminkanja/S2430/initialize?prefCd=33&kikanCd=2330007130&kikanKbn=2", "url2": "http://www.sakano-hp.jp", "内容": "医療法人　坂野内科医院【2:診療所】【診療科目:内科_小児科_リハビリテーション科_放射線科】岡山県岡山市北区吉宗６７７番地１" }, "geometry": { "type": "Point", "coordinates": [ 133.906893, 34.727065 ] } },
{ "type": "Feature", "properties": { "ID": 3322330007140, "正式名称": "医療法人　健朋会　佐々木医院", "機関区分": 2, "都道府県コード": 33, "市区町村コード": 101, "所在地": "岡山県岡山市北区西崎本町４－３", "緯度": 34.666933, "経度": 133.897035, "url": "https://www.iryou.teikyouseido.mhlw.go.jp/znk-web/juminkanja/S2430/initialize?prefCd=33&kikanCd=2330007140&kikanKbn=2", "url2": "https://www.kenhoukai-sasaki-clinic.com/", "内容": "医療法人　健朋会　佐々木医院【2:診療所】【診療科目:内科_呼吸器内科_消化器内科_小児科】岡山県岡山市北区西崎本町４－３" }, "geometry": { "type": "Point", "coordinates": [ 133.897035, 34.666933 ] } },
{ "type": "Feature", "properties": { "ID": 3322330007150, "正式名称": "医療法人　佐藤医院", "機関区分": 2, "都道府県コード": 33, "市区町村コード": 101, "所在地": "岡山県岡山市北区旭町１５", "緯度": 34.647103, "経度": 133.927089, "url": "https://www.iryou.teikyouseido.mhlw.go.jp/znk-web/juminkanja/S2430/initialize?prefCd=33&kikanCd=2330007150&kikanKbn=2", "url2": "http://www.satoclinic.or.jp", "内容": "医療法人　佐藤医院【2:診療所】【診療科目:内科_糖尿病内科_循環器内科_消化器内科_腎臓内科_アレルギー科_リハビリテーション科】岡山県岡山市北区旭町１５" }, "geometry": { "type": "Point", "coordinates": [ 133.927089, 34.647103 ] } },
{ "type": "Feature", "properties": { "ID": 3322330007170, "正式名称": "さとうクリニック", "機関区分": 2, "都道府県コード": 33, "市区町村コード": 103, "所在地": "岡山県岡山市東区西大寺中野４８９－８安倉ビル２Ｆ", "緯度": 34.655021, "経度": 134.027052, "url": "https://www.iryou.teikyouseido.mhlw.go.jp/znk-web/juminkanja/S2430/initialize?prefCd=33&kikanCd=2330007170&kikanKbn=2", "url2": "https://www.okayamasatoclinic.com", "内容": "さとうクリニック【2:診療所】【診療科目:精神科_心療内科】岡山県岡山市東区西大寺中野４８９－８安倉ビル２Ｆ" }, "geometry": { "type": "Point", "coordinates": [ 134.027052, 34.655021 ] } },
{ "type": "Feature", "properties": { "ID": 3322330007200, "正式名称": "医療法人悠遊会さとう内科", "機関区分": 2, "都道府県コード": 33, "市区町村コード": 102, "所在地": "岡山県岡山市中区中井２丁目１１－２３", "緯度": 34.68671, "経度": 133.962417, "url": "https://www.iryou.teikyouseido.mhlw.go.jp/znk-web/juminkanja/S2430/initialize?prefCd=33&kikanCd=2330007200&kikanKbn=2", "url2": "http://satounaika.net", "内容": "医療法人悠遊会さとう内科【2:診療所】【診療科目:内科_呼吸器内科_循環器内科_消化器内科】岡山県岡山市中区中井２丁目１１－２３" }, "geometry": { "type": "Point", "coordinates": [ 133.962417, 34.68671 ] } },
{ "type": "Feature", "properties": { "ID": 3322330007210, "正式名称": "佐藤内科", "機関区分": 2, "都道府県コード": 33, "市区町村コード": 101, "所在地": "岡山県岡山市北区中山下１－２－４０", "緯度": 34.665173, "経度": 133.927469, "url": "https://www.iryou.teikyouseido.mhlw.go.jp/znk-web/juminkanja/S2430/initialize?prefCd=33&kikanCd=2330007210&kikanKbn=2", "url2": "https://satonaika.jp", "内容": "佐藤内科【2:診療所】【診療科目:内科_呼吸器内科_循環器内科_消化器内科_放射線科】岡山県岡山市北区中山下１－２－４０" }, "geometry": { "type": "Point", "coordinates": [ 133.927469, 34.665173 ] } },
{ "type": "Feature", "properties": { "ID": 3322330007220, "正式名称": "医療法人　生萌会　さわだレディスクリニック", "機関区分": 2, "都道府県コード": 33, "市区町村コード": 104, "所在地": "岡山県岡山市南区西市５８４－１", "緯度": 34.634465, "経度": 133.895925, "url": "https://www.iryou.teikyouseido.mhlw.go.jp/znk-web/juminkanja/S2430/initialize?prefCd=33&kikanCd=2330007220&kikanKbn=2", "url2": "http://sawada-lc.com", "内容": "医療法人　生萌会　さわだレディスクリニック【2:診療所】【診療科目:内科_小児科_産婦人科】岡山県岡山市南区西市５８４－１" }, "geometry": { "type": "Point", "coordinates": [ 133.895925, 34.634465 ] } },
{ "type": "Feature", "properties": { "ID": 3322330007230, "正式名称": "澤原内科小児科医院", "機関区分": 2, "都道府県コード": 33, "市区町村コード": 103, "所在地": "岡山県岡山市東区中尾６４６－４", "緯度": 34.701487, "経度": 134.022467, "url": "https://www.iryou.teikyouseido.mhlw.go.jp/znk-web/juminkanja/S2430/initialize?prefCd=33&kikanCd=2330007230&kikanKbn=2", "url2": "https://www.sawahara-naika-clinic.com", "内容": "澤原内科小児科医院【2:診療所】【診療科目:内科_消化器内科_小児科】岡山県岡山市東区中尾６４６－４" }, "geometry": { "type": "Point", "coordinates": [ 134.022467, 34.701487 ] } },
{ "type": "Feature", "properties": { "ID": 3322330007250, "正式名称": "医療法人サン・クリニック", "機関区分": 2, "都道府県コード": 33, "市区町村コード": 102, "所在地": "岡山県岡山市中区中井２丁目１５－１３", "緯度": 34.688154, "経度": 133.962112, "url": "https://www.iryou.teikyouseido.mhlw.go.jp/znk-web/juminkanja/S2430/initialize?prefCd=33&kikanCd=2330007250&kikanKbn=2", "url2": "https://sunclinic.org/", "内容": "医療法人サン・クリニック【2:診療所】【診療科目:小児科_産婦人科】岡山県岡山市中区中井２丁目１５－１３" }, "geometry": { "type": "Point", "coordinates": [ 133.962112, 34.688154 ] } },
{ "type": "Feature", "properties": { "ID": 3322330007270, "正式名称": "山陽新聞診療所", "機関区分": 2, "都道府県コード": 33, "市区町村コード": 101, "所在地": "岡山県岡山市北区柳町２丁目１－１", "緯度": 34.658073, "経度": 133.919756, "url": "https://www.iryou.teikyouseido.mhlw.go.jp/znk-web/juminkanja/S2430/initialize?prefCd=33&kikanCd=2330007270&kikanKbn=2", "url2": null, "内容": "山陽新聞診療所【2:診療所】【診療科目:内科】岡山県岡山市北区柳町２丁目１－１" }, "geometry": { "type": "Point", "coordinates": [ 133.919756, 34.658073 ] } },
{ "type": "Feature", "properties": { "ID": 3322330007280, "正式名称": "陸上自衛隊三軒屋駐屯地医務室", "機関区分": 2, "都道府県コード": 33, "市区町村コード": 101, "所在地": "岡山県岡山市北区宿９７８", "緯度": 34.699208, "経度": 133.932059, "url": "https://www.iryou.teikyouseido.mhlw.go.jp/znk-web/juminkanja/S2430/initialize?prefCd=33&kikanCd=2330007280&kikanKbn=2", "url2": null, "内容": "陸上自衛隊三軒屋駐屯地医務室【2:診療所】【診療科目:内科_外科】岡山県岡山市北区宿９７８" }, "geometry": { "type": "Point", "coordinates": [ 133.932059, 34.699208 ] } },
{ "type": "Feature", "properties": { "ID": 3322330007300, "正式名称": "医療法人しげとし内科小児科医院", "機関区分": 2, "都道府県コード": 33, "市区町村コード": 104, "所在地": "岡山県岡山市南区新保３９７番地１７", "緯度": 34.638631, "経度": 133.912979, "url": "https://www.iryou.teikyouseido.mhlw.go.jp/znk-web/juminkanja/S2430/initialize?prefCd=33&kikanCd=2330007300&kikanKbn=2", "url2": "http://www.shigetoshi.jp", "内容": "医療法人しげとし内科小児科医院【2:診療所】【診療科目:内科_消化器内科_小児科】岡山県岡山市南区新保３９７番地１７" }, "geometry": { "type": "Point", "coordinates": [ 133.912979, 34.638631 ] } },
{ "type": "Feature", "properties": { "ID": 3322330007320, "正式名称": "医療法人清水医院", "機関区分": 2, "都道府県コード": 33, "市区町村コード": 102, "所在地": "岡山県岡山市中区浜１－２０－２７", "緯度": 34.672989, "経度": 133.938698, "url": "https://www.iryou.teikyouseido.mhlw.go.jp/znk-web/juminkanja/S2430/initialize?prefCd=33&kikanCd=2330007320&kikanKbn=2", "url2": null, "内容": "医療法人清水医院【2:診療所】【診療科目:内科_小児科_アレルギー科_リハビリテーション科】岡山県岡山市中区浜１－２０－２７" }, "geometry": { "type": "Point", "coordinates": [ 133.938698, 34.672989 ] } },
{ "type": "Feature", "properties": { "ID": 3322330007330, "正式名称": "医療法人清水内科医院", "機関区分": 2, "都道府県コード": 33, "市区町村コード": 101, "所在地": "岡山県岡山市北区京橋町９－７清水ビル２Ｆ", "緯度": 34.658074, "経度": 133.93106, "url": "https://www.iryou.teikyouseido.mhlw.go.jp/znk-web/juminkanja/S2430/initialize?prefCd=33&kikanCd=2330007330&kikanKbn=2", "url2": null, "内容": "医療法人清水内科医院【2:診療所】【診療科目:内科_呼吸器内科_循環器内科_胃腸内科_放射線科】岡山県岡山市北区京橋町９－７清水ビル２Ｆ" }, "geometry": { "type": "Point", "coordinates": [ 133.93106, 34.658074 ] } },
{ "type": "Feature", "properties": { "ID": 3322330007340, "正式名称": "医療法人庄医院", "機関区分": 2, "都道府県コード": 33, "市区町村コード": 102, "所在地": "岡山県岡山市中区山崎２６７－７", "緯度": 34.648742, "経度": 133.974445, "url": "https://www.iryou.teikyouseido.mhlw.go.jp/znk-web/juminkanja/S2430/initialize?prefCd=33&kikanCd=2330007340&kikanKbn=2", "url2": "https://www.sho-iin.com/", "内容": "医療法人庄医院【2:診療所】【診療科目:内科_消化器内科_小児科】岡山県岡山市中区山崎２６７－７" }, "geometry": { "type": "Point", "coordinates": [ 133.974445, 34.648742 ] } },
{ "type": "Feature", "properties": { "ID": 3322330007380, "正式名称": "医療法人　上南クリニック", "機関区分": 2, "都道府県コード": 33, "市区町村コード": 103, "所在地": "岡山県岡山市東区君津３２１－１", "緯度": 34.635495, "経度": 134.012387, "url": "https://www.iryou.teikyouseido.mhlw.go.jp/znk-web/juminkanja/S2430/initialize?prefCd=33&kikanCd=2330007380&kikanKbn=2", "url2": "https://www.jonanclinic.info", "内容": "医療法人　上南クリニック【2:診療所】【診療科目:内科_歯科】岡山県岡山市東区君津３２１－１" }, "geometry": { "type": "Point", "coordinates": [ 134.012387, 34.635495 ] } },
{ "type": "Feature", "properties": { "ID": 3322330007400, "正式名称": "医療法人芥子会城本クリニック", "機関区分": 2, "都道府県コード": 33, "市区町村コード": 103, "所在地": "岡山県岡山市東区松新町６５－４", "緯度": 34.658381, "経度": 134.009553, "url": "https://www.iryou.teikyouseido.mhlw.go.jp/znk-web/juminkanja/S2430/initialize?prefCd=33&kikanCd=2330007400&kikanKbn=2", "url2": "https://www.shiromoto-s.or.jp", "内容": "医療法人芥子会城本クリニック【2:診療所】【診療科目:循環器内科_整形外科_リウマチ科_リハビリテーション科】岡山県岡山市東区松新町６５－４" }, "geometry": { "type": "Point", "coordinates": [ 134.009553, 34.658381 ] } },
{ "type": "Feature", "properties": { "ID": 3322330007410, "正式名称": "諸國眞太郎クリニック", "機関区分": 2, "都道府県コード": 33, "市区町村コード": 101, "所在地": "岡山県岡山市北区錦町６番１７号ＯＷＬＳＴＹＬＥ錦町２ビル４階", "緯度": 34.662851, "経度": 133.919617, "url": "https://www.iryou.teikyouseido.mhlw.go.jp/znk-web/juminkanja/S2430/initialize?prefCd=33&kikanCd=2330007410&kikanKbn=2", "url2": "http://www.varix.jp/", "内容": "諸國眞太郎クリニック【2:診療所】【診療科目:内科_循環器内科_外科_血管外科】岡山県岡山市北区錦町６番１７号ＯＷＬＳＴＹＬＥ錦町２ビル４階" }, "geometry": { "type": "Point", "coordinates": [ 133.919617, 34.662851 ] } },
{ "type": "Feature", "properties": { "ID": 3322330007420, "正式名称": "医療法人　雄風会　新あしもりクリニック", "機関区分": 2, "都道府県コード": 33, "市区町村コード": 101, "所在地": "岡山県岡山市北区下足守１９０５－１", "緯度": 34.717925, "経度": 133.803208, "url": "https://www.iryou.teikyouseido.mhlw.go.jp/znk-web/juminkanja/S2430/initialize?prefCd=33&kikanCd=2330007420&kikanKbn=2", "url2": "http://ikenaga-group.jp", "内容": "医療法人　雄風会　新あしもりクリニック【2:診療所】【診療科目:内科_循環器内科_消化器内科_リハビリテーション科_放射線科】岡山県岡山市北区下足守１９０５－１" }, "geometry": { "type": "Point", "coordinates": [ 133.803208, 34.717925 ] } },
{ "type": "Feature", "properties": { "ID": 3322330007430, "正式名称": "医療法人　鳳明会　新海医院", "機関区分": 2, "都道府県コード": 33, "市区町村コード": 104, "所在地": "岡山県岡山市南区浦安西町１５－７", "緯度": 34.616411, "経度": 133.916091, "url": "https://www.iryou.teikyouseido.mhlw.go.jp/znk-web/juminkanja/S2430/initialize?prefCd=33&kikanCd=2330007430&kikanKbn=2", "url2": null, "内容": "医療法人　鳳明会　新海医院【2:診療所】【診療科目:内科_皮膚科_泌尿器科_アレルギー科】岡山県岡山市南区浦安西町１５－７" }, "geometry": { "type": "Point", "coordinates": [ 133.916091, 34.616411 ] } },
{ "type": "Feature", "properties": { "ID": 3322330007440, "正式名称": "岡山県身体障害者更生相談所", "機関区分": 2, "都道府県コード": 33, "市区町村コード": 101, "所在地": "岡山県岡山市北区南方２丁目１３－１総合福祉・ボランティア・ＮＰＯ会館", "緯度": 34.673683, "経度": 133.923366, "url": "https://www.iryou.teikyouseido.mhlw.go.jp/znk-web/juminkanja/S2430/initialize?prefCd=33&kikanCd=2330007440&kikanKbn=2", "url2": null, "内容": "岡山県身体障害者更生相談所【2:診療所】【診療科目:整形外科_耳鼻いんこう科】岡山県岡山市北区南方２丁目１３－１総合福祉・ボランティア・ＮＰＯ会館" }, "geometry": { "type": "Point", "coordinates": [ 133.923366, 34.673683 ] } },
{ "type": "Feature", "properties": { "ID": 3322330007450, "正式名称": "医療法人　進藤内科医院", "機関区分": 2, "都道府県コード": 33, "市区町村コード": 101, "所在地": "岡山県岡山市北区番町２－３－１３", "緯度": 34.674627, "経度": 133.926893, "url": "https://www.iryou.teikyouseido.mhlw.go.jp/znk-web/juminkanja/S2430/initialize?prefCd=33&kikanCd=2330007450&kikanKbn=2", "url2": "shindounaika.p-kit.com", "内容": "医療法人　進藤内科医院【2:診療所】【診療科目:内科_腎臓内科_小児科_リウマチ科】岡山県岡山市北区番町２－３－１３" }, "geometry": { "type": "Point", "coordinates": [ 133.926893, 34.674627 ] } },
{ "type": "Feature", "properties": { "ID": 3322330007460, "正式名称": "末広耳鼻咽喉科医院", "機関区分": 2, "都道府県コード": 33, "市区町村コード": 101, "所在地": "岡山県岡山市北区中仙道２－２８－２２", "緯度": 34.646018, "経度": 133.882232, "url": "https://www.iryou.teikyouseido.mhlw.go.jp/znk-web/juminkanja/S2430/initialize?prefCd=33&kikanCd=2330007460&kikanKbn=2", "url2": "http://www.suehiro-jibika.jp", "内容": "末広耳鼻咽喉科医院【2:診療所】【診療科目:耳鼻いんこう科】岡山県岡山市北区中仙道２－２８－２２" }, "geometry": { "type": "Point", "coordinates": [ 133.882232, 34.646018 ] } },
{ "type": "Feature", "properties": { "ID": 3322330007480, "正式名称": "医療法人浩朗会菅医院", "機関区分": 2, "都道府県コード": 33, "市区町村コード": 104, "所在地": "岡山県岡山市南区郡５４", "緯度": 34.584166, "経度": 133.963976, "url": "https://www.iryou.teikyouseido.mhlw.go.jp/znk-web/juminkanja/S2430/initialize?prefCd=33&kikanCd=2330007480&kikanKbn=2", "url2": null, "内容": "医療法人浩朗会菅医院【2:診療所】【診療科目:内科_外科_皮膚科_リハビリテーション科】岡山県岡山市南区郡５４" }, "geometry": { "type": "Point", "coordinates": [ 133.963976, 34.584166 ] } },
{ "type": "Feature", "properties": { "ID": 3322330007490, "正式名称": "医療法人啓明会耳鼻咽喉科菅田医院", "機関区分": 2, "都道府県コード": 33, "市区町村コード": 102, "所在地": "岡山県岡山市中区山崎６８－２", "緯度": 34.652908, "経度": 133.969612, "url": "https://www.iryou.teikyouseido.mhlw.go.jp/znk-web/juminkanja/S2430/initialize?prefCd=33&kikanCd=2330007490&kikanKbn=2", "url2": "https://www.sugatajibika.com/", "内容": "医療法人啓明会耳鼻咽喉科菅田医院【2:診療所】【診療科目:耳鼻いんこう科】岡山県岡山市中区山崎６８－２" }, "geometry": { "type": "Point", "coordinates": [ 133.969612, 34.652908 ] } },
{ "type": "Feature", "properties": { "ID": 3322330007520, "正式名称": "医療法人　鈴木医院", "機関区分": 2, "都道府県コード": 33, "市区町村コード": 103, "所在地": "岡山県岡山市東区瀬戸町光明谷２１０－２", "緯度": 34.737761, "経度": 134.041548, "url": "https://www.iryou.teikyouseido.mhlw.go.jp/znk-web/juminkanja/S2430/initialize?prefCd=33&kikanCd=2330007520&kikanKbn=2", "url2": "http://www.ss-clinic.jp/", "内容": "医療法人　鈴木医院【2:診療所】【診療科目:皮膚科】岡山県岡山市東区瀬戸町光明谷２１０－２" }, "geometry": { "type": "Point", "coordinates": [ 134.041548, 34.737761 ] } },
{ "type": "Feature", "properties": { "ID": 3322330007530, "正式名称": "医療法人　鈴木内科医院", "機関区分": 2, "都道府県コード": 33, "市区町村コード": 102, "所在地": "岡山県岡山市中区門田屋敷３丁目５－４０－１", "緯度": 34.653324, "経度": 133.939809, "url": "https://www.iryou.teikyouseido.mhlw.go.jp/znk-web/juminkanja/S2430/initialize?prefCd=33&kikanCd=2330007530&kikanKbn=2", "url2": "http://www.suzuki-naika-clinic.jp/", "内容": "医療法人　鈴木内科医院【2:診療所】【診療科目:内科】岡山県岡山市中区門田屋敷３丁目５－４０－１" }, "geometry": { "type": "Point", "coordinates": [ 133.939809, 34.653324 ] } },
{ "type": "Feature", "properties": { "ID": 3322330007540, "正式名称": "須田外科内科医院", "機関区分": 2, "都道府県コード": 33, "市区町村コード": 104, "所在地": "岡山県岡山市南区西紅陽台３－１－１２０", "緯度": 34.54353, "経度": 133.89029, "url": "https://www.iryou.teikyouseido.mhlw.go.jp/znk-web/juminkanja/S2430/initialize?prefCd=33&kikanCd=2330007540&kikanKbn=2", "url2": "https://www.sudagekanaika.com/", "内容": "須田外科内科医院【2:診療所】【診療科目:内科_消化器内科_外科】岡山県岡山市南区西紅陽台３－１－１２０" }, "geometry": { "type": "Point", "coordinates": [ 133.89029, 34.54353 ] } },
{ "type": "Feature", "properties": { "ID": 3322330007550, "正式名称": "医療法人　須藤医院", "機関区分": 2, "都道府県コード": 33, "市区町村コード": 101, "所在地": "岡山県岡山市北区一宮１１７", "緯度": 34.678042, "経度": 133.873509, "url": "https://www.iryou.teikyouseido.mhlw.go.jp/znk-web/juminkanja/S2430/initialize?prefCd=33&kikanCd=2330007550&kikanKbn=2", "url2": "https://www.sudou-clinic.com/", "内容": "医療法人　須藤医院【2:診療所】【診療科目:内科_糖尿病内科_消化器内科_胃腸内科】岡山県岡山市北区一宮１１７" }, "geometry": { "type": "Point", "coordinates": [ 133.873509, 34.678042 ] } },
{ "type": "Feature", "properties": { "ID": 3322330007560, "正式名称": "すどうクリニック", "機関区分": 2, "都道府県コード": 33, "市区町村コード": 103, "所在地": "岡山県岡山市東区西大寺中野１６９番地７", "緯度": 34.656604, "経度": 134.029662, "url": "https://www.iryou.teikyouseido.mhlw.go.jp/znk-web/juminkanja/S2430/initialize?prefCd=33&kikanCd=2330007560&kikanKbn=2", "url2": null, "内容": "すどうクリニック【2:診療所】【診療科目:内科_呼吸器内科_循環器内科_消化器内科_小児科_アレルギー科】岡山県岡山市東区西大寺中野１６９番地７" }, "geometry": { "type": "Point", "coordinates": [ 134.029662, 34.656604 ] } },
{ "type": "Feature", "properties": { "ID": 3322330007570, "正式名称": "すなみ内科", "機関区分": 2, "都道府県コード": 33, "市区町村コード": 101, "所在地": "岡山県岡山市北区大安寺東町７－１", "緯度": 34.662572, "経度": 133.889897, "url": "https://www.iryou.teikyouseido.mhlw.go.jp/znk-web/juminkanja/S2430/initialize?prefCd=33&kikanCd=2330007570&kikanKbn=2", "url2": null, "内容": "すなみ内科【2:診療所】【診療科目:内科_消化器内科_神経内科】岡山県岡山市北区大安寺東町７－１" }, "geometry": { "type": "Point", "coordinates": [ 133.889897, 34.662572 ] } },
{ "type": "Feature", "properties": { "ID": 3322330007580, "正式名称": "医療法人　角南内科", "機関区分": 2, "都道府県コード": 33, "市区町村コード": 101, "所在地": "岡山県岡山市北区富町２－２－１２", "緯度": 34.664767, "経度": 133.910978, "url": "https://www.iryou.teikyouseido.mhlw.go.jp/znk-web/juminkanja/S2430/initialize?prefCd=33&kikanCd=2330007580&kikanKbn=2", "url2": "https://www.sunami-naika.or.jp", "内容": "医療法人　角南内科【2:診療所】【診療科目:内科_呼吸器内科_消化器内科_アレルギー科】岡山県岡山市北区富町２－２－１２" }, "geometry": { "type": "Point", "coordinates": [ 133.910978, 34.664767 ] } },
{ "type": "Feature", "properties": { "ID": 3322330007610, "正式名称": "岡山県赤十字血液センター", "機関区分": 2, "都道府県コード": 33, "市区町村コード": 101, "所在地": "岡山県岡山市北区いずみ町３番３６号", "緯度": 34.676932, "経度": 133.915283, "url": "https://www.iryou.teikyouseido.mhlw.go.jp/znk-web/juminkanja/S2430/initialize?prefCd=33&kikanCd=2330007610&kikanKbn=2", "url2": "http://www.bs.jrc.or.jp/csk/okayama/", "内容": "岡山県赤十字血液センター【2:診療所】【診療科目:内科】岡山県岡山市北区いずみ町３番３６号" }, "geometry": { "type": "Point", "coordinates": [ 133.915283, 34.676932 ] } },
{ "type": "Feature", "properties": { "ID": 3322330007620, "正式名称": "岡山県赤十字血液センター表町出張所", "機関区分": 2, "都道府県コード": 33, "市区町村コード": 101, "所在地": "岡山県岡山市北区表町一丁目５番１号", "緯度": 34.665141, "経度": 133.930054, "url": "https://www.iryou.teikyouseido.mhlw.go.jp/znk-web/juminkanja/S2430/initialize?prefCd=33&kikanCd=2330007620&kikanKbn=2", "url2": "http://www.okayama.bc.jrc.or.jp", "内容": "岡山県赤十字血液センター表町出張所【2:診療所】【診療科目:内科】岡山県岡山市北区表町一丁目５番１号" }, "geometry": { "type": "Point", "coordinates": [ 133.930054, 34.665141 ] } },
{ "type": "Feature", "properties": { "ID": 3322330007630, "正式名称": "医療法人泰東会セラタ耳鼻科", "機関区分": 2, "都道府県コード": 33, "市区町村コード": 102, "所在地": "岡山県岡山市中区国府市場８２－１", "緯度": 34.689848, "経度": 133.958334, "url": "https://www.iryou.teikyouseido.mhlw.go.jp/znk-web/juminkanja/S2430/initialize?prefCd=33&kikanCd=2330007630&kikanKbn=2", "url2": null, "内容": "医療法人泰東会セラタ耳鼻科【2:診療所】【診療科目:小児耳鼻いんこう科_耳鼻いんこう科_アレルギー科】岡山県岡山市中区国府市場８２－１" }, "geometry": { "type": "Point", "coordinates": [ 133.958334, 34.689848 ] } },
{ "type": "Feature", "properties": { "ID": 3322330007650, "正式名称": "仙田整形外科医院", "機関区分": 2, "都道府県コード": 33, "市区町村コード": 101, "所在地": "岡山県岡山市北区寿町１１－１２かわいマンション１０１", "緯度": 34.667683, "経度": 133.911645, "url": "https://www.iryou.teikyouseido.mhlw.go.jp/znk-web/juminkanja/S2430/initialize?prefCd=33&kikanCd=2330007650&kikanKbn=2", "url2": "https://www.senda-cl.jp", "内容": "仙田整形外科医院【2:診療所】【診療科目:整形外科_リハビリテーション科】岡山県岡山市北区寿町１１－１２かわいマンション１０１" }, "geometry": { "type": "Point", "coordinates": [ 133.911645, 34.667683 ] } },
{ "type": "Feature", "properties": { "ID": 3322330007660, "正式名称": "社会医療法人　鴻仁会　セントラル・クリニック伊島", "機関区分": 2, "都道府県コード": 33, "市区町村コード": 101, "所在地": "岡山県岡山市北区伊島北町７－５", "緯度": 34.680876, "経度": 133.903562, "url": "https://www.iryou.teikyouseido.mhlw.go.jp/znk-web/juminkanja/S2430/initialize?prefCd=33&kikanCd=2330007660&kikanKbn=2", "url2": "http://www.kohjin.ne.jp/", "内容": "社会医療法人　鴻仁会　セントラル・クリニック伊島【2:診療所】【診療科目:内科_脳神経内科_消化器内科_外科_乳腺外科_形成外科_婦人科_眼科_精神科_心療内科】岡山県岡山市北区伊島北町７－５" }, "geometry": { "type": "Point", "coordinates": [ 133.903562, 34.680876 ] } },
{ "type": "Feature", "properties": { "ID": 3322330007690, "正式名称": "医療法人　愛光会", "機関区分": 2, "都道府県コード": 33, "市区町村コード": 101, "所在地": "岡山県岡山市北区下石井１－２－１－５００１イオンモール岡山５Ｆ", "緯度": 34.662684, "経度": 133.927921, "url": "https://www.iryou.teikyouseido.mhlw.go.jp/znk-web/juminkanja/S2430/initialize?prefCd=33&kikanCd=2330007690&kikanKbn=2", "url2": "http://www.haremachi-ec.com", "内容": "医療法人　愛光会【2:診療所】【診療科目:眼科】岡山県岡山市北区下石井１－２－１－５００１イオンモール岡山５Ｆ" }, "geometry": { "type": "Point", "coordinates": [ 133.927921, 34.662684 ] } },
{ "type": "Feature", "properties": { "ID": 3322330007700, "正式名称": "そのべ耳鼻咽喉科", "機関区分": 2, "都道府県コード": 33, "市区町村コード": 101, "所在地": "岡山県岡山市北区大安寺南町１－３－６", "緯度": 34.660295, "経度": 133.893508, "url": "https://www.iryou.teikyouseido.mhlw.go.jp/znk-web/juminkanja/S2430/initialize?prefCd=33&kikanCd=2330007700&kikanKbn=2", "url2": "http://www.myclinic.ne.jp/sonobe_ent", "内容": "そのべ耳鼻咽喉科【2:診療所】【診療科目:耳鼻いんこう科】岡山県岡山市北区大安寺南町１－３－６" }, "geometry": { "type": "Point", "coordinates": [ 133.893508, 34.660295 ] } },
{ "type": "Feature", "properties": { "ID": 3322330007710, "正式名称": "一般財団法人淳風会大供クリニック", "機関区分": 2, "都道府県コード": 33, "市区町村コード": 101, "所在地": "岡山県岡山市北区大供２－３－１", "緯度": 34.654657, "経度": 133.91795, "url": "https://www.iryou.teikyouseido.mhlw.go.jp/znk-web/juminkanja/S2430/initialize?prefCd=33&kikanCd=2330007710&kikanKbn=2", "url2": "http://www.center.junpukai.or.jp/clinic/index.html", "内容": "一般財団法人淳風会大供クリニック【2:診療所】【診療科目:内科_歯科】岡山県岡山市北区大供２－３－１" }, "geometry": { "type": "Point", "coordinates": [ 133.91795, 34.654657 ] } },
{ "type": "Feature", "properties": { "ID": 3322330007740, "正式名称": "医療法人　三志会　高島眼科", "機関区分": 2, "都道府県コード": 33, "市区町村コード": 102, "所在地": "岡山県岡山市中区中井４４０－１", "緯度": 34.687404, "経度": 133.958473, "url": "https://www.iryou.teikyouseido.mhlw.go.jp/znk-web/juminkanja/S2430/initialize?prefCd=33&kikanCd=2330007740&kikanKbn=2", "url2": "https://takashima-eye.com", "内容": "医療法人　三志会　高島眼科【2:診療所】【診療科目:眼科】岡山県岡山市中区中井４４０－１" }, "geometry": { "type": "Point", "coordinates": [ 133.958473, 34.687404 ] } },
{ "type": "Feature", "properties": { "ID": 3322330007760, "正式名称": "医療法人鶴馬会高須眼科", "機関区分": 2, "都道府県コード": 33, "市区町村コード": 101, "所在地": "岡山県岡山市北区駅元町１番４号ターミナルスクエア８Ｆ", "緯度": 34.663795, "経度": 133.918505, "url": "https://www.iryou.teikyouseido.mhlw.go.jp/znk-web/juminkanja/S2430/initialize?prefCd=33&kikanCd=2330007760&kikanKbn=2", "url2": "https://www.takasuganka.com/", "内容": "医療法人鶴馬会高須眼科【2:診療所】【診療科目:眼科】岡山県岡山市北区駅元町１番４号ターミナルスクエア８Ｆ" }, "geometry": { "type": "Point", "coordinates": [ 133.918505, 34.663795 ] } },
{ "type": "Feature", "properties": { "ID": 3322330007770, "正式名称": "たかたクリニック", "機関区分": 2, "都道府県コード": 33, "市区町村コード": 101, "所在地": "岡山県岡山市北区奉還町１丁目１２－１５小松ビル３階", "緯度": 34.668683, "経度": 133.917644, "url": "https://www.iryou.teikyouseido.mhlw.go.jp/znk-web/juminkanja/S2430/initialize?prefCd=33&kikanCd=2330007770&kikanKbn=2", "url2": "http://takataclinic.jp", "内容": "たかたクリニック【2:診療所】【診療科目:内科_精神科_心療内科】岡山県岡山市北区奉還町１丁目１２－１５小松ビル３階" }, "geometry": { "type": "Point", "coordinates": [ 133.917644, 34.668683 ] } },
{ "type": "Feature", "properties": { "ID": 3322330007780, "正式名称": "医療法人たかとり整形外科", "機関区分": 2, "都道府県コード": 33, "市区町村コード": 101, "所在地": "岡山県岡山市北区下中野３３４－１０１", "緯度": 34.643103, "経度": 133.906007, "url": "https://www.iryou.teikyouseido.mhlw.go.jp/znk-web/juminkanja/S2430/initialize?prefCd=33&kikanCd=2330007780&kikanKbn=2", "url2": null, "内容": "医療法人たかとり整形外科【2:診療所】【診療科目:整形外科_リハビリテーション科】岡山県岡山市北区下中野３３４－１０１" }, "geometry": { "type": "Point", "coordinates": [ 133.906007, 34.643103 ] } },
{ "type": "Feature", "properties": { "ID": 3322330007800, "正式名称": "医療法人たかはしクリニック", "機関区分": 2, "都道府県コード": 33, "市区町村コード": 102, "所在地": "岡山県岡山市中区湊４９１番地の２", "緯度": 34.650742, "経度": 133.957891, "url": "https://www.iryou.teikyouseido.mhlw.go.jp/znk-web/juminkanja/S2430/initialize?prefCd=33&kikanCd=2330007800&kikanKbn=2", "url2": "https://www.takahashi-clinic-okayama.info/", "内容": "医療法人たかはしクリニック【2:診療所】【診療科目:内科_神経内科_精神科_心療内科】岡山県岡山市中区湊４９１番地の２" }, "geometry": { "type": "Point", "coordinates": [ 133.957891, 34.650742 ] } },
{ "type": "Feature", "properties": { "ID": 3322330007810, "正式名称": "一般財団法人操志会　高畠眼科医院", "機関区分": 2, "都道府県コード": 33, "市区町村コード": 101, "所在地": "岡山県岡山市北区表町３丁目１６－１７", "緯度": 34.657629, "経度": 133.927949, "url": "https://www.iryou.teikyouseido.mhlw.go.jp/znk-web/juminkanja/S2430/initialize?prefCd=33&kikanCd=2330007810&kikanKbn=2", "url2": "http://takabatake-ganka.org/honin/", "内容": "一般財団法人操志会　高畠眼科医院【2:診療所】【診療科目:眼科】岡山県岡山市北区表町３丁目１６－１７" }, "geometry": { "type": "Point", "coordinates": [ 133.927949, 34.657629 ] } },
{ "type": "Feature", "properties": { "ID": 3322330007820, "正式名称": "高原小児科医院", "機関区分": 2, "都道府県コード": 33, "市区町村コード": 101, "所在地": "岡山県岡山市北区田町１－１３－７", "緯度": 34.660879, "経度": 133.925922, "url": "https://www.iryou.teikyouseido.mhlw.go.jp/znk-web/juminkanja/S2430/initialize?prefCd=33&kikanCd=2330007820&kikanKbn=2", "url2": null, "内容": "高原小児科医院【2:診療所】【診療科目:小児科_アレルギー科】岡山県岡山市北区田町１－１３－７" }, "geometry": { "type": "Point", "coordinates": [ 133.925922, 34.660879 ] } },
{ "type": "Feature", "properties": { "ID": 3322330007830, "正式名称": "医療法人高松整形外科脳神経外科医院", "機関区分": 2, "都道府県コード": 33, "市区町村コード": 101, "所在地": "岡山県岡山市北区小山４９２－１", "緯度": 34.692734, "経度": 133.813097, "url": "https://www.iryou.teikyouseido.mhlw.go.jp/znk-web/juminkanja/S2430/initialize?prefCd=33&kikanCd=2330007830&kikanKbn=2", "url2": null, "内容": "医療法人高松整形外科脳神経外科医院【2:診療所】【診療科目:内科_脳神経外科_整形外科_リウマチ科_リハビリテーション科_放射線科】岡山県岡山市北区小山４９２－１" }, "geometry": { "type": "Point", "coordinates": [ 133.813097, 34.692734 ] } },
{ "type": "Feature", "properties": { "ID": 3322330007840, "正式名称": "医療法人　ウェルシーリンク岡山　高屋クリニック", "機関区分": 2, "都道府県コード": 33, "市区町村コード": 102, "所在地": "岡山県岡山市中区高屋６５", "緯度": 34.673656, "経度": 133.96164, "url": "https://www.iryou.teikyouseido.mhlw.go.jp/znk-web/juminkanja/S2430/initialize?prefCd=33&kikanCd=2330007840&kikanKbn=2", "url2": "http://www.takaya-clinic.jp", "内容": "医療法人　ウェルシーリンク岡山　高屋クリニック【2:診療所】【診療科目:内科_呼吸器内科_循環器内科_消化器内科】岡山県岡山市中区高屋６５" }, "geometry": { "type": "Point", "coordinates": [ 133.96164, 34.673656 ] } },
{ "type": "Feature", "properties": { "ID": 3322330007860, "正式名称": "医療法人健宏会武智整形外科医院", "機関区分": 2, "都道府県コード": 33, "市区町村コード": 102, "所在地": "岡山県岡山市中区長利２７４－９", "緯度": 34.673129, "経度": 133.996276, "url": "https://www.iryou.teikyouseido.mhlw.go.jp/znk-web/juminkanja/S2430/initialize?prefCd=33&kikanCd=2330007860&kikanKbn=2", "url2": null, "内容": "医療法人健宏会武智整形外科医院【2:診療所】【診療科目:整形外科_リハビリテーション科】岡山県岡山市中区長利２７４－９" }, "geometry": { "type": "Point", "coordinates": [ 133.996276, 34.673129 ] } },
{ "type": "Feature", "properties": { "ID": 3322330007890, "正式名称": "たけべクリニック", "機関区分": 2, "都道府県コード": 33, "市区町村コード": 101, "所在地": "岡山県岡山市北区建部町建部上３２５－１", "緯度": 34.856411, "経度": 133.902251, "url": "https://www.iryou.teikyouseido.mhlw.go.jp/znk-web/juminkanja/S2430/initialize?prefCd=33&kikanCd=2330007890&kikanKbn=2", "url2": "https://takebe-clinic.com/", "内容": "たけべクリニック【2:診療所】【診療科目:内科_糖尿病内科_循環器内科_胃腸内科_小児科】岡山県岡山市北区建部町建部上３２５－１" }, "geometry": { "type": "Point", "coordinates": [ 133.902251, 34.856411 ] } },
{ "type": "Feature", "properties": { "ID": 3322330007900, "正式名称": "竜ノ口寮診療所", "機関区分": 2, "都道府県コード": 33, "市区町村コード": 101, "所在地": "岡山県岡山市北区祇園８６６", "緯度": 34.711152, "経度": 133.960167, "url": "https://www.iryou.teikyouseido.mhlw.go.jp/znk-web/juminkanja/S2430/initialize?prefCd=33&kikanCd=2330007900&kikanKbn=2", "url2": "http://www.tatsunokuchiryou.org/", "内容": "竜ノ口寮診療所【2:診療所】【診療科目:内科_外科_整形外科_皮膚科_泌尿器科】岡山県岡山市北区祇園８６６" }, "geometry": { "type": "Point", "coordinates": [ 133.960167, 34.711152 ] } },
{ "type": "Feature", "properties": { "ID": 3322330007910, "正式名称": "医療法人田中胃腸科", "機関区分": 2, "都道府県コード": 33, "市区町村コード": 101, "所在地": "岡山県岡山市北区小山１０８－３", "緯度": 34.691873, "経度": 133.813542, "url": "https://www.iryou.teikyouseido.mhlw.go.jp/znk-web/juminkanja/S2430/initialize?prefCd=33&kikanCd=2330007910&kikanKbn=2", "url2": null, "内容": "医療法人田中胃腸科【2:診療所】【診療科目:内科_外科_肛門外科】岡山県岡山市北区小山１０８－３" }, "geometry": { "type": "Point", "coordinates": [ 133.813542, 34.691873 ] } },
{ "type": "Feature", "properties": { "ID": 3322330007920, "正式名称": "医療法人　表町ファミリークリニック", "機関区分": 2, "都道府県コード": 33, "市区町村コード": 101, "所在地": "岡山県岡山市北区表町３－１０－７１", "緯度": 34.65774, "経度": 133.929866, "url": "https://www.iryou.teikyouseido.mhlw.go.jp/znk-web/juminkanja/S2430/initialize?prefCd=33&kikanCd=2330007920&kikanKbn=2", "url2": "http://omotecho-familyclinic.com", "内容": "医療法人　表町ファミリークリニック【2:診療所】【診療科目:内科_小児科】岡山県岡山市北区表町３－１０－７１" }, "geometry": { "type": "Point", "coordinates": [ 133.929866, 34.65774 ] } },
{ "type": "Feature", "properties": { "ID": 3322330007930, "正式名称": "たなかファミリークリニック", "機関区分": 2, "都道府県コード": 33, "市区町村コード": 104, "所在地": "岡山県岡山市南区米倉８０", "緯度": 34.627687, "経度": 133.894231, "url": "https://www.iryou.teikyouseido.mhlw.go.jp/znk-web/juminkanja/S2430/initialize?prefCd=33&kikanCd=2330007930&kikanKbn=2", "url2": "http://www.tanakafamilyclinic.com", "内容": "たなかファミリークリニック【2:診療所】【診療科目:内科_漢方内科_アレルギー疾患内科_小児科_アレルギー科】岡山県岡山市南区米倉８０" }, "geometry": { "type": "Point", "coordinates": [ 133.894231, 34.627687 ] } },
{ "type": "Feature", "properties": { "ID": 3322330007940, "正式名称": "谷野内科循環器科クリニック", "機関区分": 2, "都道府県コード": 33, "市区町村コード": 101, "所在地": "岡山県岡山市北区桑田町４－１５", "緯度": 34.658879, "経度": 133.915756, "url": "https://www.iryou.teikyouseido.mhlw.go.jp/znk-web/juminkanja/S2430/initialize?prefCd=33&kikanCd=2330007940&kikanKbn=2", "url2": "http://www.myclinic.ne.jp/tanino/", "内容": "谷野内科循環器科クリニック【2:診療所】【診療科目:内科_循環器内科】岡山県岡山市北区桑田町４－１５" }, "geometry": { "type": "Point", "coordinates": [ 133.915756, 34.658879 ] } },
{ "type": "Feature", "properties": { "ID": 3322330007950, "正式名称": "田村整形外科", "機関区分": 2, "都道府県コード": 33, "市区町村コード": 101, "所在地": "岡山県岡山市北区津高１０５１－２", "緯度": 34.69593, "経度": 133.903228, "url": "https://www.iryou.teikyouseido.mhlw.go.jp/znk-web/juminkanja/S2430/initialize?prefCd=33&kikanCd=2330007950&kikanKbn=2", "url2": "https://tamusei.com/", "内容": "田村整形外科【2:診療所】【診療科目:整形外科_リウマチ科_リハビリテーション科】岡山県岡山市北区津高１０５１－２" }, "geometry": { "type": "Point", "coordinates": [ 133.903228, 34.69593 ] } },
{ "type": "Feature", "properties": { "ID": 3322330007970, "正式名称": "医療法人　丹治クリニック", "機関区分": 2, "都道府県コード": 33, "市区町村コード": 101, "所在地": "岡山県岡山市北区本町５－２０高島屋東館２Ｆ", "緯度": 34.664739, "経度": 133.920561, "url": "https://www.iryou.teikyouseido.mhlw.go.jp/znk-web/juminkanja/S2430/initialize?prefCd=33&kikanCd=2330007970&kikanKbn=2", "url2": "http://www.tanji-clinic.com", "内容": "医療法人　丹治クリニック【2:診療所】【診療科目:内科_循環器内科】岡山県岡山市北区本町５－２０高島屋東館２Ｆ" }, "geometry": { "type": "Point", "coordinates": [ 133.920561, 34.664739 ] } },
{ "type": "Feature", "properties": { "ID": 3322330008000, "正式名称": "おかやま内科　糖尿病・健康長寿クリニック", "機関区分": 2, "都道府県コード": 33, "市区町村コード": 102, "所在地": "岡山県岡山市中区中納言町４－３１", "緯度": 34.659213, "経度": 133.938893, "url": "https://www.iryou.teikyouseido.mhlw.go.jp/znk-web/juminkanja/S2430/initialize?prefCd=33&kikanCd=2330008000&kikanKbn=2", "url2": "https://okayama-naika.com", "内容": "おかやま内科　糖尿病・健康長寿クリニック【2:診療所】【診療科目:内科_糖尿病内科_腎臓内科_神経内科】岡山県岡山市中区中納言町４－３１" }, "geometry": { "type": "Point", "coordinates": [ 133.938893, 34.659213 ] } },
{ "type": "Feature", "properties": { "ID": 3322330008010, "正式名称": "医療法人若樹会辻医院", "機関区分": 2, "都道府県コード": 33, "市区町村コード": 101, "所在地": "岡山県岡山市北区野田３－１８－５３", "緯度": 34.653101, "経度": 133.897813, "url": "https://www.iryou.teikyouseido.mhlw.go.jp/znk-web/juminkanja/S2430/initialize?prefCd=33&kikanCd=2330008010&kikanKbn=2", "url2": "tsujiiin.com", "内容": "医療法人若樹会辻医院【2:診療所】【診療科目:内科_糖尿病・代謝内科_呼吸器内科_循環器内科_消化器内科_小児科_アレルギー科_リハビリテーション科】岡山県岡山市北区野田３－１８－５３" }, "geometry": { "type": "Point", "coordinates": [ 133.897813, 34.653101 ] } },
{ "type": "Feature", "properties": { "ID": 3322330008020, "正式名称": "辻眼科", "機関区分": 2, "都道府県コード": 33, "市区町村コード": 101, "所在地": "岡山県岡山市北区奉還町１丁目２－５", "緯度": 34.668183, "経度": 133.917561, "url": "https://www.iryou.teikyouseido.mhlw.go.jp/znk-web/juminkanja/S2430/initialize?prefCd=33&kikanCd=2330008020&kikanKbn=2", "url2": "https://www.tsuji-ganka.jp", "内容": "辻眼科【2:診療所】【診療科目:眼科】岡山県岡山市北区奉還町１丁目２－５" }, "geometry": { "type": "Point", "coordinates": [ 133.917561, 34.668183 ] } },
{ "type": "Feature", "properties": { "ID": 3322330008040, "正式名称": "つしまクリニック", "機関区分": 2, "都道府県コード": 33, "市区町村コード": 101, "所在地": "岡山県岡山市北区津島福居１丁目２番１５号", "緯度": 34.687616, "経度": 133.914117, "url": "https://www.iryou.teikyouseido.mhlw.go.jp/znk-web/juminkanja/S2430/initialize?prefCd=33&kikanCd=2330008040&kikanKbn=2", "url2": null, "内容": "つしまクリニック【2:診療所】【診療科目:内科_リハビリテーション科】岡山県岡山市北区津島福居１丁目２番１５号" }, "geometry": { "type": "Point", "coordinates": [ 133.914117, 34.687616 ] } },
{ "type": "Feature", "properties": { "ID": 3322330008050, "正式名称": "医療法人　藤和会　津高台診療所", "機関区分": 2, "都道府県コード": 33, "市区町村コード": 101, "所在地": "岡山県岡山市北区津高台１丁目２００９－１３", "緯度": 34.698208, "経度": 133.915338, "url": "https://www.iryou.teikyouseido.mhlw.go.jp/znk-web/juminkanja/S2430/initialize?prefCd=33&kikanCd=2330008050&kikanKbn=2", "url2": null, "内容": "医療法人　藤和会　津高台診療所【2:診療所】【診療科目:内科_外科_整形外科】岡山県岡山市北区津高台１丁目２００９－１３" }, "geometry": { "type": "Point", "coordinates": [ 133.915338, 34.698208 ] } },
{ "type": "Feature", "properties": { "ID": 3322330008080, "正式名称": "つねみつ皮ふ科", "機関区分": 2, "都道府県コード": 33, "市区町村コード": 101, "所在地": "岡山県岡山市北区一宮８４－２０", "緯度": 34.678042, "経度": 133.87312, "url": "https://www.iryou.teikyouseido.mhlw.go.jp/znk-web/juminkanja/S2430/initialize?prefCd=33&kikanCd=2330008080&kikanKbn=2", "url2": "http://www.megaegg.ne.jp/~tunehifu/", "内容": "つねみつ皮ふ科【2:診療所】【診療科目:皮膚科】岡山県岡山市北区一宮８４－２０" }, "geometry": { "type": "Point", "coordinates": [ 133.87312, 34.678042 ] } },
{ "type": "Feature", "properties": { "ID": 3322330008090, "正式名称": "露野医院", "機関区分": 2, "都道府県コード": 33, "市区町村コード": 101, "所在地": "岡山県岡山市北区西長瀬１２２５－４", "緯度": 34.646852, "経度": 133.87751, "url": "https://www.iryou.teikyouseido.mhlw.go.jp/znk-web/juminkanja/S2430/initialize?prefCd=33&kikanCd=2330008090&kikanKbn=2", "url2": null, "内容": "露野医院【2:診療所】【診療科目:内科_循環器内科_小児科】岡山県岡山市北区西長瀬１２２５－４" }, "geometry": { "type": "Point", "coordinates": [ 133.87751, 34.646852 ] } },
{ "type": "Feature", "properties": { "ID": 3322330008100, "正式名称": "医療法人　てしま耳鼻咽喉科", "機関区分": 2, "都道府県コード": 33, "市区町村コード": 102, "所在地": "岡山県岡山市中区雄町３０８－１", "緯度": 34.686794, "経度": 133.973528, "url": "https://www.iryou.teikyouseido.mhlw.go.jp/znk-web/juminkanja/S2430/initialize?prefCd=33&kikanCd=2330008100&kikanKbn=2", "url2": "https://www.teshima-ent1999.com/", "内容": "医療法人　てしま耳鼻咽喉科【2:診療所】【診療科目:耳鼻いんこう科】岡山県岡山市中区雄町３０８－１" }, "geometry": { "type": "Point", "coordinates": [ 133.973528, 34.686794 ] } },
{ "type": "Feature", "properties": { "ID": 3322330008110, "正式名称": "寺沢クリニック", "機関区分": 2, "都道府県コード": 33, "市区町村コード": 104, "所在地": "岡山県岡山市南区東畦７６６－２０", "緯度": 34.60444, "経度": 133.879344, "url": "https://www.iryou.teikyouseido.mhlw.go.jp/znk-web/juminkanja/S2430/initialize?prefCd=33&kikanCd=2330008110&kikanKbn=2", "url2": null, "内容": "寺沢クリニック【2:診療所】【診療科目:内科_呼吸器内科_循環器内科_胃腸内科_外科_皮膚科】岡山県岡山市南区東畦７６６－２０" }, "geometry": { "type": "Point", "coordinates": [ 133.879344, 34.60444 ] } },
{ "type": "Feature", "properties": { "ID": 3322330008120, "正式名称": "医療法人寺見内科医院", "機関区分": 2, "都道府県コード": 33, "市区町村コード": 101, "所在地": "岡山県岡山市北区中仙道５８－１２２", "緯度": 34.64488, "経度": 133.884065, "url": "https://www.iryou.teikyouseido.mhlw.go.jp/znk-web/juminkanja/S2430/initialize?prefCd=33&kikanCd=2330008120&kikanKbn=2", "url2": "https://www.teraminaika.jp/", "内容": "医療法人寺見内科医院【2:診療所】【診療科目:内科_糖尿病内科】岡山県岡山市北区中仙道５８－１２２" }, "geometry": { "type": "Point", "coordinates": [ 133.884065, 34.64488 ] } },
{ "type": "Feature", "properties": { "ID": 3322330008140, "正式名称": "どい小児科クリニック", "機関区分": 2, "都道府県コード": 33, "市区町村コード": 101, "所在地": "岡山県岡山市北区今２丁目１０番８号", "緯度": 34.647324, "経度": 133.896425, "url": "https://www.iryou.teikyouseido.mhlw.go.jp/znk-web/juminkanja/S2430/initialize?prefCd=33&kikanCd=2330008140&kikanKbn=2", "url2": "http://doi-shonika.jp", "内容": "どい小児科クリニック【2:診療所】【診療科目:小児科_小児循環器科_アレルギー科】岡山県岡山市北区今２丁目１０番８号" }, "geometry": { "type": "Point", "coordinates": [ 133.896425, 34.647324 ] } },
{ "type": "Feature", "properties": { "ID": 3322330008150, "正式名称": "東洋クリニック", "機関区分": 2, "都道府県コード": 33, "市区町村コード": 101, "所在地": "岡山県岡山市北区下石井１－１－１", "緯度": 34.663712, "経度": 133.918644, "url": "https://www.iryou.teikyouseido.mhlw.go.jp/znk-web/juminkanja/S2430/initialize?prefCd=33&kikanCd=2330008150&kikanKbn=2", "url2": "http://www.tyc-fujiwara.jp", "内容": "東洋クリニック【2:診療所】【診療科目:内科_神経内科_小児科_皮膚科_精神科_心療内科_アレルギー科】岡山県岡山市北区下石井１－１－１" }, "geometry": { "type": "Point", "coordinates": [ 133.918644, 34.663712 ] } },
{ "type": "Feature", "properties": { "ID": 3322330008160, "正式名称": "戸川医院（内科・消化器科）", "機関区分": 2, "都道府県コード": 33, "市区町村コード": 102, "所在地": "岡山県岡山市中区高島新屋敷２３７－３", "緯度": 34.686293, "経度": 133.954835, "url": "https://www.iryou.teikyouseido.mhlw.go.jp/znk-web/juminkanja/S2430/initialize?prefCd=33&kikanCd=2330008160&kikanKbn=2", "url2": null, "内容": "戸川医院（内科・消化器科）【2:診療所】【診療科目:内科_消化器内科】岡山県岡山市中区高島新屋敷２３７－３" }, "geometry": { "type": "Point", "coordinates": [ 133.954835, 34.686293 ] } },
{ "type": "Feature", "properties": { "ID": 3322330008170, "正式名称": "十川医院", "機関区分": 2, "都道府県コード": 33, "市区町村コード": 103, "所在地": "岡山県岡山市東区西大寺中３－１９－１９", "緯度": 34.655687, "経度": 134.038578, "url": "https://www.iryou.teikyouseido.mhlw.go.jp/znk-web/juminkanja/S2430/initialize?prefCd=33&kikanCd=2330008170&kikanKbn=2", "url2": null, "内容": "十川医院【2:診療所】【診療科目:内科_小児科_放射線科】岡山県岡山市東区西大寺中３－１９－１９" }, "geometry": { "type": "Point", "coordinates": [ 134.038578, 34.655687 ] } },
{ "type": "Feature", "properties": { "ID": 3322330008180, "正式名称": "時岡内科循環器科医院", "機関区分": 2, "都道府県コード": 33, "市区町村コード": 101, "所在地": "岡山県岡山市北区蕃山町８－１３", "緯度": 34.666272, "経度": 133.927871, "url": "https://www.iryou.teikyouseido.mhlw.go.jp/znk-web/juminkanja/S2430/initialize?prefCd=33&kikanCd=2330008180&kikanKbn=2", "url2": "https://tokioka-naika.com", "内容": "時岡内科循環器科医院【2:診療所】【診療科目:内科_呼吸器内科_循環器内科_消化器内科_リウマチ科】岡山県岡山市北区蕃山町８－１３" }, "geometry": { "type": "Point", "coordinates": [ 133.927871, 34.666272 ] } },
{ "type": "Feature", "properties": { "ID": 3322330008190, "正式名称": "医療法人寛栄会　時末消化器科内科医院", "機関区分": 2, "都道府県コード": 33, "市区町村コード": 103, "所在地": "岡山県岡山市東区西大寺中一丁目４番３５号", "緯度": 34.653715, "経度": 134.03219, "url": "https://www.iryou.teikyouseido.mhlw.go.jp/znk-web/juminkanja/S2430/initialize?prefCd=33&kikanCd=2330008190&kikanKbn=2", "url2": "http://www.tokisue.or.jp", "内容": "医療法人寛栄会　時末消化器科内科医院【2:診療所】【診療科目:消化器内科】岡山県岡山市東区西大寺中一丁目４番３５号" }, "geometry": { "type": "Point", "coordinates": [ 134.03219, 34.653715 ] } },
{ "type": "Feature", "properties": { "ID": 3322330008200, "正式名称": "戸田整形外科医院", "機関区分": 2, "都道府県コード": 33, "市区町村コード": 104, "所在地": "岡山県岡山市南区浦安西町１９－５", "緯度": 34.617995, "経度": 133.910841, "url": "https://www.iryou.teikyouseido.mhlw.go.jp/znk-web/juminkanja/S2430/initialize?prefCd=33&kikanCd=2330008200&kikanKbn=2", "url2": null, "内容": "戸田整形外科医院【2:診療所】【診療科目:内科_整形外科_リウマチ科_リハビリテーション科】岡山県岡山市南区浦安西町１９－５" }, "geometry": { "type": "Point", "coordinates": [ 133.910841, 34.617995 ] } },
{ "type": "Feature", "properties": { "ID": 3322330008210, "正式名称": "特別養護老人ホーム富山荘", "機関区分": 2, "都道府県コード": 33, "市区町村コード": 102, "所在地": "岡山県岡山市中区海吉２３０６－１", "緯度": 34.647548, "経度": 133.982945, "url": "https://www.iryou.teikyouseido.mhlw.go.jp/znk-web/juminkanja/S2430/initialize?prefCd=33&kikanCd=2330008210&kikanKbn=2", "url2": null, "内容": "特別養護老人ホーム富山荘【2:診療所】【診療科目:内科_外科】岡山県岡山市中区海吉２３０６－１" }, "geometry": { "type": "Point", "coordinates": [ 133.982945, 34.647548 ] } },
{ "type": "Feature", "properties": { "ID": 3322330008220, "正式名称": "医療法人　鳥越医院", "機関区分": 2, "都道府県コード": 33, "市区町村コード": 101, "所在地": "岡山県岡山市北区楢津７０６－１", "緯度": 34.67982, "経度": 133.87987, "url": "https://www.iryou.teikyouseido.mhlw.go.jp/znk-web/juminkanja/S2430/initialize?prefCd=33&kikanCd=2330008220&kikanKbn=2", "url2": null, "内容": "医療法人　鳥越医院【2:診療所】【診療科目:内科_小児科_放射線科】岡山県岡山市北区楢津７０６－１" }, "geometry": { "type": "Point", "coordinates": [ 133.87987, 34.67982 ] } },
{ "type": "Feature", "properties": { "ID": 3322330008230, "正式名称": "ドレミシュタイナークリニック", "機関区分": 2, "都道府県コード": 33, "市区町村コード": 101, "所在地": "岡山県岡山市北区駅前町２丁目４－１２", "緯度": 34.668046, "経度": 133.921615, "url": "https://www.iryou.teikyouseido.mhlw.go.jp/znk-web/juminkanja/S2430/initialize?prefCd=33&kikanCd=2330008230&kikanKbn=2", "url2": "http://www.jung-okayama.com", "内容": "ドレミシュタイナークリニック【2:診療所】【診療科目:心療内科】岡山県岡山市北区駅前町２丁目４－１２" }, "geometry": { "type": "Point", "coordinates": [ 133.921615, 34.668046 ] } },
{ "type": "Feature", "properties": { "ID": 3322330008240, "正式名称": "医療法人内藤医院", "機関区分": 2, "都道府県コード": 33, "市区町村コード": 103, "所在地": "岡山県岡山市東区西大寺上二丁目２の１２", "緯度": 34.660576, "経度": 134.034329, "url": "https://www.iryou.teikyouseido.mhlw.go.jp/znk-web/juminkanja/S2430/initialize?prefCd=33&kikanCd=2330008240&kikanKbn=2", "url2": "https://byoinnavi.jp/clinic/117626", "内容": "医療法人内藤医院【2:診療所】【診療科目:内科_循環器内科_耳鼻いんこう科】岡山県岡山市東区西大寺上二丁目２の１２" }, "geometry": { "type": "Point", "coordinates": [ 134.034329, 34.660576 ] } },
{ "type": "Feature", "properties": { "ID": 3322330008250, "正式名称": "医療法人和秀会内藤医院", "機関区分": 2, "都道府県コード": 33, "市区町村コード": 101, "所在地": "岡山県岡山市北区野田屋町２丁目５－２４", "緯度": 34.667684, "経度": 133.923866, "url": "https://www.iryou.teikyouseido.mhlw.go.jp/znk-web/juminkanja/S2430/initialize?prefCd=33&kikanCd=2330008250&kikanKbn=2", "url2": "http://www.naito-naika.com/", "内容": "医療法人和秀会内藤医院【2:診療所】【診療科目:内科_循環器内科_消化器内科_放射線科】岡山県岡山市北区野田屋町２丁目５－２４" }, "geometry": { "type": "Point", "coordinates": [ 133.923866, 34.667684 ] } },
{ "type": "Feature", "properties": { "ID": 3322330008260, "正式名称": "医療法人輝会　長井クリニック", "機関区分": 2, "都道府県コード": 33, "市区町村コード": 102, "所在地": "岡山県岡山市中区円山５４－１８", "緯度": 34.653575, "経度": 133.967724, "url": "https://www.iryou.teikyouseido.mhlw.go.jp/znk-web/juminkanja/S2430/initialize?prefCd=33&kikanCd=2330008260&kikanKbn=2", "url2": "http://drnagai.sakura.ne.jp/", "内容": "医療法人輝会　長井クリニック【2:診療所】【診療科目:内科_呼吸器内科_循環器内科_消化器内科_外科_肛門外科_整形外科】岡山県岡山市中区円山５４－１８" }, "geometry": { "type": "Point", "coordinates": [ 133.967724, 34.653575 ] } },
{ "type": "Feature", "properties": { "ID": 3322330008280, "正式名称": "医療法人　清陽会　ながけクリニック", "機関区分": 2, "都道府県コード": 33, "市区町村コード": 102, "所在地": "岡山県岡山市中区中井４５４－１", "緯度": 34.689349, "経度": 133.958307, "url": "https://www.iryou.teikyouseido.mhlw.go.jp/znk-web/juminkanja/S2430/initialize?prefCd=33&kikanCd=2330008280&kikanKbn=2", "url2": "http://seiyoukai.sakura.ne.jp/", "内容": "医療法人　清陽会　ながけクリニック【2:診療所】【診療科目:内科_腎臓内科_人工透析内科】岡山県岡山市中区中井４５４－１" }, "geometry": { "type": "Point", "coordinates": [ 133.958307, 34.689349 ] } },
{ "type": "Feature", "properties": { "ID": 3322330008290, "正式名称": "中島内科小児科医院", "機関区分": 2, "都道府県コード": 33, "市区町村コード": 102, "所在地": "岡山県岡山市中区円山８１－７", "緯度": 34.652964, "経度": 133.968029, "url": "https://www.iryou.teikyouseido.mhlw.go.jp/znk-web/juminkanja/S2430/initialize?prefCd=33&kikanCd=2330008290&kikanKbn=2", "url2": null, "内容": "中島内科小児科医院【2:診療所】【診療科目:内科_小児科】岡山県岡山市中区円山８１－７" }, "geometry": { "type": "Point", "coordinates": [ 133.968029, 34.652964 ] } },
{ "type": "Feature", "properties": { "ID": 3322330008300, "正式名称": "医療法人恵生会　長瀬内科医院", "機関区分": 2, "都道府県コード": 33, "市区町村コード": 101, "所在地": "岡山県岡山市北区厚生町２丁目６－２０", "緯度": 34.654963, "経度": 133.913895, "url": "https://www.iryou.teikyouseido.mhlw.go.jp/znk-web/juminkanja/S2430/initialize?prefCd=33&kikanCd=2330008300&kikanKbn=2", "url2": "http://nagase-keiseikai.com/", "内容": "医療法人恵生会　長瀬内科医院【2:診療所】【診療科目:内科_形成外科_小児科_皮膚科】岡山県岡山市北区厚生町２丁目６－２０" }, "geometry": { "type": "Point", "coordinates": [ 133.913895, 34.654963 ] } },
{ "type": "Feature", "properties": { "ID": 3322330008310, "正式名称": "永瀬内科医院", "機関区分": 2, "都道府県コード": 33, "市区町村コード": 101, "所在地": "岡山県岡山市北区中山下１－９－５３", "緯度": 34.663184, "経度": 133.927421, "url": "https://www.iryou.teikyouseido.mhlw.go.jp/znk-web/juminkanja/S2430/initialize?prefCd=33&kikanCd=2330008310&kikanKbn=2", "url2": "http://nagasenaikaiin.com", "内容": "永瀬内科医院【2:診療所】【診療科目:内科】岡山県岡山市北区中山下１－９－５３" }, "geometry": { "type": "Point", "coordinates": [ 133.927421, 34.663184 ] } },
{ "type": "Feature", "properties": { "ID": 3322330008320, "正式名称": "永瀬ファミリークリニック", "機関区分": 2, "都道府県コード": 33, "市区町村コード": 101, "所在地": "岡山県岡山市北区伊島町２丁目１－３７", "緯度": 34.678349, "経度": 133.912589, "url": "https://www.iryou.teikyouseido.mhlw.go.jp/znk-web/juminkanja/S2430/initialize?prefCd=33&kikanCd=2330008320&kikanKbn=2", "url2": null, "内容": "永瀬ファミリークリニック【2:診療所】【診療科目:内科_小児科_アレルギー科】岡山県岡山市北区伊島町２丁目１－３７" }, "geometry": { "type": "Point", "coordinates": [ 133.912589, 34.678349 ] } },
{ "type": "Feature", "properties": { "ID": 3322330008330, "正式名称": "中務皮膚科クリニック", "機関区分": 2, "都道府県コード": 33, "市区町村コード": 102, "所在地": "岡山県岡山市中区国富７８１－１国富診療ビル２階", "緯度": 34.666351, "経度": 133.94367, "url": "https://www.iryou.teikyouseido.mhlw.go.jp/znk-web/juminkanja/S2430/initialize?prefCd=33&kikanCd=2330008330&kikanKbn=2", "url2": null, "内容": "中務皮膚科クリニック【2:診療所】【診療科目:皮膚科】岡山県岡山市中区国富７８１－１国富診療ビル２階" }, "geometry": { "type": "Point", "coordinates": [ 133.94367, 34.666351 ] } },
{ "type": "Feature", "properties": { "ID": 3322330008340, "正式名称": "中津クリニック", "機関区分": 2, "都道府県コード": 33, "市区町村コード": 101, "所在地": "岡山県岡山市北区西古松２３７－１２７", "緯度": 34.645484, "経度": 133.909618, "url": "https://www.iryou.teikyouseido.mhlw.go.jp/znk-web/juminkanja/S2430/initialize?prefCd=33&kikanCd=2330008340&kikanKbn=2", "url2": "https://www.nakatsu-clinic.com", "内容": "中津クリニック【2:診療所】【診療科目:内科_脳神経内科_漢方内科_精神科_心療内科_老年心療内科】岡山県岡山市北区西古松２３７－１２７" }, "geometry": { "type": "Point", "coordinates": [ 133.909618, 34.645484 ] } },
{ "type": "Feature", "properties": { "ID": 3322330008350, "正式名称": "医療法人なかとう整形外科", "機関区分": 2, "都道府県コード": 33, "市区町村コード": 104, "所在地": "岡山県岡山市南区中畦１８３－４", "緯度": 34.586719, "経度": 133.850208, "url": "https://www.iryou.teikyouseido.mhlw.go.jp/znk-web/juminkanja/S2430/initialize?prefCd=33&kikanCd=2330008350&kikanKbn=2", "url2": "http://www.hikarinosato-okayama.com", "内容": "医療法人なかとう整形外科【2:診療所】【診療科目:整形外科_皮膚科_リハビリテーション科】岡山県岡山市南区中畦１８３－４" }, "geometry": { "type": "Point", "coordinates": [ 133.850208, 34.586719 ] } },
{ "type": "Feature", "properties": { "ID": 3322330008360, "正式名称": "なかとう内科小児科医院", "機関区分": 2, "都道府県コード": 33, "市区町村コード": 102, "所在地": "岡山県岡山市中区平井三丁目８７４番地４０", "緯度": 34.635271, "経度": 133.949559, "url": "https://www.iryou.teikyouseido.mhlw.go.jp/znk-web/juminkanja/S2430/initialize?prefCd=33&kikanCd=2330008360&kikanKbn=2", "url2": null, "内容": "なかとう内科小児科医院【2:診療所】【診療科目:内科_小児科_皮膚科_アレルギー科_リハビリテーション科】岡山県岡山市中区平井三丁目８７４番地４０" }, "geometry": { "type": "Point", "coordinates": [ 133.949559, 34.635271 ] } },
{ "type": "Feature", "properties": { "ID": 3322330008370, "正式名称": "なかのクリニック", "機関区分": 2, "都道府県コード": 33, "市区町村コード": 101, "所在地": "岡山県岡山市北区幸町４－１２河田ビル３Ｆ", "緯度": 34.661906, "経度": 133.92245, "url": "https://www.iryou.teikyouseido.mhlw.go.jp/znk-web/juminkanja/S2430/initialize?prefCd=33&kikanCd=2330008370&kikanKbn=2", "url2": null, "内容": "なかのクリニック【2:診療所】【診療科目:精神科_心療内科】岡山県岡山市北区幸町４－１２河田ビル３Ｆ" }, "geometry": { "type": "Point", "coordinates": [ 133.92245, 34.661906 ] } },
{ "type": "Feature", "properties": { "ID": 3322330008380, "正式名称": "なかの内科クリニック", "機関区分": 2, "都道府県コード": 33, "市区町村コード": 104, "所在地": "岡山県岡山市南区万倍７０－１０", "緯度": 34.627299, "経度": 133.900119, "url": "https://www.iryou.teikyouseido.mhlw.go.jp/znk-web/juminkanja/S2430/initialize?prefCd=33&kikanCd=2330008380&kikanKbn=2", "url2": null, "内容": "なかの内科クリニック【2:診療所】【診療科目:内科_糖尿病内科_呼吸器内科_消化器内科】岡山県岡山市南区万倍７０－１０" }, "geometry": { "type": "Point", "coordinates": [ 133.900119, 34.627299 ] } },
{ "type": "Feature", "properties": { "ID": 3322330008390, "正式名称": "ながはら医院", "機関区分": 2, "都道府県コード": 33, "市区町村コード": 101, "所在地": "岡山県岡山市北区伊福町４丁目５－４５", "緯度": 34.674044, "経度": 133.911228, "url": "https://www.iryou.teikyouseido.mhlw.go.jp/znk-web/juminkanja/S2430/initialize?prefCd=33&kikanCd=2330008390&kikanKbn=2", "url2": "https://nagahara-clinic.net", "内容": "ながはら医院【2:診療所】【診療科目:内科_消化器内科_リハビリテーション科_放射線科】岡山県岡山市北区伊福町４丁目５－４５" }, "geometry": { "type": "Point", "coordinates": [ 133.911228, 34.674044 ] } },
{ "type": "Feature", "properties": { "ID": 3322330008400, "正式名称": "医療法人　中平眼科クリニック", "機関区分": 2, "都道府県コード": 33, "市区町村コード": 101, "所在地": "岡山県岡山市北区高柳西町１６－１３", "緯度": 34.66135, "経度": 133.897785, "url": "https://www.iryou.teikyouseido.mhlw.go.jp/znk-web/juminkanja/S2430/initialize?prefCd=33&kikanCd=2330008400&kikanKbn=2", "url2": "http://www.nakahiraeye.net", "内容": "医療法人　中平眼科クリニック【2:診療所】【診療科目:眼科】岡山県岡山市北区高柳西町１６－１３" }, "geometry": { "type": "Point", "coordinates": [ 133.897785, 34.66135 ] } },
{ "type": "Feature", "properties": { "ID": 3322330008410, "正式名称": "医療法人　中村医院", "機関区分": 2, "都道府県コード": 33, "市区町村コード": 101, "所在地": "岡山県岡山市北区番町１－６－２６", "緯度": 34.671433, "経度": 133.927366, "url": "https://www.iryou.teikyouseido.mhlw.go.jp/znk-web/juminkanja/S2430/initialize?prefCd=33&kikanCd=2330008410&kikanKbn=2", "url2": "https://www.banncho-nakamuraiin.com", "内容": "医療法人　中村医院【2:診療所】【診療科目:内科_循環器内科_小児科_放射線科】岡山県岡山市北区番町１－６－２６" }, "geometry": { "type": "Point", "coordinates": [ 133.927366, 34.671433 ] } },
{ "type": "Feature", "properties": { "ID": 3322330008430, "正式名称": "中村小児科", "機関区分": 2, "都道府県コード": 33, "市区町村コード": 102, "所在地": "岡山県岡山市中区原尾島１－３－１５", "緯度": 34.671323, "経度": 133.945808, "url": "https://www.iryou.teikyouseido.mhlw.go.jp/znk-web/juminkanja/S2430/initialize?prefCd=33&kikanCd=2330008430&kikanKbn=2", "url2": "http://www.kids-nakamura.com", "内容": "中村小児科【2:診療所】【診療科目:小児科_アレルギー科】岡山県岡山市中区原尾島１－３－１５" }, "geometry": { "type": "Point", "coordinates": [ 133.945808, 34.671323 ] } },
{ "type": "Feature", "properties": { "ID": 3322330008450, "正式名称": "医療法人中山医院", "機関区分": 2, "都道府県コード": 33, "市区町村コード": 101, "所在地": "岡山県岡山市北区西山内１０１番地", "緯度": 34.765864, "経度": 133.79068, "url": "https://www.iryou.teikyouseido.mhlw.go.jp/znk-web/juminkanja/S2430/initialize?prefCd=33&kikanCd=2330008450&kikanKbn=2", "url2": null, "内容": "医療法人中山医院【2:診療所】【診療科目:内科_糖尿病内科】岡山県岡山市北区西山内１０１番地" }, "geometry": { "type": "Point", "coordinates": [ 133.79068, 34.765864 ] } },
{ "type": "Feature", "properties": { "ID": 3322330008470, "正式名称": "名越産婦人科", "機関区分": 2, "都道府県コード": 33, "市区町村コード": 101, "所在地": "岡山県岡山市北区庭瀬２３１－２", "緯度": 34.646712, "経度": 133.852984, "url": "https://www.iryou.teikyouseido.mhlw.go.jp/znk-web/juminkanja/S2430/initialize?prefCd=33&kikanCd=2330008470&kikanKbn=2", "url2": "http://www.nagoshi-cl.com/", "内容": "名越産婦人科【2:診療所】【診療科目:内科_産婦人科】岡山県岡山市北区庭瀬２３１－２" }, "geometry": { "type": "Point", "coordinates": [ 133.852984, 34.646712 ] } },
{ "type": "Feature", "properties": { "ID": 3322330008480, "正式名称": "医療法人　名越整形外科医院", "機関区分": 2, "都道府県コード": 33, "市区町村コード": 101, "所在地": "岡山県岡山市北区庭瀬２２９－２", "緯度": 34.646629, "経度": 133.85229, "url": "https://www.iryou.teikyouseido.mhlw.go.jp/znk-web/juminkanja/S2430/initialize?prefCd=33&kikanCd=2330008480&kikanKbn=2", "url2": "http://nagoshi-seikei.com/", "内容": "医療法人　名越整形外科医院【2:診療所】【診療科目:内科_整形外科_リウマチ科_リハビリテーション科】岡山県岡山市北区庭瀬２２９－２" }, "geometry": { "type": "Point", "coordinates": [ 133.85229, 34.646629 ] } },
{ "type": "Feature", "properties": { "ID": 3322330008510, "正式名称": "医療法人岡山奏和会撫川クリニック", "機関区分": 2, "都道府県コード": 33, "市区町村コード": 101, "所在地": "岡山県岡山市北区撫川１４７０", "緯度": 34.643527, "経度": 133.838965, "url": "https://www.iryou.teikyouseido.mhlw.go.jp/znk-web/juminkanja/S2430/initialize?prefCd=33&kikanCd=2330008510&kikanKbn=2", "url2": "http://www.natsukawa.jp", "内容": "医療法人岡山奏和会撫川クリニック【2:診療所】【診療科目:内科_小児科】岡山県岡山市北区撫川１４７０" }, "geometry": { "type": "Point", "coordinates": [ 133.838965, 34.643527 ] } },
{ "type": "Feature", "properties": { "ID": 3322330008520, "正式名称": "なのはなクリニック", "機関区分": 2, "都道府県コード": 33, "市区町村コード": 101, "所在地": "岡山県岡山市北区田中１８２－１０３", "緯度": 34.642491, "経度": 133.876482, "url": "https://www.iryou.teikyouseido.mhlw.go.jp/znk-web/juminkanja/S2430/initialize?prefCd=33&kikanCd=2330008520&kikanKbn=2", "url2": null, "内容": "なのはなクリニック【2:診療所】【診療科目:児童精神科_精神科】岡山県岡山市北区田中１８２－１０３" }, "geometry": { "type": "Point", "coordinates": [ 133.876482, 34.642491 ] } },
{ "type": "Feature", "properties": { "ID": 3322330008530, "正式名称": "医療法人難波医院", "機関区分": 2, "都道府県コード": 33, "市区町村コード": 101, "所在地": "岡山県岡山市北区横井上２２２－１", "緯度": 34.702457, "経度": 133.904172, "url": "https://www.iryou.teikyouseido.mhlw.go.jp/znk-web/juminkanja/S2430/initialize?prefCd=33&kikanCd=2330008530&kikanKbn=2", "url2": "http://nanbazahha.byoinnavi.jp/", "内容": "医療法人難波医院【2:診療所】【診療科目:内科_呼吸器内科_外科】岡山県岡山市北区横井上２２２－１" }, "geometry": { "type": "Point", "coordinates": [ 133.904172, 34.702457 ] } },
{ "type": "Feature", "properties": { "ID": 3322330008540, "正式名称": "医療法人　経和会　難波医院", "機関区分": 2, "都道府県コード": 33, "市区町村コード": 101, "所在地": "岡山県岡山市北区御津金川９８３", "緯度": 34.797974, "経度": 133.935055, "url": "https://www.iryou.teikyouseido.mhlw.go.jp/znk-web/juminkanja/S2430/initialize?prefCd=33&kikanCd=2330008540&kikanKbn=2", "url2": "http://okayama.my.coocan.jp/", "内容": "医療法人　経和会　難波医院【2:診療所】【診療科目:内科_循環器内科_小児科_リハビリテーション科】岡山県岡山市北区御津金川９８３" }, "geometry": { "type": "Point", "coordinates": [ 133.935055, 34.797974 ] } },
{ "type": "Feature", "properties": { "ID": 3322330008550, "正式名称": "ひふ科大山クリニック", "機関区分": 2, "都道府県コード": 33, "市区町村コード": 101, "所在地": "岡山県岡山市北区津島南１－１－１２", "緯度": 34.681654, "経度": 133.912811, "url": "https://www.iryou.teikyouseido.mhlw.go.jp/znk-web/juminkanja/S2430/initialize?prefCd=33&kikanCd=2330008550&kikanKbn=2", "url2": "http://tsushima-hifuka.com", "内容": "ひふ科大山クリニック【2:診療所】【診療科目:皮膚科_アレルギー科】岡山県岡山市北区津島南１－１－１２" }, "geometry": { "type": "Point", "coordinates": [ 133.912811, 34.681654 ] } },
{ "type": "Feature", "properties": { "ID": 3322330008560, "正式名称": "西岡外科", "機関区分": 2, "都道府県コード": 33, "市区町村コード": 101, "所在地": "岡山県岡山市北区花尻みどり町９番地の１０６", "緯度": 34.65785, "経度": 133.873926, "url": "https://www.iryou.teikyouseido.mhlw.go.jp/znk-web/juminkanja/S2430/initialize?prefCd=33&kikanCd=2330008560&kikanKbn=2", "url2": null, "内容": "西岡外科【2:診療所】【診療科目:呼吸器内科_循環器内科_胃腸内科_外科_整形外科】岡山県岡山市北区花尻みどり町９番地の１０６" }, "geometry": { "type": "Point", "coordinates": [ 133.873926, 34.65785 ] } },
{ "type": "Feature", "properties": { "ID": 3322330008570, "正式名称": "にしおか耳鼻咽喉科", "機関区分": 2, "都道府県コード": 33, "市区町村コード": 101, "所在地": "岡山県岡山市北区御津宇垣１６９１－４", "緯度": 34.781587, "経度": 133.920335, "url": "https://www.iryou.teikyouseido.mhlw.go.jp/znk-web/juminkanja/S2430/initialize?prefCd=33&kikanCd=2330008570&kikanKbn=2", "url2": null, "内容": "にしおか耳鼻咽喉科【2:診療所】【診療科目:耳鼻いんこう科】岡山県岡山市北区御津宇垣１６９１－４" }, "geometry": { "type": "Point", "coordinates": [ 133.920335, 34.781587 ] } },
{ "type": "Feature", "properties": { "ID": 3322330008580, "正式名称": "医療法人　聖道会　西川クリニック", "機関区分": 2, "都道府県コード": 33, "市区町村コード": 101, "所在地": "岡山県岡山市北区錦町３番１４号", "緯度": 34.663573, "経度": 133.922477, "url": "https://www.iryou.teikyouseido.mhlw.go.jp/znk-web/juminkanja/S2430/initialize?prefCd=33&kikanCd=2330008580&kikanKbn=2", "url2": null, "内容": "医療法人　聖道会　西川クリニック【2:診療所】【診療科目:内科_精神科】岡山県岡山市北区錦町３番１４号" }, "geometry": { "type": "Point", "coordinates": [ 133.922477, 34.663573 ] } },
{ "type": "Feature", "properties": { "ID": 3322330008590, "正式名称": "西下内科医院", "機関区分": 2, "都道府県コード": 33, "市区町村コード": 101, "所在地": "岡山県岡山市北区津島西坂１－２－４１", "緯度": 34.682376, "経度": 133.906062, "url": "https://www.iryou.teikyouseido.mhlw.go.jp/znk-web/juminkanja/S2430/initialize?prefCd=33&kikanCd=2330008590&kikanKbn=2", "url2": "https://www.nishishitanaika.com", "内容": "西下内科医院【2:診療所】【診療科目:内科_糖尿病内科_放射線科】岡山県岡山市北区津島西坂１－２－４１" }, "geometry": { "type": "Point", "coordinates": [ 133.906062, 34.682376 ] } },
{ "type": "Feature", "properties": { "ID": 3322330008600, "正式名称": "医療法人　西村内科小児科医院", "機関区分": 2, "都道府県コード": 33, "市区町村コード": 101, "所在地": "岡山県岡山市北区加茂２８２－３", "緯度": 34.670792, "経度": 133.826375, "url": "https://www.iryou.teikyouseido.mhlw.go.jp/znk-web/juminkanja/S2430/initialize?prefCd=33&kikanCd=2330008600&kikanKbn=2", "url2": null, "内容": "医療法人　西村内科小児科医院【2:診療所】【診療科目:内科_小児科】岡山県岡山市北区加茂２８２－３" }, "geometry": { "type": "Point", "coordinates": [ 133.826375, 34.670792 ] } },
{ "type": "Feature", "properties": { "ID": 3322330008620, "正式名称": "ぬもとクリニック", "機関区分": 2, "都道府県コード": 33, "市区町村コード": 101, "所在地": "岡山県岡山市北区中山下１丁目９番５１号", "緯度": 34.663018, "経度": 133.927449, "url": "https://www.iryou.teikyouseido.mhlw.go.jp/znk-web/juminkanja/S2430/initialize?prefCd=33&kikanCd=2330008620&kikanKbn=2", "url2": null, "内容": "ぬもとクリニック【2:診療所】【診療科目:整形外科_リウマチ科_リハビリテーション科_放射線科】岡山県岡山市北区中山下１丁目９番５１号" }, "geometry": { "type": "Point", "coordinates": [ 133.927449, 34.663018 ] } },
{ "type": "Feature", "properties": { "ID": 3322330008640, "正式名称": "医療法人野口医院", "機関区分": 2, "都道府県コード": 33, "市区町村コード": 103, "所在地": "岡山県岡山市東区可知２丁目３－１８", "緯度": 34.656687, "経度": 134.002082, "url": "https://www.iryou.teikyouseido.mhlw.go.jp/znk-web/juminkanja/S2430/initialize?prefCd=33&kikanCd=2330008640&kikanKbn=2", "url2": null, "内容": "医療法人野口医院【2:診療所】【診療科目:内科_小児科_アレルギー科】岡山県岡山市東区可知２丁目３－１８" }, "geometry": { "type": "Point", "coordinates": [ 134.002082, 34.656687 ] } },
{ "type": "Feature", "properties": { "ID": 3322330008650, "正式名称": "野坂医院", "機関区分": 2, "都道府県コード": 33, "市区町村コード": 104, "所在地": "岡山県岡山市南区浦安本町４２－２", "緯度": 34.61244, "経度": 133.924007, "url": "https://www.iryou.teikyouseido.mhlw.go.jp/znk-web/juminkanja/S2430/initialize?prefCd=33&kikanCd=2330008650&kikanKbn=2", "url2": null, "内容": "野坂医院【2:診療所】【診療科目:内科_神経内科_外科_脳神経外科_リハビリテーション科】岡山県岡山市南区浦安本町４２－２" }, "geometry": { "type": "Point", "coordinates": [ 133.924007, 34.61244 ] } },
{ "type": "Feature", "properties": { "ID": 3322330008660, "正式名称": "医療法人　野崎医院", "機関区分": 2, "都道府県コード": 33, "市区町村コード": 101, "所在地": "岡山県岡山市北区庭瀬２１４－３", "緯度": 34.647462, "経度": 133.850929, "url": "https://www.iryou.teikyouseido.mhlw.go.jp/znk-web/juminkanja/S2430/initialize?prefCd=33&kikanCd=2330008660&kikanKbn=2", "url2": "http://www.okayama.med.or.jp/tsukubo/", "内容": "医療法人　野崎医院【2:診療所】【診療科目:内科_呼吸器内科_循環器内科_消化器内科_小児科_皮膚科_アレルギー科_リウマチ科】岡山県岡山市北区庭瀬２１４－３" }, "geometry": { "type": "Point", "coordinates": [ 133.850929, 34.647462 ] } },
{ "type": "Feature", "properties": { "ID": 3322330008670, "正式名称": "野田内科医院", "機関区分": 2, "都道府県コード": 33, "市区町村コード": 103, "所在地": "岡山県岡山市東区藤井１７４－６", "緯度": 34.689766, "経度": 134.005969, "url": "https://www.iryou.teikyouseido.mhlw.go.jp/znk-web/juminkanja/S2430/initialize?prefCd=33&kikanCd=2330008670&kikanKbn=2", "url2": null, "内容": "野田内科医院【2:診療所】【診療科目:内科_呼吸器内科_消化器内科_小児科】岡山県岡山市東区藤井１７４－６" }, "geometry": { "type": "Point", "coordinates": [ 134.005969, 34.689766 ] } },
{ "type": "Feature", "properties": { "ID": 3322330008680, "正式名称": "野間内科医院", "機関区分": 2, "都道府県コード": 33, "市区町村コード": 102, "所在地": "岡山県岡山市中区高屋２２６－９", "緯度": 34.675323, "経度": 133.967612, "url": "https://www.iryou.teikyouseido.mhlw.go.jp/znk-web/juminkanja/S2430/initialize?prefCd=33&kikanCd=2330008680&kikanKbn=2", "url2": null, "内容": "野間内科医院【2:診療所】【診療科目:内科_呼吸器内科_循環器内科_消化器内科_小児科】岡山県岡山市中区高屋２２６－９" }, "geometry": { "type": "Point", "coordinates": [ 133.967612, 34.675323 ] } },
{ "type": "Feature", "properties": { "ID": 3322330008690, "正式名称": "医療法人清藤会芳賀佐山診療所", "機関区分": 2, "都道府県コード": 33, "市区町村コード": 101, "所在地": "岡山県岡山市北区芳賀５１１２－１０３", "緯度": 34.706373, "経度": 133.877785, "url": "https://www.iryou.teikyouseido.mhlw.go.jp/znk-web/juminkanja/S2430/initialize?prefCd=33&kikanCd=2330008690&kikanKbn=2", "url2": "hagasayamaclinic.jp", "内容": "医療法人清藤会芳賀佐山診療所【2:診療所】【診療科目:内科】岡山県岡山市北区芳賀５１１２－１０３" }, "geometry": { "type": "Point", "coordinates": [ 133.877785, 34.706373 ] } },
{ "type": "Feature", "properties": { "ID": 3322330008710, "正式名称": "はだ医院", "機関区分": 2, "都道府県コード": 33, "市区町村コード": 101, "所在地": "岡山県岡山市北区大元上町１２－１０", "緯度": 34.646991, "経度": 133.899952, "url": "https://www.iryou.teikyouseido.mhlw.go.jp/znk-web/juminkanja/S2430/initialize?prefCd=33&kikanCd=2330008710&kikanKbn=2", "url2": "http://www.hada-clinic.com/", "内容": "はだ医院【2:診療所】【診療科目:内科_小児科_アレルギー科_放射線科】岡山県岡山市北区大元上町１２－１０" }, "geometry": { "type": "Point", "coordinates": [ 133.899952, 34.646991 ] } },
{ "type": "Feature", "properties": { "ID": 3322330008730, "正式名称": "医療法人隆和会　畑クリニック", "機関区分": 2, "都道府県コード": 33, "市区町村コード": 102, "所在地": "岡山県岡山市中区原尾島３丁目１４－３７", "緯度": 34.668823, "経度": 133.949753, "url": "https://www.iryou.teikyouseido.mhlw.go.jp/znk-web/juminkanja/S2430/initialize?prefCd=33&kikanCd=2330008730&kikanKbn=2", "url2": "https://www.hata-clinic.info", "内容": "医療法人隆和会　畑クリニック【2:診療所】【診療科目:内科_消化器内科】岡山県岡山市中区原尾島３丁目１４－３７" }, "geometry": { "type": "Point", "coordinates": [ 133.949753, 34.668823 ] } },
{ "type": "Feature", "properties": { "ID": 3322330008740, "正式名称": "医療法人服部医院服部皮膚科アレルギー科", "機関区分": 2, "都道府県コード": 33, "市区町村コード": 101, "所在地": "岡山県岡山市北区清心町３－２４", "緯度": 34.672905, "経度": 133.918839, "url": "https://www.iryou.teikyouseido.mhlw.go.jp/znk-web/juminkanja/S2430/initialize?prefCd=33&kikanCd=2330008740&kikanKbn=2", "url2": "http://www.hattori-hifu.com", "内容": "医療法人服部医院服部皮膚科アレルギー科【2:診療所】【診療科目:皮膚科_アレルギー科】岡山県岡山市北区清心町３－２４" }, "geometry": { "type": "Point", "coordinates": [ 133.918839, 34.672905 ] } },
{ "type": "Feature", "properties": { "ID": 3322330008750, "正式名称": "医療法人はっとり小児科医院", "機関区分": 2, "都道府県コード": 33, "市区町村コード": 104, "所在地": "岡山県岡山市南区浜野４丁目２２－３４", "緯度": 34.625994, "経度": 133.940838, "url": "https://www.iryou.teikyouseido.mhlw.go.jp/znk-web/juminkanja/S2430/initialize?prefCd=33&kikanCd=2330008750&kikanKbn=2", "url2": null, "内容": "医療法人はっとり小児科医院【2:診療所】【診療科目:小児科】岡山県岡山市南区浜野４丁目２２－３４" }, "geometry": { "type": "Point", "coordinates": [ 133.940838, 34.625994 ] } },
{ "type": "Feature", "properties": { "ID": 3322330008770, "正式名称": "医療法人春風会", "機関区分": 2, "都道府県コード": 33, "市区町村コード": 104, "所在地": "岡山県岡山市南区並木町２丁目１３－７", "緯度": 34.610385, "経度": 133.943644, "url": "https://www.iryou.teikyouseido.mhlw.go.jp/znk-web/juminkanja/S2430/initialize?prefCd=33&kikanCd=2330008770&kikanKbn=2", "url2": "https://babajibika.com/", "内容": "医療法人春風会【2:診療所】【診療科目:耳鼻いんこう科】岡山県岡山市南区並木町２丁目１３－７" }, "geometry": { "type": "Point", "coordinates": [ 133.943644, 34.610385 ] } },
{ "type": "Feature", "properties": { "ID": 3322330008790, "正式名称": "医療法人　林内科小児科医院", "機関区分": 2, "都道府県コード": 33, "市区町村コード": 104, "所在地": "岡山県岡山市南区大福１２５２－２", "緯度": 34.613105, "経度": 133.873344, "url": "https://www.iryou.teikyouseido.mhlw.go.jp/znk-web/juminkanja/S2430/initialize?prefCd=33&kikanCd=2330008790&kikanKbn=2", "url2": "http://hayashiiin.com/", "内容": "医療法人　林内科小児科医院【2:診療所】【診療科目:内科_呼吸器内科_循環器内科_消化器内科_小児科】岡山県岡山市南区大福１２５２－２" }, "geometry": { "type": "Point", "coordinates": [ 133.873344, 34.613105 ] } },
{ "type": "Feature", "properties": { "ID": 3322330008810, "正式名称": "原おとなこどもクリニック", "機関区分": 2, "都道府県コード": 33, "市区町村コード": 102, "所在地": "岡山県岡山市中区藤崎１３６－２２", "緯度": 34.630748, "経度": 133.968976, "url": "https://www.iryou.teikyouseido.mhlw.go.jp/znk-web/juminkanja/S2430/initialize?prefCd=33&kikanCd=2330008810&kikanKbn=2", "url2": "http://hara-clinic.or.jp", "内容": "原おとなこどもクリニック【2:診療所】【診療科目:内科_血液・腫瘍内科_小児科】岡山県岡山市中区藤崎１３６－２２" }, "geometry": { "type": "Point", "coordinates": [ 133.968976, 34.630748 ] } },
{ "type": "Feature", "properties": { "ID": 3322330008820, "正式名称": "ガーベラ木村クリニック", "機関区分": 2, "都道府県コード": 33, "市区町村コード": 104, "所在地": "岡山県岡山市南区妹尾１４０－２", "緯度": 34.61105, "経度": 133.872122, "url": "https://www.iryou.teikyouseido.mhlw.go.jp/znk-web/juminkanja/S2430/initialize?prefCd=33&kikanCd=2330008820&kikanKbn=2", "url2": null, "内容": "ガーベラ木村クリニック【2:診療所】【診療科目:内科_消化器内科_外科】岡山県岡山市南区妹尾１４０－２" }, "geometry": { "type": "Point", "coordinates": [ 133.872122, 34.61105 ] } },
{ "type": "Feature", "properties": { "ID": 3322330008830, "正式名称": "医療法人　白栄会　原尾島クリニック", "機関区分": 2, "都道府県コード": 33, "市区町村コード": 102, "所在地": "岡山県岡山市中区原尾島三丁目８番１６号", "緯度": 34.67035, "経度": 133.946281, "url": "https://www.iryou.teikyouseido.mhlw.go.jp/znk-web/juminkanja/S2430/initialize?prefCd=33&kikanCd=2330008830&kikanKbn=2", "url2": "https://www.haraosima-clinic.jp", "内容": "医療法人　白栄会　原尾島クリニック【2:診療所】【診療科目:内科_呼吸器内科_循環器内科_消化器内科_整形外科_皮膚科_心療内科_アレルギー科_リハビリテーション科】岡山県岡山市中区原尾島三丁目８番１６号" }, "geometry": { "type": "Point", "coordinates": [ 133.946281, 34.67035 ] } },
{ "type": "Feature", "properties": { "ID": 3322330008840, "正式名称": "柊診療所", "機関区分": 2, "都道府県コード": 33, "市区町村コード": 101, "所在地": "岡山県岡山市北区青江１－２３－１７", "緯度": 34.631474, "経度": 133.917104, "url": "https://www.iryou.teikyouseido.mhlw.go.jp/znk-web/juminkanja/S2430/initialize?prefCd=33&kikanCd=2330008840&kikanKbn=2", "url2": "http://www.ne.jp/asahi/med/hiiragi/", "内容": "柊診療所【2:診療所】【診療科目:精神科_心療内科】岡山県岡山市北区青江１－２３－１７" }, "geometry": { "type": "Point", "coordinates": [ 133.917104, 34.631474 ] } },
{ "type": "Feature", "properties": { "ID": 3322330008850, "正式名称": "特別養護老人ホーム　ピオーネ倶楽部　医務室", "機関区分": 2, "都道府県コード": 33, "市区町村コード": 104, "所在地": "岡山県岡山市南区当新田４８５－２５", "緯度": 34.623993, "経度": 133.890898, "url": "https://www.iryou.teikyouseido.mhlw.go.jp/znk-web/juminkanja/S2430/initialize?prefCd=33&kikanCd=2330008850&kikanKbn=2", "url2": "http://www.isto.or.jp/", "内容": "特別養護老人ホーム　ピオーネ倶楽部　医務室【2:診療所】【診療科目:内科_老年精神科】岡山県岡山市南区当新田４８５－２５" }, "geometry": { "type": "Point", "coordinates": [ 133.890898, 34.623993 ] } },
{ "type": "Feature", "properties": { "ID": 3322330008860, "正式名称": "飛岡内科医院", "機関区分": 2, "都道府県コード": 33, "市区町村コード": 101, "所在地": "岡山県岡山市北区中山下２丁目８番地３０号", "緯度": 34.659446, "経度": 133.926893, "url": "https://www.iryou.teikyouseido.mhlw.go.jp/znk-web/juminkanja/S2430/initialize?prefCd=33&kikanCd=2330008860&kikanKbn=2", "url2": null, "内容": "飛岡内科医院【2:診療所】【診療科目:内科】岡山県岡山市北区中山下２丁目８番地３０号" }, "geometry": { "type": "Point", "coordinates": [ 133.926893, 34.659446 ] } },
{ "type": "Feature", "properties": { "ID": 3322330008870, "正式名称": "医療法人　不二尚和会　日笠クリニック", "機関区分": 2, "都道府県コード": 33, "市区町村コード": 101, "所在地": "岡山県岡山市北区昭和町１４番３２号", "緯度": 34.66585, "経度": 133.913173, "url": "https://www.iryou.teikyouseido.mhlw.go.jp/znk-web/juminkanja/S2430/initialize?prefCd=33&kikanCd=2330008870&kikanKbn=2", "url2": "http://www.hikasaclinic.com", "内容": "医療法人　不二尚和会　日笠クリニック【2:診療所】【診療科目:精神科_心療内科】岡山県岡山市北区昭和町１４番３２号" }, "geometry": { "type": "Point", "coordinates": [ 133.913173, 34.66585 ] } },
{ "type": "Feature", "properties": { "ID": 3322330008900, "正式名称": "医療法人　一祥会　久松内科循環器科医院", "機関区分": 2, "都道府県コード": 33, "市区町村コード": 101, "所在地": "岡山県岡山市北区中山下１丁目９－４０新岡山ビル１０階", "緯度": 34.662712, "経度": 133.927588, "url": "https://www.iryou.teikyouseido.mhlw.go.jp/znk-web/juminkanja/S2430/initialize?prefCd=33&kikanCd=2330008900&kikanKbn=2", "url2": "https://www.hisamatsu-hp.jp/", "内容": "医療法人　一祥会　久松内科循環器科医院【2:診療所】【診療科目:内科_循環器内科_消化器内科_放射線科】岡山県岡山市北区中山下１丁目９－４０新岡山ビル１０階" }, "geometry": { "type": "Point", "coordinates": [ 133.927588, 34.662712 ] } },
{ "type": "Feature", "properties": { "ID": 3322330008910, "正式名称": "ひまわり内科クリニック", "機関区分": 2, "都道府県コード": 33, "市区町村コード": 101, "所在地": "岡山県岡山市北区下中野３２２－１０７", "緯度": 34.641658, "経度": 133.907757, "url": "https://www.iryou.teikyouseido.mhlw.go.jp/znk-web/juminkanja/S2430/initialize?prefCd=33&kikanCd=2330008910&kikanKbn=2", "url2": "http://www.himawari-naika.jp/", "内容": "ひまわり内科クリニック【2:診療所】【診療科目:内科_糖尿病内科_呼吸器内科_循環器内科_消化器内科】岡山県岡山市北区下中野３２２－１０７" }, "geometry": { "type": "Point", "coordinates": [ 133.907757, 34.641658 ] } },
{ "type": "Feature", "properties": { "ID": 3322330008940, "正式名称": "医療法人平井整形外科医院", "機関区分": 2, "都道府県コード": 33, "市区町村コード": 101, "所在地": "岡山県岡山市北区大元上町１３－２３", "緯度": 34.648102, "経度": 133.898758, "url": "https://www.iryou.teikyouseido.mhlw.go.jp/znk-web/juminkanja/S2430/initialize?prefCd=33&kikanCd=2330008940&kikanKbn=2", "url2": "http://www.hiraiseikei.com", "内容": "医療法人平井整形外科医院【2:診療所】【診療科目:整形外科_リハビリテーション科】岡山県岡山市北区大元上町１３－２３" }, "geometry": { "type": "Point", "coordinates": [ 133.898758, 34.648102 ] } },
{ "type": "Feature", "properties": { "ID": 3322330008950, "正式名称": "医療法人　平島クリニック", "機関区分": 2, "都道府県コード": 33, "市区町村コード": 103, "所在地": "岡山県岡山市東区東平島１０４１－４", "緯度": 34.71707, "経度": 134.046937, "url": "https://www.iryou.teikyouseido.mhlw.go.jp/znk-web/juminkanja/S2430/initialize?prefCd=33&kikanCd=2330008950&kikanKbn=2", "url2": "http://www.hirajima-clinic.jp", "内容": "医療法人　平島クリニック【2:診療所】【診療科目:皮膚科_泌尿器科】岡山県岡山市東区東平島１０４１－４" }, "geometry": { "type": "Point", "coordinates": [ 134.046937, 34.71707 ] } },
{ "type": "Feature", "properties": { "ID": 3322330008960, "正式名称": "杜の街　ひらまつ内科クリニック", "機関区分": 2, "都道府県コード": 33, "市区町村コード": 101, "所在地": "岡山県岡山市北区下石井２－１０－８　杜の街グレース杜の街プラザ５階", "緯度": 34.658219, "経度": 133.918517, "url": "https://www.iryou.teikyouseido.mhlw.go.jp/znk-web/juminkanja/S2430/initialize?prefCd=33&kikanCd=2330008960&kikanKbn=2", "url2": "http://hiramatsu-cl.com", "内容": "杜の街　ひらまつ内科クリニック【2:診療所】【診療科目:内科_呼吸器内科】岡山県岡山市北区下石井２－１０－８　杜の街グレース杜の街プラザ５階" }, "geometry": { "type": "Point", "coordinates": [ 133.918517, 34.658219 ] } },
{ "type": "Feature", "properties": { "ID": 3322330008980, "正式名称": "笛木内科医院", "機関区分": 2, "都道府県コード": 33, "市区町村コード": 101, "所在地": "岡山県岡山市北区庭瀬１８３", "緯度": 34.648545, "経度": 133.851679, "url": "https://www.iryou.teikyouseido.mhlw.go.jp/znk-web/juminkanja/S2430/initialize?prefCd=33&kikanCd=2330008980&kikanKbn=2", "url2": "http://www.fueki-naika.jp/", "内容": "笛木内科医院【2:診療所】【診療科目:内科_人工透析内科_精神科】岡山県岡山市北区庭瀬１８３" }, "geometry": { "type": "Point", "coordinates": [ 133.851679, 34.648545 ] } },
{ "type": "Feature", "properties": { "ID": 3322330008990, "正式名称": "医療法人　深井医院", "機関区分": 2, "都道府県コード": 33, "市区町村コード": 101, "所在地": "岡山県岡山市北区高松１３１－５", "緯度": 34.685596, "経度": 133.823236, "url": "https://www.iryou.teikyouseido.mhlw.go.jp/znk-web/juminkanja/S2430/initialize?prefCd=33&kikanCd=2330008990&kikanKbn=2", "url2": "http://fukai-clinic.webmedipr.jp/", "内容": "医療法人　深井医院【2:診療所】【診療科目:内科_小児科_皮膚科】岡山県岡山市北区高松１３１－５" }, "geometry": { "type": "Point", "coordinates": [ 133.823236, 34.685596 ] } },
{ "type": "Feature", "properties": { "ID": 3322330009010, "正式名称": "医療法人　深田内科", "機関区分": 2, "都道府県コード": 33, "市区町村コード": 102, "所在地": "岡山県岡山市中区藤原西町２丁目７－２", "緯度": 34.675295, "経度": 133.957946, "url": "https://www.iryou.teikyouseido.mhlw.go.jp/znk-web/juminkanja/S2430/initialize?prefCd=33&kikanCd=2330009010&kikanKbn=2", "url2": "https://www.fukadanaika.jp", "内容": "医療法人　深田内科【2:診療所】【診療科目:内科_呼吸器内科_循環器内科_消化器内科】岡山県岡山市中区藤原西町２丁目７－２" }, "geometry": { "type": "Point", "coordinates": [ 133.957946, 34.675295 ] } },
{ "type": "Feature", "properties": { "ID": 3322330009020, "正式名称": "医療法人（社団）福島内科医院", "機関区分": 2, "都道府県コード": 33, "市区町村コード": 101, "所在地": "岡山県岡山市北区清心町３－１８", "緯度": 34.672822, "経度": 133.918255, "url": "https://www.iryou.teikyouseido.mhlw.go.jp/znk-web/juminkanja/S2430/initialize?prefCd=33&kikanCd=2330009020&kikanKbn=2", "url2": "https://www.fukushimanaika-clinic.jp/", "内容": "医療法人（社団）福島内科医院【2:診療所】【診療科目:内科_循環器内科_人工透析内科_リハビリテーション科】岡山県岡山市北区清心町３－１８" }, "geometry": { "type": "Point", "coordinates": [ 133.918255, 34.672822 ] } },
{ "type": "Feature", "properties": { "ID": 3322330009030, "正式名称": "医療法人　ふくだ医院", "機関区分": 2, "都道府県コード": 33, "市区町村コード": 101, "所在地": "岡山県岡山市北区平野６９１－５", "緯度": 34.648629, "経度": 133.863705, "url": "https://www.iryou.teikyouseido.mhlw.go.jp/znk-web/juminkanja/S2430/initialize?prefCd=33&kikanCd=2330009030&kikanKbn=2", "url2": "http://www16.ocn.ne.jp/~fukuda_c/", "内容": "医療法人　ふくだ医院【2:診療所】【診療科目:内科_循環器内科_外科】岡山県岡山市北区平野６９１－５" }, "geometry": { "type": "Point", "coordinates": [ 133.863705, 34.648629 ] } },
{ "type": "Feature", "properties": { "ID": 3322330009040, "正式名称": "福田小児科医院", "機関区分": 2, "都道府県コード": 33, "市区町村コード": 104, "所在地": "岡山県岡山市南区福富西３丁目１－１４", "緯度": 34.624105, "経度": 133.926839, "url": "https://www.iryou.teikyouseido.mhlw.go.jp/znk-web/juminkanja/S2430/initialize?prefCd=33&kikanCd=2330009040&kikanKbn=2", "url2": null, "内容": "福田小児科医院【2:診療所】【診療科目:小児科】岡山県岡山市南区福富西３丁目１－１４" }, "geometry": { "type": "Point", "coordinates": [ 133.926839, 34.624105 ] } },
{ "type": "Feature", "properties": { "ID": 3322330009050, "正式名称": "一般財団法人淳風会福田診療所", "機関区分": 2, "都道府県コード": 33, "市区町村コード": 104, "所在地": "岡山県岡山市南区古新田１１１２", "緯度": 34.624049, "経度": 133.871872, "url": "https://www.iryou.teikyouseido.mhlw.go.jp/znk-web/juminkanja/S2430/initialize?prefCd=33&kikanCd=2330009050&kikanKbn=2", "url2": null, "内容": "一般財団法人淳風会福田診療所【2:診療所】【診療科目:内科】岡山県岡山市南区古新田１１１２" }, "geometry": { "type": "Point", "coordinates": [ 133.871872, 34.624049 ] } },
{ "type": "Feature", "properties": { "ID": 3322330009060, "正式名称": "福本クリニック", "機関区分": 2, "都道府県コード": 33, "市区町村コード": 101, "所在地": "岡山県岡山市北区首部６５－４", "緯度": 34.682848, "経度": 133.896923, "url": "https://www.iryou.teikyouseido.mhlw.go.jp/znk-web/juminkanja/S2430/initialize?prefCd=33&kikanCd=2330009060&kikanKbn=2", "url2": null, "内容": "福本クリニック【2:診療所】【診療科目:内科_消化器内科_小児科_アレルギー科_リハビリテーション科】岡山県岡山市北区首部６５－４" }, "geometry": { "type": "Point", "coordinates": [ 133.896923, 34.682848 ] } },
{ "type": "Feature", "properties": { "ID": 3322330009070, "正式名称": "特別養護老人ホーム藤田荘医務室", "機関区分": 2, "都道府県コード": 33, "市区町村コード": 104, "所在地": "岡山県岡山市南区藤田２６６２－２", "緯度": 34.586859, "経度": 133.8824, "url": "https://www.iryou.teikyouseido.mhlw.go.jp/znk-web/juminkanja/S2430/initialize?prefCd=33&kikanCd=2330009070&kikanKbn=2", "url2": null, "内容": "特別養護老人ホーム藤田荘医務室【2:診療所】【診療科目:内科_外科】岡山県岡山市南区藤田２６６２－２" }, "geometry": { "type": "Point", "coordinates": [ 133.8824, 34.586859 ] } },
{ "type": "Feature", "properties": { "ID": 3322330009080, "正式名称": "藤田皮膚科医院", "機関区分": 2, "都道府県コード": 33, "市区町村コード": 104, "所在地": "岡山県岡山市南区松浜町２番１号", "緯度": 34.614746, "経度": 133.941422, "url": "https://www.iryou.teikyouseido.mhlw.go.jp/znk-web/juminkanja/S2430/initialize?prefCd=33&kikanCd=2330009080&kikanKbn=2", "url2": "http://www.fujita-hifuka.jp/", "内容": "藤田皮膚科医院【2:診療所】【診療科目:皮膚科】岡山県岡山市南区松浜町２番１号" }, "geometry": { "type": "Point", "coordinates": [ 133.941422, 34.614746 ] } },
{ "type": "Feature", "properties": { "ID": 3322330009090, "正式名称": "医療法人　伏見医院", "機関区分": 2, "都道府県コード": 33, "市区町村コード": 104, "所在地": "岡山県岡山市南区泉田五丁目４番１６号", "緯度": 34.625133, "経度": 133.911841, "url": "https://www.iryou.teikyouseido.mhlw.go.jp/znk-web/juminkanja/S2430/initialize?prefCd=33&kikanCd=2330009090&kikanKbn=2", "url2": null, "内容": "医療法人　伏見医院【2:診療所】【診療科目:内科_小児科_放射線科】岡山県岡山市南区泉田五丁目４番１６号" }, "geometry": { "type": "Point", "coordinates": [ 133.911841, 34.625133 ] } },
{ "type": "Feature", "properties": { "ID": 3322330009100, "正式名称": "医療法人藤本耳鼻咽喉科クリニック", "機関区分": 2, "都道府県コード": 33, "市区町村コード": 102, "所在地": "岡山県岡山市中区江崎８３－１", "緯度": 34.628689, "経度": 133.959836, "url": "https://www.iryou.teikyouseido.mhlw.go.jp/znk-web/juminkanja/S2430/initialize?prefCd=33&kikanCd=2330009100&kikanKbn=2", "url2": "https://www.fujimoto-ent.com", "内容": "医療法人藤本耳鼻咽喉科クリニック【2:診療所】【診療科目:耳鼻いんこう科】岡山県岡山市中区江崎８３－１" }, "geometry": { "type": "Point", "coordinates": [ 133.959836, 34.628689 ] } },
{ "type": "Feature", "properties": { "ID": 3322330009110, "正式名称": "ふじもと皮ふ科医院", "機関区分": 2, "都道府県コード": 33, "市区町村コード": 104, "所在地": "岡山県岡山市南区泉田５－１０－１８", "緯度": 34.623272, "経度": 133.912035, "url": "https://www.iryou.teikyouseido.mhlw.go.jp/znk-web/juminkanja/S2430/initialize?prefCd=33&kikanCd=2330009110&kikanKbn=2", "url2": "http://fujimoto5705.byoinnavi.jp", "内容": "ふじもと皮ふ科医院【2:診療所】【診療科目:皮膚科】岡山県岡山市南区泉田５－１０－１８" }, "geometry": { "type": "Point", "coordinates": [ 133.912035, 34.623272 ] } },
{ "type": "Feature", "properties": { "ID": 3322330009120, "正式名称": "藤森内科胃腸科医院", "機関区分": 2, "都道府県コード": 33, "市区町村コード": 102, "所在地": "岡山県岡山市中区赤田６６番地１", "緯度": 34.6791, "経度": 133.96164, "url": "https://www.iryou.teikyouseido.mhlw.go.jp/znk-web/juminkanja/S2430/initialize?prefCd=33&kikanCd=2330009120&kikanKbn=2", "url2": null, "内容": "藤森内科胃腸科医院【2:診療所】【診療科目:内科_呼吸器内科_循環器内科_消化器内科_小児科_アレルギー科_放射線科】岡山県岡山市中区赤田６６番地１" }, "geometry": { "type": "Point", "coordinates": [ 133.96164, 34.6791 ] } },
{ "type": "Feature", "properties": { "ID": 3322330009130, "正式名称": "ふじわら眼科", "機関区分": 2, "都道府県コード": 33, "市区町村コード": 101, "所在地": "岡山県岡山市北区今四丁目１４－１１", "緯度": 34.643562, "経度": 133.891999, "url": "https://www.iryou.teikyouseido.mhlw.go.jp/znk-web/juminkanja/S2430/initialize?prefCd=33&kikanCd=2330009130&kikanKbn=2", "url2": "http://www.fujiwara-eye.jp", "内容": "ふじわら眼科【2:診療所】【診療科目:眼科】岡山県岡山市北区今四丁目１４－１１" }, "geometry": { "type": "Point", "coordinates": [ 133.891999, 34.643562 ] } },
{ "type": "Feature", "properties": { "ID": 3322330009140, "正式名称": "医療法人　ふじわらクリニック内科小児科", "機関区分": 2, "都道府県コード": 33, "市区町村コード": 103, "所在地": "岡山県岡山市東区中川町３０１番地２３", "緯度": 34.663714, "経度": 134.000998, "url": "https://www.iryou.teikyouseido.mhlw.go.jp/znk-web/juminkanja/S2430/initialize?prefCd=33&kikanCd=2330009140&kikanKbn=2", "url2": null, "内容": "医療法人　ふじわらクリニック内科小児科【2:診療所】【診療科目:内科_胃腸内科_小児科】岡山県岡山市東区中川町３０１番地２３" }, "geometry": { "type": "Point", "coordinates": [ 134.000998, 34.663714 ] } },
{ "type": "Feature", "properties": { "ID": 3322330009160, "正式名称": "医療法人藤原内科循環器科医院", "機関区分": 2, "都道府県コード": 33, "市区町村コード": 103, "所在地": "岡山県岡山市東区西大寺東３丁目１－８", "緯度": 34.658076, "経度": 134.046411, "url": "https://www.iryou.teikyouseido.mhlw.go.jp/znk-web/juminkanja/S2430/initialize?prefCd=33&kikanCd=2330009160&kikanKbn=2", "url2": null, "内容": "医療法人藤原内科循環器科医院【2:診療所】【診療科目:内科_循環器内科】岡山県岡山市東区西大寺東３丁目１－８" }, "geometry": { "type": "Point", "coordinates": [ 134.046411, 34.658076 ] } },
{ "type": "Feature", "properties": { "ID": 3322330009180, "正式名称": "医療法人社団渕本医院", "機関区分": 2, "都道府県コード": 33, "市区町村コード": 101, "所在地": "岡山県岡山市北区西古松２－２８－１４", "緯度": 34.645741, "経度": 133.905174, "url": "https://www.iryou.teikyouseido.mhlw.go.jp/znk-web/juminkanja/S2430/initialize?prefCd=33&kikanCd=2330009180&kikanKbn=2", "url2": null, "内容": "医療法人社団渕本医院【2:診療所】【診療科目:内科_小児科】岡山県岡山市北区西古松２－２８－１４" }, "geometry": { "type": "Point", "coordinates": [ 133.905174, 34.645741 ] } },
{ "type": "Feature", "properties": { "ID": 3322330009190, "正式名称": "医療法人青十字コスモス会　ブルークリニック", "機関区分": 2, "都道府県コード": 33, "市区町村コード": 101, "所在地": "岡山県岡山市北区清輝橋２－２－８", "緯度": 34.651213, "経度": 133.925061, "url": "https://www.iryou.teikyouseido.mhlw.go.jp/znk-web/juminkanja/S2430/initialize?prefCd=33&kikanCd=2330009190&kikanKbn=2", "url2": null, "内容": "医療法人青十字コスモス会　ブルークリニック【2:診療所】【診療科目:内科_外科_整形外科_小児科_眼科】岡山県岡山市北区清輝橋２－２－８" }, "geometry": { "type": "Point", "coordinates": [ 133.925061, 34.651213 ] } },
{ "type": "Feature", "properties": { "ID": 3322330009200, "正式名称": "古田内科小児科医院", "機関区分": 2, "都道府県コード": 33, "市区町村コード": 102, "所在地": "岡山県岡山市中区四御神３３５－４", "緯度": 34.697265, "経度": 133.978444, "url": "https://www.iryou.teikyouseido.mhlw.go.jp/znk-web/juminkanja/S2430/initialize?prefCd=33&kikanCd=2330009200&kikanKbn=2", "url2": null, "内容": "古田内科小児科医院【2:診療所】【診療科目:内科_呼吸器内科_循環器内科_胃腸内科_神経内科_小児科_リハビリテーション科】岡山県岡山市中区四御神３３５－４" }, "geometry": { "type": "Point", "coordinates": [ 133.978444, 34.697265 ] } },
{ "type": "Feature", "properties": { "ID": 3322330009220, "正式名称": "医療法人社団明和会ペリネイト母と子のサテライトクリニック", "機関区分": 2, "都道府県コード": 33, "市区町村コード": 101, "所在地": "岡山県岡山市北区中山下１－８－４５ＮＴＴクレド岡山ビル８Ｆ", "緯度": 34.66274, "経度": 133.926783, "url": "https://www.iryou.teikyouseido.mhlw.go.jp/znk-web/juminkanja/S2430/initialize?prefCd=33&kikanCd=2330009220&kikanKbn=2", "url2": "http://www.perineito.com", "内容": "医療法人社団明和会ペリネイト母と子のサテライトクリニック【2:診療所】【診療科目:産婦人科】岡山県岡山市北区中山下１－８－４５ＮＴＴクレド岡山ビル８Ｆ" }, "geometry": { "type": "Point", "coordinates": [ 133.926783, 34.66274 ] } },
{ "type": "Feature", "properties": { "ID": 3322330009240, "正式名称": "医療法人　芳泉整形外科", "機関区分": 2, "都道府県コード": 33, "市区町村コード": 104, "所在地": "岡山県岡山市南区福田２７４", "緯度": 34.620467, "経度": 133.929062, "url": "https://www.iryou.teikyouseido.mhlw.go.jp/znk-web/juminkanja/S2430/initialize?prefCd=33&kikanCd=2330009240&kikanKbn=2", "url2": "https://hosen.or.jp/", "内容": "医療法人　芳泉整形外科【2:診療所】【診療科目:整形外科_リウマチ科_リハビリテーション科】岡山県岡山市南区福田２７４" }, "geometry": { "type": "Point", "coordinates": [ 133.929062, 34.620467 ] } },
{ "type": "Feature", "properties": { "ID": 3322330009260, "正式名称": "医療法人ほそたにクリニック", "機関区分": 2, "都道府県コード": 33, "市区町村コード": 101, "所在地": "岡山県岡山市北区津島南２丁目５番２５号", "緯度": 34.682598, "経度": 133.910839, "url": "https://www.iryou.teikyouseido.mhlw.go.jp/znk-web/juminkanja/S2430/initialize?prefCd=33&kikanCd=2330009260&kikanKbn=2", "url2": "http://www.hosotani-cl.net/", "内容": "医療法人ほそたにクリニック【2:診療所】【診療科目:内科_呼吸器内科_消化器内科_外科_肛門外科_リハビリテーション科】岡山県岡山市北区津島南２丁目５番２５号" }, "geometry": { "type": "Point", "coordinates": [ 133.910839, 34.682598 ] } },
{ "type": "Feature", "properties": { "ID": 3322330009280, "正式名称": "ほりぐち医院", "機関区分": 2, "都道府県コード": 33, "市区町村コード": 104, "所在地": "岡山県岡山市南区東畦８０番地９", "緯度": 34.605106, "経度": 133.871956, "url": "https://www.iryou.teikyouseido.mhlw.go.jp/znk-web/juminkanja/S2430/initialize?prefCd=33&kikanCd=2330009280&kikanKbn=2", "url2": null, "内容": "ほりぐち医院【2:診療所】【診療科目:内科_呼吸器内科_循環器内科_消化器内科_小児科_放射線科】岡山県岡山市南区東畦８０番地９" }, "geometry": { "type": "Point", "coordinates": [ 133.871956, 34.605106 ] } },
{ "type": "Feature", "properties": { "ID": 3322330009300, "正式名称": "前島内科医院", "機関区分": 2, "都道府県コード": 33, "市区町村コード": 104, "所在地": "岡山県岡山市南区西市５６０－７", "緯度": 34.631909, "経度": 133.897425, "url": "https://www.iryou.teikyouseido.mhlw.go.jp/znk-web/juminkanja/S2430/initialize?prefCd=33&kikanCd=2330009300&kikanKbn=2", "url2": "https://www.maeshimaclinic.com/", "内容": "前島内科医院【2:診療所】【診療科目:内科_循環器内科_消化器内科】岡山県岡山市南区西市５６０－７" }, "geometry": { "type": "Point", "coordinates": [ 133.897425, 34.631909 ] } },
{ "type": "Feature", "properties": { "ID": 3322330009310, "正式名称": "前田耳鼻咽喉科", "機関区分": 2, "都道府県コード": 33, "市区町村コード": 101, "所在地": "岡山県岡山市北区庭瀬２２９－２", "緯度": 34.646684, "経度": 133.852512, "url": "https://www.iryou.teikyouseido.mhlw.go.jp/znk-web/juminkanja/S2430/initialize?prefCd=33&kikanCd=2330009310&kikanKbn=2", "url2": "http://paa.jp/clinic/129801/", "内容": "前田耳鼻咽喉科【2:診療所】【診療科目:耳鼻いんこう科_アレルギー科】岡山県岡山市北区庭瀬２２９－２" }, "geometry": { "type": "Point", "coordinates": [ 133.852512, 34.646684 ] } },
{ "type": "Feature", "properties": { "ID": 3322330009320, "正式名称": "医療法人社団まえだ整形外科クリニック", "機関区分": 2, "都道府県コード": 33, "市区町村コード": 104, "所在地": "岡山県岡山市南区万倍５４－４", "緯度": 34.626188, "経度": 133.900786, "url": "https://www.iryou.teikyouseido.mhlw.go.jp/znk-web/juminkanja/S2430/initialize?prefCd=33&kikanCd=2330009320&kikanKbn=2", "url2": "http://www.maeda-seikei.com/", "内容": "医療法人社団まえだ整形外科クリニック【2:診療所】【診療科目:整形外科_リハビリテーション科】岡山県岡山市南区万倍５４－４" }, "geometry": { "type": "Point", "coordinates": [ 133.900786, 34.626188 ] } },
{ "type": "Feature", "properties": { "ID": 3322330009330, "正式名称": "脳神経外科・内科　眞壁クリニック", "機関区分": 2, "都道府県コード": 33, "市区町村コード": 101, "所在地": "岡山県岡山市北区中仙道一丁目２１番１７号", "緯度": 34.648268, "経度": 133.886814, "url": "https://www.iryou.teikyouseido.mhlw.go.jp/znk-web/juminkanja/S2430/initialize?prefCd=33&kikanCd=2330009330&kikanKbn=2", "url2": "http://www.makabe-clinic.com", "内容": "脳神経外科・内科　眞壁クリニック【2:診療所】【診療科目:内科_外科_脳神経外科_リハビリテーション科】岡山県岡山市北区中仙道一丁目２１番１７号" }, "geometry": { "type": "Point", "coordinates": [ 133.886814, 34.648268 ] } },
{ "type": "Feature", "properties": { "ID": 3322330009340, "正式名称": "医療法人槇本内科小児科医院", "機関区分": 2, "都道府県コード": 33, "市区町村コード": 101, "所在地": "岡山県岡山市北区田中１４３－１１５", "緯度": 34.644935, "経度": 133.880121, "url": "https://www.iryou.teikyouseido.mhlw.go.jp/znk-web/juminkanja/S2430/initialize?prefCd=33&kikanCd=2330009340&kikanKbn=2", "url2": "http://makimotoclinic.g1.xrea.com/index.html", "内容": "医療法人槇本内科小児科医院【2:診療所】【診療科目:内科_呼吸器内科_アレルギー科】岡山県岡山市北区田中１４３－１１５" }, "geometry": { "type": "Point", "coordinates": [ 133.880121, 34.644935 ] } },
{ "type": "Feature", "properties": { "ID": 3322330009350, "正式名称": "まことクリニック", "機関区分": 2, "都道府県コード": 33, "市区町村コード": 101, "所在地": "岡山県岡山市北区石関町１－１新石関ビル５階", "緯度": 34.666017, "経度": 133.930782, "url": "https://www.iryou.teikyouseido.mhlw.go.jp/znk-web/juminkanja/S2430/initialize?prefCd=33&kikanCd=2330009350&kikanKbn=2", "url2": "http://makotoclinic.com/", "内容": "まことクリニック【2:診療所】【診療科目:精神科_心療内科】岡山県岡山市北区石関町１－１新石関ビル５階" }, "geometry": { "type": "Point", "coordinates": [ 133.930782, 34.666017 ] } },
{ "type": "Feature", "properties": { "ID": 3322330009360, "正式名称": "間阪内科", "機関区分": 2, "都道府県コード": 33, "市区町村コード": 103, "所在地": "岡山県岡山市東区瀬戸町瀬戸１８５－２", "緯度": 34.736123, "経度": 134.039992, "url": "https://www.iryou.teikyouseido.mhlw.go.jp/znk-web/juminkanja/S2430/initialize?prefCd=33&kikanCd=2330009360&kikanKbn=2", "url2": "https://www.masaka-naika.jp/", "内容": "間阪内科【2:診療所】【診療科目:内科_呼吸器内科_循環器内科_消化器内科_小児科】岡山県岡山市東区瀬戸町瀬戸１８５－２" }, "geometry": { "type": "Point", "coordinates": [ 134.039992, 34.736123 ] } },
{ "type": "Feature", "properties": { "ID": 3322330009370, "正式名称": "特別養護老人ホーム　マスカット倶楽部　医務室", "機関区分": 2, "都道府県コード": 33, "市区町村コード": 101, "所在地": "岡山県岡山市北区田原１－３", "緯度": 34.741369, "経度": 133.885645, "url": "https://www.iryou.teikyouseido.mhlw.go.jp/znk-web/juminkanja/S2430/initialize?prefCd=33&kikanCd=2330009370&kikanKbn=2", "url2": "http://www.muscat-welfare.or.jp/momoyama/muscatclub.html", "内容": "特別養護老人ホーム　マスカット倶楽部　医務室【2:診療所】【診療科目:内科_消化器内科】岡山県岡山市北区田原１－３" }, "geometry": { "type": "Point", "coordinates": [ 133.885645, 34.741369 ] } },
{ "type": "Feature", "properties": { "ID": 3322330009380, "正式名称": "医療法人　医清会　マスカット内科クリニック", "機関区分": 2, "都道府県コード": 33, "市区町村コード": 101, "所在地": "岡山県岡山市北区菅野４２８３番地", "緯度": 34.74223, "経度": 133.886172, "url": "https://www.iryou.teikyouseido.mhlw.go.jp/znk-web/juminkanja/S2430/initialize?prefCd=33&kikanCd=2330009380&kikanKbn=2", "url2": null, "内容": "医療法人　医清会　マスカット内科クリニック【2:診療所】【診療科目:内科_消化器内科_放射線科】岡山県岡山市北区菅野４２８３番地" }, "geometry": { "type": "Point", "coordinates": [ 133.886172, 34.74223 ] } },
{ "type": "Feature", "properties": { "ID": 3322330009390, "正式名称": "ますたにクリニック", "機関区分": 2, "都道府県コード": 33, "市区町村コード": 101, "所在地": "岡山県岡山市北区奉還町２－１－２９　日笠ビル３階", "緯度": 34.668149, "経度": 133.917063, "url": "https://www.iryou.teikyouseido.mhlw.go.jp/znk-web/juminkanja/S2430/initialize?prefCd=33&kikanCd=2330009390&kikanKbn=2", "url2": "https://masutani-clinic.com", "内容": "ますたにクリニック【2:診療所】【診療科目:精神科_心療内科】岡山県岡山市北区奉還町２－１－２９　日笠ビル３階" }, "geometry": { "type": "Point", "coordinates": [ 133.917063, 34.668149 ] } },
{ "type": "Feature", "properties": { "ID": 3322330009400, "正式名称": "医療法人まつい皮ふ科", "機関区分": 2, "都道府県コード": 33, "市区町村コード": 101, "所在地": "岡山県岡山市北区野殿東町１－３５ＭＡＫ岡山クリニックモール１階", "緯度": 34.658239, "経度": 133.882481, "url": "https://www.iryou.teikyouseido.mhlw.go.jp/znk-web/juminkanja/S2430/initialize?prefCd=33&kikanCd=2330009400&kikanKbn=2", "url2": "http://www.matsui-clinic.com/", "内容": "医療法人まつい皮ふ科【2:診療所】【診療科目:小児皮膚科_皮膚科_美容皮膚科_アレルギー科】岡山県岡山市北区野殿東町１－３５ＭＡＫ岡山クリニックモール１階" }, "geometry": { "type": "Point", "coordinates": [ 133.882481, 34.658239 ] } },
{ "type": "Feature", "properties": { "ID": 3322330009410, "正式名称": "医療法人ひまわり会松木内科", "機関区分": 2, "都道府県コード": 33, "市区町村コード": 104, "所在地": "岡山県岡山市南区宗津９３０", "緯度": 34.537614, "経度": 133.87218, "url": "https://www.iryou.teikyouseido.mhlw.go.jp/znk-web/juminkanja/S2430/initialize?prefCd=33&kikanCd=2330009410&kikanKbn=2", "url2": null, "内容": "医療法人ひまわり会松木内科【2:診療所】【診療科目:内科_小児科_リハビリテーション科】岡山県岡山市南区宗津９３０" }, "geometry": { "type": "Point", "coordinates": [ 133.87218, 34.537614 ] } },
{ "type": "Feature", "properties": { "ID": 3322330009420, "正式名称": "医療法人マツザキクリニック", "機関区分": 2, "都道府県コード": 33, "市区町村コード": 103, "所在地": "岡山県岡山市東区西大寺松崎１７６－１０", "緯度": 34.661603, "経度": 134.015191, "url": "https://www.iryou.teikyouseido.mhlw.go.jp/znk-web/juminkanja/S2430/initialize?prefCd=33&kikanCd=2330009420&kikanKbn=2", "url2": "https://okayama-matsuzaki-clinic.com/", "内容": "医療法人マツザキクリニック【2:診療所】【診療科目:内科_呼吸器内科_循環器内科_アレルギー疾患内科】岡山県岡山市東区西大寺松崎１７６－１０" }, "geometry": { "type": "Point", "coordinates": [ 134.015191, 34.661603 ] } },
{ "type": "Feature", "properties": { "ID": 3322330009440, "正式名称": "医療法人　松村耳鼻咽喉科医院", "機関区分": 2, "都道府県コード": 33, "市区町村コード": 101, "所在地": "岡山県岡山市北区田町２－１－７", "緯度": 34.660157, "経度": 133.923783, "url": "https://www.iryou.teikyouseido.mhlw.go.jp/znk-web/juminkanja/S2430/initialize?prefCd=33&kikanCd=2330009440&kikanKbn=2", "url2": null, "内容": "医療法人　松村耳鼻咽喉科医院【2:診療所】【診療科目:耳鼻いんこう科_頭頸部・耳鼻いんこう科】岡山県岡山市北区田町２－１－７" }, "geometry": { "type": "Point", "coordinates": [ 133.923783, 34.660157 ] } },
{ "type": "Feature", "properties": { "ID": 3322330009450, "正式名称": "松本医院", "機関区分": 2, "都道府県コード": 33, "市区町村コード": 101, "所在地": "岡山県岡山市北区辰巳３８－１０１", "緯度": 34.638242, "経度": 133.889064, "url": "https://www.iryou.teikyouseido.mhlw.go.jp/znk-web/juminkanja/S2430/initialize?prefCd=33&kikanCd=2330009450&kikanKbn=2", "url2": "https://matsumotobigforest.com/", "内容": "松本医院【2:診療所】【診療科目:内科_外科_形成外科】岡山県岡山市北区辰巳３８－１０１" }, "geometry": { "type": "Point", "coordinates": [ 133.889064, 34.638242 ] } },
{ "type": "Feature", "properties": { "ID": 3322330009460, "正式名称": "医療法人　松山会　松本耳鼻咽喉科医院", "機関区分": 2, "都道府県コード": 33, "市区町村コード": 101, "所在地": "岡山県岡山市北区下足守１９０２－３", "緯度": 34.717509, "経度": 133.803403, "url": "https://www.iryou.teikyouseido.mhlw.go.jp/znk-web/juminkanja/S2430/initialize?prefCd=33&kikanCd=2330009460&kikanKbn=2", "url2": null, "内容": "医療法人　松山会　松本耳鼻咽喉科医院【2:診療所】【診療科目:耳鼻いんこう科】岡山県岡山市北区下足守１９０２－３" }, "geometry": { "type": "Point", "coordinates": [ 133.803403, 34.717509 ] } },
{ "type": "Feature", "properties": { "ID": 3322330009470, "正式名称": "医療法人パウロ記念会　松山胃腸科外科", "機関区分": 2, "都道府県コード": 33, "市区町村コード": 104, "所在地": "岡山県岡山市南区松浜町１６－１１", "緯度": 34.614107, "経度": 133.940561, "url": "https://www.iryou.teikyouseido.mhlw.go.jp/znk-web/juminkanja/S2430/initialize?prefCd=33&kikanCd=2330009470&kikanKbn=2", "url2": "http://www17.ocn.ne.jp/~pauro/", "内容": "医療法人パウロ記念会　松山胃腸科外科【2:診療所】【診療科目:消化器外科_整形外科_泌尿器科_麻酔科】岡山県岡山市南区松浜町１６－１１" }, "geometry": { "type": "Point", "coordinates": [ 133.940561, 34.614107 ] } },
{ "type": "Feature", "properties": { "ID": 3322330009480, "正式名称": "医療法人　豊仁会　まな星クリニック", "機関区分": 2, "都道府県コード": 33, "市区町村コード": 101, "所在地": "岡山県岡山市北区伊島町２－１－３２", "緯度": 34.678599, "経度": 133.9127, "url": "https://www.iryou.teikyouseido.mhlw.go.jp/znk-web/juminkanja/S2430/initialize?prefCd=33&kikanCd=2330009480&kikanKbn=2", "url2": "http://manaboshi.jp", "内容": "医療法人　豊仁会　まな星クリニック【2:診療所】【診療科目:精神科_リハビリテーション科】岡山県岡山市北区伊島町２－１－３２" }, "geometry": { "type": "Point", "coordinates": [ 133.9127, 34.678599 ] } },
{ "type": "Feature", "properties": { "ID": 3322330009490, "正式名称": "医療法人明来会", "機関区分": 2, "都道府県コード": 33, "市区町村コード": 101, "所在地": "岡山県岡山市北区絵図町５－１", "緯度": 34.675183, "経度": 133.918033, "url": "https://www.iryou.teikyouseido.mhlw.go.jp/znk-web/juminkanja/S2430/initialize?prefCd=33&kikanCd=2330009490&kikanKbn=2", "url2": "https://linoeye.com", "内容": "医療法人明来会【2:診療所】【診療科目:眼科】岡山県岡山市北区絵図町５－１" }, "geometry": { "type": "Point", "coordinates": [ 133.918033, 34.675183 ] } },
{ "type": "Feature", "properties": { "ID": 3322330009500, "正式名称": "医療法人博真会円山整形外科医院", "機関区分": 2, "都道府県コード": 33, "市区町村コード": 102, "所在地": "岡山県岡山市中区円山８８－１", "緯度": 34.652492, "経度": 133.967001, "url": "https://www.iryou.teikyouseido.mhlw.go.jp/znk-web/juminkanja/S2430/initialize?prefCd=33&kikanCd=2330009500&kikanKbn=2", "url2": "https://www.mrym-clinic.com/", "内容": "医療法人博真会円山整形外科医院【2:診療所】【診療科目:整形外科_美容皮膚科_リウマチ科_リハビリテーション科】岡山県岡山市中区円山８８－１" }, "geometry": { "type": "Point", "coordinates": [ 133.967001, 34.652492 ] } },
{ "type": "Feature", "properties": { "ID": 3322330009510, "正式名称": "医療法人朝日医療会　朝日医療クリニック", "機関区分": 2, "都道府県コード": 33, "市区町村コード": 102, "所在地": "岡山県岡山市中区東川原１４１－１０", "緯度": 34.677822, "経度": 133.943864, "url": "https://www.iryou.teikyouseido.mhlw.go.jp/znk-web/juminkanja/S2430/initialize?prefCd=33&kikanCd=2330009510&kikanKbn=2", "url2": "http://www.ash-ic.jp/", "内容": "医療法人朝日医療会　朝日医療クリニック【2:診療所】【診療科目:内科_外科_リハビリテーション科】岡山県岡山市中区東川原１４１－１０" }, "geometry": { "type": "Point", "coordinates": [ 133.943864, 34.677822 ] } },
{ "type": "Feature", "properties": { "ID": 3322330009520, "正式名称": "医療法人ファミリア　みらいクリニック", "機関区分": 2, "都道府県コード": 33, "市区町村コード": 102, "所在地": "岡山県岡山市中区湊３７４－３", "緯度": 34.648884, "経度": 133.959735, "url": "https://www.iryou.teikyouseido.mhlw.go.jp/znk-web/juminkanja/S2430/initialize?prefCd=33&kikanCd=2330009520&kikanKbn=2", "url2": "https://mirai.clinic/", "内容": "医療法人ファミリア　みらいクリニック【2:診療所】【診療科目:内科】岡山県岡山市中区湊３７４－３" }, "geometry": { "type": "Point", "coordinates": [ 133.959735, 34.648884 ] } },
{ "type": "Feature", "properties": { "ID": 3322330009530, "正式名称": "三浦内科医院", "機関区分": 2, "都道府県コード": 33, "市区町村コード": 101, "所在地": "岡山県岡山市北区伊福町２丁目２７番３０号", "緯度": 34.674933, "経度": 133.914978, "url": "https://www.iryou.teikyouseido.mhlw.go.jp/znk-web/juminkanja/S2430/initialize?prefCd=33&kikanCd=2330009530&kikanKbn=2", "url2": null, "内容": "三浦内科医院【2:診療所】【診療科目:内科_消化器内科】岡山県岡山市北区伊福町２丁目２７番３０号" }, "geometry": { "type": "Point", "coordinates": [ 133.914978, 34.674933 ] } },
{ "type": "Feature", "properties": { "ID": 3322330009550, "正式名称": "医療法人イキイキ会　水川内科小児科医院", "機関区分": 2, "都道府県コード": 33, "市区町村コード": 101, "所在地": "岡山県岡山市北区原３４６番地の３", "緯度": 34.704763, "経度": 133.944391, "url": "https://www.iryou.teikyouseido.mhlw.go.jp/znk-web/juminkanja/S2430/initialize?prefCd=33&kikanCd=2330009550&kikanKbn=2", "url2": "http://www.imaoikiru.com/doctoroffice.html", "内容": "医療法人イキイキ会　水川内科小児科医院【2:診療所】【診療科目:内科_小児科_心療内科】岡山県岡山市北区原３４６番地の３" }, "geometry": { "type": "Point", "coordinates": [ 133.944391, 34.704763 ] } },
{ "type": "Feature", "properties": { "ID": 3322330009560, "正式名称": "医療法人　三戸内科医院", "機関区分": 2, "都道府県コード": 33, "市区町村コード": 101, "所在地": "岡山県岡山市北区牟佐１６８－３", "緯度": 34.725484, "経度": 133.980859, "url": "https://www.iryou.teikyouseido.mhlw.go.jp/znk-web/juminkanja/S2430/initialize?prefCd=33&kikanCd=2330009560&kikanKbn=2", "url2": null, "内容": "医療法人　三戸内科医院【2:診療所】【診療科目:内科_呼吸器内科_循環器内科_消化器内科_皮膚科_アレルギー科_リウマチ科_リハビリテーション科_放射線科】岡山県岡山市北区牟佐１６８－３" }, "geometry": { "type": "Point", "coordinates": [ 133.980859, 34.725484 ] } },
{ "type": "Feature", "properties": { "ID": 3322330009570, "正式名称": "医療法人　南方クリニック", "機関区分": 2, "都道府県コード": 33, "市区町村コード": 101, "所在地": "岡山県岡山市北区南方３－１０－３３", "緯度": 34.677932, "経度": 133.927838, "url": "https://www.iryou.teikyouseido.mhlw.go.jp/znk-web/juminkanja/S2430/initialize?prefCd=33&kikanCd=2330009570&kikanKbn=2", "url2": "https://www.minamigataclinic.com", "内容": "医療法人　南方クリニック【2:診療所】【診療科目:内科_腎臓内科】岡山県岡山市北区南方３－１０－３３" }, "geometry": { "type": "Point", "coordinates": [ 133.927838, 34.677932 ] } },
{ "type": "Feature", "properties": { "ID": 3322330009580, "正式名称": "医療法人三浜整形外科医院", "機関区分": 2, "都道府県コード": 33, "市区町村コード": 104, "所在地": "岡山県岡山市南区築港新町１－５－２５", "緯度": 34.608432, "経度": 133.938165, "url": "https://www.iryou.teikyouseido.mhlw.go.jp/znk-web/juminkanja/S2430/initialize?prefCd=33&kikanCd=2330009580&kikanKbn=2", "url2": "https://www.mihama-seikei.com", "内容": "医療法人三浜整形外科医院【2:診療所】【診療科目:整形外科_リウマチ科_リハビリテーション科】岡山県岡山市南区築港新町１－５－２５" }, "geometry": { "type": "Point", "coordinates": [ 133.938165, 34.608432 ] } },
{ "type": "Feature", "properties": { "ID": 3322330009590, "正式名称": "三宅医院", "機関区分": 2, "都道府県コード": 33, "市区町村コード": 104, "所在地": "岡山県岡山市南区大福３６９－８", "緯度": 34.620105, "経度": 133.874372, "url": "https://www.iryou.teikyouseido.mhlw.go.jp/znk-web/juminkanja/S2430/initialize?prefCd=33&kikanCd=2330009590&kikanKbn=2", "url2": "https://miyake-miyakegroup.jp/", "内容": "三宅医院【2:診療所】【診療科目:内科_形成外科_美容外科_小児科_産科_婦人科_産婦人科（生殖医療）_皮膚科_精神科_リハビリテーション科_麻酔科】岡山県岡山市南区大福３６９－８" }, "geometry": { "type": "Point", "coordinates": [ 133.874372, 34.620105 ] } },
{ "type": "Feature", "properties": { "ID": 3322330009600, "正式名称": "三宅医院", "機関区分": 2, "都道府県コード": 33, "市区町村コード": 102, "所在地": "岡山県岡山市中区福泊９番地の１２", "緯度": 34.655408, "経度": 133.981, "url": "https://www.iryou.teikyouseido.mhlw.go.jp/znk-web/juminkanja/S2430/initialize?prefCd=33&kikanCd=2330009600&kikanKbn=2", "url2": null, "内容": "三宅医院【2:診療所】【診療科目:内科_呼吸器内科_消化器内科_小児科】岡山県岡山市中区福泊９番地の１２" }, "geometry": { "type": "Point", "coordinates": [ 133.981, 34.655408 ] } },
{ "type": "Feature", "properties": { "ID": 3322330009620, "正式名称": "みやけ整形外科医院", "機関区分": 2, "都道府県コード": 33, "市区町村コード": 104, "所在地": "岡山県岡山市南区箕島８５２－１", "緯度": 34.609911, "経度": 133.851374, "url": "https://www.iryou.teikyouseido.mhlw.go.jp/znk-web/juminkanja/S2430/initialize?prefCd=33&kikanCd=2330009620&kikanKbn=2", "url2": null, "内容": "みやけ整形外科医院【2:診療所】【診療科目:整形外科_リウマチ科_リハビリテーション科】岡山県岡山市南区箕島８５２－１" }, "geometry": { "type": "Point", "coordinates": [ 133.851374, 34.609911 ] } },
{ "type": "Feature", "properties": { "ID": 3322330009630, "正式名称": "みやはら耳鼻咽喉科", "機関区分": 2, "都道府県コード": 33, "市区町村コード": 104, "所在地": "岡山県岡山市南区福浜西町６番１７号", "緯度": 34.617467, "経度": 133.941311, "url": "https://www.iryou.teikyouseido.mhlw.go.jp/znk-web/juminkanja/S2430/initialize?prefCd=33&kikanCd=2330009630&kikanKbn=2", "url2": "http://miyaharajibika.jp", "内容": "みやはら耳鼻咽喉科【2:診療所】【診療科目:耳鼻いんこう科_頭頸部・耳鼻いんこう科】岡山県岡山市南区福浜西町６番１７号" }, "geometry": { "type": "Point", "coordinates": [ 133.941311, 34.617467 ] } },
{ "type": "Feature", "properties": { "ID": 3322330009690, "正式名称": "医療法人ももたろう整形外科医院", "機関区分": 2, "都道府県コード": 33, "市区町村コード": 101, "所在地": "岡山県岡山市北区下足守１９１２－１", "緯度": 34.717203, "経度": 133.802625, "url": "https://www.iryou.teikyouseido.mhlw.go.jp/znk-web/juminkanja/S2430/initialize?prefCd=33&kikanCd=2330009690&kikanKbn=2", "url2": "https://momotarogroup.com/", "内容": "医療法人ももたろう整形外科医院【2:診療所】【診療科目:内科_外科_整形外科_リハビリテーション科】岡山県岡山市北区下足守１９１２－１" }, "geometry": { "type": "Point", "coordinates": [ 133.802625, 34.717203 ] } },
{ "type": "Feature", "properties": { "ID": 3322330009700, "正式名称": "医療法人　ももレディースクリニック", "機関区分": 2, "都道府県コード": 33, "市区町村コード": 101, "所在地": "岡山県岡山市北区西花尻１２００－３", "緯度": 34.653934, "経度": 133.855817, "url": "https://www.iryou.teikyouseido.mhlw.go.jp/znk-web/juminkanja/S2430/initialize?prefCd=33&kikanCd=2330009700&kikanKbn=2", "url2": "http://www.momo-lc.jp", "内容": "医療法人　ももレディースクリニック【2:診療所】【診療科目:小児科_産婦人科】岡山県岡山市北区西花尻１２００－３" }, "geometry": { "type": "Point", "coordinates": [ 133.855817, 34.653934 ] } },
{ "type": "Feature", "properties": { "ID": 3322330009710, "正式名称": "森末泌尿器科内科クリニック", "機関区分": 2, "都道府県コード": 33, "市区町村コード": 102, "所在地": "岡山県岡山市中区倉田２１０－５", "緯度": 34.639938, "経度": 133.961947, "url": "https://www.iryou.teikyouseido.mhlw.go.jp/znk-web/juminkanja/S2430/initialize?prefCd=33&kikanCd=2330009710&kikanKbn=2", "url2": null, "内容": "森末泌尿器科内科クリニック【2:診療所】【診療科目:内科_消化器内科_泌尿器科】岡山県岡山市中区倉田２１０－５" }, "geometry": { "type": "Point", "coordinates": [ 133.961947, 34.639938 ] } },
{ "type": "Feature", "properties": { "ID": 3322330009720, "正式名称": "医療法人　森谷外科医院", "機関区分": 2, "都道府県コード": 33, "市区町村コード": 101, "所在地": "岡山県岡山市北区下中野７１７－１０１", "緯度": 34.634659, "経度": 133.893453, "url": "https://www.iryou.teikyouseido.mhlw.go.jp/znk-web/juminkanja/S2430/initialize?prefCd=33&kikanCd=2330009720&kikanKbn=2", "url2": "https://www.moritanigeka.jp/", "内容": "医療法人　森谷外科医院【2:診療所】【診療科目:消化器内科_外科_消化器外科_肛門外科_麻酔科】岡山県岡山市北区下中野７１７－１０１" }, "geometry": { "type": "Point", "coordinates": [ 133.893453, 34.634659 ] } },
{ "type": "Feature", "properties": { "ID": 3322330009730, "正式名称": "森谷内科・循環器科医院", "機関区分": 2, "都道府県コード": 33, "市区町村コード": 104, "所在地": "岡山県岡山市南区西市２９３番地", "緯度": 34.635659, "経度": 133.901702, "url": "https://www.iryou.teikyouseido.mhlw.go.jp/znk-web/juminkanja/S2430/initialize?prefCd=33&kikanCd=2330009730&kikanKbn=2", "url2": null, "内容": "森谷内科・循環器科医院【2:診療所】【診療科目:内科_呼吸器内科_循環器内科_消化器内科】岡山県岡山市南区西市２９３番地" }, "geometry": { "type": "Point", "coordinates": [ 133.901702, 34.635659 ] } },
{ "type": "Feature", "properties": { "ID": 3322330009750, "正式名称": "医療法人　森脇内科医院", "機関区分": 2, "都道府県コード": 33, "市区町村コード": 101, "所在地": "岡山県岡山市北区津高７１２－１", "緯度": 34.695541, "経度": 133.902256, "url": "https://www.iryou.teikyouseido.mhlw.go.jp/znk-web/juminkanja/S2430/initialize?prefCd=33&kikanCd=2330009750&kikanKbn=2", "url2": null, "内容": "医療法人　森脇内科医院【2:診療所】【診療科目:内科_呼吸器内科_循環器内科_消化器内科_内科全般_小児科】岡山県岡山市北区津高７１２－１" }, "geometry": { "type": "Point", "coordinates": [ 133.902256, 34.695541 ] } },
{ "type": "Feature", "properties": { "ID": 3322330009760, "正式名称": "医療法人安田内科医院", "機関区分": 2, "都道府県コード": 33, "市区町村コード": 101, "所在地": "岡山県岡山市北区清輝本町３－２８", "緯度": 34.653074, "経度": 133.9272, "url": "https://www.iryou.teikyouseido.mhlw.go.jp/znk-web/juminkanja/S2430/initialize?prefCd=33&kikanCd=2330009760&kikanKbn=2", "url2": "https://www.yasudanaikaclinic.com", "内容": "医療法人安田内科医院【2:診療所】【診療科目:内科_糖尿病・内分泌内科_呼吸器内科_循環器内科_アレルギー疾患内科_アレルギー科_リハビリテーション科】岡山県岡山市北区清輝本町３－２８" }, "geometry": { "type": "Point", "coordinates": [ 133.9272, 34.653074 ] } },
{ "type": "Feature", "properties": { "ID": 3322330009780, "正式名称": "医療法人誠医会矢野医院", "機関区分": 2, "都道府県コード": 33, "市区町村コード": 102, "所在地": "岡山県岡山市中区中井１丁目１５－１８", "緯度": 34.684183, "経度": 133.961723, "url": "https://www.iryou.teikyouseido.mhlw.go.jp/znk-web/juminkanja/S2430/initialize?prefCd=33&kikanCd=2330009780&kikanKbn=2", "url2": "http://www.yano-naika.com/", "内容": "医療法人誠医会矢野医院【2:診療所】【診療科目:内科_リウマチ科】岡山県岡山市中区中井１丁目１５－１８" }, "geometry": { "type": "Point", "coordinates": [ 133.961723, 34.684183 ] } },
{ "type": "Feature", "properties": { "ID": 3322330009790, "正式名称": "医療法人籔内小児科医院", "機関区分": 2, "都道府県コード": 33, "市区町村コード": 102, "所在地": "岡山県岡山市中区中井１ー４－５", "緯度": 34.685106, "経度": 133.959102, "url": "https://www.iryou.teikyouseido.mhlw.go.jp/znk-web/juminkanja/S2430/initialize?prefCd=33&kikanCd=2330009790&kikanKbn=2", "url2": "https://www.yabuuchishounika.com/", "内容": "医療法人籔内小児科医院【2:診療所】【診療科目:小児科】岡山県岡山市中区中井１ー４－５" }, "geometry": { "type": "Point", "coordinates": [ 133.959102, 34.685106 ] } },
{ "type": "Feature", "properties": { "ID": 3322330009800, "正式名称": "医療法人　創樹会　やまぐち眼科", "機関区分": 2, "都道府県コード": 33, "市区町村コード": 104, "所在地": "岡山県岡山市南区浦安西町２１－４１", "緯度": 34.6173, "経度": 133.910619, "url": "https://www.iryou.teikyouseido.mhlw.go.jp/znk-web/juminkanja/S2430/initialize?prefCd=33&kikanCd=2330009800&kikanKbn=2", "url2": "https://yamaguchi-eye.jp/", "内容": "医療法人　創樹会　やまぐち眼科【2:診療所】【診療科目:眼科】岡山県岡山市南区浦安西町２１－４１" }, "geometry": { "type": "Point", "coordinates": [ 133.910619, 34.6173 ] } },
{ "type": "Feature", "properties": { "ID": 3322330009810, "正式名称": "医療法人　愛喜会　前田医院", "機関区分": 2, "都道府県コード": 33, "市区町村コード": 104, "所在地": "岡山県岡山市南区妹尾８４０－１１", "緯度": 34.609744, "経度": 133.865206, "url": "https://www.iryou.teikyouseido.mhlw.go.jp/znk-web/juminkanja/S2430/initialize?prefCd=33&kikanCd=2330009810&kikanKbn=2", "url2": "https://www.maedaiin-1966.com/", "内容": "医療法人　愛喜会　前田医院【2:診療所】【診療科目:内科_漢方内科_小児科_精神科】岡山県岡山市南区妹尾８４０－１１" }, "geometry": { "type": "Point", "coordinates": [ 133.865206, 34.609744 ] } },
{ "type": "Feature", "properties": { "ID": 3322330009830, "正式名称": "医療法人　山下クリニック", "機関区分": 2, "都道府県コード": 33, "市区町村コード": 101, "所在地": "岡山県岡山市北区楢津３９４－１", "緯度": 34.679987, "経度": 133.885952, "url": "https://www.iryou.teikyouseido.mhlw.go.jp/znk-web/juminkanja/S2430/initialize?prefCd=33&kikanCd=2330009830&kikanKbn=2", "url2": "http://www.ycl.jp", "内容": "医療法人　山下クリニック【2:診療所】【診療科目:内科_糖尿病内科_産婦人科_婦人科】岡山県岡山市北区楢津３９４－１" }, "geometry": { "type": "Point", "coordinates": [ 133.885952, 34.679987 ] } },
{ "type": "Feature", "properties": { "ID": 3322330009840, "正式名称": "医療法人　山下内科医院", "機関区分": 2, "都道府県コード": 33, "市区町村コード": 101, "所在地": "岡山県岡山市北区駅前町１－２－１", "緯度": 34.666227, "経度": 133.919359, "url": "https://www.iryou.teikyouseido.mhlw.go.jp/znk-web/juminkanja/S2430/initialize?prefCd=33&kikanCd=2330009840&kikanKbn=2", "url2": "https://byoinnavi.jp/okayama", "内容": "医療法人　山下内科医院【2:診療所】【診療科目:内科_呼吸器内科_循環器内科_消化器内科】岡山県岡山市北区駅前町１－２－１" }, "geometry": { "type": "Point", "coordinates": [ 133.919359, 34.666227 ] } },
{ "type": "Feature", "properties": { "ID": 3322330009850, "正式名称": "やましたメンタルクリニック", "機関区分": 2, "都道府県コード": 33, "市区町村コード": 101, "所在地": "岡山県岡山市北区駅前町一丁目２番１号　２Ｆ　２０２", "緯度": 34.66625, "経度": 133.919487, "url": "https://www.iryou.teikyouseido.mhlw.go.jp/znk-web/juminkanja/S2430/initialize?prefCd=33&kikanCd=2330009850&kikanKbn=2", "url2": "http://ww1.tiki.ne.jp/~kimio", "内容": "やましたメンタルクリニック【2:診療所】【診療科目:精神科_心療内科】岡山県岡山市北区駅前町一丁目２番１号　２Ｆ　２０２" }, "geometry": { "type": "Point", "coordinates": [ 133.919487, 34.66625 ] } },
{ "type": "Feature", "properties": { "ID": 3322330009860, "正式名称": "山田心療内科クリニック", "機関区分": 2, "都道府県コード": 33, "市区町村コード": 101, "所在地": "岡山県岡山市北区平和町５－１アミティ西川ビル３階", "緯度": 34.664795, "経度": 133.923172, "url": "https://www.iryou.teikyouseido.mhlw.go.jp/znk-web/juminkanja/S2430/initialize?prefCd=33&kikanCd=2330009860&kikanKbn=2", "url2": null, "内容": "山田心療内科クリニック【2:診療所】【診療科目:精神科_心療内科】岡山県岡山市北区平和町５－１アミティ西川ビル３階" }, "geometry": { "type": "Point", "coordinates": [ 133.923172, 34.664795 ] } },
{ "type": "Feature", "properties": { "ID": 3322330009870, "正式名称": "医療法人優真会山田皮膚科医院", "機関区分": 2, "都道府県コード": 33, "市区町村コード": 101, "所在地": "岡山県岡山市北区大元上町１４番２８号上町ビル１階", "緯度": 34.649185, "経度": 133.898841, "url": "https://www.iryou.teikyouseido.mhlw.go.jp/znk-web/juminkanja/S2430/initialize?prefCd=33&kikanCd=2330009870&kikanKbn=2", "url2": "http://yamaderm.mdja.jp", "内容": "医療法人優真会山田皮膚科医院【2:診療所】【診療科目:皮膚科】岡山県岡山市北区大元上町１４番２８号上町ビル１階" }, "geometry": { "type": "Point", "coordinates": [ 133.898841, 34.649185 ] } },
{ "type": "Feature", "properties": { "ID": 3322330009880, "正式名称": "医療法人　山中医院", "機関区分": 2, "都道府県コード": 33, "市区町村コード": 101, "所在地": "岡山県岡山市北区御津野々口３７８番地５", "緯度": 34.765666, "経度": 133.926326, "url": "https://www.iryou.teikyouseido.mhlw.go.jp/znk-web/juminkanja/S2430/initialize?prefCd=33&kikanCd=2330009880&kikanKbn=2", "url2": null, "内容": "医療法人　山中医院【2:診療所】【診療科目:内科_小児科_放射線科】岡山県岡山市北区御津野々口３７８番地５" }, "geometry": { "type": "Point", "coordinates": [ 133.926326, 34.765666 ] } },
{ "type": "Feature", "properties": { "ID": 3322330009890, "正式名称": "山本医院", "機関区分": 2, "都道府県コード": 33, "市区町村コード": 104, "所在地": "岡山県岡山市南区泉田４１８－２５", "緯度": 34.62616, "経度": 133.906397, "url": "https://www.iryou.teikyouseido.mhlw.go.jp/znk-web/juminkanja/S2430/initialize?prefCd=33&kikanCd=2330009890&kikanKbn=2", "url2": "https://www.isto.or.jp/", "内容": "山本医院【2:診療所】【診療科目:内科_胃腸内科_小児科】岡山県岡山市南区泉田４１８－２５" }, "geometry": { "type": "Point", "coordinates": [ 133.906397, 34.62616 ] } },
{ "type": "Feature", "properties": { "ID": 3322330009910, "正式名称": "山谷医院", "機関区分": 2, "都道府県コード": 33, "市区町村コード": 101, "所在地": "岡山県岡山市北区吉宗４２９－３", "緯度": 34.732704, "経度": 133.905504, "url": "https://www.iryou.teikyouseido.mhlw.go.jp/znk-web/juminkanja/S2430/initialize?prefCd=33&kikanCd=2330009910&kikanKbn=2", "url2": null, "内容": "山谷医院【2:診療所】【診療科目:内科_胃腸内科_外科_肛門外科_整形外科】岡山県岡山市北区吉宗４２９－３" }, "geometry": { "type": "Point", "coordinates": [ 133.905504, 34.732704 ] } },
{ "type": "Feature", "properties": { "ID": 3322330009920, "正式名称": "ゆうえん医院", "機関区分": 2, "都道府県コード": 33, "市区町村コード": 101, "所在地": "岡山県岡山市北区表町２－３－５オオイシビル２階", "緯度": 34.662267, "経度": 133.929832, "url": "https://www.iryou.teikyouseido.mhlw.go.jp/znk-web/juminkanja/S2430/initialize?prefCd=33&kikanCd=2330009920&kikanKbn=2", "url2": "http://memai3131.cocolog-nifty.com/blog/", "内容": "ゆうえん医院【2:診療所】【診療科目:耳鼻いんこう科】岡山県岡山市北区表町２－３－５オオイシビル２階" }, "geometry": { "type": "Point", "coordinates": [ 133.929832, 34.662267 ] } },
{ "type": "Feature", "properties": { "ID": 3322330009930, "正式名称": "ゆうクリニック", "機関区分": 2, "都道府県コード": 33, "市区町村コード": 101, "所在地": "岡山県岡山市北区幸町１－７大田ビル３階", "緯度": 34.662479, "経度": 133.920179, "url": "https://www.iryou.teikyouseido.mhlw.go.jp/znk-web/juminkanja/S2430/initialize?prefCd=33&kikanCd=2330009930&kikanKbn=2", "url2": null, "内容": "ゆうクリニック【2:診療所】【診療科目:精神科】岡山県岡山市北区幸町１－７大田ビル３階" }, "geometry": { "type": "Point", "coordinates": [ 133.920179, 34.662479 ] } },
{ "type": "Feature", "properties": { "ID": 3322330009960, "正式名称": "医療法人渡辺医院　ゆめの里クリニック", "機関区分": 2, "都道府県コード": 33, "市区町村コード": 104, "所在地": "岡山県岡山市南区川張１２６７", "緯度": 34.545224, "経度": 133.860431, "url": "https://www.iryou.teikyouseido.mhlw.go.jp/znk-web/juminkanja/S2430/initialize?prefCd=33&kikanCd=2330009960&kikanKbn=2", "url2": "https://yumeno-sato.com/", "内容": "医療法人渡辺医院　ゆめの里クリニック【2:診療所】【診療科目:内科】岡山県岡山市南区川張１２６７" }, "geometry": { "type": "Point", "coordinates": [ 133.860431, 34.545224 ] } },
{ "type": "Feature", "properties": { "ID": 3322330009980, "正式名称": "横田内科クリニック", "機関区分": 2, "都道府県コード": 33, "市区町村コード": 102, "所在地": "岡山県岡山市中区国富８２０－１", "緯度": 34.665045, "経度": 133.943309, "url": "https://www.iryou.teikyouseido.mhlw.go.jp/znk-web/juminkanja/S2430/initialize?prefCd=33&kikanCd=2330009980&kikanKbn=2", "url2": "https://www.kunitomi-yokotanaika.com", "内容": "横田内科クリニック【2:診療所】【診療科目:内科_呼吸器内科_アレルギー科】岡山県岡山市中区国富８２０－１" }, "geometry": { "type": "Point", "coordinates": [ 133.943309, 34.665045 ] } },
{ "type": "Feature", "properties": { "ID": 3322330009990, "正式名称": "吉井外科内科クリニック", "機関区分": 2, "都道府県コード": 33, "市区町村コード": 103, "所在地": "岡山県岡山市東区瀬戸町沖２１０", "緯度": 34.721319, "経度": 134.044465, "url": "https://www.iryou.teikyouseido.mhlw.go.jp/znk-web/juminkanja/S2430/initialize?prefCd=33&kikanCd=2330009990&kikanKbn=2", "url2": "http://www.yoshiigeka.com", "内容": "吉井外科内科クリニック【2:診療所】【診療科目:内科_外科_肛門外科_リハビリテーション科_放射線科_麻酔科】岡山県岡山市東区瀬戸町沖２１０" }, "geometry": { "type": "Point", "coordinates": [ 134.044465, 34.721319 ] } },
{ "type": "Feature", "properties": { "ID": 3322330010000, "正式名称": "医療法人社団春玲会　陽クリニック", "機関区分": 2, "都道府県コード": 33, "市区町村コード": 103, "所在地": "岡山県岡山市東区西大寺新地１８－１", "緯度": 34.651315, "経度": 134.056632, "url": "https://www.iryou.teikyouseido.mhlw.go.jp/znk-web/juminkanja/S2430/initialize?prefCd=33&kikanCd=2330010000&kikanKbn=2", "url2": "https://hinata-clinic.jp/", "内容": "医療法人社団春玲会　陽クリニック【2:診療所】【診療科目:内科_胃腸内科_外科_肛門外科_整形外科】岡山県岡山市東区西大寺新地１８－１" }, "geometry": { "type": "Point", "coordinates": [ 134.056632, 34.651315 ] } },
{ "type": "Feature", "properties": { "ID": 3322330010010, "正式名称": "医療法人吉岡内科医院", "機関区分": 2, "都道府県コード": 33, "市区町村コード": 102, "所在地": "岡山県岡山市中区国富６１８", "緯度": 34.665601, "経度": 133.94542, "url": "https://www.iryou.teikyouseido.mhlw.go.jp/znk-web/juminkanja/S2430/initialize?prefCd=33&kikanCd=2330010010&kikanKbn=2", "url2": "http://www.yoshiokanaikaiin.com", "内容": "医療法人吉岡内科医院【2:診療所】【診療科目:内科_糖尿病内科】岡山県岡山市中区国富６１８" }, "geometry": { "type": "Point", "coordinates": [ 133.94542, 34.665601 ] } },
{ "type": "Feature", "properties": { "ID": 3322330010020, "正式名称": "医療法人あすなろ会　内科小児科　吉岡医院", "機関区分": 2, "都道府県コード": 33, "市区町村コード": 102, "所在地": "岡山県岡山市中区国府市場８０－３", "緯度": 34.689932, "経度": 133.95789, "url": "https://www.iryou.teikyouseido.mhlw.go.jp/znk-web/juminkanja/S2430/initialize?prefCd=33&kikanCd=2330010020&kikanKbn=2", "url2": null, "内容": "医療法人あすなろ会　内科小児科　吉岡医院【2:診療所】【診療科目:内科_小児科_放射線科】岡山県岡山市中区国府市場８０－３" }, "geometry": { "type": "Point", "coordinates": [ 133.95789, 34.689932 ] } },
{ "type": "Feature", "properties": { "ID": 3322330010040, "正式名称": "一般社団法人岡山県労働基準協会労働衛生センター", "機関区分": 2, "都道府県コード": 33, "市区町村コード": 104, "所在地": "岡山県岡山市南区山田２３１５－４", "緯度": 34.618437, "経度": 133.844625, "url": "https://www.iryou.teikyouseido.mhlw.go.jp/znk-web/juminkanja/S2430/initialize?prefCd=33&kikanCd=2330010040&kikanKbn=2", "url2": "http://www.olsa.or.jp/eisei/index.html", "内容": "一般社団法人岡山県労働基準協会労働衛生センター【2:診療所】【診療科目:内科】岡山県岡山市南区山田２３１５－４" }, "geometry": { "type": "Point", "coordinates": [ 133.844625, 34.618437 ] } },
{ "type": "Feature", "properties": { "ID": 3322330010110, "正式名称": "医療法人　渡辺医院", "機関区分": 2, "都道府県コード": 33, "市区町村コード": 104, "所在地": "岡山県岡山市南区彦崎２８６９－８", "緯度": 34.552917, "経度": 133.832878, "url": "https://www.iryou.teikyouseido.mhlw.go.jp/znk-web/juminkanja/S2430/initialize?prefCd=33&kikanCd=2330010110&kikanKbn=2", "url2": "https://yumeno-sato.com/", "内容": "医療法人　渡辺医院【2:診療所】【診療科目:内科_糖尿病内科_小児科_皮膚科_放射線科】岡山県岡山市南区彦崎２８６９－８" }, "geometry": { "type": "Point", "coordinates": [ 133.832878, 34.552917 ] } },
{ "type": "Feature", "properties": { "ID": 3322330010120, "正式名称": "医療法人　昌佑会　わたなべ眼科クリニック", "機関区分": 2, "都道府県コード": 33, "市区町村コード": 104, "所在地": "岡山県岡山市南区松浜町３－１０", "緯度": 34.613468, "経度": 133.942199, "url": "https://www.iryou.teikyouseido.mhlw.go.jp/znk-web/juminkanja/S2430/initialize?prefCd=33&kikanCd=2330010120&kikanKbn=2", "url2": "http://watanabe-i-clinic.com", "内容": "医療法人　昌佑会　わたなべ眼科クリニック【2:診療所】【診療科目:眼科】岡山県岡山市南区松浜町３－１０" }, "geometry": { "type": "Point", "coordinates": [ 133.942199, 34.613468 ] } },
{ "type": "Feature", "properties": { "ID": 3322330010130, "正式名称": "医療法人朋友会渡辺内科", "機関区分": 2, "都道府県コード": 33, "市区町村コード": 103, "所在地": "岡山県岡山市東区西大寺中野８８４番地", "緯度": 34.657048, "経度": 134.024496, "url": "https://www.iryou.teikyouseido.mhlw.go.jp/znk-web/juminkanja/S2430/initialize?prefCd=33&kikanCd=2330010130&kikanKbn=2", "url2": null, "内容": "医療法人朋友会渡辺内科【2:診療所】【診療科目:内科_循環器内科_消化器内科】岡山県岡山市東区西大寺中野８８４番地" }, "geometry": { "type": "Point", "coordinates": [ 134.024496, 34.657048 ] } },
{ "type": "Feature", "properties": { "ID": 3322330010140, "正式名称": "医療法人和楽会あいあいえん診療所", "機関区分": 2, "都道府県コード": 33, "市区町村コード": 202, "所在地": "岡山県倉敷市串田６６０", "緯度": 34.542251, "経度": 133.811574, "url": "https://www.iryou.teikyouseido.mhlw.go.jp/znk-web/juminkanja/S2430/initialize?prefCd=33&kikanCd=2330010140&kikanKbn=2", "url2": "http://www.warakukai.com/", "内容": "医療法人和楽会あいあいえん診療所【2:診療所】【診療科目:内科_老年内科】岡山県倉敷市串田６６０" }, "geometry": { "type": "Point", "coordinates": [ 133.811574, 34.542251 ] } },
{ "type": "Feature", "properties": { "ID": 3322330010150, "正式名称": "医療法人　耳鼻咽喉科秋定クリニック", "機関区分": 2, "都道府県コード": 33, "市区町村コード": 202, "所在地": "岡山県倉敷市茶屋町１６０８－７", "緯度": 34.57958, "経度": 133.827905, "url": "https://www.iryou.teikyouseido.mhlw.go.jp/znk-web/juminkanja/S2430/initialize?prefCd=33&kikanCd=2330010150&kikanKbn=2", "url2": null, "内容": "医療法人　耳鼻咽喉科秋定クリニック【2:診療所】【診療科目:耳鼻いんこう科】岡山県倉敷市茶屋町１６０８－７" }, "geometry": { "type": "Point", "coordinates": [ 133.827905, 34.57958 ] } },
{ "type": "Feature", "properties": { "ID": 3322330010160, "正式名称": "医療法人　あさき小児科", "機関区分": 2, "都道府県コード": 33, "市区町村コード": 202, "所在地": "岡山県倉敷市水島南幸町１番９号", "緯度": 34.537083, "経度": 133.739692, "url": "https://www.iryou.teikyouseido.mhlw.go.jp/znk-web/juminkanja/S2430/initialize?prefCd=33&kikanCd=2330010160&kikanKbn=2", "url2": "http://asaki-clinic.byoinnavi.jp/", "内容": "医療法人　あさき小児科【2:診療所】【診療科目:小児科_アレルギー科】岡山県倉敷市水島南幸町１番９号" }, "geometry": { "type": "Point", "coordinates": [ 133.739692, 34.537083 ] } },
{ "type": "Feature", "properties": { "ID": 3322330010170, "正式名称": "医療法人　浅桐産婦人科", "機関区分": 2, "都道府県コード": 33, "市区町村コード": 202, "所在地": "岡山県倉敷市連島町鶴新田１２６６－１", "緯度": 34.543564, "経度": 133.717019, "url": "https://www.iryou.teikyouseido.mhlw.go.jp/znk-web/juminkanja/S2430/initialize?prefCd=33&kikanCd=2330010170&kikanKbn=2", "url2": "https://asagiri-lc.jp", "内容": "医療法人　浅桐産婦人科【2:診療所】【診療科目:内科_小児科_産科_婦人科】岡山県倉敷市連島町鶴新田１２６６－１" }, "geometry": { "type": "Point", "coordinates": [ 133.717019, 34.543564 ] } },
{ "type": "Feature", "properties": { "ID": 3322330010190, "正式名称": "あさはら眼科", "機関区分": 2, "都道府県コード": 33, "市区町村コード": 202, "所在地": "岡山県倉敷市新倉敷駅前３丁目１３８番地", "緯度": 34.562357, "経度": 133.682946, "url": "https://www.iryou.teikyouseido.mhlw.go.jp/znk-web/juminkanja/S2430/initialize?prefCd=33&kikanCd=2330010190&kikanKbn=2", "url2": "https://asahara138.sakura.ne.jp/", "内容": "あさはら眼科【2:診療所】【診療科目:眼科】岡山県倉敷市新倉敷駅前３丁目１３８番地" }, "geometry": { "type": "Point", "coordinates": [ 133.682946, 34.562357 ] } },
{ "type": "Feature", "properties": { "ID": 3322330010230, "正式名称": "医療法人勲友会味野医院", "機関区分": 2, "都道府県コード": 33, "市区町村コード": 202, "所在地": "岡山県倉敷市児島駅前１－１０３", "緯度": 34.465648, "経度": 133.802633, "url": "https://www.iryou.teikyouseido.mhlw.go.jp/znk-web/juminkanja/S2430/initialize?prefCd=33&kikanCd=2330010230&kikanKbn=2", "url2": "https://ajinoiin.or.jp/", "内容": "医療法人勲友会味野医院【2:診療所】【診療科目:精神科_心療内科】岡山県倉敷市児島駅前１－１０３" }, "geometry": { "type": "Point", "coordinates": [ 133.802633, 34.465648 ] } },
{ "type": "Feature", "properties": { "ID": 3322330010240, "正式名称": "社会福祉法人松園福祉会　特別養護老人ホームあすなろ園", "機関区分": 2, "都道府県コード": 33, "市区町村コード": 202, "所在地": "岡山県倉敷市玉島勇崎１０４４番地", "緯度": 34.518695, "経度": 133.64959, "url": "https://www.iryou.teikyouseido.mhlw.go.jp/znk-web/juminkanja/S2430/initialize?prefCd=33&kikanCd=2330010240&kikanKbn=2", "url2": null, "内容": "社会福祉法人松園福祉会　特別養護老人ホームあすなろ園【2:診療所】【診療科目:内科】岡山県倉敷市玉島勇崎１０４４番地" }, "geometry": { "type": "Point", "coordinates": [ 133.64959, 34.518695 ] } },
{ "type": "Feature", "properties": { "ID": 3322330010250, "正式名称": "安住クリニック", "機関区分": 2, "都道府県コード": 33, "市区町村コード": 202, "所在地": "岡山県倉敷市黒崎２５－１", "緯度": 34.603521, "経度": 133.786964, "url": "https://www.iryou.teikyouseido.mhlw.go.jp/znk-web/juminkanja/S2430/initialize?prefCd=33&kikanCd=2330010250&kikanKbn=2", "url2": null, "内容": "安住クリニック【2:診療所】【診療科目:内科_神経内科】岡山県倉敷市黒崎２５－１" }, "geometry": { "type": "Point", "coordinates": [ 133.786964, 34.603521 ] } },
{ "type": "Feature", "properties": { "ID": 3322330010260, "正式名称": "あまみや医科歯科クリニック", "機関区分": 2, "都道府県コード": 33, "市区町村コード": 202, "所在地": "岡山県倉敷市北畝４丁目１７－１２", "緯度": 34.536473, "経度": 133.754108, "url": "https://www.iryou.teikyouseido.mhlw.go.jp/znk-web/juminkanja/S2430/initialize?prefCd=33&kikanCd=2330010260&kikanKbn=2", "url2": null, "内容": "あまみや医科歯科クリニック【2:診療所】【診療科目:内科_外科_歯科_リハビリテーション科】岡山県倉敷市北畝４丁目１７－１２" }, "geometry": { "type": "Point", "coordinates": [ 133.754108, 34.536473 ] } },
{ "type": "Feature", "properties": { "ID": 3322330010270, "正式名称": "荒木クリニック", "機関区分": 2, "都道府県コード": 33, "市区町村コード": 202, "所在地": "岡山県倉敷市笹沖４７４－４", "緯度": 34.575469, "経度": 133.769938, "url": "https://www.iryou.teikyouseido.mhlw.go.jp/znk-web/juminkanja/S2430/initialize?prefCd=33&kikanCd=2330010270&kikanKbn=2", "url2": null, "内容": "荒木クリニック【2:診療所】【診療科目:内科_循環器内科_胃腸内科_外科_リハビリテーション科】岡山県倉敷市笹沖４７４－４" }, "geometry": { "type": "Point", "coordinates": [ 133.769938, 34.575469 ] } },
{ "type": "Feature", "properties": { "ID": 3322330010280, "正式名称": "もんでん泌尿器科クリニック", "機関区分": 2, "都道府県コード": 33, "市区町村コード": 202, "所在地": "岡山県倉敷市新田２６８３－７", "緯度": 34.572749, "経度": 133.773907, "url": "https://www.iryou.teikyouseido.mhlw.go.jp/znk-web/juminkanja/S2430/initialize?prefCd=33&kikanCd=2330010280&kikanKbn=2", "url2": "http://wwwaraki-uroclinic.com/", "内容": "もんでん泌尿器科クリニック【2:診療所】【診療科目:泌尿器科】岡山県倉敷市新田２６８３－７" }, "geometry": { "type": "Point", "coordinates": [ 133.773907, 34.572749 ] } },
{ "type": "Feature", "properties": { "ID": 3322330010290, "正式名称": "安東整形外科内科医院", "機関区分": 2, "都道府県コード": 33, "市区町村コード": 202, "所在地": "岡山県倉敷市生坂７０１－１", "緯度": 34.624741, "経度": 133.800017, "url": "https://www.iryou.teikyouseido.mhlw.go.jp/znk-web/juminkanja/S2430/initialize?prefCd=33&kikanCd=2330010290&kikanKbn=2", "url2": null, "内容": "安東整形外科内科医院【2:診療所】【診療科目:内科_内分泌内科_糖尿病・代謝内科_整形外科_リウマチ科_リハビリテーション科】岡山県倉敷市生坂７０１－１" }, "geometry": { "type": "Point", "coordinates": [ 133.800017, 34.624741 ] } },
{ "type": "Feature", "properties": { "ID": 3322330010300, "正式名称": "伊木診療所", "機関区分": 2, "都道府県コード": 33, "市区町村コード": 202, "所在地": "岡山県倉敷市亀山７７５－１", "緯度": 34.588801, "経度": 133.801657, "url": "https://www.iryou.teikyouseido.mhlw.go.jp/znk-web/juminkanja/S2430/initialize?prefCd=33&kikanCd=2330010300&kikanKbn=2", "url2": "https://www.ikisinryosho.com", "内容": "伊木診療所【2:診療所】【診療科目:内科_胃腸内科_外科_整形外科】岡山県倉敷市亀山７７５－１" }, "geometry": { "type": "Point", "coordinates": [ 133.801657, 34.588801 ] } },
{ "type": "Feature", "properties": { "ID": 3322330010310, "正式名称": "医療法人光和会池内整形外科", "機関区分": 2, "都道府県コード": 33, "市区町村コード": 202, "所在地": "岡山県倉敷市中島４７０－２", "緯度": 34.587994, "経度": 133.732024, "url": "https://www.iryou.teikyouseido.mhlw.go.jp/znk-web/juminkanja/S2430/initialize?prefCd=33&kikanCd=2330010310&kikanKbn=2", "url2": "https://ikeuchiseikeigeka.com/", "内容": "医療法人光和会池内整形外科【2:診療所】【診療科目:外科_整形外科_リウマチ科_リハビリテーション科】岡山県倉敷市中島４７０－２" }, "geometry": { "type": "Point", "coordinates": [ 133.732024, 34.587994 ] } },
{ "type": "Feature", "properties": { "ID": 3322330010320, "正式名称": "いたのクリニック", "機関区分": 2, "都道府県コード": 33, "市区町村コード": 202, "所在地": "岡山県倉敷市福井１４－１", "緯度": 34.567969, "経度": 133.754607, "url": "https://www.iryou.teikyouseido.mhlw.go.jp/znk-web/juminkanja/S2430/initialize?prefCd=33&kikanCd=2330010320&kikanKbn=2", "url2": "http://www.web-clover.net/itanoclinic/", "内容": "いたのクリニック【2:診療所】【診療科目:内科_小児科_アレルギー科】岡山県倉敷市福井１４－１" }, "geometry": { "type": "Point", "coordinates": [ 133.754607, 34.567969 ] } },
{ "type": "Feature", "properties": { "ID": 3322330010330, "正式名称": "医療法人嘉山会　稲垣医院", "機関区分": 2, "都道府県コード": 33, "市区町村コード": 202, "所在地": "岡山県倉敷市美和２丁目１３番９号", "緯度": 34.599438, "経度": 133.776909, "url": "https://www.iryou.teikyouseido.mhlw.go.jp/znk-web/juminkanja/S2430/initialize?prefCd=33&kikanCd=2330010330&kikanKbn=2", "url2": "https://www.kurashiki-inagaki-clinic.com/", "内容": "医療法人嘉山会　稲垣医院【2:診療所】【診療科目:小児皮膚科_皮膚科_アレルギー科】岡山県倉敷市美和２丁目１３番９号" }, "geometry": { "type": "Point", "coordinates": [ 133.776909, 34.599438 ] } },
{ "type": "Feature", "properties": { "ID": 3322330010340, "正式名称": "いなだ医院", "機関区分": 2, "都道府県コード": 33, "市区町村コード": 202, "所在地": "岡山県倉敷市玉島柏島９２０－１０６", "緯度": 34.532638, "経度": 133.662227, "url": "https://www.iryou.teikyouseido.mhlw.go.jp/znk-web/juminkanja/S2430/initialize?prefCd=33&kikanCd=2330010340&kikanKbn=2", "url2": "https://www.inada-iin.com", "内容": "いなだ医院【2:診療所】【診療科目:内科_呼吸器内科_胃腸内科_小児科_アレルギー科_リハビリテーション科】岡山県倉敷市玉島柏島９２０－１０６" }, "geometry": { "type": "Point", "coordinates": [ 133.662227, 34.532638 ] } },
{ "type": "Feature", "properties": { "ID": 3322330010350, "正式名称": "医療法人　井上胃腸科外科医院", "機関区分": 2, "都道府県コード": 33, "市区町村コード": 202, "所在地": "岡山県倉敷市連島中央５－７－１８", "緯度": 34.546276, "経度": 133.72561, "url": "https://www.iryou.teikyouseido.mhlw.go.jp/znk-web/juminkanja/S2430/initialize?prefCd=33&kikanCd=2330010350&kikanKbn=2", "url2": null, "内容": "医療法人　井上胃腸科外科医院【2:診療所】【診療科目:内科_消化器内科_外科_肛門外科_整形外科_皮膚科_リハビリテーション科】岡山県倉敷市連島中央５－７－１８" }, "geometry": { "type": "Point", "coordinates": [ 133.72561, 34.546276 ] } },
{ "type": "Feature", "properties": { "ID": 3322330010360, "正式名称": "井上クリニック", "機関区分": 2, "都道府県コード": 33, "市区町村コード": 202, "所在地": "岡山県倉敷市玉島上成５３８－１５", "緯度": 34.563107, "経度": 133.687418, "url": "https://www.iryou.teikyouseido.mhlw.go.jp/znk-web/juminkanja/S2430/initialize?prefCd=33&kikanCd=2330010360&kikanKbn=2", "url2": "https://www.inoue-painclinic.com/", "内容": "井上クリニック【2:診療所】【診療科目:内科_循環器内科_ペインクリニック内科_麻酔科】岡山県倉敷市玉島上成５３８－１５" }, "geometry": { "type": "Point", "coordinates": [ 133.687418, 34.563107 ] } },
{ "type": "Feature", "properties": { "ID": 3322330010370, "正式名称": "医療法人イマイクリニック", "機関区分": 2, "都道府県コード": 33, "市区町村コード": 202, "所在地": "岡山県倉敷市徳芳１０９－１", "緯度": 34.626991, "経度": 133.811266, "url": "https://www.iryou.teikyouseido.mhlw.go.jp/znk-web/juminkanja/S2430/initialize?prefCd=33&kikanCd=2330010370&kikanKbn=2", "url2": null, "内容": "医療法人イマイクリニック【2:診療所】【診療科目:内科_外科_肛門外科】岡山県倉敷市徳芳１０９－１" }, "geometry": { "type": "Point", "coordinates": [ 133.811266, 34.626991 ] } },
{ "type": "Feature", "properties": { "ID": 3322330010390, "正式名称": "医療法人植村眼科医院", "機関区分": 2, "都道府県コード": 33, "市区町村コード": 202, "所在地": "岡山県倉敷市玉島八島７０４", "緯度": 34.553163, "経度": 133.675475, "url": "https://www.iryou.teikyouseido.mhlw.go.jp/znk-web/juminkanja/S2430/initialize?prefCd=33&kikanCd=2330010390&kikanKbn=2", "url2": null, "内容": "医療法人植村眼科医院【2:診療所】【診療科目:眼科】岡山県倉敷市玉島八島７０４" }, "geometry": { "type": "Point", "coordinates": [ 133.675475, 34.553163 ] } },
{ "type": "Feature", "properties": { "ID": 3322330010420, "正式名称": "医療法人　うちだ眼科医院", "機関区分": 2, "都道府県コード": 33, "市区町村コード": 202, "所在地": "岡山県倉敷市宮前３５０－１", "緯度": 34.611575, "経度": 133.765104, "url": "https://www.iryou.teikyouseido.mhlw.go.jp/znk-web/juminkanja/S2430/initialize?prefCd=33&kikanCd=2330010420&kikanKbn=2", "url2": null, "内容": "医療法人　うちだ眼科医院【2:診療所】【診療科目:眼科】岡山県倉敷市宮前３５０－１" }, "geometry": { "type": "Point", "coordinates": [ 133.765104, 34.611575 ] } },
{ "type": "Feature", "properties": { "ID": 3322330010430, "正式名称": "医療法人　社団　江口眼科クリニック", "機関区分": 2, "都道府県コード": 33, "市区町村コード": 202, "所在地": "岡山県倉敷市松島１１５４番地２マルナカマスカット店ドーム棟２Ｆ", "緯度": 34.627741, "経度": 133.802434, "url": "https://www.iryou.teikyouseido.mhlw.go.jp/znk-web/juminkanja/S2430/initialize?prefCd=33&kikanCd=2330010430&kikanKbn=2", "url2": "https://www.eguchi-eye.com", "内容": "医療法人　社団　江口眼科クリニック【2:診療所】【診療科目:眼科_リハビリテーション科_麻酔科】岡山県倉敷市松島１１５４番地２マルナカマスカット店ドーム棟２Ｆ" }, "geometry": { "type": "Point", "coordinates": [ 133.802434, 34.627741 ] } },
{ "type": "Feature", "properties": { "ID": 3322330010440, "正式名称": "Ｍクリニック耳鼻咽喉科", "機関区分": 2, "都道府県コード": 33, "市区町村コード": 202, "所在地": "岡山県倉敷市二子２０５－５", "緯度": 34.634852, "経度": 133.812433, "url": "https://www.iryou.teikyouseido.mhlw.go.jp/znk-web/juminkanja/S2430/initialize?prefCd=33&kikanCd=2330010440&kikanKbn=2", "url2": "http://mclinic.life.coocan.jp/", "内容": "Ｍクリニック耳鼻咽喉科【2:診療所】【診療科目:耳鼻いんこう科】岡山県倉敷市二子２０５－５" }, "geometry": { "type": "Point", "coordinates": [ 133.812433, 34.634852 ] } },
{ "type": "Feature", "properties": { "ID": 3322330010450, "正式名称": "えんさこ医院", "機関区分": 2, "都道府県コード": 33, "市区町村コード": 202, "所在地": "岡山県倉敷市下庄４５５－１", "緯度": 34.640101, "経度": 133.822848, "url": "https://www.iryou.teikyouseido.mhlw.go.jp/znk-web/juminkanja/S2430/initialize?prefCd=33&kikanCd=2330010450&kikanKbn=2", "url2": "http://www.ensako.or.jp", "内容": "えんさこ医院【2:診療所】【診療科目:呼吸器内科_循環器内科_消化器内科_外科_整形外科】岡山県倉敷市下庄４５５－１" }, "geometry": { "type": "Point", "coordinates": [ 133.822848, 34.640101 ] } },
{ "type": "Feature", "properties": { "ID": 3322330010470, "正式名称": "医療法人　王慈会　おうじクリニック", "機関区分": 2, "都道府県コード": 33, "市区町村コード": 202, "所在地": "岡山県倉敷市児島下の町五丁目２番１７号", "緯度": 34.477592, "経度": 133.821659, "url": "https://www.iryou.teikyouseido.mhlw.go.jp/znk-web/juminkanja/S2430/initialize?prefCd=33&kikanCd=2330010470&kikanKbn=2", "url2": "https://ohji-clinic.jp/", "内容": "医療法人　王慈会　おうじクリニック【2:診療所】【診療科目:内科_緩和ケア内科_脳神経外科_精神科_リハビリテーション科】岡山県倉敷市児島下の町五丁目２番１７号" }, "geometry": { "type": "Point", "coordinates": [ 133.821659, 34.477592 ] } },
{ "type": "Feature", "properties": { "ID": 3322330010520, "正式名称": "大滝眼科", "機関区分": 2, "都道府県コード": 33, "市区町村コード": 202, "所在地": "岡山県倉敷市児島田の口７－６－１５", "緯度": 34.472843, "経度": 133.840296, "url": "https://www.iryou.teikyouseido.mhlw.go.jp/znk-web/juminkanja/S2430/initialize?prefCd=33&kikanCd=2330010520&kikanKbn=2", "url2": null, "内容": "大滝眼科【2:診療所】【診療科目:眼科】岡山県倉敷市児島田の口７－６－１５" }, "geometry": { "type": "Point", "coordinates": [ 133.840296, 34.472843 ] } },
{ "type": "Feature", "properties": { "ID": 3322330010530, "正式名称": "医療法人恵葉会大森クリニック", "機関区分": 2, "都道府県コード": 33, "市区町村コード": 202, "所在地": "岡山県倉敷市南畝３丁目１－４０", "緯度": 34.524168, "経度": 133.745053, "url": "https://www.iryou.teikyouseido.mhlw.go.jp/znk-web/juminkanja/S2430/initialize?prefCd=33&kikanCd=2330010530&kikanKbn=2", "url2": "http://www3.kct.ne.jp/~drohmori/", "内容": "医療法人恵葉会大森クリニック【2:診療所】【診療科目:内科_神経内科_精神科_心療内科】岡山県倉敷市南畝３丁目１－４０" }, "geometry": { "type": "Point", "coordinates": [ 133.745053, 34.524168 ] } },
{ "type": "Feature", "properties": { "ID": 3322330010540, "正式名称": "おか整形外科", "機関区分": 2, "都道府県コード": 33, "市区町村コード": 202, "所在地": "岡山県倉敷市児島稗田町１９５７－１", "緯度": 34.500839, "経度": 133.806298, "url": "https://www.iryou.teikyouseido.mhlw.go.jp/znk-web/juminkanja/S2430/initialize?prefCd=33&kikanCd=2330010540&kikanKbn=2", "url2": null, "内容": "おか整形外科【2:診療所】【診療科目:外科_整形外科_リウマチ科_リハビリテーション科】岡山県倉敷市児島稗田町１９５７－１" }, "geometry": { "type": "Point", "coordinates": [ 133.806298, 34.500839 ] } },
{ "type": "Feature", "properties": { "ID": 3322330010560, "正式名称": "医療法人おか内科耳鼻科", "機関区分": 2, "都道府県コード": 33, "市区町村コード": 202, "所在地": "岡山県倉敷市児島稗田町１９５７番地", "緯度": 34.500839, "経度": 133.806298, "url": "https://www.iryou.teikyouseido.mhlw.go.jp/znk-web/juminkanja/S2430/initialize?prefCd=33&kikanCd=2330010560&kikanKbn=2", "url2": "http://www.kurashiki-med.or.jp", "内容": "医療法人おか内科耳鼻科【2:診療所】【診療科目:内科_呼吸器内科_消化器内科_小児科_耳鼻いんこう科_アレルギー科】岡山県倉敷市児島稗田町１９５７番地" }, "geometry": { "type": "Point", "coordinates": [ 133.806298, 34.500839 ] } },
{ "type": "Feature", "properties": { "ID": 3322330010580, "正式名称": "医療法人　岡山クリニック", "機関区分": 2, "都道府県コード": 33, "市区町村コード": 202, "所在地": "岡山県倉敷市笹沖４６１－１", "緯度": 34.576135, "経度": 133.769577, "url": "https://www.iryou.teikyouseido.mhlw.go.jp/znk-web/juminkanja/S2430/initialize?prefCd=33&kikanCd=2330010580&kikanKbn=2", "url2": "http://www3.kct.ne.jp/~okayama_cl", "内容": "医療法人　岡山クリニック【2:診療所】【診療科目:内科】岡山県倉敷市笹沖４６１－１" }, "geometry": { "type": "Point", "coordinates": [ 133.769577, 34.576135 ] } },
{ "type": "Feature", "properties": { "ID": 3322330010590, "正式名称": "医療法人　倉敷ポプラ会　小川内科医院", "機関区分": 2, "都道府県コード": 33, "市区町村コード": 202, "所在地": "岡山県倉敷市連島５－１－３７", "緯度": 34.550026, "経度": 133.736831, "url": "https://www.iryou.teikyouseido.mhlw.go.jp/znk-web/juminkanja/S2430/initialize?prefCd=33&kikanCd=2330010590&kikanKbn=2", "url2": null, "内容": "医療法人　倉敷ポプラ会　小川内科医院【2:診療所】【診療科目:内科_循環器内科_消化器内科_小児科】岡山県倉敷市連島５－１－３７" }, "geometry": { "type": "Point", "coordinates": [ 133.736831, 34.550026 ] } },
{ "type": "Feature", "properties": { "ID": 3322330010600, "正式名称": "小河原耳鼻咽喉科", "機関区分": 2, "都道府県コード": 33, "市区町村コード": 202, "所在地": "岡山県倉敷市児島柳田町５９８－２", "緯度": 34.491645, "経度": 133.800688, "url": "https://www.iryou.teikyouseido.mhlw.go.jp/znk-web/juminkanja/S2430/initialize?prefCd=33&kikanCd=2330010600&kikanKbn=2", "url2": "http://www.ogawara-jibika.com", "内容": "小河原耳鼻咽喉科【2:診療所】【診療科目:耳鼻いんこう科_頭頸部・耳鼻いんこう科】岡山県倉敷市児島柳田町５９８－２" }, "geometry": { "type": "Point", "coordinates": [ 133.800688, 34.491645 ] } },
{ "type": "Feature", "properties": { "ID": 3322330010610, "正式名称": "医療法人　おぎの内科医院", "機関区分": 2, "都道府県コード": 33, "市区町村コード": 202, "所在地": "岡山県倉敷市藤戸町天城７４２－４", "緯度": 34.567665, "経度": 133.804574, "url": "https://www.iryou.teikyouseido.mhlw.go.jp/znk-web/juminkanja/S2430/initialize?prefCd=33&kikanCd=2330010610&kikanKbn=2", "url2": null, "内容": "医療法人　おぎの内科医院【2:診療所】【診療科目:内科】岡山県倉敷市藤戸町天城７４２－４" }, "geometry": { "type": "Point", "coordinates": [ 133.804574, 34.567665 ] } },
{ "type": "Feature", "properties": { "ID": 3322330010620, "正式名称": "医療法人桃山会小野内科医院", "機関区分": 2, "都道府県コード": 33, "市区町村コード": 202, "所在地": "岡山県倉敷市玉島八島１７５５", "緯度": 34.560718, "経度": 133.659032, "url": "https://www.iryou.teikyouseido.mhlw.go.jp/znk-web/juminkanja/S2430/initialize?prefCd=33&kikanCd=2330010620&kikanKbn=2", "url2": "onoimc.com", "内容": "医療法人桃山会小野内科医院【2:診療所】【診療科目:内科_循環器内科_小児科】岡山県倉敷市玉島八島１７５５" }, "geometry": { "type": "Point", "coordinates": [ 133.659032, 34.560718 ] } },
{ "type": "Feature", "properties": { "ID": 3322330010630, "正式名称": "帯江眼科医院", "機関区分": 2, "都道府県コード": 33, "市区町村コード": 202, "所在地": "岡山県倉敷市加須山２５６－７", "緯度": 34.58944, "経度": 133.798019, "url": "https://www.iryou.teikyouseido.mhlw.go.jp/znk-web/juminkanja/S2430/initialize?prefCd=33&kikanCd=2330010630&kikanKbn=2", "url2": null, "内容": "帯江眼科医院【2:診療所】【診療科目:眼科】岡山県倉敷市加須山２５６－７" }, "geometry": { "type": "Point", "coordinates": [ 133.798019, 34.58944 ] } },
{ "type": "Feature", "properties": { "ID": 3322330010650, "正式名称": "医療法人　博成会　加藤医院", "機関区分": 2, "都道府県コード": 33, "市区町村コード": 202, "所在地": "岡山県倉敷市児島下の町２－１４－１７", "緯度": 34.473565, "経度": 133.822687, "url": "https://www.iryou.teikyouseido.mhlw.go.jp/znk-web/juminkanja/S2430/initialize?prefCd=33&kikanCd=2330010650&kikanKbn=2", "url2": "http://www.kurashiki-med.or.jp/drmap/kojima/katou.html", "内容": "医療法人　博成会　加藤医院【2:診療所】【診療科目:内科_糖尿病内科_腎臓内科】岡山県倉敷市児島下の町２－１４－１７" }, "geometry": { "type": "Point", "coordinates": [ 133.822687, 34.473565 ] } },
{ "type": "Feature", "properties": { "ID": 3322330010660, "正式名称": "かどのこどもクリニック", "機関区分": 2, "都道府県コード": 33, "市区町村コード": 202, "所在地": "岡山県倉敷市吉岡５００－２", "緯度": 34.570636, "経度": 133.766689, "url": "https://www.iryou.teikyouseido.mhlw.go.jp/znk-web/juminkanja/S2430/initialize?prefCd=33&kikanCd=2330010660&kikanKbn=2", "url2": null, "内容": "かどのこどもクリニック【2:診療所】【診療科目:内科_小児科_皮膚科】岡山県倉敷市吉岡５００－２" }, "geometry": { "type": "Point", "coordinates": [ 133.766689, 34.570636 ] } },
{ "type": "Feature", "properties": { "ID": 3322330010670, "正式名称": "かねまつ小児科", "機関区分": 2, "都道府県コード": 33, "市区町村コード": 202, "所在地": "岡山県倉敷市沖新町９２－６", "緯度": 34.583106, "経度": 133.755689, "url": "https://www.iryou.teikyouseido.mhlw.go.jp/znk-web/juminkanja/S2430/initialize?prefCd=33&kikanCd=2330010670&kikanKbn=2", "url2": null, "内容": "かねまつ小児科【2:診療所】【診療科目:小児科】岡山県倉敷市沖新町９２－６" }, "geometry": { "type": "Point", "coordinates": [ 133.755689, 34.583106 ] } },
{ "type": "Feature", "properties": { "ID": 3322330010680, "正式名称": "医療法人　かめ山こどもクリニック", "機関区分": 2, "都道府県コード": 33, "市区町村コード": 202, "所在地": "岡山県倉敷市沖新町８８番地４", "緯度": 34.582023, "経度": 133.7563, "url": "https://www.iryou.teikyouseido.mhlw.go.jp/znk-web/juminkanja/S2430/initialize?prefCd=33&kikanCd=2330010680&kikanKbn=2", "url2": "https://www.kameyama-kc.com/", "内容": "医療法人　かめ山こどもクリニック【2:診療所】【診療科目:小児科】岡山県倉敷市沖新町８８番地４" }, "geometry": { "type": "Point", "coordinates": [ 133.7563, 34.582023 ] } },
{ "type": "Feature", "properties": { "ID": 3322330010690, "正式名称": "医療法人　鴨井医院", "機関区分": 2, "都道府県コード": 33, "市区町村コード": 202, "所在地": "岡山県倉敷市新倉敷駅前２丁目６２－３", "緯度": 34.565745, "経度": 133.681058, "url": "https://www.iryou.teikyouseido.mhlw.go.jp/znk-web/juminkanja/S2430/initialize?prefCd=33&kikanCd=2330010690&kikanKbn=2", "url2": null, "内容": "医療法人　鴨井医院【2:診療所】【診療科目:内科_糖尿病内科_循環器内科】岡山県倉敷市新倉敷駅前２丁目６２－３" }, "geometry": { "type": "Point", "coordinates": [ 133.681058, 34.565745 ] } },
{ "type": "Feature", "properties": { "ID": 3322330010710, "正式名称": "医療法人　かわたクリニック", "機関区分": 2, "都道府県コード": 33, "市区町村コード": 202, "所在地": "岡山県倉敷市玉島乙島６８６１－１", "緯度": 34.536638, "経度": 133.684503, "url": "https://www.iryou.teikyouseido.mhlw.go.jp/znk-web/juminkanja/S2430/initialize?prefCd=33&kikanCd=2330010710&kikanKbn=2", "url2": "https://kawata-clinic.net", "内容": "医療法人　かわたクリニック【2:診療所】【診療科目:内科_呼吸器内科_循環器内科_胃腸内科_外科_肛門外科_小児科_リハビリテーション科_放射線科】岡山県倉敷市玉島乙島６８６１－１" }, "geometry": { "type": "Point", "coordinates": [ 133.684503, 34.536638 ] } },
{ "type": "Feature", "properties": { "ID": 3322330010720, "正式名称": "医療法人　友仁会　かわはら外科整形外科クリニック", "機関区分": 2, "都道府県コード": 33, "市区町村コード": 202, "所在地": "岡山県倉敷市福田町古新田１０５２－１", "緯度": 34.535195, "経度": 133.771662, "url": "https://www.iryou.teikyouseido.mhlw.go.jp/znk-web/juminkanja/S2430/initialize?prefCd=33&kikanCd=2330010720&kikanKbn=2", "url2": null, "内容": "医療法人　友仁会　かわはら外科整形外科クリニック【2:診療所】【診療科目:外科_整形外科】岡山県倉敷市福田町古新田１０５２－１" }, "geometry": { "type": "Point", "coordinates": [ 133.771662, 34.535195 ] } },
{ "type": "Feature", "properties": { "ID": 3322330010730, "正式名称": "医療法人　くすの木　木村耳鼻咽喉科医院", "機関区分": 2, "都道府県コード": 33, "市区町村コード": 202, "所在地": "岡山県倉敷市白楽町５５６－１６", "緯度": 34.589217, "経度": 133.768021, "url": "https://www.iryou.teikyouseido.mhlw.go.jp/znk-web/juminkanja/S2430/initialize?prefCd=33&kikanCd=2330010730&kikanKbn=2", "url2": null, "内容": "医療法人　くすの木　木村耳鼻咽喉科医院【2:診療所】【診療科目:小児耳鼻いんこう科_耳鼻いんこう科】岡山県倉敷市白楽町５５６－１６" }, "geometry": { "type": "Point", "coordinates": [ 133.768021, 34.589217 ] } },
{ "type": "Feature", "properties": { "ID": 3322330010740, "正式名称": "くさか整形外科", "機関区分": 2, "都道府県コード": 33, "市区町村コード": 202, "所在地": "岡山県倉敷市上東４９４－１", "緯度": 34.651156, "経度": 133.825264, "url": "https://www.iryou.teikyouseido.mhlw.go.jp/znk-web/juminkanja/S2430/initialize?prefCd=33&kikanCd=2330010740&kikanKbn=2", "url2": "http://www3.ocn.ne.jp/~jk426/", "内容": "くさか整形外科【2:診療所】【診療科目:整形外科_皮膚科_リウマチ科_リハビリテーション科】岡山県倉敷市上東４９４－１" }, "geometry": { "type": "Point", "coordinates": [ 133.825264, 34.651156 ] } },
{ "type": "Feature", "properties": { "ID": 3322330010750, "正式名称": "腎・泌尿器科くにとみ医院", "機関区分": 2, "都道府県コード": 33, "市区町村コード": 202, "所在地": "岡山県倉敷市吉岡１１５－１", "緯度": 34.567414, "経度": 133.763495, "url": "https://www.iryou.teikyouseido.mhlw.go.jp/znk-web/juminkanja/S2430/initialize?prefCd=33&kikanCd=2330010750&kikanKbn=2", "url2": "http://www.megaegg.ne.jp/~kunitomi-clinic/", "内容": "腎・泌尿器科くにとみ医院【2:診療所】【診療科目:泌尿器科】岡山県倉敷市吉岡１１５－１" }, "geometry": { "type": "Point", "coordinates": [ 133.763495, 34.567414 ] } },
{ "type": "Feature", "properties": { "ID": 3322330010760, "正式名称": "医療法人　真愛会　国安ファミリークリニック", "機関区分": 2, "都道府県コード": 33, "市区町村コード": 202, "所在地": "岡山県倉敷市福江１０５－１", "緯度": 34.528891, "経度": 133.804603, "url": "https://www.iryou.teikyouseido.mhlw.go.jp/znk-web/juminkanja/S2430/initialize?prefCd=33&kikanCd=2330010760&kikanKbn=2", "url2": "https://www.shin-aikai-kunikuma.com/", "内容": "医療法人　真愛会　国安ファミリークリニック【2:診療所】【診療科目:内科_呼吸器内科_消化器内科_小児科_放射線科】岡山県倉敷市福江１０５－１" }, "geometry": { "type": "Point", "coordinates": [ 133.804603, 34.528891 ] } },
{ "type": "Feature", "properties": { "ID": 3322330010780, "正式名称": "倉敷ウエストサイドクリニック", "機関区分": 2, "都道府県コード": 33, "市区町村コード": 202, "所在地": "岡山県倉敷市西阿知町新田６", "緯度": 34.574523, "経度": 133.72297, "url": "https://www.iryou.teikyouseido.mhlw.go.jp/znk-web/juminkanja/S2430/initialize?prefCd=33&kikanCd=2330010780&kikanKbn=2", "url2": "https://www.kwc.server-shared.com/homepage/", "内容": "倉敷ウエストサイドクリニック【2:診療所】【診療科目:内科_呼吸器内科_循環器内科_消化器内科】岡山県倉敷市西阿知町新田６" }, "geometry": { "type": "Point", "coordinates": [ 133.72297, 34.574523 ] } },
{ "type": "Feature", "properties": { "ID": 3322330010790, "正式名称": "倉敷呼吸器センター", "機関区分": 2, "都道府県コード": 33, "市区町村コード": 202, "所在地": "岡山県倉敷市新田２６８９番地", "緯度": 34.570525, "経度": 133.773771, "url": "https://www.iryou.teikyouseido.mhlw.go.jp/znk-web/juminkanja/S2430/initialize?prefCd=33&kikanCd=2330010790&kikanKbn=2", "url2": "https://www.fkhmc-net.or.jp/", "内容": "倉敷呼吸器センター【2:診療所】【診療科目:呼吸器内科】岡山県倉敷市新田２６８９番地" }, "geometry": { "type": "Point", "coordinates": [ 133.773771, 34.570525 ] } },
{ "type": "Feature", "properties": { "ID": 3322330010810, "正式名称": "倉敷市休日夜間急患センター", "機関区分": 2, "都道府県コード": 33, "市区町村コード": 202, "所在地": "岡山県倉敷市新田２６８９番地", "緯度": 34.570525, "経度": 133.773771, "url": "https://www.iryou.teikyouseido.mhlw.go.jp/znk-web/juminkanja/S2430/initialize?prefCd=33&kikanCd=2330010810&kikanKbn=2", "url2": "https://www.fkhmc-net.or.jp/", "内容": "倉敷市休日夜間急患センター【2:診療所】【診療科目:内科_小児科】岡山県倉敷市新田２６８９番地" }, "geometry": { "type": "Point", "coordinates": [ 133.773771, 34.570525 ] } },
{ "type": "Feature", "properties": { "ID": 3322330010840, "正式名称": "倉敷成人病クリニック", "機関区分": 2, "都道府県コード": 33, "市区町村コード": 202, "所在地": "岡山県倉敷市白楽町２５０番地１", "緯度": 34.588411, "経度": 133.764883, "url": "https://www.iryou.teikyouseido.mhlw.go.jp/znk-web/juminkanja/S2430/initialize?prefCd=33&kikanCd=2330010840&kikanKbn=2", "url2": "https://www.fkmc.or.jp", "内容": "倉敷成人病クリニック【2:診療所】【診療科目:内科_呼吸器内科_循環器内科_消化器内科_腫瘍内科_外科_呼吸器外科_消化器外科_乳腺外科_整形外科_小児科_産科_婦人科_産婦人科（生殖医療）_眼科_皮膚科_泌尿器科_女性泌尿器科_リウマチ科_放射線科_臨床検査科_麻酔科】岡山県倉敷市白楽町２５０番地１" }, "geometry": { "type": "Point", "coordinates": [ 133.764883, 34.588411 ] } },
{ "type": "Feature", "properties": { "ID": 3322330010850, "正式名称": "公益財団法人大原記念倉敷中央医療機構　倉敷中央病院付属予防医療プラザ", "機関区分": 2, "都道府県コード": 33, "市区町村コード": 202, "所在地": "岡山県倉敷市鶴形１－１１－１１", "緯度": 34.601188, "経度": 133.771854, "url": "https://www.iryou.teikyouseido.mhlw.go.jp/znk-web/juminkanja/S2430/initialize?prefCd=33&kikanCd=2330010850&kikanKbn=2", "url2": "http://www.kchnet.or.jp/plaza/", "内容": "公益財団法人大原記念倉敷中央医療機構　倉敷中央病院付属予防医療プラザ【2:診療所】【診療科目:内科_整形外科_婦人科_歯科_放射線科】岡山県倉敷市鶴形１－１１－１１" }, "geometry": { "type": "Point", "coordinates": [ 133.771854, 34.601188 ] } },
{ "type": "Feature", "properties": { "ID": 3322330010870, "正式名称": "倉橋皮フ科クリニック", "機関区分": 2, "都道府県コード": 33, "市区町村コード": 202, "所在地": "岡山県倉敷市白楽町１５０－８", "緯度": 34.590133, "経度": 133.761522, "url": "https://www.iryou.teikyouseido.mhlw.go.jp/znk-web/juminkanja/S2430/initialize?prefCd=33&kikanCd=2330010870&kikanKbn=2", "url2": "http://add.forlink.jp/kurahashi/", "内容": "倉橋皮フ科クリニック【2:診療所】【診療科目:皮膚科】岡山県倉敷市白楽町１５０－８" }, "geometry": { "type": "Point", "coordinates": [ 133.761522, 34.590133 ] } },
{ "type": "Feature", "properties": { "ID": 3322330010890, "正式名称": "特別養護老人ホームグリーンピア瀬戸内医務室", "機関区分": 2, "都道府県コード": 33, "市区町村コード": 202, "所在地": "岡山県倉敷市玉島陶８５６－１", "緯度": 34.587271, "経度": 133.676168, "url": "https://www.iryou.teikyouseido.mhlw.go.jp/znk-web/juminkanja/S2430/initialize?prefCd=33&kikanCd=2330010890&kikanKbn=2", "url2": null, "内容": "特別養護老人ホームグリーンピア瀬戸内医務室【2:診療所】【診療科目:内科】岡山県倉敷市玉島陶８５６－１" }, "geometry": { "type": "Point", "coordinates": [ 133.676168, 34.587271 ] } },
{ "type": "Feature", "properties": { "ID": 3322330010900, "正式名称": "呉妹診療所", "機関区分": 2, "都道府県コード": 33, "市区町村コード": 202, "所在地": "岡山県倉敷市真備町尾崎１６００－１", "緯度": 34.624211, "経度": 133.670084, "url": "https://www.iryou.teikyouseido.mhlw.go.jp/znk-web/juminkanja/S2430/initialize?prefCd=33&kikanCd=2330010900&kikanKbn=2", "url2": "http://www.iryo-joho.pref.okayama.jp", "内容": "呉妹診療所【2:診療所】【診療科目:内科】岡山県倉敷市真備町尾崎１６００－１" }, "geometry": { "type": "Point", "coordinates": [ 133.670084, 34.624211 ] } },
{ "type": "Feature", "properties": { "ID": 3322330010920, "正式名称": "医療法人　河野医院", "機関区分": 2, "都道府県コード": 33, "市区町村コード": 202, "所在地": "岡山県倉敷市玉島八島４０９４－１", "緯度": 34.564912, "経度": 133.65856, "url": "https://www.iryou.teikyouseido.mhlw.go.jp/znk-web/juminkanja/S2430/initialize?prefCd=33&kikanCd=2330010920&kikanKbn=2", "url2": null, "内容": "医療法人　河野医院【2:診療所】【診療科目:精神科_心療内科】岡山県倉敷市玉島八島４０９４－１" }, "geometry": { "type": "Point", "coordinates": [ 133.65856, 34.564912 ] } },
{ "type": "Feature", "properties": { "ID": 3322330010930, "正式名称": "医療生協コープくらしき診療所", "機関区分": 2, "都道府県コード": 33, "市区町村コード": 202, "所在地": "岡山県倉敷市宮前３８４－１", "緯度": 34.611325, "経度": 133.762938, "url": "https://www.iryou.teikyouseido.mhlw.go.jp/znk-web/juminkanja/S2430/initialize?prefCd=33&kikanCd=2330010930&kikanKbn=2", "url2": "http://www.kurashin.com", "内容": "医療生協コープくらしき診療所【2:診療所】【診療科目:内科】岡山県倉敷市宮前３８４－１" }, "geometry": { "type": "Point", "coordinates": [ 133.762938, 34.611325 ] } },
{ "type": "Feature", "properties": { "ID": 3322330010940, "正式名称": "医療法人児島第一診療所", "機関区分": 2, "都道府県コード": 33, "市区町村コード": 202, "所在地": "岡山県倉敷市児島味野１－１４－２０", "緯度": 34.473592, "経度": 133.802411, "url": "https://www.iryou.teikyouseido.mhlw.go.jp/znk-web/juminkanja/S2430/initialize?prefCd=33&kikanCd=2330010940&kikanKbn=2", "url2": null, "内容": "医療法人児島第一診療所【2:診療所】【診療科目:内科_外科_整形外科】岡山県倉敷市児島味野１－１４－２０" }, "geometry": { "type": "Point", "coordinates": [ 133.802411, 34.473592 ] } },
{ "type": "Feature", "properties": { "ID": 3322330010950, "正式名称": "児島マリンクリニック", "機関区分": 2, "都道府県コード": 33, "市区町村コード": 202, "所在地": "岡山県倉敷市児島阿津１－７－２７", "緯度": 34.456622, "経度": 133.805328, "url": "https://www.iryou.teikyouseido.mhlw.go.jp/znk-web/juminkanja/S2430/initialize?prefCd=33&kikanCd=2330010950&kikanKbn=2", "url2": null, "内容": "児島マリンクリニック【2:診療所】【診療科目:内科_眼科】岡山県倉敷市児島阿津１－７－２７" }, "geometry": { "type": "Point", "coordinates": [ 133.805328, 34.456622 ] } },
{ "type": "Feature", "properties": { "ID": 3322330010960, "正式名称": "児島モーターボート競走場競技棟内医務室", "機関区分": 2, "都道府県コード": 33, "市区町村コード": 202, "所在地": "岡山県倉敷市児島元浜町６－３", "緯度": 34.448539, "経度": 133.809161, "url": "https://www.iryou.teikyouseido.mhlw.go.jp/znk-web/juminkanja/S2430/initialize?prefCd=33&kikanCd=2330010960&kikanKbn=2", "url2": null, "内容": "児島モーターボート競走場競技棟内医務室【2:診療所】【診療科目:内科】岡山県倉敷市児島元浜町６－３" }, "geometry": { "type": "Point", "coordinates": [ 133.809161, 34.448539 ] } },
{ "type": "Feature", "properties": { "ID": 3322330010970, "正式名称": "医療法人社団古城耳鼻咽喉科医院", "機関区分": 2, "都道府県コード": 33, "市区町村コード": 202, "所在地": "岡山県倉敷市玉島八島７６３", "緯度": 34.554636, "経度": 133.676031, "url": "https://www.iryou.teikyouseido.mhlw.go.jp/znk-web/juminkanja/S2430/initialize?prefCd=33&kikanCd=2330010970&kikanKbn=2", "url2": null, "内容": "医療法人社団古城耳鼻咽喉科医院【2:診療所】【診療科目:耳鼻いんこう科_頭頸部・耳鼻いんこう科】岡山県倉敷市玉島八島７６３" }, "geometry": { "type": "Point", "coordinates": [ 133.676031, 34.554636 ] } },
{ "type": "Feature", "properties": { "ID": 3322330010980, "正式名称": "こてら眼科", "機関区分": 2, "都道府県コード": 33, "市区町村コード": 202, "所在地": "岡山県倉敷市水江１番地イオンモール倉敷２階", "緯度": 34.603604, "経度": 133.745078, "url": "https://www.iryou.teikyouseido.mhlw.go.jp/znk-web/juminkanja/S2430/initialize?prefCd=33&kikanCd=2330010980&kikanKbn=2", "url2": "http://www.kotera-ganka.com", "内容": "こてら眼科【2:診療所】【診療科目:眼科】岡山県倉敷市水江１番地イオンモール倉敷２階" }, "geometry": { "type": "Point", "coordinates": [ 133.745078, 34.603604 ] } },
{ "type": "Feature", "properties": { "ID": 3322330011000, "正式名称": "医療法人　慈久会　ふじおか形成外科・美容外科", "機関区分": 2, "都道府県コード": 33, "市区町村コード": 202, "所在地": "岡山県倉敷市黒崎３－１", "緯度": 34.606243, "経度": 133.793463, "url": "https://www.iryou.teikyouseido.mhlw.go.jp/znk-web/juminkanja/S2430/initialize?prefCd=33&kikanCd=2330011000&kikanKbn=2", "url2": "https://fujioka-keisei.or.jp/", "内容": "医療法人　慈久会　ふじおか形成外科・美容外科【2:診療所】【診療科目:形成外科_美容外科】岡山県倉敷市黒崎３－１" }, "geometry": { "type": "Point", "coordinates": [ 133.793463, 34.606243 ] } },
{ "type": "Feature", "properties": { "ID": 3322330011010, "正式名称": "医療法人社団新幣清和会　倉敷小山耳鼻科・アレルギー科", "機関区分": 2, "都道府県コード": 33, "市区町村コード": 202, "所在地": "岡山県倉敷市西中新田２０－１", "緯度": 34.580412, "経度": 133.758522, "url": "https://www.iryou.teikyouseido.mhlw.go.jp/znk-web/juminkanja/S2430/initialize?prefCd=33&kikanCd=2330011010&kikanKbn=2", "url2": "https://kurashiki-koyamajibika.com/", "内容": "医療法人社団新幣清和会　倉敷小山耳鼻科・アレルギー科【2:診療所】【診療科目:耳鼻いんこう科_アレルギー科】岡山県倉敷市西中新田２０－１" }, "geometry": { "type": "Point", "coordinates": [ 133.758522, 34.580412 ] } },
{ "type": "Feature", "properties": { "ID": 3322330011020, "正式名称": "斎藤医院", "機関区分": 2, "都道府県コード": 33, "市区町村コード": 202, "所在地": "岡山県倉敷市西阿知町新田５５２－１", "緯度": 34.568469, "経度": 133.737719, "url": "https://www.iryou.teikyouseido.mhlw.go.jp/znk-web/juminkanja/S2430/initialize?prefCd=33&kikanCd=2330011020&kikanKbn=2", "url2": "https://saitouiin-kurashiki.com/", "内容": "斎藤医院【2:診療所】【診療科目:内科_消化器内科_皮膚科】岡山県倉敷市西阿知町新田５５２－１" }, "geometry": { "type": "Point", "coordinates": [ 133.737719, 34.568469 ] } },
{ "type": "Feature", "properties": { "ID": 3322330011040, "正式名称": "ささき耳鼻咽喉科", "機関区分": 2, "都道府県コード": 33, "市区町村コード": 202, "所在地": "岡山県倉敷市中島３０１１－１１", "緯度": 34.589355, "経度": 133.737691, "url": "https://www.iryou.teikyouseido.mhlw.go.jp/znk-web/juminkanja/S2430/initialize?prefCd=33&kikanCd=2330011040&kikanKbn=2", "url2": "http://www.sasakijibika.com", "内容": "ささき耳鼻咽喉科【2:診療所】【診療科目:耳鼻いんこう科】岡山県倉敷市中島３０１１－１１" }, "geometry": { "type": "Point", "coordinates": [ 133.737691, 34.589355 ] } },
{ "type": "Feature", "properties": { "ID": 3322330011050, "正式名称": "医療法人明風会　佐々木内科", "機関区分": 2, "都道府県コード": 33, "市区町村コード": 202, "所在地": "岡山県倉敷市中島２７８", "緯度": 34.585161, "経度": 133.739691, "url": "https://www.iryou.teikyouseido.mhlw.go.jp/znk-web/juminkanja/S2430/initialize?prefCd=33&kikanCd=2330011050&kikanKbn=2", "url2": "http://www.kurashiki-med.or.jpkurashiki/sasakihtmlx", "内容": "医療法人明風会　佐々木内科【2:診療所】【診療科目:内科_循環器内科_消化器内科_小児科】岡山県倉敷市中島２７８" }, "geometry": { "type": "Point", "coordinates": [ 133.739691, 34.585161 ] } },
{ "type": "Feature", "properties": { "ID": 3322330011060, "正式名称": "医療法人　養命会　佐藤医院", "機関区分": 2, "都道府県コード": 33, "市区町村コード": 202, "所在地": "岡山県倉敷市水島西常盤町１０－２４", "緯度": 34.534973, "経度": 133.740692, "url": "https://www.iryou.teikyouseido.mhlw.go.jp/znk-web/juminkanja/S2430/initialize?prefCd=33&kikanCd=2330011060&kikanKbn=2", "url2": null, "内容": "医療法人　養命会　佐藤医院【2:診療所】【診療科目:内科_小児科_放射線科】岡山県倉敷市水島西常盤町１０－２４" }, "geometry": { "type": "Point", "coordinates": [ 133.740692, 34.534973 ] } },
{ "type": "Feature", "properties": { "ID": 3322330011070, "正式名称": "佐藤眼科", "機関区分": 2, "都道府県コード": 33, "市区町村コード": 202, "所在地": "岡山県倉敷市帯高５４０－７", "緯度": 34.581719, "経度": 133.811101, "url": "https://www.iryou.teikyouseido.mhlw.go.jp/znk-web/juminkanja/S2430/initialize?prefCd=33&kikanCd=2330011070&kikanKbn=2", "url2": null, "内容": "佐藤眼科【2:診療所】【診療科目:眼科】岡山県倉敷市帯高５４０－７" }, "geometry": { "type": "Point", "coordinates": [ 133.811101, 34.581719 ] } },
{ "type": "Feature", "properties": { "ID": 3322330011080, "正式名称": "医療法人社団聖約会　佐藤眼科医院", "機関区分": 2, "都道府県コード": 33, "市区町村コード": 202, "所在地": "岡山県倉敷市児島駅前１－８８", "緯度": 34.464843, "経度": 133.802717, "url": "https://www.iryou.teikyouseido.mhlw.go.jp/znk-web/juminkanja/S2430/initialize?prefCd=33&kikanCd=2330011080&kikanKbn=2", "url2": "https://www.seiyakukai-eye-clinic.com/", "内容": "医療法人社団聖約会　佐藤眼科医院【2:診療所】【診療科目:眼科】岡山県倉敷市児島駅前１－８８" }, "geometry": { "type": "Point", "coordinates": [ 133.802717, 34.464843 ] } },
{ "type": "Feature", "properties": { "ID": 3322330011090, "正式名称": "医療法人　誠心会　佐藤整形外科", "機関区分": 2, "都道府県コード": 33, "市区町村コード": 202, "所在地": "岡山県倉敷市茶屋町１５９７－５", "緯度": 34.578997, "経度": 133.829599, "url": "https://www.iryou.teikyouseido.mhlw.go.jp/znk-web/juminkanja/S2430/initialize?prefCd=33&kikanCd=2330011090&kikanKbn=2", "url2": "http://sato-seikei.net/", "内容": "医療法人　誠心会　佐藤整形外科【2:診療所】【診療科目:整形外科_形成外科_皮膚科_リウマチ科_リハビリテーション科】岡山県倉敷市茶屋町１５９７－５" }, "geometry": { "type": "Point", "coordinates": [ 133.829599, 34.578997 ] } },
{ "type": "Feature", "properties": { "ID": 3322330011100, "正式名称": "佐藤皮膚科", "機関区分": 2, "都道府県コード": 33, "市区町村コード": 202, "所在地": "岡山県倉敷市帯高５４０－７", "緯度": 34.581719, "経度": 133.811101, "url": "https://www.iryou.teikyouseido.mhlw.go.jp/znk-web/juminkanja/S2430/initialize?prefCd=33&kikanCd=2330011100&kikanKbn=2", "url2": null, "内容": "佐藤皮膚科【2:診療所】【診療科目:皮膚科_美容皮膚科_アレルギー科】岡山県倉敷市帯高５４０－７" }, "geometry": { "type": "Point", "coordinates": [ 133.811101, 34.581719 ] } },
{ "type": "Feature", "properties": { "ID": 3322330011120, "正式名称": "サンシャイン中村内科クリニック", "機関区分": 2, "都道府県コード": 33, "市区町村コード": 202, "所在地": "岡山県倉敷市水江１４１４の１", "緯度": 34.592994, "経度": 133.740801, "url": "https://www.iryou.teikyouseido.mhlw.go.jp/znk-web/juminkanja/S2430/initialize?prefCd=33&kikanCd=2330011120&kikanKbn=2", "url2": null, "内容": "サンシャイン中村内科クリニック【2:診療所】【診療科目:内科_循環器内科_小児科】岡山県倉敷市水江１４１４の１" }, "geometry": { "type": "Point", "coordinates": [ 133.740801, 34.592994 ] } },
{ "type": "Feature", "properties": { "ID": 3322330011160, "正式名称": "医療法人清水眼科医院", "機関区分": 2, "都道府県コード": 33, "市区町村コード": 202, "所在地": "岡山県倉敷市北畝７丁目９－５１", "緯度": 34.54786, "経度": 133.752552, "url": "https://www.iryou.teikyouseido.mhlw.go.jp/znk-web/juminkanja/S2430/initialize?prefCd=33&kikanCd=2330011160&kikanKbn=2", "url2": "https://shimizu-eye.com/", "内容": "医療法人清水眼科医院【2:診療所】【診療科目:眼科】岡山県倉敷市北畝７丁目９－５１" }, "geometry": { "type": "Point", "coordinates": [ 133.752552, 34.54786 ] } },
{ "type": "Feature", "properties": { "ID": 3322330011170, "正式名称": "医療法人　清水レディス　クリニック", "機関区分": 2, "都道府県コード": 33, "市区町村コード": 202, "所在地": "岡山県倉敷市児島駅前４丁目９２", "緯度": 34.460427, "経度": 133.803356, "url": "https://www.iryou.teikyouseido.mhlw.go.jp/znk-web/juminkanja/S2430/initialize?prefCd=33&kikanCd=2330011170&kikanKbn=2", "url2": null, "内容": "医療法人　清水レディス　クリニック【2:診療所】【診療科目:内科_産婦人科】岡山県倉敷市児島駅前４丁目９２" }, "geometry": { "type": "Point", "coordinates": [ 133.803356, 34.460427 ] } },
{ "type": "Feature", "properties": { "ID": 3322330011180, "正式名称": "医療法人　杓永整形外科", "機関区分": 2, "都道府県コード": 33, "市区町村コード": 202, "所在地": "岡山県倉敷市児島柳田町５９６", "緯度": 34.492053, "経度": 133.800955, "url": "https://www.iryou.teikyouseido.mhlw.go.jp/znk-web/juminkanja/S2430/initialize?prefCd=33&kikanCd=2330011180&kikanKbn=2", "url2": "http://www.shakunaga-seikeigeka.com/", "内容": "医療法人　杓永整形外科【2:診療所】【診療科目:整形外科_リウマチ科_リハビリテーション科】岡山県倉敷市児島柳田町５９６" }, "geometry": { "type": "Point", "coordinates": [ 133.800955, 34.492053 ] } },
{ "type": "Feature", "properties": { "ID": 3322330011220, "正式名称": "新倉敷メディカルスクエア", "機関区分": 2, "都道府県コード": 33, "市区町村コード": 202, "所在地": "岡山県倉敷市玉島１７１９番地", "緯度": 34.55408, "経度": 133.681252, "url": "https://www.iryou.teikyouseido.mhlw.go.jp/znk-web/juminkanja/S2430/initialize?prefCd=33&kikanCd=2330011220&kikanKbn=2", "url2": "http://www.sinkura-hsp.com", "内容": "新倉敷メディカルスクエア【2:診療所】【診療科目:内科_消化器内科_外科_消化器外科_肛門外科_整形外科_皮膚科_泌尿器科_アレルギー科_リハビリテーション科】岡山県倉敷市玉島１７１９番地" }, "geometry": { "type": "Point", "coordinates": [ 133.681252, 34.55408 ] } },
{ "type": "Feature", "properties": { "ID": 3322330011240, "正式名称": "末長整形外科医院", "機関区分": 2, "都道府県コード": 33, "市区町村コード": 202, "所在地": "岡山県倉敷市水島東栄町９－６", "緯度": 34.538444, "経度": 133.743942, "url": "https://www.iryou.teikyouseido.mhlw.go.jp/znk-web/juminkanja/S2430/initialize?prefCd=33&kikanCd=2330011240&kikanKbn=2", "url2": "https://www.kurashiki-med.or.jp/drmap/kurashiki/suenaga.html", "内容": "末長整形外科医院【2:診療所】【診療科目:整形外科】岡山県倉敷市水島東栄町９－６" }, "geometry": { "type": "Point", "coordinates": [ 133.743942, 34.538444 ] } },
{ "type": "Feature", "properties": { "ID": 3322330011270, "正式名称": "医療法人　幸伸会　すぎはら眼科・循環器科内科", "機関区分": 2, "都道府県コード": 33, "市区町村コード": 202, "所在地": "岡山県倉敷市茶屋町７５１－１", "緯度": 34.57721, "経度": 133.833748, "url": "https://www.iryou.teikyouseido.mhlw.go.jp/znk-web/juminkanja/S2430/initialize?prefCd=33&kikanCd=2330011270&kikanKbn=2", "url2": "https://www.sugi-eye-medclinic.com/", "内容": "医療法人　幸伸会　すぎはら眼科・循環器科内科【2:診療所】【診療科目:内科_糖尿病内科_循環器内科_消化器内科_小児科_眼科_リハビリテーション科】岡山県倉敷市茶屋町７５１－１" }, "geometry": { "type": "Point", "coordinates": [ 133.833748, 34.57721 ] } },
{ "type": "Feature", "properties": { "ID": 3322330011280, "正式名称": "すばるクリニック", "機関区分": 2, "都道府県コード": 33, "市区町村コード": 202, "所在地": "岡山県倉敷市新倉敷駅前２丁目２９番地２", "緯度": 34.564079, "経度": 133.680502, "url": "https://www.iryou.teikyouseido.mhlw.go.jp/znk-web/juminkanja/S2430/initialize?prefCd=33&kikanCd=2330011280&kikanKbn=2", "url2": "http://www.subaru-clinic.jp", "内容": "すばるクリニック【2:診療所】【診療科目:精神科_心療内科_アレルギー科】岡山県倉敷市新倉敷駅前２丁目２９番地２" }, "geometry": { "type": "Point", "coordinates": [ 133.680502, 34.564079 ] } },
{ "type": "Feature", "properties": { "ID": 3322330011330, "正式名称": "石医院", "機関区分": 2, "都道府県コード": 33, "市区町村コード": 202, "所在地": "岡山県倉敷市玉島中央町２丁目６－１２", "緯度": 34.546192, "経度": 133.669643, "url": "https://www.iryou.teikyouseido.mhlw.go.jp/znk-web/juminkanja/S2430/initialize?prefCd=33&kikanCd=2330011330&kikanKbn=2", "url2": null, "内容": "石医院【2:診療所】【診療科目:眼科】岡山県倉敷市玉島中央町２丁目６－１２" }, "geometry": { "type": "Point", "coordinates": [ 133.669643, 34.546192 ] } },
{ "type": "Feature", "properties": { "ID": 3322330011340, "正式名称": "医療法人妹尾小児科", "機関区分": 2, "都道府県コード": 33, "市区町村コード": 202, "所在地": "岡山県倉敷市児島駅前１丁目８９番地", "緯度": 34.464149, "経度": 133.802939, "url": "https://www.iryou.teikyouseido.mhlw.go.jp/znk-web/juminkanja/S2430/initialize?prefCd=33&kikanCd=2330011340&kikanKbn=2", "url2": "http://harenet.ne.jp/senoopc", "内容": "医療法人妹尾小児科【2:診療所】【診療科目:小児科】岡山県倉敷市児島駅前１丁目８９番地" }, "geometry": { "type": "Point", "coordinates": [ 133.802939, 34.464149 ] } },
{ "type": "Feature", "properties": { "ID": 3322330011350, "正式名称": "医療法人　千先クリニック", "機関区分": 2, "都道府県コード": 33, "市区町村コード": 202, "所在地": "岡山県倉敷市福島２２４番地", "緯度": 34.608965, "経度": 133.787686, "url": "https://www.iryou.teikyouseido.mhlw.go.jp/znk-web/juminkanja/S2430/initialize?prefCd=33&kikanCd=2330011350&kikanKbn=2", "url2": "http://www.kurashiki-med.or.jp", "内容": "医療法人　千先クリニック【2:診療所】【診療科目:内科_消化器内科】岡山県倉敷市福島２２４番地" }, "geometry": { "type": "Point", "coordinates": [ 133.787686, 34.608965 ] } },
{ "type": "Feature", "properties": { "ID": 3322330011380, "正式名称": "医療法人高橋内科医院", "機関区分": 2, "都道府県コード": 33, "市区町村コード": 202, "所在地": "岡山県倉敷市広江６丁目２番３号", "緯度": 34.522447, "経度": 133.777134, "url": "https://www.iryou.teikyouseido.mhlw.go.jp/znk-web/juminkanja/S2430/initialize?prefCd=33&kikanCd=2330011380&kikanKbn=2", "url2": null, "内容": "医療法人高橋内科医院【2:診療所】【診療科目:内科_小児科】岡山県倉敷市広江６丁目２番３号" }, "geometry": { "type": "Point", "coordinates": [ 133.777134, 34.522447 ] } },
{ "type": "Feature", "properties": { "ID": 3322330011390, "正式名称": "医療法人たかや内科小児科", "機関区分": 2, "都道府県コード": 33, "市区町村コード": 202, "所在地": "岡山県倉敷市中島２７６９－１", "緯度": 34.574274, "経度": 133.742302, "url": "https://www.iryou.teikyouseido.mhlw.go.jp/znk-web/juminkanja/S2430/initialize?prefCd=33&kikanCd=2330011390&kikanKbn=2", "url2": null, "内容": "医療法人たかや内科小児科【2:診療所】【診療科目:内科_呼吸器内科_循環器内科_小児科_アレルギー科_リウマチ科_リハビリテーション科】岡山県倉敷市中島２７６９－１" }, "geometry": { "type": "Point", "coordinates": [ 133.742302, 34.574274 ] } },
{ "type": "Feature", "properties": { "ID": 3322330011400, "正式名称": "医療法人　滝沢整形外科", "機関区分": 2, "都道府県コード": 33, "市区町村コード": 202, "所在地": "岡山県倉敷市中畝８－６－１５", "緯度": 34.528112, "経度": 133.751691, "url": "https://www.iryou.teikyouseido.mhlw.go.jp/znk-web/juminkanja/S2430/initialize?prefCd=33&kikanCd=2330011400&kikanKbn=2", "url2": null, "内容": "医療法人　滝沢整形外科【2:診療所】【診療科目:整形外科_リハビリテーション科】岡山県倉敷市中畝８－６－１５" }, "geometry": { "type": "Point", "coordinates": [ 133.751691, 34.528112 ] } },
{ "type": "Feature", "properties": { "ID": 3322330011420, "正式名称": "医療法人恵和会田嶋内科", "機関区分": 2, "都道府県コード": 33, "市区町村コード": 202, "所在地": "岡山県倉敷市児島柳田町８６２", "緯度": 34.488535, "経度": 133.800049, "url": "https://www.iryou.teikyouseido.mhlw.go.jp/znk-web/juminkanja/S2430/initialize?prefCd=33&kikanCd=2330011420&kikanKbn=2", "url2": "http://tajimanaika.com", "内容": "医療法人恵和会田嶋内科【2:診療所】【診療科目:内科_呼吸器内科_循環器内科_消化器内科_小児科_放射線科】岡山県倉敷市児島柳田町８６２" }, "geometry": { "type": "Point", "coordinates": [ 133.800049, 34.488535 ] } },
{ "type": "Feature", "properties": { "ID": 3322330011430, "正式名称": "医療法人　多田皮膚科医院", "機関区分": 2, "都道府県コード": 33, "市区町村コード": 202, "所在地": "岡山県倉敷市新田２７５０－５", "緯度": 34.572497, "経度": 133.769299, "url": "https://www.iryou.teikyouseido.mhlw.go.jp/znk-web/juminkanja/S2430/initialize?prefCd=33&kikanCd=2330011430&kikanKbn=2", "url2": null, "内容": "医療法人　多田皮膚科医院【2:診療所】【診療科目:皮膚科】岡山県倉敷市新田２７５０－５" }, "geometry": { "type": "Point", "coordinates": [ 133.769299, 34.572497 ] } },
{ "type": "Feature", "properties": { "ID": 3322330011440, "正式名称": "医療法人橘産婦人科医院", "機関区分": 2, "都道府県コード": 33, "市区町村コード": 202, "所在地": "岡山県倉敷市吉岡２７５", "緯度": 34.567886, "経度": 133.769494, "url": "https://www.iryou.teikyouseido.mhlw.go.jp/znk-web/juminkanja/S2430/initialize?prefCd=33&kikanCd=2330011440&kikanKbn=2", "url2": null, "内容": "医療法人橘産婦人科医院【2:診療所】【診療科目:産婦人科】岡山県倉敷市吉岡２７５" }, "geometry": { "type": "Point", "coordinates": [ 133.769494, 34.567886 ] } },
{ "type": "Feature", "properties": { "ID": 3322330011450, "正式名称": "医療法人緑の会タナベ医院", "機関区分": 2, "都道府県コード": 33, "市区町村コード": 202, "所在地": "岡山県倉敷市玉島爪崎２２５－２", "緯度": 34.565912, "経度": 133.674169, "url": "https://www.iryou.teikyouseido.mhlw.go.jp/znk-web/juminkanja/S2430/initialize?prefCd=33&kikanCd=2330011450&kikanKbn=2", "url2": null, "内容": "医療法人緑の会タナベ医院【2:診療所】【診療科目:内科_消化器内科_小児科】岡山県倉敷市玉島爪崎２２５－２" }, "geometry": { "type": "Point", "coordinates": [ 133.674169, 34.565912 ] } },
{ "type": "Feature", "properties": { "ID": 3322330011480, "正式名称": "田宮眼科医院", "機関区分": 2, "都道府県コード": 33, "市区町村コード": 202, "所在地": "岡山県倉敷市福島６９０－８", "緯度": 34.600966, "経度": 133.781797, "url": "https://www.iryou.teikyouseido.mhlw.go.jp/znk-web/juminkanja/S2430/initialize?prefCd=33&kikanCd=2330011480&kikanKbn=2", "url2": null, "内容": "田宮眼科医院【2:診療所】【診療科目:眼科】岡山県倉敷市福島６９０－８" }, "geometry": { "type": "Point", "coordinates": [ 133.781797, 34.600966 ] } },
{ "type": "Feature", "properties": { "ID": 3322330011490, "正式名称": "医療法人　田村耳鼻咽喉科医院", "機関区分": 2, "都道府県コード": 33, "市区町村コード": 202, "所在地": "岡山県倉敷市浜町１丁目１５－３５", "緯度": 34.609576, "経度": 133.770604, "url": "https://www.iryou.teikyouseido.mhlw.go.jp/znk-web/juminkanja/S2430/initialize?prefCd=33&kikanCd=2330011490&kikanKbn=2", "url2": "http://www.tamura-ent.jp", "内容": "医療法人　田村耳鼻咽喉科医院【2:診療所】【診療科目:頭頸部外科_小児耳鼻いんこう科_頭頸部・耳鼻いんこう科】岡山県倉敷市浜町１丁目１５－３５" }, "geometry": { "type": "Point", "coordinates": [ 133.770604, 34.609576 ] } },
{ "type": "Feature", "properties": { "ID": 3322330011500, "正式名称": "茶屋町駅前クリニック", "機関区分": 2, "都道府県コード": 33, "市区町村コード": 202, "所在地": "岡山県倉敷市茶屋町４４５", "緯度": 34.577321, "経度": 133.826526, "url": "https://www.iryou.teikyouseido.mhlw.go.jp/znk-web/juminkanja/S2430/initialize?prefCd=33&kikanCd=2330011500&kikanKbn=2", "url2": "http://www.myclinic.ne.jp/cekimae/", "内容": "茶屋町駅前クリニック【2:診療所】【診療科目:内科_皮膚科_泌尿器科】岡山県倉敷市茶屋町４４５" }, "geometry": { "type": "Point", "coordinates": [ 133.826526, 34.577321 ] } },
{ "type": "Feature", "properties": { "ID": 3322330011510, "正式名称": "茶屋町こどもクリニック", "機関区分": 2, "都道府県コード": 33, "市区町村コード": 202, "所在地": "岡山県倉敷市茶屋町４９５－１", "緯度": 34.574609, "経度": 133.825767, "url": "https://www.iryou.teikyouseido.mhlw.go.jp/znk-web/juminkanja/S2430/initialize?prefCd=33&kikanCd=2330011510&kikanKbn=2", "url2": "http://www.chayamachi-kc.com/", "内容": "茶屋町こどもクリニック【2:診療所】【診療科目:小児科_アレルギー科】岡山県倉敷市茶屋町４９５－１" }, "geometry": { "type": "Point", "coordinates": [ 133.825767, 34.574609 ] } },
{ "type": "Feature", "properties": { "ID": 3322330011530, "正式名称": "辻眼科内科", "機関区分": 2, "都道府県コード": 33, "市区町村コード": 202, "所在地": "岡山県倉敷市水島南春日町３－１５", "緯度": 34.542277, "経度": 133.739998, "url": "https://www.iryou.teikyouseido.mhlw.go.jp/znk-web/juminkanja/S2430/initialize?prefCd=33&kikanCd=2330011530&kikanKbn=2", "url2": null, "内容": "辻眼科内科【2:診療所】【診療科目:内科_眼科】岡山県倉敷市水島南春日町３－１５" }, "geometry": { "type": "Point", "coordinates": [ 133.739998, 34.542277 ] } },
{ "type": "Feature", "properties": { "ID": 3322330011540, "正式名称": "津田眼科医院", "機関区分": 2, "都道府県コード": 33, "市区町村コード": 202, "所在地": "岡山県倉敷市阿知３丁目２１番９号倉敷平和ビル２Ｆ", "緯度": 34.596883, "経度": 133.769104, "url": "https://www.iryou.teikyouseido.mhlw.go.jp/znk-web/juminkanja/S2430/initialize?prefCd=33&kikanCd=2330011540&kikanKbn=2", "url2": "https://www.tsuda-c.jp/tsuda-ganka/", "内容": "津田眼科医院【2:診療所】【診療科目:眼科】岡山県倉敷市阿知３丁目２１番９号倉敷平和ビル２Ｆ" }, "geometry": { "type": "Point", "coordinates": [ 133.769104, 34.596883 ] } },
{ "type": "Feature", "properties": { "ID": 3322330011550, "正式名称": "医療法人出宮内科医院", "機関区分": 2, "都道府県コード": 33, "市区町村コード": 202, "所在地": "岡山県倉敷市船穂町船穂１４３８", "緯度": 34.574745, "経度": 133.704722, "url": "https://www.iryou.teikyouseido.mhlw.go.jp/znk-web/juminkanja/S2430/initialize?prefCd=33&kikanCd=2330011550&kikanKbn=2", "url2": "http://www.demiya.org", "内容": "医療法人出宮内科医院【2:診療所】【診療科目:内科_小児科_リハビリテーション科】岡山県倉敷市船穂町船穂１４３８" }, "geometry": { "type": "Point", "coordinates": [ 133.704722, 34.574745 ] } },
{ "type": "Feature", "properties": { "ID": 3322330011570, "正式名称": "天寿堂　林医院", "機関区分": 2, "都道府県コード": 33, "市区町村コード": 202, "所在地": "岡山県倉敷市藤戸町天城５６８", "緯度": 34.564971, "経度": 133.808657, "url": "https://www.iryou.teikyouseido.mhlw.go.jp/znk-web/juminkanja/S2430/initialize?prefCd=33&kikanCd=2330011570&kikanKbn=2", "url2": null, "内容": "天寿堂　林医院【2:診療所】【診療科目:内科_放射線科】岡山県倉敷市藤戸町天城５６８" }, "geometry": { "type": "Point", "coordinates": [ 133.808657, 34.564971 ] } },
{ "type": "Feature", "properties": { "ID": 3322330011580, "正式名称": "当真内科医院", "機関区分": 2, "都道府県コード": 33, "市区町村コード": 202, "所在地": "岡山県倉敷市玉島八島６１７－４", "緯度": 34.553969, "経度": 133.673503, "url": "https://www.iryou.teikyouseido.mhlw.go.jp/znk-web/juminkanja/S2430/initialize?prefCd=33&kikanCd=2330011580&kikanKbn=2", "url2": "toma-koujyousen.com", "内容": "当真内科医院【2:診療所】【診療科目:内科_代謝・内分泌内科_小児科】岡山県倉敷市玉島八島６１７－４" }, "geometry": { "type": "Point", "coordinates": [ 133.673503, 34.553969 ] } },
{ "type": "Feature", "properties": { "ID": 3322330011590, "正式名称": "どうみょう医院", "機関区分": 2, "都道府県コード": 33, "市区町村コード": 202, "所在地": "岡山県倉敷市老松町５丁目５８９－１（グレースタウン内）", "緯度": 34.595799, "経度": 133.756105, "url": "https://www.iryou.teikyouseido.mhlw.go.jp/znk-web/juminkanja/S2430/initialize?prefCd=33&kikanCd=2330011590&kikanKbn=2", "url2": "http://www.kurashiki-med.or.jp/drmap/kurashiki/domyou.html", "内容": "どうみょう医院【2:診療所】【診療科目:内科_呼吸器内科_循環器内科_消化器内科_小児科_リハビリテーション科】岡山県倉敷市老松町５丁目５８９－１（グレースタウン内）" }, "geometry": { "type": "Point", "coordinates": [ 133.756105, 34.595799 ] } },
{ "type": "Feature", "properties": { "ID": 3322330011600, "正式名称": "医療法人　鳥越整形外科医院", "機関区分": 2, "都道府県コード": 33, "市区町村コード": 202, "所在地": "岡山県倉敷市新倉敷駅前２丁目６０番地", "緯度": 34.565829, "経度": 133.681196, "url": "https://www.iryou.teikyouseido.mhlw.go.jp/znk-web/juminkanja/S2430/initialize?prefCd=33&kikanCd=2330011600&kikanKbn=2", "url2": null, "内容": "医療法人　鳥越整形外科医院【2:診療所】【診療科目:整形外科_リハビリテーション科】岡山県倉敷市新倉敷駅前２丁目６０番地" }, "geometry": { "type": "Point", "coordinates": [ 133.681196, 34.565829 ] } },
{ "type": "Feature", "properties": { "ID": 3322330011610, "正式名称": "医療法人恵和会内科いこいの家", "機関区分": 2, "都道府県コード": 33, "市区町村コード": 202, "所在地": "岡山県倉敷市児島小川９丁目１－４６", "緯度": 34.489201, "経度": 133.800327, "url": "https://www.iryou.teikyouseido.mhlw.go.jp/znk-web/juminkanja/S2430/initialize?prefCd=33&kikanCd=2330011610&kikanKbn=2", "url2": "http://www.tajimanaika.com/05_ikoinoie.htm", "内容": "医療法人恵和会内科いこいの家【2:診療所】【診療科目:内科_小児科】岡山県倉敷市児島小川９丁目１－４６" }, "geometry": { "type": "Point", "coordinates": [ 133.800327, 34.489201 ] } },
{ "type": "Feature", "properties": { "ID": 3322330011630, "正式名称": "医療法人　悠周会　中洲内科", "機関区分": 2, "都道府県コード": 33, "市区町村コード": 202, "所在地": "岡山県倉敷市安江３９２－１", "緯度": 34.596049, "経度": 133.751272, "url": "https://www.iryou.teikyouseido.mhlw.go.jp/znk-web/juminkanja/S2430/initialize?prefCd=33&kikanCd=2330011630&kikanKbn=2", "url2": null, "内容": "医療法人　悠周会　中洲内科【2:診療所】【診療科目:内科_呼吸器内科_循環器内科_小児科_アレルギー科】岡山県倉敷市安江３９２－１" }, "geometry": { "type": "Point", "coordinates": [ 133.751272, 34.596049 ] } },
{ "type": "Feature", "properties": { "ID": 3322330011640, "正式名称": "中塚医院", "機関区分": 2, "都道府県コード": 33, "市区町村コード": 202, "所在地": "岡山県倉敷市玉島黒崎３９１１－１", "緯度": 34.515556, "経度": 133.645229, "url": "https://www.iryou.teikyouseido.mhlw.go.jp/znk-web/juminkanja/S2430/initialize?prefCd=33&kikanCd=2330011640&kikanKbn=2", "url2": "http://www.nakatsuka-iin.jp/", "内容": "中塚医院【2:診療所】【診療科目:内科_皮膚科_泌尿器科】岡山県倉敷市玉島黒崎３９１１－１" }, "geometry": { "type": "Point", "coordinates": [ 133.645229, 34.515556 ] } },
{ "type": "Feature", "properties": { "ID": 3322330011650, "正式名称": "中原整形外科医院", "機関区分": 2, "都道府県コード": 33, "市区町村コード": 202, "所在地": "岡山県倉敷市船穂町船穂２６４８", "緯度": 34.585744, "経度": 133.705416, "url": "https://www.iryou.teikyouseido.mhlw.go.jp/znk-web/juminkanja/S2430/initialize?prefCd=33&kikanCd=2330011650&kikanKbn=2", "url2": null, "内容": "中原整形外科医院【2:診療所】【診療科目:内科_整形外科_皮膚科_リウマチ科_リハビリテーション科】岡山県倉敷市船穂町船穂２６４８" }, "geometry": { "type": "Point", "coordinates": [ 133.705416, 34.585744 ] } },
{ "type": "Feature", "properties": { "ID": 3322330011670, "正式名称": "医療法人さとう耳鼻咽喉科クリニック", "機関区分": 2, "都道府県コード": 33, "市区町村コード": 202, "所在地": "岡山県倉敷市水江１０３２番地１", "緯度": 34.598771, "経度": 133.740718, "url": "https://www.iryou.teikyouseido.mhlw.go.jp/znk-web/juminkanja/S2430/initialize?prefCd=33&kikanCd=2330011670&kikanKbn=2", "url2": null, "内容": "医療法人さとう耳鼻咽喉科クリニック【2:診療所】【診療科目:小児耳鼻いんこう科_耳鼻いんこう科_気管食道・耳鼻いんこう科_頭頸部・耳鼻いんこう科】岡山県倉敷市水江１０３２番地１" }, "geometry": { "type": "Point", "coordinates": [ 133.740718, 34.598771 ] } },
{ "type": "Feature", "properties": { "ID": 3322330011680, "正式名称": "医療法人永峰会永山医院", "機関区分": 2, "都道府県コード": 33, "市区町村コード": 202, "所在地": "岡山県倉敷市黒石９００番地１", "緯度": 34.566359, "経度": 133.772494, "url": "https://www.iryou.teikyouseido.mhlw.go.jp/znk-web/juminkanja/S2430/initialize?prefCd=33&kikanCd=2330011680&kikanKbn=2", "url2": null, "内容": "医療法人永峰会永山医院【2:診療所】【診療科目:内科_糖尿病内科】岡山県倉敷市黒石９００番地１" }, "geometry": { "type": "Point", "coordinates": [ 133.772494, 34.566359 ] } },
{ "type": "Feature", "properties": { "ID": 3322330011690, "正式名称": "医療法人　以心会　難波医院", "機関区分": 2, "都道府県コード": 33, "市区町村コード": 202, "所在地": "岡山県倉敷市福田町古新田１４６－４", "緯度": 34.544305, "経度": 133.756135, "url": "https://www.iryou.teikyouseido.mhlw.go.jp/znk-web/juminkanja/S2430/initialize?prefCd=33&kikanCd=2330011690&kikanKbn=2", "url2": "http://ishinkai-clinic.or.jp/", "内容": "医療法人　以心会　難波医院【2:診療所】【診療科目:内科_呼吸器内科_消化器内科_小児科_アレルギー科_リハビリテーション科_放射線科】岡山県倉敷市福田町古新田１４６－４" }, "geometry": { "type": "Point", "coordinates": [ 133.756135, 34.544305 ] } },
{ "type": "Feature", "properties": { "ID": 3322330011700, "正式名称": "医療法人　なんば小児科医院", "機関区分": 2, "都道府県コード": 33, "市区町村コード": 202, "所在地": "岡山県倉敷市児島上の町２丁目２番１７号", "緯度": 34.489785, "経度": 133.812465, "url": "https://www.iryou.teikyouseido.mhlw.go.jp/znk-web/juminkanja/S2430/initialize?prefCd=33&kikanCd=2330011700&kikanKbn=2", "url2": null, "内容": "医療法人　なんば小児科医院【2:診療所】【診療科目:小児科_アレルギー科】岡山県倉敷市児島上の町２丁目２番１７号" }, "geometry": { "type": "Point", "coordinates": [ 133.812465, 34.489785 ] } },
{ "type": "Feature", "properties": { "ID": 3322330011710, "正式名称": "医療法人　なんば内科クリニック", "機関区分": 2, "都道府県コード": 33, "市区町村コード": 202, "所在地": "岡山県倉敷市児島駅前１丁目８３番地", "緯度": 34.462371, "経度": 133.804467, "url": "https://www.iryou.teikyouseido.mhlw.go.jp/znk-web/juminkanja/S2430/initialize?prefCd=33&kikanCd=2330011710&kikanKbn=2", "url2": null, "内容": "医療法人　なんば内科クリニック【2:診療所】【診療科目:内科_腎臓内科_人工透析内科】岡山県倉敷市児島駅前１丁目８３番地" }, "geometry": { "type": "Point", "coordinates": [ 133.804467, 34.462371 ] } },
{ "type": "Feature", "properties": { "ID": 3322330011720, "正式名称": "医療法人仁寿会新見脳神経外科医院", "機関区分": 2, "都道府県コード": 33, "市区町村コード": 202, "所在地": "岡山県倉敷市児島稗田町１８２２", "緯度": 34.496256, "経度": 133.803716, "url": "https://www.iryou.teikyouseido.mhlw.go.jp/znk-web/juminkanja/S2430/initialize?prefCd=33&kikanCd=2330011720&kikanKbn=2", "url2": "https://www.niimi-nougeka.jp/", "内容": "医療法人仁寿会新見脳神経外科医院【2:診療所】【診療科目:脳神経外科_整形外科_リハビリテーション科_放射線科】岡山県倉敷市児島稗田町１８２２" }, "geometry": { "type": "Point", "coordinates": [ 133.803716, 34.496256 ] } },
{ "type": "Feature", "properties": { "ID": 3322330011730, "正式名称": "にしあちファミリークリニック", "機関区分": 2, "都道府県コード": 33, "市区町村コード": 202, "所在地": "岡山県倉敷市西阿知町１２５３", "緯度": 34.582494, "経度": 133.72372, "url": "https://www.iryou.teikyouseido.mhlw.go.jp/znk-web/juminkanja/S2430/initialize?prefCd=33&kikanCd=2330011730&kikanKbn=2", "url2": "https://nishiachi-clinic.com", "内容": "にしあちファミリークリニック【2:診療所】【診療科目:内科_泌尿器科】岡山県倉敷市西阿知町１２５３" }, "geometry": { "type": "Point", "coordinates": [ 133.72372, 34.582494 ] } },
{ "type": "Feature", "properties": { "ID": 3322330011740, "正式名称": "医療法人社団西崎内科医院", "機関区分": 2, "都道府県コード": 33, "市区町村コード": 202, "所在地": "岡山県倉敷市新倉敷駅前３丁目１１９－１", "緯度": 34.562774, "経度": 133.682363, "url": "https://www.iryou.teikyouseido.mhlw.go.jp/znk-web/juminkanja/S2430/initialize?prefCd=33&kikanCd=2330011740&kikanKbn=2", "url2": "http://nszk-naika.jp/", "内容": "医療法人社団西崎内科医院【2:診療所】【診療科目:内科】岡山県倉敷市新倉敷駅前３丁目１１９－１" }, "geometry": { "type": "Point", "coordinates": [ 133.682363, 34.562774 ] } },
{ "type": "Feature", "properties": { "ID": 3322330011750, "正式名称": "西沢医院", "機関区分": 2, "都道府県コード": 33, "市区町村コード": 202, "所在地": "岡山県倉敷市美和１丁目１２番８号", "緯度": 34.600355, "経度": 133.777215, "url": "https://www.iryou.teikyouseido.mhlw.go.jp/znk-web/juminkanja/S2430/initialize?prefCd=33&kikanCd=2330011750&kikanKbn=2", "url2": null, "内容": "西沢医院【2:診療所】【診療科目:産婦人科】岡山県倉敷市美和１丁目１２番８号" }, "geometry": { "type": "Point", "coordinates": [ 133.777215, 34.600355 ] } },
{ "type": "Feature", "properties": { "ID": 3322330011760, "正式名称": "仁科小児科内科医院", "機関区分": 2, "都道府県コード": 33, "市区町村コード": 202, "所在地": "岡山県倉敷市玉島阿賀崎９４５番地", "緯度": 34.540554, "経度": 133.668198, "url": "https://www.iryou.teikyouseido.mhlw.go.jp/znk-web/juminkanja/S2430/initialize?prefCd=33&kikanCd=2330011760&kikanKbn=2", "url2": "http://www.nishina-ped.jp", "内容": "仁科小児科内科医院【2:診療所】【診療科目:内科_小児科_アレルギー科】岡山県倉敷市玉島阿賀崎９４５番地" }, "geometry": { "type": "Point", "coordinates": [ 133.668198, 34.540554 ] } },
{ "type": "Feature", "properties": { "ID": 3322330011770, "正式名称": "医療法人喜養会仁科内科医院", "機関区分": 2, "都道府県コード": 33, "市区町村コード": 202, "所在地": "岡山県倉敷市吉岡４５２の１", "緯度": 34.568386, "経度": 133.763856, "url": "https://www.iryou.teikyouseido.mhlw.go.jp/znk-web/juminkanja/S2430/initialize?prefCd=33&kikanCd=2330011770&kikanKbn=2", "url2": "http://www.kurashiki-med.or.jp/drmap/kurashiki/nishina.html", "内容": "医療法人喜養会仁科内科医院【2:診療所】【診療科目:内科_小児科_リハビリテーション科_放射線科】岡山県倉敷市吉岡４５２の１" }, "geometry": { "type": "Point", "coordinates": [ 133.763856, 34.568386 ] } },
{ "type": "Feature", "properties": { "ID": 3322330011790, "正式名称": "医療法人　仁　西原医院", "機関区分": 2, "都道府県コード": 33, "市区町村コード": 202, "所在地": "岡山県倉敷市児島下の町１－１１－１４", "緯度": 34.469732, "経度": 133.817687, "url": "https://www.iryou.teikyouseido.mhlw.go.jp/znk-web/juminkanja/S2430/initialize?prefCd=33&kikanCd=2330011790&kikanKbn=2", "url2": null, "内容": "医療法人　仁　西原医院【2:診療所】【診療科目:内科_小児科】岡山県倉敷市児島下の町１－１１－１４" }, "geometry": { "type": "Point", "coordinates": [ 133.817687, 34.469732 ] } },
{ "type": "Feature", "properties": { "ID": 3322330011800, "正式名称": "医療法人　三泉会　西原眼科", "機関区分": 2, "都道府県コード": 33, "市区町村コード": 202, "所在地": "岡山県倉敷市松島１０６３", "緯度": 34.628463, "経度": 133.806517, "url": "https://www.iryou.teikyouseido.mhlw.go.jp/znk-web/juminkanja/S2430/initialize?prefCd=33&kikanCd=2330011800&kikanKbn=2", "url2": "http://www.mitsumikai.com", "内容": "医療法人　三泉会　西原眼科【2:診療所】【診療科目:眼科】岡山県倉敷市松島１０６３" }, "geometry": { "type": "Point", "coordinates": [ 133.806517, 34.628463 ] } },
{ "type": "Feature", "properties": { "ID": 3322330011810, "正式名称": "医療法人　寿久会　西原内科眼科医院", "機関区分": 2, "都道府県コード": 33, "市区町村コード": 202, "所在地": "岡山県倉敷市児島味野上２丁目８番３５号", "緯度": 34.481369, "経度": 133.798855, "url": "https://www.iryou.teikyouseido.mhlw.go.jp/znk-web/juminkanja/S2430/initialize?prefCd=33&kikanCd=2330011810&kikanKbn=2", "url2": null, "内容": "医療法人　寿久会　西原内科眼科医院【2:診療所】【診療科目:内科_呼吸器内科_小児科_眼科】岡山県倉敷市児島味野上２丁目８番３５号" }, "geometry": { "type": "Point", "coordinates": [ 133.798855, 34.481369 ] } },
{ "type": "Feature", "properties": { "ID": 3322330011820, "正式名称": "医療法人三泉会　西原内科循環器科", "機関区分": 2, "都道府県コード": 33, "市区町村コード": 202, "所在地": "岡山県倉敷市松島１０６５", "緯度": 34.628269, "経度": 133.806239, "url": "https://www.iryou.teikyouseido.mhlw.go.jp/znk-web/juminkanja/S2430/initialize?prefCd=33&kikanCd=2330011820&kikanKbn=2", "url2": "http://www.mitsumikai.com", "内容": "医療法人三泉会　西原内科循環器科【2:診療所】【診療科目:内科_循環器内科】岡山県倉敷市松島１０６５" }, "geometry": { "type": "Point", "coordinates": [ 133.806239, 34.628269 ] } },
{ "type": "Feature", "properties": { "ID": 3322330011840, "正式名称": "医療法人沼本医院", "機関区分": 2, "都道府県コード": 33, "市区町村コード": 202, "所在地": "岡山県倉敷市児島田の口１丁目９番１１号", "緯度": 34.476898, "経度": 133.834908, "url": "https://www.iryou.teikyouseido.mhlw.go.jp/znk-web/juminkanja/S2430/initialize?prefCd=33&kikanCd=2330011840&kikanKbn=2", "url2": null, "内容": "医療法人沼本医院【2:診療所】【診療科目:内科_小児科】岡山県倉敷市児島田の口１丁目９番１１号" }, "geometry": { "type": "Point", "coordinates": [ 133.834908, 34.476898 ] } },
{ "type": "Feature", "properties": { "ID": 3322330011850, "正式名称": "医療法人　和楽会　野上内科医院", "機関区分": 2, "都道府県コード": 33, "市区町村コード": 202, "所在地": "岡山県倉敷市児島味野６丁目１－１０", "緯度": 34.468176, "経度": 133.7993, "url": "https://www.iryou.teikyouseido.mhlw.go.jp/znk-web/juminkanja/S2430/initialize?prefCd=33&kikanCd=2330011850&kikanKbn=2", "url2": "https://www.warakukai.com", "内容": "医療法人　和楽会　野上内科医院【2:診療所】【診療科目:内科_消化器内科_整形外科_小児科_アレルギー科_リハビリテーション科】岡山県倉敷市児島味野６丁目１－１０" }, "geometry": { "type": "Point", "coordinates": [ 133.7993, 34.468176 ] } },
{ "type": "Feature", "properties": { "ID": 3322330011870, "正式名称": "羽島こども診療所", "機関区分": 2, "都道府県コード": 33, "市区町村コード": 202, "所在地": "岡山県倉敷市羽島１９９－１", "緯度": 34.595883, "経度": 133.788658, "url": "https://www.iryou.teikyouseido.mhlw.go.jp/znk-web/juminkanja/S2430/initialize?prefCd=33&kikanCd=2330011870&kikanKbn=2", "url2": null, "内容": "羽島こども診療所【2:診療所】【診療科目:内科_小児科_アレルギー科】岡山県倉敷市羽島１９９－１" }, "geometry": { "type": "Point", "coordinates": [ 133.788658, 34.595883 ] } },
{ "type": "Feature", "properties": { "ID": 3322330011890, "正式名称": "八王寺内科クリニック", "機関区分": 2, "都道府県コード": 33, "市区町村コード": 202, "所在地": "岡山県倉敷市八王寺町１７４－７", "緯度": 34.600438, "経度": 133.753106, "url": "https://www.iryou.teikyouseido.mhlw.go.jp/znk-web/juminkanja/S2430/initialize?prefCd=33&kikanCd=2330011890&kikanKbn=2", "url2": "http://www.kurashiki-med.or.jp/drmap/kurashiki/hatiouji.html", "内容": "八王寺内科クリニック【2:診療所】【診療科目:内科_糖尿病内科_呼吸器内科_循環器内科_消化器内科_小児科】岡山県倉敷市八王寺町１７４－７" }, "geometry": { "type": "Point", "coordinates": [ 133.753106, 34.600438 ] } },
{ "type": "Feature", "properties": { "ID": 3322330011900, "正式名称": "はまむらクリニック", "機関区分": 2, "都道府県コード": 33, "市区町村コード": 202, "所在地": "岡山県倉敷市児島小川５丁目１－１７", "緯度": 34.476425, "経度": 133.801439, "url": "https://www.iryou.teikyouseido.mhlw.go.jp/znk-web/juminkanja/S2430/initialize?prefCd=33&kikanCd=2330011900&kikanKbn=2", "url2": "http://www.myclinic.ne.jp/hamamura/pc/", "内容": "はまむらクリニック【2:診療所】【診療科目:精神科_心療内科】岡山県倉敷市児島小川５丁目１－１７" }, "geometry": { "type": "Point", "coordinates": [ 133.801439, 34.476425 ] } },
{ "type": "Feature", "properties": { "ID": 3322330011920, "正式名称": "はやし眼科", "機関区分": 2, "都道府県コード": 33, "市区町村コード": 202, "所在地": "岡山県倉敷市八王寺町２０４", "緯度": 34.59991, "経度": 133.747967, "url": "https://www.iryou.teikyouseido.mhlw.go.jp/znk-web/juminkanja/S2430/initialize?prefCd=33&kikanCd=2330011920&kikanKbn=2", "url2": "https://www.hayashiganka.com", "内容": "はやし眼科【2:診療所】【診療科目:眼科】岡山県倉敷市八王寺町２０４" }, "geometry": { "type": "Point", "coordinates": [ 133.747967, 34.59991 ] } },
{ "type": "Feature", "properties": { "ID": 3322330011930, "正式名称": "原内科クリニック", "機関区分": 2, "都道府県コード": 33, "市区町村コード": 202, "所在地": "岡山県倉敷市阿知３－１６－４", "緯度": 34.598244, "経度": 133.767577, "url": "https://www.iryou.teikyouseido.mhlw.go.jp/znk-web/juminkanja/S2430/initialize?prefCd=33&kikanCd=2330011930&kikanKbn=2", "url2": null, "内容": "原内科クリニック【2:診療所】【診療科目:内科_呼吸器内科_循環器内科_消化器内科_小児科_アレルギー科_放射線科】岡山県倉敷市阿知３－１６－４" }, "geometry": { "type": "Point", "coordinates": [ 133.767577, 34.598244 ] } },
{ "type": "Feature", "properties": { "ID": 3322330011940, "正式名称": "はらもと内科皮膚科クリニック", "機関区分": 2, "都道府県コード": 33, "市区町村コード": 202, "所在地": "岡山県倉敷市西阿知町５６６－１", "緯度": 34.58955, "経度": 133.73708, "url": "https://www.iryou.teikyouseido.mhlw.go.jp/znk-web/juminkanja/S2430/initialize?prefCd=33&kikanCd=2330011940&kikanKbn=2", "url2": null, "内容": "はらもと内科皮膚科クリニック【2:診療所】【診療科目:内科_小児科_皮膚科_リハビリテーション科】岡山県倉敷市西阿知町５６６－１" }, "geometry": { "type": "Point", "coordinates": [ 133.73708, 34.58955 ] } },
{ "type": "Feature", "properties": { "ID": 3322330011950, "正式名称": "医療法人ふくろう会はりがや小児科", "機関区分": 2, "都道府県コード": 33, "市区町村コード": 202, "所在地": "岡山県倉敷市水江１５９９－９", "緯度": 34.597993, "経度": 133.744551, "url": "https://www.iryou.teikyouseido.mhlw.go.jp/znk-web/juminkanja/S2430/initialize?prefCd=33&kikanCd=2330011950&kikanKbn=2", "url2": "https://www.harigaya-clinic.org", "内容": "医療法人ふくろう会はりがや小児科【2:診療所】【診療科目:小児科】岡山県倉敷市水江１５９９－９" }, "geometry": { "type": "Point", "coordinates": [ 133.744551, 34.597993 ] } },
{ "type": "Feature", "properties": { "ID": 3322330011960, "正式名称": "びとう整形外科内科医院", "機関区分": 2, "都道府県コード": 33, "市区町村コード": 202, "所在地": "岡山県倉敷市連島４丁目２－２０", "緯度": 34.552943, "経度": 133.742552, "url": "https://www.iryou.teikyouseido.mhlw.go.jp/znk-web/juminkanja/S2430/initialize?prefCd=33&kikanCd=2330011960&kikanKbn=2", "url2": null, "内容": "びとう整形外科内科医院【2:診療所】【診療科目:内科_整形外科_リハビリテーション科】岡山県倉敷市連島４丁目２－２０" }, "geometry": { "type": "Point", "coordinates": [ 133.742552, 34.552943 ] } },
{ "type": "Feature", "properties": { "ID": 3322330011990, "正式名称": "医療法人　平田内科医院", "機関区分": 2, "都道府県コード": 33, "市区町村コード": 202, "所在地": "岡山県倉敷市茶屋町４２７－１", "緯度": 34.577581, "経度": 133.826683, "url": "https://www.iryou.teikyouseido.mhlw.go.jp/znk-web/juminkanja/S2430/initialize?prefCd=33&kikanCd=2330011990&kikanKbn=2", "url2": null, "内容": "医療法人　平田内科医院【2:診療所】【診療科目:内科_小児科】岡山県倉敷市茶屋町４２７－１" }, "geometry": { "type": "Point", "coordinates": [ 133.826683, 34.577581 ] } },
{ "type": "Feature", "properties": { "ID": 3322330012000, "正式名称": "平野皮膚科医院", "機関区分": 2, "都道府県コード": 33, "市区町村コード": 202, "所在地": "岡山県倉敷市天城台４－７－２７", "緯度": 34.571581, "経度": 133.807741, "url": "https://www.iryou.teikyouseido.mhlw.go.jp/znk-web/juminkanja/S2430/initialize?prefCd=33&kikanCd=2330012000&kikanKbn=2", "url2": null, "内容": "平野皮膚科医院【2:診療所】【診療科目:皮膚科】岡山県倉敷市天城台４－７－２７" }, "geometry": { "type": "Point", "coordinates": [ 133.807741, 34.571581 ] } },
{ "type": "Feature", "properties": { "ID": 3322330012010, "正式名称": "平松眼科医院", "機関区分": 2, "都道府県コード": 33, "市区町村コード": 202, "所在地": "岡山県倉敷市沖新町９０－１大高ビル１Ｆ", "緯度": 34.583106, "経度": 133.755689, "url": "https://www.iryou.teikyouseido.mhlw.go.jp/znk-web/juminkanja/S2430/initialize?prefCd=33&kikanCd=2330012010&kikanKbn=2", "url2": null, "内容": "平松眼科医院【2:診療所】【診療科目:眼科】岡山県倉敷市沖新町９０－１大高ビル１Ｆ" }, "geometry": { "type": "Point", "coordinates": [ 133.755689, 34.583106 ] } },
{ "type": "Feature", "properties": { "ID": 3322330012020, "正式名称": "医療法人　武鶴会　平本胃腸科外科クリニック", "機関区分": 2, "都道府県コード": 33, "市区町村コード": 202, "所在地": "岡山県倉敷市真備町川辺１８３４－５", "緯度": 34.641349, "経度": 133.712636, "url": "https://www.iryou.teikyouseido.mhlw.go.jp/znk-web/juminkanja/S2430/initialize?prefCd=33&kikanCd=2330012020&kikanKbn=2", "url2": null, "内容": "医療法人　武鶴会　平本胃腸科外科クリニック【2:診療所】【診療科目:内科_糖尿病内科_脂質代謝内科_糖尿病・内分泌内科_消化器内科_胃腸内科_内視鏡内科_ペインクリニック内科_アレルギー疾患内科_緩和ケア内科_外科_消化器・移植外科_胃腸外科_乳腺外科_乳腺・内分泌外科_大腸・肛門外科_ペインクリニック外科_腹部外科_移植・内視鏡外科_リハビリテーション科_放射線科_麻酔科】岡山県倉敷市真備町川辺１８３４－５" }, "geometry": { "type": "Point", "coordinates": [ 133.712636, 34.641349 ] } },
{ "type": "Feature", "properties": { "ID": 3322330012030, "正式名称": "医療法人ふじい小児科", "機関区分": 2, "都道府県コード": 33, "市区町村コード": 202, "所在地": "岡山県倉敷市中島２２４４－１", "緯度": 34.582439, "経度": 133.740968, "url": "https://www.iryou.teikyouseido.mhlw.go.jp/znk-web/juminkanja/S2430/initialize?prefCd=33&kikanCd=2330012030&kikanKbn=2", "url2": "https://www.ka-fujii-pediatrics.com/", "内容": "医療法人ふじい小児科【2:診療所】【診療科目:小児科】岡山県倉敷市中島２２４４－１" }, "geometry": { "type": "Point", "coordinates": [ 133.740968, 34.582439 ] } },
{ "type": "Feature", "properties": { "ID": 3322330012040, "正式名称": "医療法人藤井ハートクリニック", "機関区分": 2, "都道府県コード": 33, "市区町村コード": 202, "所在地": "岡山県倉敷市白楽町１２５－１３", "緯度": 34.588522, "経度": 133.76255, "url": "https://www.iryou.teikyouseido.mhlw.go.jp/znk-web/juminkanja/S2430/initialize?prefCd=33&kikanCd=2330012040&kikanKbn=2", "url2": null, "内容": "医療法人藤井ハートクリニック【2:診療所】【診療科目:内科_循環器内科】岡山県倉敷市白楽町１２５－１３" }, "geometry": { "type": "Point", "coordinates": [ 133.76255, 34.588522 ] } },
{ "type": "Feature", "properties": { "ID": 3322330012050, "正式名称": "医療法人　俊医会　藤田医院", "機関区分": 2, "都道府県コード": 33, "市区町村コード": 202, "所在地": "岡山県倉敷市児島駅前１丁目５３－２ニューかたやまビル１階", "緯度": 34.465204, "経度": 133.804355, "url": "https://www.iryou.teikyouseido.mhlw.go.jp/znk-web/juminkanja/S2430/initialize?prefCd=33&kikanCd=2330012050&kikanKbn=2", "url2": null, "内容": "医療法人　俊医会　藤田医院【2:診療所】【診療科目:内科_呼吸器内科_循環器内科_消化器内科】岡山県倉敷市児島駅前１丁目５３－２ニューかたやまビル１階" }, "geometry": { "type": "Point", "coordinates": [ 133.804355, 34.465204 ] } },
{ "type": "Feature", "properties": { "ID": 3322330012060, "正式名称": "医療法人藤田医院", "機関区分": 2, "都道府県コード": 33, "市区町村コード": 202, "所在地": "岡山県倉敷市玉島中央町１－１８－２０", "緯度": 34.542117, "経度": 133.670454, "url": "https://www.iryou.teikyouseido.mhlw.go.jp/znk-web/juminkanja/S2430/initialize?prefCd=33&kikanCd=2330012060&kikanKbn=2", "url2": null, "内容": "医療法人藤田医院【2:診療所】【診療科目:内科】岡山県倉敷市玉島中央町１－１８－２０" }, "geometry": { "type": "Point", "coordinates": [ 133.670454, 34.542117 ] } },
{ "type": "Feature", "properties": { "ID": 3322330012070, "正式名称": "医療法人　街の診療所　ふじた医院", "機関区分": 2, "都道府県コード": 33, "市区町村コード": 202, "所在地": "岡山県倉敷市福島６７４－１", "緯度": 34.601188, "経度": 133.783242, "url": "https://www.iryou.teikyouseido.mhlw.go.jp/znk-web/juminkanja/S2430/initialize?prefCd=33&kikanCd=2330012070&kikanKbn=2", "url2": "http://www.kurashiki-med.or.jp/drmap/kurashiki/fujita.html", "内容": "医療法人　街の診療所　ふじた医院【2:診療所】【診療科目:内科_糖尿病内科_消化器内科_リハビリテーション科】岡山県倉敷市福島６７４－１" }, "geometry": { "type": "Point", "coordinates": [ 133.783242, 34.601188 ] } },
{ "type": "Feature", "properties": { "ID": 3322330012080, "正式名称": "医療法人福寿会藤戸クリニック", "機関区分": 2, "都道府県コード": 33, "市区町村コード": 202, "所在地": "岡山県倉敷市藤戸町藤戸１５７３－１", "緯度": 34.558166, "経度": 133.822351, "url": "https://www.iryou.teikyouseido.mhlw.go.jp/znk-web/juminkanja/S2430/initialize?prefCd=33&kikanCd=2330012080&kikanKbn=2", "url2": "http://www.fukujyu.or.jp", "内容": "医療法人福寿会藤戸クリニック【2:診療所】【診療科目:内科_婦人科_精神科】岡山県倉敷市藤戸町藤戸１５７３－１" }, "geometry": { "type": "Point", "coordinates": [ 133.822351, 34.558166 ] } },
{ "type": "Feature", "properties": { "ID": 3322330012090, "正式名称": "ふじの小児科医院", "機関区分": 2, "都道府県コード": 33, "市区町村コード": 202, "所在地": "岡山県倉敷市老松町３丁目１５－７", "緯度": 34.594494, "経度": 133.763938, "url": "https://www.iryou.teikyouseido.mhlw.go.jp/znk-web/juminkanja/S2430/initialize?prefCd=33&kikanCd=2330012090&kikanKbn=2", "url2": "https://fujino-clinic.jimdofree.com/", "内容": "ふじの小児科医院【2:診療所】【診療科目:内科_小児科_アレルギー科】岡山県倉敷市老松町３丁目１５－７" }, "geometry": { "type": "Point", "coordinates": [ 133.763938, 34.594494 ] } },
{ "type": "Feature", "properties": { "ID": 3322330012110, "正式名称": "藤本整形外科", "機関区分": 2, "都道府県コード": 33, "市区町村コード": 202, "所在地": "岡山県倉敷市福島４９６－１", "緯度": 34.604771, "経度": 133.785741, "url": "https://www.iryou.teikyouseido.mhlw.go.jp/znk-web/juminkanja/S2430/initialize?prefCd=33&kikanCd=2330012110&kikanKbn=2", "url2": null, "内容": "藤本整形外科【2:診療所】【診療科目:整形外科_リハビリテーション科】岡山県倉敷市福島４９６－１" }, "geometry": { "type": "Point", "coordinates": [ 133.785741, 34.604771 ] } },
{ "type": "Feature", "properties": { "ID": 3322330012120, "正式名称": "医療法人　石原会　古林耳鼻咽喉科医院", "機関区分": 2, "都道府県コード": 33, "市区町村コード": 202, "所在地": "岡山県倉敷市児島下の町７－４－９", "緯度": 34.47737, "経度": 133.824853, "url": "https://www.iryou.teikyouseido.mhlw.go.jp/znk-web/juminkanja/S2430/initialize?prefCd=33&kikanCd=2330012120&kikanKbn=2", "url2": "https://kobayashi-ent-clinic.jp", "内容": "医療法人　石原会　古林耳鼻咽喉科医院【2:診療所】【診療科目:耳鼻いんこう科】岡山県倉敷市児島下の町７－４－９" }, "geometry": { "type": "Point", "coordinates": [ 133.824853, 34.47737 ] } },
{ "type": "Feature", "properties": { "ID": 3322330012130, "正式名称": "医療法人　古谷医院", "機関区分": 2, "都道府県コード": 33, "市区町村コード": 202, "所在地": "岡山県倉敷市下津井吹上２丁目１－１４", "緯度": 34.436957, "経度": 133.801412, "url": "https://www.iryou.teikyouseido.mhlw.go.jp/znk-web/juminkanja/S2430/initialize?prefCd=33&kikanCd=2330012130&kikanKbn=2", "url2": null, "内容": "医療法人　古谷医院【2:診療所】【診療科目:内科_消化器内科_外科_リハビリテーション科_放射線科】岡山県倉敷市下津井吹上２丁目１－１４" }, "geometry": { "type": "Point", "coordinates": [ 133.801412, 34.436957 ] } },
{ "type": "Feature", "properties": { "ID": 3322330012140, "正式名称": "ほう皮フ科クリニック", "機関区分": 2, "都道府県コード": 33, "市区町村コード": 202, "所在地": "岡山県倉敷市浜ノ茶屋３１２－９", "緯度": 34.613048, "経度": 133.768132, "url": "https://www.iryou.teikyouseido.mhlw.go.jp/znk-web/juminkanja/S2430/initialize?prefCd=33&kikanCd=2330012140&kikanKbn=2", "url2": "http://www.hou-hifuka.com", "内容": "ほう皮フ科クリニック【2:診療所】【診療科目:皮膚科_美容皮膚科_アレルギー科】岡山県倉敷市浜ノ茶屋３１２－９" }, "geometry": { "type": "Point", "coordinates": [ 133.768132, 34.613048 ] } },
{ "type": "Feature", "properties": { "ID": 3322330012150, "正式名称": "医療法人堀医院", "機関区分": 2, "都道府県コード": 33, "市区町村コード": 202, "所在地": "岡山県倉敷市水島西弥生町７番２１号", "緯度": 34.543555, "経度": 133.745497, "url": "https://www.iryou.teikyouseido.mhlw.go.jp/znk-web/juminkanja/S2430/initialize?prefCd=33&kikanCd=2330012150&kikanKbn=2", "url2": "http://hori-ent.sakura.ne.jp", "内容": "医療法人堀医院【2:診療所】【診療科目:気管食道外科_耳鼻いんこう科_アレルギー科】岡山県倉敷市水島西弥生町７番２１号" }, "geometry": { "type": "Point", "coordinates": [ 133.745497, 34.543555 ] } },
{ "type": "Feature", "properties": { "ID": 3322330012160, "正式名称": "医療法人恒和会庵谷医院", "機関区分": 2, "都道府県コード": 33, "市区町村コード": 202, "所在地": "岡山県倉敷市林５１４", "緯度": 34.539251, "経度": 133.815935, "url": "https://www.iryou.teikyouseido.mhlw.go.jp/znk-web/juminkanja/S2430/initialize?prefCd=33&kikanCd=2330012160&kikanKbn=2", "url2": "http://www.kurashiki-med.or.jp/drmap/kojima/antani.html", "内容": "医療法人恒和会庵谷医院【2:診療所】【診療科目:内科_循環器内科_小児科】岡山県倉敷市林５１４" }, "geometry": { "type": "Point", "coordinates": [ 133.815935, 34.539251 ] } },
{ "type": "Feature", "properties": { "ID": 3322330012170, "正式名称": "医療法人　眞神耳鼻咽喉科医院", "機関区分": 2, "都道府県コード": 33, "市区町村コード": 202, "所在地": "岡山県倉敷市連島中央５丁目１８－１３", "緯度": 34.547332, "経度": 133.724082, "url": "https://www.iryou.teikyouseido.mhlw.go.jp/znk-web/juminkanja/S2430/initialize?prefCd=33&kikanCd=2330012170&kikanKbn=2", "url2": null, "内容": "医療法人　眞神耳鼻咽喉科医院【2:診療所】【診療科目:耳鼻いんこう科】岡山県倉敷市連島中央５丁目１８－１３" }, "geometry": { "type": "Point", "coordinates": [ 133.724082, 34.547332 ] } },
{ "type": "Feature", "properties": { "ID": 3322330012180, "正式名称": "医療法人庸英会まさよし内科小児科クリニック", "機関区分": 2, "都道府県コード": 33, "市区町村コード": 202, "所在地": "岡山県倉敷市福田町浦田２３９１", "緯度": 34.559914, "経度": 133.751024, "url": "https://www.iryou.teikyouseido.mhlw.go.jp/znk-web/juminkanja/S2430/initialize?prefCd=33&kikanCd=2330012180&kikanKbn=2", "url2": "http://www2.kct.ne.jp/~toyoyoko/", "内容": "医療法人庸英会まさよし内科小児科クリニック【2:診療所】【診療科目:内科_呼吸器内科_小児科】岡山県倉敷市福田町浦田２３９１" }, "geometry": { "type": "Point", "coordinates": [ 133.751024, 34.559914 ] } },
{ "type": "Feature", "properties": { "ID": 3322330012190, "正式名称": "医療法人　ますだ整形外科", "機関区分": 2, "都道府県コード": 33, "市区町村コード": 202, "所在地": "岡山県倉敷市八王寺町１８０－３７", "緯度": 34.600132, "経度": 133.752161, "url": "https://www.iryou.teikyouseido.mhlw.go.jp/znk-web/juminkanja/S2430/initialize?prefCd=33&kikanCd=2330012190&kikanKbn=2", "url2": null, "内容": "医療法人　ますだ整形外科【2:診療所】【診療科目:外科_整形外科_リハビリテーション科】岡山県倉敷市八王寺町１８０－３７" }, "geometry": { "type": "Point", "coordinates": [ 133.752161, 34.600132 ] } },
{ "type": "Feature", "properties": { "ID": 3322330012210, "正式名称": "医療法人社団　松尾医院", "機関区分": 2, "都道府県コード": 33, "市区町村コード": 202, "所在地": "岡山県倉敷市西坂１７７７－１", "緯度": 34.626018, "経度": 133.77688, "url": "https://www.iryou.teikyouseido.mhlw.go.jp/znk-web/juminkanja/S2430/initialize?prefCd=33&kikanCd=2330012210&kikanKbn=2", "url2": "https://inage-clinic.jp", "内容": "医療法人社団　松尾医院【2:診療所】【診療科目:内科_循環器内科_小児科】岡山県倉敷市西坂１７７７－１" }, "geometry": { "type": "Point", "coordinates": [ 133.77688, 34.626018 ] } },
{ "type": "Feature", "properties": { "ID": 3322330012220, "正式名称": "松香内科医院", "機関区分": 2, "都道府県コード": 33, "市区町村コード": 202, "所在地": "岡山県倉敷市児島上の町３－１－１０", "緯度": 34.490035, "経度": 133.815826, "url": "https://www.iryou.teikyouseido.mhlw.go.jp/znk-web/juminkanja/S2430/initialize?prefCd=33&kikanCd=2330012220&kikanKbn=2", "url2": null, "内容": "松香内科医院【2:診療所】【診療科目:内科_呼吸器内科_消化器内科】岡山県倉敷市児島上の町３－１－１０" }, "geometry": { "type": "Point", "coordinates": [ 133.815826, 34.490035 ] } },
{ "type": "Feature", "properties": { "ID": 3322330012230, "正式名称": "松田医院", "機関区分": 2, "都道府県コード": 33, "市区町村コード": 202, "所在地": "岡山県倉敷市真備町箭田１６９９－１", "緯度": 34.630683, "経度": 133.690055, "url": "https://www.iryou.teikyouseido.mhlw.go.jp/znk-web/juminkanja/S2430/initialize?prefCd=33&kikanCd=2330012230&kikanKbn=2", "url2": null, "内容": "松田医院【2:診療所】【診療科目:内科】岡山県倉敷市真備町箭田１６９９－１" }, "geometry": { "type": "Point", "coordinates": [ 133.690055, 34.630683 ] } },
{ "type": "Feature", "properties": { "ID": 3322330012240, "正式名称": "松田クリニック", "機関区分": 2, "都道府県コード": 33, "市区町村コード": 202, "所在地": "岡山県倉敷市真備町川辺１０７－１", "緯度": 34.640488, "経度": 133.716858, "url": "https://www.iryou.teikyouseido.mhlw.go.jp/znk-web/juminkanja/S2430/initialize?prefCd=33&kikanCd=2330012240&kikanKbn=2", "url2": null, "内容": "松田クリニック【2:診療所】【診療科目:耳鼻いんこう科】岡山県倉敷市真備町川辺１０７－１" }, "geometry": { "type": "Point", "coordinates": [ 133.716858, 34.640488 ] } },
{ "type": "Feature", "properties": { "ID": 3322330012260, "正式名称": "松原耳鼻咽喉科医院", "機関区分": 2, "都道府県コード": 33, "市区町村コード": 202, "所在地": "岡山県倉敷市阿知１丁目１６番８号", "緯度": 34.59966, "経度": 133.764105, "url": "https://www.iryou.teikyouseido.mhlw.go.jp/znk-web/juminkanja/S2430/initialize?prefCd=33&kikanCd=2330012260&kikanKbn=2", "url2": "http://m-ent.jp", "内容": "松原耳鼻咽喉科医院【2:診療所】【診療科目:耳鼻いんこう科_アレルギー科】岡山県倉敷市阿知１丁目１６番８号" }, "geometry": { "type": "Point", "coordinates": [ 133.764105, 34.59966 ] } },
{ "type": "Feature", "properties": { "ID": 3322330012270, "正式名称": "医療法人　松栄会　松本眼科医院", "機関区分": 2, "都道府県コード": 33, "市区町村コード": 202, "所在地": "岡山県倉敷市美和２－９－１３", "緯度": 34.598244, "経度": 133.777104, "url": "https://www.iryou.teikyouseido.mhlw.go.jp/znk-web/juminkanja/S2430/initialize?prefCd=33&kikanCd=2330012270&kikanKbn=2", "url2": "https://matsumotoeyeclinic.com", "内容": "医療法人　松栄会　松本眼科医院【2:診療所】【診療科目:眼科】岡山県倉敷市美和２－９－１３" }, "geometry": { "type": "Point", "coordinates": [ 133.777104, 34.598244 ] } },
{ "type": "Feature", "properties": { "ID": 3322330012280, "正式名称": "三浦皮膚科医院", "機関区分": 2, "都道府県コード": 33, "市区町村コード": 202, "所在地": "岡山県倉敷市阿知三丁目２２－１３", "緯度": 34.596855, "経度": 133.766966, "url": "https://www.iryou.teikyouseido.mhlw.go.jp/znk-web/juminkanja/S2430/initialize?prefCd=33&kikanCd=2330012280&kikanKbn=2", "url2": "http://www.miuraderma1970.byoinnavi.jp/", "内容": "三浦皮膚科医院【2:診療所】【診療科目:皮膚科】岡山県倉敷市阿知三丁目２２－１３" }, "geometry": { "type": "Point", "coordinates": [ 133.766966, 34.596855 ] } },
{ "type": "Feature", "properties": { "ID": 3322330012300, "正式名称": "三谷原内科医院", "機関区分": 2, "都道府県コード": 33, "市区町村コード": 202, "所在地": "岡山県倉敷市中島１４７３－１", "緯度": 34.575884, "経度": 133.726609, "url": "https://www.iryou.teikyouseido.mhlw.go.jp/znk-web/juminkanja/S2430/initialize?prefCd=33&kikanCd=2330012300&kikanKbn=2", "url2": null, "内容": "三谷原内科医院【2:診療所】【診療科目:内科_呼吸器内科_循環器内科_消化器内科_小児科_リハビリテーション科_放射線科】岡山県倉敷市中島１４７３－１" }, "geometry": { "type": "Point", "coordinates": [ 133.726609, 34.575884 ] } },
{ "type": "Feature", "properties": { "ID": 3322330012350, "正式名称": "医療法人　源医院", "機関区分": 2, "都道府県コード": 33, "市区町村コード": 202, "所在地": "岡山県倉敷市真備町有井２０５－１", "緯度": 34.636655, "経度": 133.706692, "url": "https://www.iryou.teikyouseido.mhlw.go.jp/znk-web/juminkanja/S2430/initialize?prefCd=33&kikanCd=2330012350&kikanKbn=2", "url2": null, "内容": "医療法人　源医院【2:診療所】【診療科目:内科_外科_整形外科】岡山県倉敷市真備町有井２０５－１" }, "geometry": { "type": "Point", "coordinates": [ 133.706692, 34.636655 ] } },
{ "type": "Feature", "properties": { "ID": 3322330012370, "正式名称": "陽森堂宮尾整形外科医院", "機関区分": 2, "都道府県コード": 33, "市区町村コード": 202, "所在地": "岡山県倉敷市玉島八島１８０８の１", "緯度": 34.562468, "経度": 133.657393, "url": "https://www.iryou.teikyouseido.mhlw.go.jp/znk-web/juminkanja/S2430/initialize?prefCd=33&kikanCd=2330012370&kikanKbn=2", "url2": null, "内容": "陽森堂宮尾整形外科医院【2:診療所】【診療科目:整形外科】岡山県倉敷市玉島八島１８０８の１" }, "geometry": { "type": "Point", "coordinates": [ 133.657393, 34.562468 ] } },
{ "type": "Feature", "properties": { "ID": 3322330012380, "正式名称": "医療法人伯寿会三宅医院", "機関区分": 2, "都道府県コード": 33, "市区町村コード": 202, "所在地": "岡山県倉敷市児島赤崎１－３－３７", "緯度": 34.45851, "経度": 133.797551, "url": "https://www.iryou.teikyouseido.mhlw.go.jp/znk-web/juminkanja/S2430/initialize?prefCd=33&kikanCd=2330012380&kikanKbn=2", "url2": null, "内容": "医療法人伯寿会三宅医院【2:診療所】【診療科目:内科】岡山県倉敷市児島赤崎１－３－３７" }, "geometry": { "type": "Point", "coordinates": [ 133.797551, 34.45851 ] } },
{ "type": "Feature", "properties": { "ID": 3322330012390, "正式名称": "医療法人　三宅内科クリニック", "機関区分": 2, "都道府県コード": 33, "市区町村コード": 202, "所在地": "岡山県倉敷市連島町鶴新田１２７８－１", "緯度": 34.544047, "経度": 133.715301, "url": "https://www.iryou.teikyouseido.mhlw.go.jp/znk-web/juminkanja/S2430/initialize?prefCd=33&kikanCd=2330012390&kikanKbn=2", "url2": "http://www.kurashiki-med.or.jp/kurashik/index.htm", "内容": "医療法人　三宅内科クリニック【2:診療所】【診療科目:内科_消化器内科_小児科_リハビリテーション科】岡山県倉敷市連島町鶴新田１２７８－１" }, "geometry": { "type": "Point", "coordinates": [ 133.715301, 34.544047 ] } },
{ "type": "Feature", "properties": { "ID": 3322330012400, "正式名称": "みやけ内科小児科医院", "機関区分": 2, "都道府県コード": 33, "市区町村コード": 202, "所在地": "岡山県倉敷市福田町古新田８１４番地１", "緯度": 34.540084, "経度": 133.768634, "url": "https://www.iryou.teikyouseido.mhlw.go.jp/znk-web/juminkanja/S2430/initialize?prefCd=33&kikanCd=2330012400&kikanKbn=2", "url2": "http://greenwind-web.com/", "内容": "みやけ内科小児科医院【2:診療所】【診療科目:内科_循環器内科_小児科_耳鼻いんこう科_皮膚科_リハビリテーション科】岡山県倉敷市福田町古新田８１４番地１" }, "geometry": { "type": "Point", "coordinates": [ 133.768634, 34.540084 ] } },
{ "type": "Feature", "properties": { "ID": 3322330012410, "正式名称": "特別養護老人ホームみゆき園医務室", "機関区分": 2, "都道府県コード": 33, "市区町村コード": 202, "所在地": "岡山県倉敷市幸町８－２７", "緯度": 34.607409, "経度": 133.774853, "url": "https://www.iryou.teikyouseido.mhlw.go.jp/znk-web/juminkanja/S2430/initialize?prefCd=33&kikanCd=2330012410&kikanKbn=2", "url2": null, "内容": "特別養護老人ホームみゆき園医務室【2:診療所】【診療科目:内科_外科】岡山県倉敷市幸町８－２７" }, "geometry": { "type": "Point", "coordinates": [ 133.774853, 34.607409 ] } },
{ "type": "Feature", "properties": { "ID": 3322330012420, "正式名称": "（医）村上内科医院", "機関区分": 2, "都道府県コード": 33, "市区町村コード": 202, "所在地": "岡山県倉敷市新田３２１１－７", "緯度": 34.575552, "経度": 133.780882, "url": "https://www.iryou.teikyouseido.mhlw.go.jp/znk-web/juminkanja/S2430/initialize?prefCd=33&kikanCd=2330012420&kikanKbn=2", "url2": "http://kurashiki-med.or.jp", "内容": "（医）村上内科医院【2:診療所】【診療科目:内科】岡山県倉敷市新田３２１１－７" }, "geometry": { "type": "Point", "coordinates": [ 133.780882, 34.575552 ] } },
{ "type": "Feature", "properties": { "ID": 3322330012430, "正式名称": "医療法人村山クリニック", "機関区分": 2, "都道府県コード": 33, "市区町村コード": 202, "所在地": "岡山県倉敷市児島下の町２－１２－２", "緯度": 34.474814, "経度": 133.822298, "url": "https://www.iryou.teikyouseido.mhlw.go.jp/znk-web/juminkanja/S2430/initialize?prefCd=33&kikanCd=2330012430&kikanKbn=2", "url2": null, "内容": "医療法人村山クリニック【2:診療所】【診療科目:神経内科_外科_脳神経外科_整形外科_放射線科】岡山県倉敷市児島下の町２－１２－２" }, "geometry": { "type": "Point", "coordinates": [ 133.822298, 34.474814 ] } },
{ "type": "Feature", "properties": { "ID": 3322330012440, "正式名称": "もりたクリニック", "機関区分": 2, "都道府県コード": 33, "市区町村コード": 202, "所在地": "岡山県倉敷市鶴形１丁目３の３小原ビル２Ｆ", "緯度": 34.60166, "経度": 133.769299, "url": "https://www.iryou.teikyouseido.mhlw.go.jp/znk-web/juminkanja/S2430/initialize?prefCd=33&kikanCd=2330012440&kikanKbn=2", "url2": "http://www.myclinic.ne.jp/moritamc/pc/access.html", "内容": "もりたクリニック【2:診療所】【診療科目:精神科_心療内科】岡山県倉敷市鶴形１丁目３の３小原ビル２Ｆ" }, "geometry": { "type": "Point", "coordinates": [ 133.769299, 34.60166 ] } },
{ "type": "Feature", "properties": { "ID": 3322330012450, "正式名称": "医療法人　守谷整形外科医院", "機関区分": 2, "都道府県コード": 33, "市区町村コード": 202, "所在地": "岡山県倉敷市玉島勇崎５８５－１", "緯度": 34.527221, "経度": 133.645479, "url": "https://www.iryou.teikyouseido.mhlw.go.jp/znk-web/juminkanja/S2430/initialize?prefCd=33&kikanCd=2330012450&kikanKbn=2", "url2": "http://park10.wakwak.com/~moriyaseikei/", "内容": "医療法人　守谷整形外科医院【2:診療所】【診療科目:整形外科_リハビリテーション科】岡山県倉敷市玉島勇崎５８５－１" }, "geometry": { "type": "Point", "coordinates": [ 133.645479, 34.527221 ] } },
{ "type": "Feature", "properties": { "ID": 3322330012460, "正式名称": "医療法人のぞみ会　のぞみクリニック", "機関区分": 2, "都道府県コード": 33, "市区町村コード": 202, "所在地": "岡山県倉敷市玉島乙島７１２５－３", "緯度": 34.534471, "経度": 133.68217, "url": "https://www.iryou.teikyouseido.mhlw.go.jp/znk-web/juminkanja/S2430/initialize?prefCd=33&kikanCd=2330012460&kikanKbn=2", "url2": null, "内容": "医療法人のぞみ会　のぞみクリニック【2:診療所】【診療科目:内科_胃腸内科_外科_小児科】岡山県倉敷市玉島乙島７１２５－３" }, "geometry": { "type": "Point", "coordinates": [ 133.68217, 34.534471 ] } },
{ "type": "Feature", "properties": { "ID": 3322330012480, "正式名称": "医療法人　清志会　のぞみキッズクリニック", "機関区分": 2, "都道府県コード": 33, "市区町村コード": 202, "所在地": "岡山県倉敷市玉島１７０１－１", "緯度": 34.552691, "経度": 133.681197, "url": "https://www.iryou.teikyouseido.mhlw.go.jp/znk-web/juminkanja/S2430/initialize?prefCd=33&kikanCd=2330012480&kikanKbn=2", "url2": "https://www.nozomi-kids-clinic.com", "内容": "医療法人　清志会　のぞみキッズクリニック【2:診療所】【診療科目:小児科_アレルギー科】岡山県倉敷市玉島１７０１－１" }, "geometry": { "type": "Point", "coordinates": [ 133.681197, 34.552691 ] } },
{ "type": "Feature", "properties": { "ID": 3322330012490, "正式名称": "守安外科胃腸科整形外科クリニック", "機関区分": 2, "都道府県コード": 33, "市区町村コード": 202, "所在地": "岡山県倉敷市宮前３８０－６０", "緯度": 34.61102, "経度": 133.764299, "url": "https://www.iryou.teikyouseido.mhlw.go.jp/znk-web/juminkanja/S2430/initialize?prefCd=33&kikanCd=2330012490&kikanKbn=2", "url2": null, "内容": "守安外科胃腸科整形外科クリニック【2:診療所】【診療科目:内科_胃腸内科_外科_整形外科_リハビリテーション科】岡山県倉敷市宮前３８０－６０" }, "geometry": { "type": "Point", "coordinates": [ 133.764299, 34.61102 ] } },
{ "type": "Feature", "properties": { "ID": 3322330012510, "正式名称": "医療法人　安田皮フ科クリニック", "機関区分": 2, "都道府県コード": 33, "市区町村コード": 202, "所在地": "岡山県倉敷市福島４９８－２", "緯度": 34.604299, "経度": 133.78613, "url": "https://www.iryou.teikyouseido.mhlw.go.jp/znk-web/juminkanja/S2430/initialize?prefCd=33&kikanCd=2330012510&kikanKbn=2", "url2": "http://www2.kct.ne.jp/~hy2202/index.html", "内容": "医療法人　安田皮フ科クリニック【2:診療所】【診療科目:皮膚科_美容皮膚科】岡山県倉敷市福島４９８－２" }, "geometry": { "type": "Point", "coordinates": [ 133.78613, 34.604299 ] } },
{ "type": "Feature", "properties": { "ID": 3322330012520, "正式名称": "ヤスハラ医院", "機関区分": 2, "都道府県コード": 33, "市区町村コード": 202, "所在地": "岡山県倉敷市玉島中央町１－６－２１", "緯度": 34.543887, "経度": 133.671337, "url": "https://www.iryou.teikyouseido.mhlw.go.jp/znk-web/juminkanja/S2430/initialize?prefCd=33&kikanCd=2330012520&kikanKbn=2", "url2": "http://www.kurashiki-med.or.jp/drmap/tamashima/yasuhara.html", "内容": "ヤスハラ医院【2:診療所】【診療科目:内科】岡山県倉敷市玉島中央町１－６－２１" }, "geometry": { "type": "Point", "coordinates": [ 133.671337, 34.543887 ] } },
{ "type": "Feature", "properties": { "ID": 3322330012530, "正式名称": "医療法人　やべ内科クリニック", "機関区分": 2, "都道府県コード": 33, "市区町村コード": 202, "所在地": "岡山県倉敷市連島中央１丁目１０番５号", "緯度": 34.546749, "経度": 133.732165, "url": "https://www.iryou.teikyouseido.mhlw.go.jp/znk-web/juminkanja/S2430/initialize?prefCd=33&kikanCd=2330012530&kikanKbn=2", "url2": "https://yabe-naika-clinic.com", "内容": "医療法人　やべ内科クリニック【2:診療所】【診療科目:内科_消化器内科】岡山県倉敷市連島中央１丁目１０番５号" }, "geometry": { "type": "Point", "coordinates": [ 133.732165, 34.546749 ] } },
{ "type": "Feature", "properties": { "ID": 3322330012540, "正式名称": "山内産婦人科クリニック", "機関区分": 2, "都道府県コード": 33, "市区町村コード": 202, "所在地": "岡山県倉敷市三田１２６－１", "緯度": 34.629824, "経度": 133.798378, "url": "https://www.iryou.teikyouseido.mhlw.go.jp/znk-web/juminkanja/S2430/initialize?prefCd=33&kikanCd=2330012540&kikanKbn=2", "url2": "https://www.yamauchi-ok.jp/", "内容": "山内産婦人科クリニック【2:診療所】【診療科目:産婦人科】岡山県倉敷市三田１２６－１" }, "geometry": { "type": "Point", "coordinates": [ 133.798378, 34.629824 ] } },
{ "type": "Feature", "properties": { "ID": 3322330012550, "正式名称": "山岡医院", "機関区分": 2, "都道府県コード": 33, "市区町村コード": 202, "所在地": "岡山県倉敷市玉島勇崎９９６－６", "緯度": 34.52, "経度": 133.654339, "url": "https://www.iryou.teikyouseido.mhlw.go.jp/znk-web/juminkanja/S2430/initialize?prefCd=33&kikanCd=2330012550&kikanKbn=2", "url2": "http://www.yamaokaiin.com", "内容": "山岡医院【2:診療所】【診療科目:内科_漢方内科_小児科】岡山県倉敷市玉島勇崎９９６－６" }, "geometry": { "type": "Point", "coordinates": [ 133.654339, 34.52 ] } },
{ "type": "Feature", "properties": { "ID": 3322330012560, "正式名称": "山川医院", "機関区分": 2, "都道府県コード": 33, "市区町村コード": 202, "所在地": "岡山県倉敷市老松町３丁目１３番２５号", "緯度": 34.594772, "経度": 133.760688, "url": "https://www.iryou.teikyouseido.mhlw.go.jp/znk-web/juminkanja/S2430/initialize?prefCd=33&kikanCd=2330012560&kikanKbn=2", "url2": "http://yamakawa-clinic.info/", "内容": "山川医院【2:診療所】【診療科目:精神科_心療内科】岡山県倉敷市老松町３丁目１３番２５号" }, "geometry": { "type": "Point", "coordinates": [ 133.760688, 34.594772 ] } },
{ "type": "Feature", "properties": { "ID": 3322330012570, "正式名称": "山口眼科医院", "機関区分": 2, "都道府県コード": 33, "市区町村コード": 202, "所在地": "岡山県倉敷市福井４６－６", "緯度": 34.570052, "経度": 133.753468, "url": "https://www.iryou.teikyouseido.mhlw.go.jp/znk-web/juminkanja/S2430/initialize?prefCd=33&kikanCd=2330012570&kikanKbn=2", "url2": null, "内容": "山口眼科医院【2:診療所】【診療科目:眼科_眼科】岡山県倉敷市福井４６－６" }, "geometry": { "type": "Point", "coordinates": [ 133.753468, 34.570052 ] } },
{ "type": "Feature", "properties": { "ID": 3322330012590, "正式名称": "山田整形外科", "機関区分": 2, "都道府県コード": 33, "市区町村コード": 202, "所在地": "岡山県倉敷市吉岡５６１－１５", "緯度": 34.569553, "経度": 133.772049, "url": "https://www.iryou.teikyouseido.mhlw.go.jp/znk-web/juminkanja/S2430/initialize?prefCd=33&kikanCd=2330012590&kikanKbn=2", "url2": null, "内容": "山田整形外科【2:診療所】【診療科目:整形外科_リウマチ科_リハビリテーション科】岡山県倉敷市吉岡５６１－１５" }, "geometry": { "type": "Point", "coordinates": [ 133.772049, 34.569553 ] } },
{ "type": "Feature", "properties": { "ID": 3322330012600, "正式名称": "やまだ内科クリニック", "機関区分": 2, "都道府県コード": 33, "市区町村コード": 202, "所在地": "岡山県倉敷市水江１５９４－５６", "緯度": 34.595688, "経度": 133.744634, "url": "https://www.iryou.teikyouseido.mhlw.go.jp/znk-web/juminkanja/S2430/initialize?prefCd=33&kikanCd=2330012600&kikanKbn=2", "url2": null, "内容": "やまだ内科クリニック【2:診療所】【診療科目:内科_循環器内科】岡山県倉敷市水江１５９４－５６" }, "geometry": { "type": "Point", "coordinates": [ 133.744634, 34.595688 ] } },
{ "type": "Feature", "properties": { "ID": 3322330012610, "正式名称": "山田皮膚科", "機関区分": 2, "都道府県コード": 33, "市区町村コード": 202, "所在地": "岡山県倉敷市中畝２丁目８－２１", "緯度": 34.526898, "経度": 133.74516, "url": "https://www.iryou.teikyouseido.mhlw.go.jp/znk-web/juminkanja/S2430/initialize?prefCd=33&kikanCd=2330012610&kikanKbn=2", "url2": "https://hifu-yamada.jp/", "内容": "山田皮膚科【2:診療所】【診療科目:皮膚科】岡山県倉敷市中畝２丁目８－２１" }, "geometry": { "type": "Point", "coordinates": [ 133.74516, 34.526898 ] } },
{ "type": "Feature", "properties": { "ID": 3322330012620, "正式名称": "やまもと眼科", "機関区分": 2, "都道府県コード": 33, "市区町村コード": 202, "所在地": "岡山県倉敷市中島２５４２－３", "緯度": 34.575107, "経度": 133.740302, "url": "https://www.iryou.teikyouseido.mhlw.go.jp/znk-web/juminkanja/S2430/initialize?prefCd=33&kikanCd=2330012620&kikanKbn=2", "url2": "http://www.yamamoto-ganka.net/", "内容": "やまもと眼科【2:診療所】【診療科目:眼科】岡山県倉敷市中島２５４２－３" }, "geometry": { "type": "Point", "coordinates": [ 133.740302, 34.575107 ] } },
{ "type": "Feature", "properties": { "ID": 3322330012630, "正式名称": "医療法人　祥風会　山本整形外科医院", "機関区分": 2, "都道府県コード": 33, "市区町村コード": 202, "所在地": "岡山県倉敷市林３４８", "緯度": 34.542696, "経度": 133.816741, "url": "https://www.iryou.teikyouseido.mhlw.go.jp/znk-web/juminkanja/S2430/initialize?prefCd=33&kikanCd=2330012630&kikanKbn=2", "url2": "http://www.yamamotoseikei.or.jp", "内容": "医療法人　祥風会　山本整形外科医院【2:診療所】【診療科目:整形外科_リウマチ科_リハビリテーション科】岡山県倉敷市林３４８" }, "geometry": { "type": "Point", "coordinates": [ 133.816741, 34.542696 ] } },
{ "type": "Feature", "properties": { "ID": 3322330012640, "正式名称": "山本内科", "機関区分": 2, "都道府県コード": 33, "市区町村コード": 202, "所在地": "岡山県倉敷市四十瀬２５９", "緯度": 34.588272, "経度": 133.748134, "url": "https://www.iryou.teikyouseido.mhlw.go.jp/znk-web/juminkanja/S2430/initialize?prefCd=33&kikanCd=2330012640&kikanKbn=2", "url2": "http://www.myclinic.ne.jp/yamamoto_n/pc/", "内容": "山本内科【2:診療所】【診療科目:内科_消化器内科_小児科】岡山県倉敷市四十瀬２５９" }, "geometry": { "type": "Point", "coordinates": [ 133.748134, 34.588272 ] } },
{ "type": "Feature", "properties": { "ID": 3322330012650, "正式名称": "医療法人　勇崎内科胃腸科医院", "機関区分": 2, "都道府県コード": 33, "市区町村コード": 202, "所在地": "岡山県倉敷市玉島勇崎１１５６－７", "緯度": 34.518528, "経度": 133.655728, "url": "https://www.iryou.teikyouseido.mhlw.go.jp/znk-web/juminkanja/S2430/initialize?prefCd=33&kikanCd=2330012650&kikanKbn=2", "url2": null, "内容": "医療法人　勇崎内科胃腸科医院【2:診療所】【診療科目:内科_消化器内科_リハビリテーション科】岡山県倉敷市玉島勇崎１１５６－７" }, "geometry": { "type": "Point", "coordinates": [ 133.655728, 34.518528 ] } },
{ "type": "Feature", "properties": { "ID": 3322330012660, "正式名称": "医療法人すこやか会ゆのき医院", "機関区分": 2, "都道府県コード": 33, "市区町村コード": 202, "所在地": "岡山県倉敷市新倉敷駅前５丁目７３番地", "緯度": 34.561246, "経度": 133.675975, "url": "https://www.iryou.teikyouseido.mhlw.go.jp/znk-web/juminkanja/S2430/initialize?prefCd=33&kikanCd=2330012660&kikanKbn=2", "url2": "https://www.kurashiki-med.or.jp/drmap/tamashima/yunoki.html", "内容": "医療法人すこやか会ゆのき医院【2:診療所】【診療科目:内科_胃腸内科_外科_小児科_放射線科】岡山県倉敷市新倉敷駅前５丁目７３番地" }, "geometry": { "type": "Point", "coordinates": [ 133.675975, 34.561246 ] } },
{ "type": "Feature", "properties": { "ID": 3322330012670, "正式名称": "よこえ眼科", "機関区分": 2, "都道府県コード": 33, "市区町村コード": 202, "所在地": "岡山県倉敷市寿町１０－２７", "緯度": 34.605826, "経度": 133.765688, "url": "https://www.iryou.teikyouseido.mhlw.go.jp/znk-web/juminkanja/S2430/initialize?prefCd=33&kikanCd=2330012670&kikanKbn=2", "url2": "http://yokoe-eye.com", "内容": "よこえ眼科【2:診療所】【診療科目:眼科】岡山県倉敷市寿町１０－２７" }, "geometry": { "type": "Point", "coordinates": [ 133.765688, 34.605826 ] } },
{ "type": "Feature", "properties": { "ID": 3322330012680, "正式名称": "医療法人横尾医院", "機関区分": 2, "都道府県コード": 33, "市区町村コード": 202, "所在地": "岡山県倉敷市水島西弥生町２－２２", "緯度": 34.541666, "経度": 133.744275, "url": "https://www.iryou.teikyouseido.mhlw.go.jp/znk-web/juminkanja/S2430/initialize?prefCd=33&kikanCd=2330012680&kikanKbn=2", "url2": null, "内容": "医療法人横尾医院【2:診療所】【診療科目:皮膚科】岡山県倉敷市水島西弥生町２－２２" }, "geometry": { "type": "Point", "coordinates": [ 133.744275, 34.541666 ] } },
{ "type": "Feature", "properties": { "ID": 3322330012690, "正式名称": "善家循環器科・内科医院", "機関区分": 2, "都道府県コード": 33, "市区町村コード": 202, "所在地": "岡山県倉敷市茶屋町４９７－３０", "緯度": 34.574886, "経度": 133.824794, "url": "https://www.iryou.teikyouseido.mhlw.go.jp/znk-web/juminkanja/S2430/initialize?prefCd=33&kikanCd=2330012690&kikanKbn=2", "url2": null, "内容": "善家循環器科・内科医院【2:診療所】【診療科目:内科_呼吸器内科_循環器内科_放射線科】岡山県倉敷市茶屋町４９７－３０" }, "geometry": { "type": "Point", "coordinates": [ 133.824794, 34.574886 ] } },
{ "type": "Feature", "properties": { "ID": 3322330012710, "正式名称": "吉澤医院", "機関区分": 2, "都道府県コード": 33, "市区町村コード": 202, "所在地": "岡山県倉敷市連島町亀島新田４６８－２", "緯度": 34.551693, "経度": 133.733276, "url": "https://www.iryou.teikyouseido.mhlw.go.jp/znk-web/juminkanja/S2430/initialize?prefCd=33&kikanCd=2330012710&kikanKbn=2", "url2": "https://www.kurashiki-med.or.jp/drmap/kurashiki/yoshizawa.html", "内容": "吉澤医院【2:診療所】【診療科目:内科_循環器内科_消化器内科_外科_肛門外科_リハビリテーション科_放射線科】岡山県倉敷市連島町亀島新田４６８－２" }, "geometry": { "type": "Point", "coordinates": [ 133.733276, 34.551693 ] } },
{ "type": "Feature", "properties": { "ID": 3322330012730, "正式名称": "医療法人　吉田内科クリニック", "機関区分": 2, "都道府県コード": 33, "市区町村コード": 202, "所在地": "岡山県倉敷市新田２７５７", "緯度": 34.573191, "経度": 133.776743, "url": "https://www.iryou.teikyouseido.mhlw.go.jp/znk-web/juminkanja/S2430/initialize?prefCd=33&kikanCd=2330012730&kikanKbn=2", "url2": null, "内容": "医療法人　吉田内科クリニック【2:診療所】【診療科目:内科_腎臓内科_人工透析内科_小児科】岡山県倉敷市新田２７５７" }, "geometry": { "type": "Point", "coordinates": [ 133.776743, 34.573191 ] } },
{ "type": "Feature", "properties": { "ID": 3322330012740, "正式名称": "医療法人こぐま会よしみつ小児科医院", "機関区分": 2, "都道府県コード": 33, "市区町村コード": 202, "所在地": "岡山県倉敷市五日市４７５", "緯度": 34.600577, "経度": 133.78588, "url": "https://www.iryou.teikyouseido.mhlw.go.jp/znk-web/juminkanja/S2430/initialize?prefCd=33&kikanCd=2330012740&kikanKbn=2", "url2": "yoshimitu-koguma.com", "内容": "医療法人こぐま会よしみつ小児科医院【2:診療所】【診療科目:小児科】岡山県倉敷市五日市４７５" }, "geometry": { "type": "Point", "coordinates": [ 133.78588, 34.600577 ] } },
{ "type": "Feature", "properties": { "ID": 3322330012750, "正式名称": "医療法人わいわいクリニック", "機関区分": 2, "都道府県コード": 33, "市区町村コード": 202, "所在地": "岡山県倉敷市藤戸町藤戸２－１０", "緯度": 34.561499, "経度": 133.80663, "url": "https://www.iryou.teikyouseido.mhlw.go.jp/znk-web/juminkanja/S2430/initialize?prefCd=33&kikanCd=2330012750&kikanKbn=2", "url2": "https://wai-wai-c.com/", "内容": "医療法人わいわいクリニック【2:診療所】【診療科目:内科_リウマチ科】岡山県倉敷市藤戸町藤戸２－１０" }, "geometry": { "type": "Point", "coordinates": [ 133.80663, 34.561499 ] } },
{ "type": "Feature", "properties": { "ID": 3322330012760, "正式名称": "わきや内科クリニック", "機関区分": 2, "都道府県コード": 33, "市区町村コード": 202, "所在地": "岡山県倉敷市笹沖６０８－３", "緯度": 34.574469, "経度": 133.771383, "url": "https://www.iryou.teikyouseido.mhlw.go.jp/znk-web/juminkanja/S2430/initialize?prefCd=33&kikanCd=2330012760&kikanKbn=2", "url2": "http://www.wakiya-naika.jp/", "内容": "わきや内科クリニック【2:診療所】【診療科目:内科_消化器内科_小児科_放射線科】岡山県倉敷市笹沖６０８－３" }, "geometry": { "type": "Point", "coordinates": [ 133.771383, 34.574469 ] } },
{ "type": "Feature", "properties": { "ID": 3322330012770, "正式名称": "渡部医院", "機関区分": 2, "都道府県コード": 33, "市区町村コード": 202, "所在地": "岡山県倉敷市茶屋町７２８", "緯度": 34.57797, "経度": 133.831016, "url": "https://www.iryou.teikyouseido.mhlw.go.jp/znk-web/juminkanja/S2430/initialize?prefCd=33&kikanCd=2330012770&kikanKbn=2", "url2": null, "内容": "渡部医院【2:診療所】【診療科目:内科_放射線科】岡山県倉敷市茶屋町７２８" }, "geometry": { "type": "Point", "coordinates": [ 133.831016, 34.57797 ] } },
{ "type": "Feature", "properties": { "ID": 3322330012780, "正式名称": "医療法人博美会渡辺医院", "機関区分": 2, "都道府県コード": 33, "市区町村コード": 202, "所在地": "岡山県倉敷市西中新田１６", "緯度": 34.580134, "経度": 133.758522, "url": "https://www.iryou.teikyouseido.mhlw.go.jp/znk-web/juminkanja/S2430/initialize?prefCd=33&kikanCd=2330012780&kikanKbn=2", "url2": "http://www.watanabe-clc.net", "内容": "医療法人博美会渡辺医院【2:診療所】【診療科目:内科_糖尿病内科_呼吸器内科_循環器内科_胃腸内科_ペインクリニック外科_小児科_アレルギー科_救急科_麻酔科】岡山県倉敷市西中新田１６" }, "geometry": { "type": "Point", "coordinates": [ 133.758522, 34.580134 ] } },
{ "type": "Feature", "properties": { "ID": 3322330012790, "正式名称": "医療法人渡辺耳鼻咽喉科医院", "機関区分": 2, "都道府県コード": 33, "市区町村コード": 202, "所在地": "岡山県倉敷市吉岡５６５－２５", "緯度": 34.569636, "経度": 133.770883, "url": "https://www.iryou.teikyouseido.mhlw.go.jp/znk-web/juminkanja/S2430/initialize?prefCd=33&kikanCd=2330012790&kikanKbn=2", "url2": null, "内容": "医療法人渡辺耳鼻咽喉科医院【2:診療所】【診療科目:気管食道・耳鼻いんこう科】岡山県倉敷市吉岡５６５－２５" }, "geometry": { "type": "Point", "coordinates": [ 133.770883, 34.569636 ] } },
{ "type": "Feature", "properties": { "ID": 3322330012800, "正式名称": "医療法人　わに診療所", "機関区分": 2, "都道府県コード": 33, "市区町村コード": 202, "所在地": "岡山県倉敷市新田２５１３－２６", "緯度": 34.582357, "経度": 133.773882, "url": "https://www.iryou.teikyouseido.mhlw.go.jp/znk-web/juminkanja/S2430/initialize?prefCd=33&kikanCd=2330012800&kikanKbn=2", "url2": "http://www.wani-shinryosho.com", "内容": "医療法人　わに診療所【2:診療所】【診療科目:内科_精神科_心療内科】岡山県倉敷市新田２５１３－２６" }, "geometry": { "type": "Point", "coordinates": [ 133.773882, 34.582357 ] } },
{ "type": "Feature", "properties": { "ID": 3322330012810, "正式名称": "医療法人八紘会上田内科クリニック", "機関区分": 2, "都道府県コード": 33, "市区町村コード": 216, "所在地": "岡山県浅口市鴨方町鴨方１０８１－１", "緯度": 34.541135, "経度": 133.58765, "url": "https://www.iryou.teikyouseido.mhlw.go.jp/znk-web/juminkanja/S2430/initialize?prefCd=33&kikanCd=2330012810&kikanKbn=2", "url2": "https://hakkoh.mokuren.ne.jp/", "内容": "医療法人八紘会上田内科クリニック【2:診療所】【診療科目:内科_循環器内科_神経内科_小児科_放射線科】岡山県浅口市鴨方町鴨方１０８１－１" }, "geometry": { "type": "Point", "coordinates": [ 133.58765, 34.541135 ] } },
{ "type": "Feature", "properties": { "ID": 3322330012820, "正式名称": "西井クリニック", "機関区分": 2, "都道府県コード": 33, "市区町村コード": 205, "所在地": "岡山県笠岡市笠岡６１５－１２", "緯度": 34.500444, "経度": 133.509547, "url": "https://www.iryou.teikyouseido.mhlw.go.jp/znk-web/juminkanja/S2430/initialize?prefCd=33&kikanCd=2330012820&kikanKbn=2", "url2": "http://www.okayama.med.or.jp/kasaoka", "内容": "西井クリニック【2:診療所】【診療科目:内科_精神科_心療内科】岡山県笠岡市笠岡６１５－１２" }, "geometry": { "type": "Point", "coordinates": [ 133.509547, 34.500444 ] } },
{ "type": "Feature", "properties": { "ID": 3322330012830, "正式名称": "平山クリニック", "機関区分": 2, "都道府県コード": 33, "市区町村コード": 203, "所在地": "岡山県津山市東一宮４３－１２", "緯度": 35.09783, "経度": 134.003706, "url": "https://www.iryou.teikyouseido.mhlw.go.jp/znk-web/juminkanja/S2430/initialize?prefCd=33&kikanCd=2330012830&kikanKbn=2", "url2": null, "内容": "平山クリニック【2:診療所】【診療科目:内科_整形外科_麻酔科】岡山県津山市東一宮４３－１２" }, "geometry": { "type": "Point", "coordinates": [ 134.003706, 35.09783 ] } },
{ "type": "Feature", "properties": { "ID": 3322330012840, "正式名称": "せとうち眼科", "機関区分": 2, "都道府県コード": 33, "市区町村コード": 212, "所在地": "岡山県瀬戸内市邑久町豊原９２－１", "緯度": 34.662771, "経度": 134.090213, "url": "https://www.iryou.teikyouseido.mhlw.go.jp/znk-web/juminkanja/S2430/initialize?prefCd=33&kikanCd=2330012840&kikanKbn=2", "url2": "http://www.myclinic.ne.jp/setouchieye/pc/", "内容": "せとうち眼科【2:診療所】【診療科目:眼科】岡山県瀬戸内市邑久町豊原９２－１" }, "geometry": { "type": "Point", "coordinates": [ 134.090213, 34.662771 ] } },
{ "type": "Feature", "properties": { "ID": 3322330012850, "正式名称": "医療法人　もろおかクリニック", "機関区分": 2, "都道府県コード": 33, "市区町村コード": 212, "所在地": "岡山県瀬戸内市邑久町北島４９２－１", "緯度": 34.652466, "経度": 134.07202, "url": "https://www.iryou.teikyouseido.mhlw.go.jp/znk-web/juminkanja/S2430/initialize?prefCd=33&kikanCd=2330012850&kikanKbn=2", "url2": "http://morooka-clinic.info/", "内容": "医療法人　もろおかクリニック【2:診療所】【診療科目:内科_脳神経外科_小児科_リハビリテーション科_放射線科】岡山県瀬戸内市邑久町北島４９２－１" }, "geometry": { "type": "Point", "coordinates": [ 134.07202, 34.652466 ] } },
{ "type": "Feature", "properties": { "ID": 3322330012860, "正式名称": "しまばら内科消化器科クリニック", "機関区分": 2, "都道府県コード": 33, "市区町村コード": 101, "所在地": "岡山県岡山市北区平野１０１１－６", "緯度": 34.647796, "経度": 133.858067, "url": "https://www.iryou.teikyouseido.mhlw.go.jp/znk-web/juminkanja/S2430/initialize?prefCd=33&kikanCd=2330012860&kikanKbn=2", "url2": "https://www.shimabaraclinic.com", "内容": "しまばら内科消化器科クリニック【2:診療所】【診療科目:内科_消化器内科】岡山県岡山市北区平野１０１１－６" }, "geometry": { "type": "Point", "coordinates": [ 133.858067, 34.647796 ] } },
{ "type": "Feature", "properties": { "ID": 3322330012870, "正式名称": "たなかクリニック", "機関区分": 2, "都道府県コード": 33, "市区町村コード": 101, "所在地": "岡山県岡山市北区本町５番２０号高島屋東館４階", "緯度": 34.664323, "経度": 133.920422, "url": "https://www.iryou.teikyouseido.mhlw.go.jp/znk-web/juminkanja/S2430/initialize?prefCd=33&kikanCd=2330012870&kikanKbn=2", "url2": "https://www.okayama-tanakaclinic.com", "内容": "たなかクリニック【2:診療所】【診療科目:精神科_心療内科】岡山県岡山市北区本町５番２０号高島屋東館４階" }, "geometry": { "type": "Point", "coordinates": [ 133.920422, 34.664323 ] } },
{ "type": "Feature", "properties": { "ID": 3322330012880, "正式名称": "岡山愛育クリニック", "機関区分": 2, "都道府県コード": 33, "市区町村コード": 102, "所在地": "岡山県岡山市中区倉田５０８－８", "緯度": 34.630466, "経度": 133.958281, "url": "https://www.iryou.teikyouseido.mhlw.go.jp/znk-web/juminkanja/S2430/initialize?prefCd=33&kikanCd=2330012880&kikanKbn=2", "url2": "https://www.aiiku-clinic.com", "内容": "岡山愛育クリニック【2:診療所】【診療科目:小児科_産婦人科】岡山県岡山市中区倉田５０８－８" }, "geometry": { "type": "Point", "coordinates": [ 133.958281, 34.630466 ] } },
{ "type": "Feature", "properties": { "ID": 3322330012900, "正式名称": "岡山中央診療所　健康管理センター", "機関区分": 2, "都道府県コード": 33, "市区町村コード": 101, "所在地": "岡山県岡山市北区柳町１丁目１３－７", "緯度": 34.65874, "経度": 133.921061, "url": "https://www.iryou.teikyouseido.mhlw.go.jp/znk-web/juminkanja/S2430/initialize?prefCd=33&kikanCd=2330012900&kikanKbn=2", "url2": "https://okayamachuuou.com", "内容": "岡山中央診療所　健康管理センター【2:診療所】【診療科目:内科_呼吸器内科_消化器内科_婦人科_放射線科】岡山県岡山市北区柳町１丁目１３－７" }, "geometry": { "type": "Point", "coordinates": [ 133.921061, 34.65874 ] } },
{ "type": "Feature", "properties": { "ID": 3322330012910, "正式名称": "河合内科西口クリニック", "機関区分": 2, "都道府県コード": 33, "市区町村コード": 101, "所在地": "岡山県岡山市北区奉還町１丁目２－３", "緯度": 34.668128, "経度": 133.917755, "url": "https://www.iryou.teikyouseido.mhlw.go.jp/znk-web/juminkanja/S2430/initialize?prefCd=33&kikanCd=2330012910&kikanKbn=2", "url2": "https://www.kawai-nishiguchi.com", "内容": "河合内科西口クリニック【2:診療所】【診療科目:内科_糖尿病内科】岡山県岡山市北区奉還町１丁目２－３" }, "geometry": { "type": "Point", "coordinates": [ 133.917755, 34.668128 ] } },
{ "type": "Feature", "properties": { "ID": 3322330012970, "正式名称": "医療法人　みやけ眼科", "機関区分": 2, "都道府県コード": 33, "市区町村コード": 202, "所在地": "岡山県倉敷市福田町古新田６８８－１", "緯度": 34.538195, "経度": 133.764162, "url": "https://www.iryou.teikyouseido.mhlw.go.jp/znk-web/juminkanja/S2430/initialize?prefCd=33&kikanCd=2330012970&kikanKbn=2", "url2": null, "内容": "医療法人　みやけ眼科【2:診療所】【診療科目:眼科】岡山県倉敷市福田町古新田６８８－１" }, "geometry": { "type": "Point", "coordinates": [ 133.764162, 34.538195 ] } },
{ "type": "Feature", "properties": { "ID": 3322330012980, "正式名称": "医療法人社団ももスキンケアクリニック", "機関区分": 2, "都道府県コード": 33, "市区町村コード": 101, "所在地": "岡山県岡山市北区中山下１－８－４５　９階", "緯度": 34.662857, "経度": 133.926706, "url": "https://www.iryou.teikyouseido.mhlw.go.jp/znk-web/juminkanja/S2430/initialize?prefCd=33&kikanCd=2330012980&kikanKbn=2", "url2": "http://momo-scc.jp", "内容": "医療法人社団ももスキンケアクリニック【2:診療所】【診療科目:皮膚科_美容皮膚科】岡山県岡山市北区中山下１－８－４５　９階" }, "geometry": { "type": "Point", "coordinates": [ 133.926706, 34.662857 ] } },
{ "type": "Feature", "properties": { "ID": 3322330012990, "正式名称": "くにかたウィメンズクリニック", "機関区分": 2, "都道府県コード": 33, "市区町村コード": 101, "所在地": "岡山県岡山市北区野殿東町１－３５", "緯度": 34.658461, "経度": 133.882037, "url": "https://www.iryou.teikyouseido.mhlw.go.jp/znk-web/juminkanja/S2430/initialize?prefCd=33&kikanCd=2330012990&kikanKbn=2", "url2": "http://www.kunikata.com/", "内容": "くにかたウィメンズクリニック【2:診療所】【診療科目:産婦人科】岡山県岡山市北区野殿東町１－３５" }, "geometry": { "type": "Point", "coordinates": [ 133.882037, 34.658461 ] } },
{ "type": "Feature", "properties": { "ID": 3322330013000, "正式名称": "医療法人千水会びぜんメンタルクリニック", "機関区分": 2, "都道府県コード": 33, "市区町村コード": 211, "所在地": "岡山県備前市伊部１２５９－１", "緯度": 34.73907, "経度": 134.167731, "url": "https://www.iryou.teikyouseido.mhlw.go.jp/znk-web/juminkanja/S2430/initialize?prefCd=33&kikanCd=2330013000&kikanKbn=2", "url2": "http://www.sensuikai.or.jp/", "内容": "医療法人千水会びぜんメンタルクリニック【2:診療所】【診療科目:精神科_心療内科】岡山県備前市伊部１２５９－１" }, "geometry": { "type": "Point", "coordinates": [ 134.167731, 34.73907 ] } },
{ "type": "Feature", "properties": { "ID": 3322330013010, "正式名称": "医療法人　ただとも胃腸内科・外科", "機関区分": 2, "都道府県コード": 33, "市区町村コード": 102, "所在地": "岡山県岡山市中区江崎７９－２", "緯度": 34.628522, "経度": 133.958364, "url": "https://www.iryou.teikyouseido.mhlw.go.jp/znk-web/juminkanja/S2430/initialize?prefCd=33&kikanCd=2330013010&kikanKbn=2", "url2": "https://tadatomo.or.jp", "内容": "医療法人　ただとも胃腸内科・外科【2:診療所】【診療科目:内科_消化器内科_外科_肛門外科_リハビリテーション科】岡山県岡山市中区江崎７９－２" }, "geometry": { "type": "Point", "coordinates": [ 133.958364, 34.628522 ] } },
{ "type": "Feature", "properties": { "ID": 3322330013020, "正式名称": "さとうファミリークリニック", "機関区分": 2, "都道府県コード": 33, "市区町村コード": 101, "所在地": "岡山県岡山市北区野殿東町１－３５", "緯度": 34.658295, "経度": 133.882064, "url": "https://www.iryou.teikyouseido.mhlw.go.jp/znk-web/juminkanja/S2430/initialize?prefCd=33&kikanCd=2330013020&kikanKbn=2", "url2": "http://www.sato-family.jp", "内容": "さとうファミリークリニック【2:診療所】【診療科目:内科_消化器内科_小児科】岡山県岡山市北区野殿東町１－３５" }, "geometry": { "type": "Point", "coordinates": [ 133.882064, 34.658295 ] } },
{ "type": "Feature", "properties": { "ID": 3322330013030, "正式名称": "みなおクリニック", "機関区分": 2, "都道府県コード": 33, "市区町村コード": 101, "所在地": "岡山県岡山市北区野殿東町１－３５　ＭＡＫ岡山クリニックモール２階", "緯度": 34.658362, "経度": 133.882248, "url": "https://www.iryou.teikyouseido.mhlw.go.jp/znk-web/juminkanja/S2430/initialize?prefCd=33&kikanCd=2330013030&kikanKbn=2", "url2": "http://www.minao-cl.com", "内容": "みなおクリニック【2:診療所】【診療科目:精神科_心療内科】岡山県岡山市北区野殿東町１－３５　ＭＡＫ岡山クリニックモール２階" }, "geometry": { "type": "Point", "coordinates": [ 133.882248, 34.658362 ] } },
{ "type": "Feature", "properties": { "ID": 3322330013040, "正式名称": "医療法人社団　てらだ内科クリニック", "機関区分": 2, "都道府県コード": 33, "市区町村コード": 102, "所在地": "岡山県岡山市中区円山１０１８－３", "緯度": 34.655575, "経度": 133.973001, "url": "https://www.iryou.teikyouseido.mhlw.go.jp/znk-web/juminkanja/S2430/initialize?prefCd=33&kikanCd=2330013040&kikanKbn=2", "url2": "https://www.teradanaika.com/", "内容": "医療法人社団　てらだ内科クリニック【2:診療所】【診療科目:内科_消化器内科_肝臓内科】岡山県岡山市中区円山１０１８－３" }, "geometry": { "type": "Point", "coordinates": [ 133.973001, 34.655575 ] } },
{ "type": "Feature", "properties": { "ID": 3322330013070, "正式名称": "藤原皮膚科", "機関区分": 2, "都道府県コード": 33, "市区町村コード": 101, "所在地": "岡山県岡山市北区高柳西町１６‐１３ＴＭＣビル２Ｆ", "緯度": 34.661295, "経度": 133.897785, "url": "https://www.iryou.teikyouseido.mhlw.go.jp/znk-web/juminkanja/S2430/initialize?prefCd=33&kikanCd=2330013070&kikanKbn=2", "url2": "http://www.fujiwara-hifuka.com/", "内容": "藤原皮膚科【2:診療所】【診療科目:皮膚科】岡山県岡山市北区高柳西町１６‐１３ＴＭＣビル２Ｆ" }, "geometry": { "type": "Point", "coordinates": [ 133.897785, 34.661295 ] } },
{ "type": "Feature", "properties": { "ID": 3322330013080, "正式名称": "ながい内科クリニック", "機関区分": 2, "都道府県コード": 33, "市区町村コード": 104, "所在地": "岡山県岡山市南区泉田五丁目１０番３２号", "緯度": 34.623577, "経度": 133.910674, "url": "https://www.iryou.teikyouseido.mhlw.go.jp/znk-web/juminkanja/S2430/initialize?prefCd=33&kikanCd=2330013080&kikanKbn=2", "url2": "https://yotuba.or.jp/", "内容": "ながい内科クリニック【2:診療所】【診療科目:内科_呼吸器内科_循環器内科_消化器内科_小児科_リハビリテーション科】岡山県岡山市南区泉田五丁目１０番３２号" }, "geometry": { "type": "Point", "coordinates": [ 133.910674, 34.623577 ] } },
{ "type": "Feature", "properties": { "ID": 3322330013090, "正式名称": "東岡山ながけクリニック", "機関区分": 2, "都道府県コード": 33, "市区町村コード": 102, "所在地": "岡山県岡山市中区土田８０５番地１", "緯度": 34.69346, "経度": 133.987582, "url": "https://www.iryou.teikyouseido.mhlw.go.jp/znk-web/juminkanja/S2430/initialize?prefCd=33&kikanCd=2330013090&kikanKbn=2", "url2": "http://www.k3.dion.ne.jp", "内容": "東岡山ながけクリニック【2:診療所】【診療科目:内科_人工透析内科】岡山県岡山市中区土田８０５番地１" }, "geometry": { "type": "Point", "coordinates": [ 133.987582, 34.69346 ] } },
{ "type": "Feature", "properties": { "ID": 3322330013100, "正式名称": "きたの内科クリニック", "機関区分": 2, "都道府県コード": 33, "市区町村コード": 202, "所在地": "岡山県倉敷市中庄１１－１", "緯度": 34.611743, "経度": 133.787741, "url": "https://www.iryou.teikyouseido.mhlw.go.jp/znk-web/juminkanja/S2430/initialize?prefCd=33&kikanCd=2330013100&kikanKbn=2", "url2": null, "内容": "きたの内科クリニック【2:診療所】【診療科目:内科_腎臓内科_小児科】岡山県倉敷市中庄１１－１" }, "geometry": { "type": "Point", "coordinates": [ 133.787741, 34.611743 ] } },
{ "type": "Feature", "properties": { "ID": 3322330013110, "正式名称": "てぜん内科クリニック", "機関区分": 2, "都道府県コード": 33, "市区町村コード": 202, "所在地": "岡山県倉敷市水江１番地イオンモール倉敷１Ｆ", "緯度": 34.603826, "経度": 133.745551, "url": "https://www.iryou.teikyouseido.mhlw.go.jp/znk-web/juminkanja/S2430/initialize?prefCd=33&kikanCd=2330013110&kikanKbn=2", "url2": "https://www.tezen-medicalclinic.com/", "内容": "てぜん内科クリニック【2:診療所】【診療科目:内科】岡山県倉敷市水江１番地イオンモール倉敷１Ｆ" }, "geometry": { "type": "Point", "coordinates": [ 133.745551, 34.603826 ] } },
{ "type": "Feature", "properties": { "ID": 3322330013120, "正式名称": "医療法人きたばたけ眼科医院", "機関区分": 2, "都道府県コード": 33, "市区町村コード": 101, "所在地": "岡山県岡山市北区小山３８－５", "緯度": 34.690567, "経度": 133.816069, "url": "https://www.iryou.teikyouseido.mhlw.go.jp/znk-web/juminkanja/S2430/initialize?prefCd=33&kikanCd=2330013120&kikanKbn=2", "url2": "http://www.kitabatake-eyeclinic.com/", "内容": "医療法人きたばたけ眼科医院【2:診療所】【診療科目:眼科】岡山県岡山市北区小山３８－５" }, "geometry": { "type": "Point", "coordinates": [ 133.816069, 34.690567 ] } },
{ "type": "Feature", "properties": { "ID": 3322330013130, "正式名称": "医療法人ニコニコこどもクリニック", "機関区分": 2, "都道府県コード": 33, "市区町村コード": 101, "所在地": "岡山県岡山市北区辰巳７－１０２", "緯度": 34.641974, "経度": 133.890157, "url": "https://www.iryou.teikyouseido.mhlw.go.jp/znk-web/juminkanja/S2430/initialize?prefCd=33&kikanCd=2330013130&kikanKbn=2", "url2": "http://2525kodomo-clinic.jp/", "内容": "医療法人ニコニコこどもクリニック【2:診療所】【診療科目:小児科_アレルギー科】岡山県岡山市北区辰巳７－１０２" }, "geometry": { "type": "Point", "coordinates": [ 133.890157, 34.641974 ] } },
{ "type": "Feature", "properties": { "ID": 3322330013140, "正式名称": "医療法人五尽会岡山ハートクリニック", "機関区分": 2, "都道府県コード": 33, "市区町村コード": 102, "所在地": "岡山県岡山市中区竹田５４－１", "緯度": 34.681405, "経度": 133.93942, "url": "https://www.iryou.teikyouseido.mhlw.go.jp/znk-web/juminkanja/S2430/initialize?prefCd=33&kikanCd=2330013140&kikanKbn=2", "url2": "http://www.okayama-heart.com/", "内容": "医療法人五尽会岡山ハートクリニック【2:診療所】【診療科目:内科_循環器内科_心臓血管外科_リハビリテーション科】岡山県岡山市中区竹田５４－１" }, "geometry": { "type": "Point", "coordinates": [ 133.93942, 34.681405 ] } },
{ "type": "Feature", "properties": { "ID": 3322330013150, "正式名称": "特別養護老人ホーム　けやき　医務室", "機関区分": 2, "都道府県コード": 33, "市区町村コード": 104, "所在地": "岡山県岡山市南区築港元町２－３１", "緯度": 34.607497, "経度": 133.949143, "url": "https://www.iryou.teikyouseido.mhlw.go.jp/znk-web/juminkanja/S2430/initialize?prefCd=33&kikanCd=2330013150&kikanKbn=2", "url2": "http://www.sato-hp.com/", "内容": "特別養護老人ホーム　けやき　医務室【2:診療所】【診療科目:老人介護】岡山県岡山市南区築港元町２－３１" }, "geometry": { "type": "Point", "coordinates": [ 133.949143, 34.607497 ] } },
{ "type": "Feature", "properties": { "ID": 3322330013160, "正式名称": "医療法人森友会ももたろうクリニック", "機関区分": 2, "都道府県コード": 33, "市区町村コード": 104, "所在地": "岡山県岡山市南区妹尾３３８７－１", "緯度": 34.620313, "経度": 133.871623, "url": "https://www.iryou.teikyouseido.mhlw.go.jp/znk-web/juminkanja/S2430/initialize?prefCd=33&kikanCd=2330013160&kikanKbn=2", "url2": "http://www.momotaroclinic.com", "内容": "医療法人森友会ももたろうクリニック【2:診療所】【診療科目:小児科_アレルギー科】岡山県岡山市南区妹尾３３８７－１" }, "geometry": { "type": "Point", "coordinates": [ 133.871623, 34.620313 ] } },
{ "type": "Feature", "properties": { "ID": 3322330013170, "正式名称": "大和診療所", "機関区分": 2, "都道府県コード": 33, "市区町村コード": 104, "所在地": "岡山県岡山市南区浦安西町４０－２", "緯度": 34.624245, "経度": 133.964864, "url": "https://www.iryou.teikyouseido.mhlw.go.jp/znk-web/juminkanja/S2430/initialize?prefCd=33&kikanCd=2330013170&kikanKbn=2", "url2": null, "内容": "大和診療所【2:診療所】【診療科目:精神科】岡山県岡山市南区浦安西町４０－２" }, "geometry": { "type": "Point", "coordinates": [ 133.964864, 34.624245 ] } },
{ "type": "Feature", "properties": { "ID": 3322330013180, "正式名称": "医療法人瀬戸内りょうま医院", "機関区分": 2, "都道府県コード": 33, "市区町村コード": 212, "所在地": "岡山県瀬戸内市邑久町尾張１３４１－２０", "緯度": 34.662657, "経度": 134.108266, "url": "https://www.iryou.teikyouseido.mhlw.go.jp/znk-web/juminkanja/S2430/initialize?prefCd=33&kikanCd=2330013180&kikanKbn=2", "url2": "https://www.setouchiryomaiin.com", "内容": "医療法人瀬戸内りょうま医院【2:診療所】【診療科目:内科_外科_泌尿器科】岡山県瀬戸内市邑久町尾張１３４１－２０" }, "geometry": { "type": "Point", "coordinates": [ 134.108266, 34.662657 ] } },
{ "type": "Feature", "properties": { "ID": 3322330013200, "正式名称": "医療法人　西下病院　サンクリニック", "機関区分": 2, "都道府県コード": 33, "市区町村コード": 203, "所在地": "岡山県津山市田町２７", "緯度": 35.064223, "経度": 133.999902, "url": "https://www.iryou.teikyouseido.mhlw.go.jp/znk-web/juminkanja/S2430/initialize?prefCd=33&kikanCd=2330013200&kikanKbn=2", "url2": "http://www.nishishita-hp.or.jp", "内容": "医療法人　西下病院　サンクリニック【2:診療所】【診療科目:内科_神経内科_リウマチ科】岡山県津山市田町２７" }, "geometry": { "type": "Point", "coordinates": [ 133.999902, 35.064223 ] } },
{ "type": "Feature", "properties": { "ID": 3322330013220, "正式名称": "高島心療クリニック", "機関区分": 2, "都道府県コード": 33, "市区町村コード": 102, "所在地": "岡山県岡山市中区中井一丁目１－１０", "緯度": 34.683599, "経度": 133.959446, "url": "https://www.iryou.teikyouseido.mhlw.go.jp/znk-web/juminkanja/S2430/initialize?prefCd=33&kikanCd=2330013220&kikanKbn=2", "url2": "http://www.takashima-sc.jp", "内容": "高島心療クリニック【2:診療所】【診療科目:精神科_心療内科】岡山県岡山市中区中井一丁目１－１０" }, "geometry": { "type": "Point", "coordinates": [ 133.959446, 34.683599 ] } },
{ "type": "Feature", "properties": { "ID": 3322330013230, "正式名称": "ＬＥＥクリニック", "機関区分": 2, "都道府県コード": 33, "市区町村コード": 101, "所在地": "岡山県岡山市北区厚生町１丁目２－６", "緯度": 34.656379, "経度": 133.915923, "url": "https://www.iryou.teikyouseido.mhlw.go.jp/znk-web/juminkanja/S2430/initialize?prefCd=33&kikanCd=2330013230&kikanKbn=2", "url2": "http://www.lee-clinic.org/", "内容": "ＬＥＥクリニック【2:診療所】【診療科目:精神科_心療内科】岡山県岡山市北区厚生町１丁目２－６" }, "geometry": { "type": "Point", "coordinates": [ 133.915923, 34.656379 ] } },
{ "type": "Feature", "properties": { "ID": 3322330013250, "正式名称": "このはな皮膚科医院", "機関区分": 2, "都道府県コード": 33, "市区町村コード": 101, "所在地": "岡山県岡山市北区岡町１－２３サンシティビル１Ｆ", "緯度": 34.651158, "経度": 133.922644, "url": "https://www.iryou.teikyouseido.mhlw.go.jp/znk-web/juminkanja/S2430/initialize?prefCd=33&kikanCd=2330013250&kikanKbn=2", "url2": "http://www.konohana-hifuka.info", "内容": "このはな皮膚科医院【2:診療所】【診療科目:皮膚科_美容皮膚科_アレルギー科】岡山県岡山市北区岡町１－２３サンシティビル１Ｆ" }, "geometry": { "type": "Point", "coordinates": [ 133.922644, 34.651158 ] } },
{ "type": "Feature", "properties": { "ID": 3322330013260, "正式名称": "つばさクリニック", "機関区分": 2, "都道府県コード": 33, "市区町村コード": 202, "所在地": "岡山県倉敷市大島５３４－１", "緯度": 34.607604, "経度": 133.775603, "url": "https://www.iryou.teikyouseido.mhlw.go.jp/znk-web/juminkanja/S2430/initialize?prefCd=33&kikanCd=2330013260&kikanKbn=2", "url2": "http://www.tsubasa-clinic.net/", "内容": "つばさクリニック【2:診療所】【診療科目:内科_呼吸器内科_循環器内科_整形外科】岡山県倉敷市大島５３４－１" }, "geometry": { "type": "Point", "coordinates": [ 133.775603, 34.607604 ] } },
{ "type": "Feature", "properties": { "ID": 3322330013270, "正式名称": "川辺内科", "機関区分": 2, "都道府県コード": 33, "市区町村コード": 202, "所在地": "岡山県倉敷市真備町川辺１０２－１", "緯度": 34.640265, "経度": 133.715691, "url": "https://www.iryou.teikyouseido.mhlw.go.jp/znk-web/juminkanja/S2430/initialize?prefCd=33&kikanCd=2330013270&kikanKbn=2", "url2": "https://sites.google.com/site/kawabenaika2009/home", "内容": "川辺内科【2:診療所】【診療科目:内科_呼吸器内科_循環器内科_アレルギー疾患内科_アレルギー科_リハビリテーション科_放射線科】岡山県倉敷市真備町川辺１０２－１" }, "geometry": { "type": "Point", "coordinates": [ 133.715691, 34.640265 ] } },
{ "type": "Feature", "properties": { "ID": 3322330013280, "正式名称": "みずしま検診クリニック", "機関区分": 2, "都道府県コード": 33, "市区町村コード": 202, "所在地": "岡山県倉敷市水島高砂町５－１５", "緯度": 34.531778, "経度": 133.738312, "url": "https://www.iryou.teikyouseido.mhlw.go.jp/znk-web/juminkanja/S2430/initialize?prefCd=33&kikanCd=2330013280&kikanKbn=2", "url2": "http://kenshin.life/", "内容": "みずしま検診クリニック【2:診療所】【診療科目:内科_放射線科】岡山県倉敷市水島高砂町５－１５" }, "geometry": { "type": "Point", "coordinates": [ 133.738312, 34.531778 ] } },
{ "type": "Feature", "properties": { "ID": 3322330013290, "正式名称": "せとメンタルクリニック", "機関区分": 2, "都道府県コード": 33, "市区町村コード": 103, "所在地": "岡山県岡山市東区瀬戸町瀬戸４１０－１", "緯度": 34.736928, "経度": 134.039937, "url": "https://www.iryou.teikyouseido.mhlw.go.jp/znk-web/juminkanja/S2430/initialize?prefCd=33&kikanCd=2330013290&kikanKbn=2", "url2": null, "内容": "せとメンタルクリニック【2:診療所】【診療科目:内科_精神科_心療内科】岡山県岡山市東区瀬戸町瀬戸４１０－１" }, "geometry": { "type": "Point", "coordinates": [ 134.039937, 34.736928 ] } },
{ "type": "Feature", "properties": { "ID": 3322330013300, "正式名称": "医療法人清流会　西川原皮膚科", "機関区分": 2, "都道府県コード": 33, "市区町村コード": 102, "所在地": "岡山県岡山市中区西川原７２－３", "緯度": 34.68046, "経度": 133.940614, "url": "https://www.iryou.teikyouseido.mhlw.go.jp/znk-web/juminkanja/S2430/initialize?prefCd=33&kikanCd=2330013300&kikanKbn=2", "url2": "http://i-nsc.com", "内容": "医療法人清流会　西川原皮膚科【2:診療所】【診療科目:形成外科_皮膚科】岡山県岡山市中区西川原７２－３" }, "geometry": { "type": "Point", "coordinates": [ 133.940614, 34.68046 ] } },
{ "type": "Feature", "properties": { "ID": 3322330013310, "正式名称": "医療法人ふたば会　うちおグリーンクリニック", "機関区分": 2, "都道府県コード": 33, "市区町村コード": 104, "所在地": "岡山県岡山市南区内尾４６３", "緯度": 34.59919, "経度": 133.857513, "url": "https://www.iryou.teikyouseido.mhlw.go.jp/znk-web/juminkanja/S2430/initialize?prefCd=33&kikanCd=2330013310&kikanKbn=2", "url2": null, "内容": "医療法人ふたば会　うちおグリーンクリニック【2:診療所】【診療科目:内科_循環器内科_外科_肛門外科_皮膚科_リハビリテーション科】岡山県岡山市南区内尾４６３" }, "geometry": { "type": "Point", "coordinates": [ 133.857513, 34.59919 ] } },
{ "type": "Feature", "properties": { "ID": 3322330013320, "正式名称": "医療法人啓光会　ＨＩＫＡＲＩ　ＣＬＩＮＩＣ", "機関区分": 2, "都道府県コード": 33, "市区町村コード": 101, "所在地": "岡山県岡山市北区下石井２－１－１８ＯＧＷ岡山下石井ビル２Ｆ", "緯度": 34.660712, "経度": 133.91845, "url": "https://www.iryou.teikyouseido.mhlw.go.jp/znk-web/juminkanja/S2430/initialize?prefCd=33&kikanCd=2330013320&kikanKbn=2", "url2": "http://hikariclinic.jp", "内容": "医療法人啓光会　ＨＩＫＡＲＩ　ＣＬＩＮＩＣ【2:診療所】【診療科目:精神科_心療内科】岡山県岡山市北区下石井２－１－１８ＯＧＷ岡山下石井ビル２Ｆ" }, "geometry": { "type": "Point", "coordinates": [ 133.91845, 34.660712 ] } },
{ "type": "Feature", "properties": { "ID": 3322330013330, "正式名称": "こころクリニック", "機関区分": 2, "都道府県コード": 33, "市区町村コード": 202, "所在地": "岡山県倉敷市生坂２２５７－１", "緯度": 34.629157, "経度": 133.778186, "url": "https://www.iryou.teikyouseido.mhlw.go.jp/znk-web/juminkanja/S2430/initialize?prefCd=33&kikanCd=2330013330&kikanKbn=2", "url2": "kokoroclinic-kurashiki.net", "内容": "こころクリニック【2:診療所】【診療科目:児童精神科_精神科_心療内科】岡山県倉敷市生坂２２５７－１" }, "geometry": { "type": "Point", "coordinates": [ 133.778186, 34.629157 ] } },
{ "type": "Feature", "properties": { "ID": 3322330013380, "正式名称": "医療法人まつお内科クリニック", "機関区分": 2, "都道府県コード": 33, "市区町村コード": 101, "所在地": "岡山県岡山市北区上中野１－１６－１７", "緯度": 34.644908, "経度": 133.898786, "url": "https://www.iryou.teikyouseido.mhlw.go.jp/znk-web/juminkanja/S2430/initialize?prefCd=33&kikanCd=2330013380&kikanKbn=2", "url2": "http://www.matsuo-cl.jp", "内容": "医療法人まつお内科クリニック【2:診療所】【診療科目:内科_呼吸器内科_小児科】岡山県岡山市北区上中野１－１６－１７" }, "geometry": { "type": "Point", "coordinates": [ 133.898786, 34.644908 ] } },
{ "type": "Feature", "properties": { "ID": 3322330013390, "正式名称": "かりや内科", "機関区分": 2, "都道府県コード": 33, "市区町村コード": 101, "所在地": "岡山県岡山市北区庭瀬８１０－３", "緯度": 34.643824, "経度": 133.849151, "url": "https://www.iryou.teikyouseido.mhlw.go.jp/znk-web/juminkanja/S2430/initialize?prefCd=33&kikanCd=2330013390&kikanKbn=2", "url2": "http://kariyanaika.p-kit.com/", "内容": "かりや内科【2:診療所】【診療科目:内科】岡山県岡山市北区庭瀬８１０－３" }, "geometry": { "type": "Point", "coordinates": [ 133.849151, 34.643824 ] } },
{ "type": "Feature", "properties": { "ID": 3322330013400, "正式名称": "医療法人伸和　川井クリニック", "機関区分": 2, "都道府県コード": 33, "市区町村コード": 202, "所在地": "岡山県倉敷市二子１３５－１", "緯度": 34.63624, "経度": 133.813044, "url": "https://www.iryou.teikyouseido.mhlw.go.jp/znk-web/juminkanja/S2430/initialize?prefCd=33&kikanCd=2330013400&kikanKbn=2", "url2": "http://www.kawai-c.jp", "内容": "医療法人伸和　川井クリニック【2:診療所】【診療科目:内科_腎臓内科_人工透析内科】岡山県倉敷市二子１３５－１" }, "geometry": { "type": "Point", "coordinates": [ 133.813044, 34.63624 ] } },
{ "type": "Feature", "properties": { "ID": 3322330013410, "正式名称": "天城日曜診療所", "機関区分": 2, "都道府県コード": 33, "市区町村コード": 202, "所在地": "岡山県倉敷市藤戸町天城９６", "緯度": 34.569165, "経度": 133.81099, "url": "https://www.iryou.teikyouseido.mhlw.go.jp/znk-web/juminkanja/S2430/initialize?prefCd=33&kikanCd=2330013410&kikanKbn=2", "url2": "http://ww7.enjoy.ne.jp/~takahito9377/", "内容": "天城日曜診療所【2:診療所】【診療科目:内科】岡山県倉敷市藤戸町天城９６" }, "geometry": { "type": "Point", "coordinates": [ 133.81099, 34.569165 ] } },
{ "type": "Feature", "properties": { "ID": 3322330013420, "正式名称": "新倉敷ピーチクリニック", "機関区分": 2, "都道府県コード": 33, "市区町村コード": 202, "所在地": "岡山県倉敷市玉島八島１５１３番地", "緯度": 34.563551, "経度": 133.6687, "url": "https://www.iryou.teikyouseido.mhlw.go.jp/znk-web/juminkanja/S2430/initialize?prefCd=33&kikanCd=2330013420&kikanKbn=2", "url2": "http://www.peach-clinic.com", "内容": "新倉敷ピーチクリニック【2:診療所】【診療科目:内科_循環器内科_外科_小児科_小児循環器_アレルギー科】岡山県倉敷市玉島八島１５１３番地" }, "geometry": { "type": "Point", "coordinates": [ 133.6687, 34.563551 ] } },
{ "type": "Feature", "properties": { "ID": 3322330013430, "正式名称": "やまじ内科クリニック", "機関区分": 2, "都道府県コード": 33, "市区町村コード": 202, "所在地": "岡山県倉敷市山地５７－３", "緯度": 34.653322, "経度": 133.822431, "url": "https://www.iryou.teikyouseido.mhlw.go.jp/znk-web/juminkanja/S2430/initialize?prefCd=33&kikanCd=2330013430&kikanKbn=2", "url2": null, "内容": "やまじ内科クリニック【2:診療所】【診療科目:内科_糖尿病内科_消化器内科】岡山県倉敷市山地５７－３" }, "geometry": { "type": "Point", "coordinates": [ 133.822431, 34.653322 ] } },
{ "type": "Feature", "properties": { "ID": 3322330013440, "正式名称": "医療法人　和陽会　むらかみクリニック", "機関区分": 2, "都道府県コード": 33, "市区町村コード": 202, "所在地": "岡山県倉敷市新倉敷駅前３－３", "緯度": 34.563635, "経度": 133.680697, "url": "https://www.iryou.teikyouseido.mhlw.go.jp/znk-web/juminkanja/S2430/initialize?prefCd=33&kikanCd=2330013440&kikanKbn=2", "url2": "http://www.mt-clinic.com/", "内容": "医療法人　和陽会　むらかみクリニック【2:診療所】【診療科目:内科_循環器内科_眼科_泌尿器科_リウマチ科】岡山県倉敷市新倉敷駅前３－３" }, "geometry": { "type": "Point", "coordinates": [ 133.680697, 34.563635 ] } },
{ "type": "Feature", "properties": { "ID": 3322330013450, "正式名称": "医療法人　望　いわもとクリニック", "機関区分": 2, "都道府県コード": 33, "市区町村コード": 202, "所在地": "岡山県倉敷市上東１０５６－１", "緯度": 34.644073, "経度": 133.824514, "url": "https://www.iryou.teikyouseido.mhlw.go.jp/znk-web/juminkanja/S2430/initialize?prefCd=33&kikanCd=2330013450&kikanKbn=2", "url2": "http://iwacli.jp/", "内容": "医療法人　望　いわもとクリニック【2:診療所】【診療科目:内科_外科_整形外科_放射線診断科】岡山県倉敷市上東１０５６－１" }, "geometry": { "type": "Point", "coordinates": [ 133.824514, 34.644073 ] } },
{ "type": "Feature", "properties": { "ID": 3322330013460, "正式名称": "みのクリニック", "機関区分": 2, "都道府県コード": 33, "市区町村コード": 101, "所在地": "岡山県岡山市北区下石井１－１－１アーバンオフィスビル８階", "緯度": 34.663739, "経度": 133.918617, "url": "https://www.iryou.teikyouseido.mhlw.go.jp/znk-web/juminkanja/S2430/initialize?prefCd=33&kikanCd=2330013460&kikanKbn=2", "url2": "http://www.mino-clinic.com/", "内容": "みのクリニック【2:診療所】【診療科目:精神科_心療内科】岡山県岡山市北区下石井１－１－１アーバンオフィスビル８階" }, "geometry": { "type": "Point", "coordinates": [ 133.918617, 34.663739 ] } },
{ "type": "Feature", "properties": { "ID": 3322330013470, "正式名称": "おかやま西クリニック", "機関区分": 2, "都道府県コード": 33, "市区町村コード": 101, "所在地": "岡山県岡山市北区楢津４９８－１", "緯度": 34.679126, "経度": 133.882842, "url": "https://www.iryou.teikyouseido.mhlw.go.jp/znk-web/juminkanja/S2430/initialize?prefCd=33&kikanCd=2330013470&kikanKbn=2", "url2": "http://www.okayamanishicl.com/index.html", "内容": "おかやま西クリニック【2:診療所】【診療科目:内科_人工透析内科_外科】岡山県岡山市北区楢津４９８－１" }, "geometry": { "type": "Point", "coordinates": [ 133.882842, 34.679126 ] } },
{ "type": "Feature", "properties": { "ID": 3322330013480, "正式名称": "みやもと整形外科", "機関区分": 2, "都道府県コード": 33, "市区町村コード": 104, "所在地": "岡山県岡山市南区妹尾３３８７－２", "緯度": 34.620271, "経度": 133.871594, "url": "https://www.iryou.teikyouseido.mhlw.go.jp/znk-web/juminkanja/S2430/initialize?prefCd=33&kikanCd=2330013480&kikanKbn=2", "url2": null, "内容": "みやもと整形外科【2:診療所】【診療科目:整形外科_リウマチ科_リハビリテーション科】岡山県岡山市南区妹尾３３８７－２" }, "geometry": { "type": "Point", "coordinates": [ 133.871594, 34.620271 ] } },
{ "type": "Feature", "properties": { "ID": 3322330013500, "正式名称": "社会福祉法人岡山博愛会　岡山博愛会御幸町クリニック", "機関区分": 2, "都道府県コード": 33, "市区町村コード": 102, "所在地": "岡山県岡山市中区御幸町４－１", "緯度": 34.653547, "経度": 133.934699, "url": "https://www.iryou.teikyouseido.mhlw.go.jp/znk-web/juminkanja/S2430/initialize?prefCd=33&kikanCd=2330013500&kikanKbn=2", "url2": "http://www.okayama-hakuaikai.or.jp/", "内容": "社会福祉法人岡山博愛会　岡山博愛会御幸町クリニック【2:診療所】【診療科目:内科】岡山県岡山市中区御幸町４－１" }, "geometry": { "type": "Point", "coordinates": [ 133.934699, 34.653547 ] } },
{ "type": "Feature", "properties": { "ID": 3322330013520, "正式名称": "やまだファミリークリニック", "機関区分": 2, "都道府県コード": 33, "市区町村コード": 104, "所在地": "岡山県岡山市南区三浜町１－６－１３", "緯度": 34.614468, "経度": 133.948393, "url": "https://www.iryou.teikyouseido.mhlw.go.jp/znk-web/juminkanja/S2430/initialize?prefCd=33&kikanCd=2330013520&kikanKbn=2", "url2": null, "内容": "やまだファミリークリニック【2:診療所】【診療科目:内科_アレルギー疾患内科_小児科_アレルギー科】岡山県岡山市南区三浜町１－６－１３" }, "geometry": { "type": "Point", "coordinates": [ 133.948393, 34.614468 ] } },
{ "type": "Feature", "properties": { "ID": 3322330013540, "正式名称": "藤本循環器内科クリニック", "機関区分": 2, "都道府県コード": 33, "市区町村コード": 101, "所在地": "岡山県岡山市北区北方１－１４－１４", "緯度": 34.685015, "経度": 133.931448, "url": "https://www.iryou.teikyouseido.mhlw.go.jp/znk-web/juminkanja/S2430/initialize?prefCd=33&kikanCd=2330013540&kikanKbn=2", "url2": null, "内容": "藤本循環器内科クリニック【2:診療所】【診療科目:内科_循環器内科】岡山県岡山市北区北方１－１４－１４" }, "geometry": { "type": "Point", "coordinates": [ 133.931448, 34.685015 ] } },
{ "type": "Feature", "properties": { "ID": 3322330013580, "正式名称": "地域密着型特別養護老人ホーム高瀬付属診療所", "機関区分": 2, "都道府県コード": 33, "市区町村コード": 214, "所在地": "岡山県真庭市中島３９３番地１", "緯度": 35.072383, "経度": 133.749257, "url": "https://www.iryou.teikyouseido.mhlw.go.jp/znk-web/juminkanja/S2430/initialize?prefCd=33&kikanCd=2330013580&kikanKbn=2", "url2": "https://mincli-maniwa.com/", "内容": "地域密着型特別養護老人ホーム高瀬付属診療所【2:診療所】【診療科目:内科_小児科_皮膚科_アレルギー科】岡山県真庭市中島３９３番地１" }, "geometry": { "type": "Point", "coordinates": [ 133.749257, 35.072383 ] } },
{ "type": "Feature", "properties": { "ID": 3322330013590, "正式名称": "医療法人　祥樹会　赤磐皮膚科形成外科", "機関区分": 2, "都道府県コード": 33, "市区町村コード": 213, "所在地": "岡山県赤磐市日古木７９４", "緯度": 34.763897, "経度": 134.032631, "url": "https://www.iryou.teikyouseido.mhlw.go.jp/znk-web/juminkanja/S2430/initialize?prefCd=33&kikanCd=2330013590&kikanKbn=2", "url2": "http://akaiwahihukakeiseigeka.com/", "内容": "医療法人　祥樹会　赤磐皮膚科形成外科【2:診療所】【診療科目:外科_形成外科_皮膚科_美容皮膚科】岡山県赤磐市日古木７９４" }, "geometry": { "type": "Point", "coordinates": [ 134.032631, 34.763897 ] } },
{ "type": "Feature", "properties": { "ID": 3322330013600, "正式名称": "浅野クリニック", "機関区分": 2, "都道府県コード": 33, "市区町村コード": 202, "所在地": "岡山県倉敷市幸町８－２７", "緯度": 34.606687, "経度": 133.774659, "url": "https://www.iryou.teikyouseido.mhlw.go.jp/znk-web/juminkanja/S2430/initialize?prefCd=33&kikanCd=2330013600&kikanKbn=2", "url2": null, "内容": "浅野クリニック【2:診療所】【診療科目:内科_呼吸器内科_循環器内科_消化器内科_外科_リハビリテーション科_放射線科】岡山県倉敷市幸町８－２７" }, "geometry": { "type": "Point", "coordinates": [ 133.774659, 34.606687 ] } },
{ "type": "Feature", "properties": { "ID": 3322330013610, "正式名称": "医療法人爽潤会やまだ皮フ科クリニック", "機関区分": 2, "都道府県コード": 33, "市区町村コード": 202, "所在地": "岡山県倉敷市新倉敷駅前３－１３７", "緯度": 34.562385, "経度": 133.682919, "url": "https://www.iryou.teikyouseido.mhlw.go.jp/znk-web/juminkanja/S2430/initialize?prefCd=33&kikanCd=2330013610&kikanKbn=2", "url2": "http://www.yamada-hifuka.com/index.html", "内容": "医療法人爽潤会やまだ皮フ科クリニック【2:診療所】【診療科目:皮膚科_アレルギー科】岡山県倉敷市新倉敷駅前３－１３７" }, "geometry": { "type": "Point", "coordinates": [ 133.682919, 34.562385 ] } },
{ "type": "Feature", "properties": { "ID": 3322330013650, "正式名称": "岡山みなみクリニック", "機関区分": 2, "都道府県コード": 33, "市区町村コード": 104, "所在地": "岡山県岡山市南区浜野２丁目７－２５", "緯度": 34.628466, "経度": 133.936672, "url": "https://www.iryou.teikyouseido.mhlw.go.jp/znk-web/juminkanja/S2430/initialize?prefCd=33&kikanCd=2330013650&kikanKbn=2", "url2": "http://www.okayama-mc.jp/", "内容": "岡山みなみクリニック【2:診療所】【診療科目:内科_外科_リハビリテーション科】岡山県岡山市南区浜野２丁目７－２５" }, "geometry": { "type": "Point", "coordinates": [ 133.936672, 34.628466 ] } },
{ "type": "Feature", "properties": { "ID": 3322330013660, "正式名称": "尾上内科循環器内科医院", "機関区分": 2, "都道府県コード": 33, "市区町村コード": 101, "所在地": "岡山県岡山市北区久米３６１", "緯度": 34.648407, "経度": 133.874732, "url": "https://www.iryou.teikyouseido.mhlw.go.jp/znk-web/juminkanja/S2430/initialize?prefCd=33&kikanCd=2330013660&kikanKbn=2", "url2": null, "内容": "尾上内科循環器内科医院【2:診療所】【診療科目:内科_循環器内科】岡山県岡山市北区久米３６１" }, "geometry": { "type": "Point", "coordinates": [ 133.874732, 34.648407 ] } },
{ "type": "Feature", "properties": { "ID": 3322330013670, "正式名称": "まつやま内科クリニック", "機関区分": 2, "都道府県コード": 33, "市区町村コード": 202, "所在地": "岡山県倉敷市平田４０３－１０", "緯度": 34.614936, "経度": 133.779797, "url": "https://www.iryou.teikyouseido.mhlw.go.jp/znk-web/juminkanja/S2430/initialize?prefCd=33&kikanCd=2330013670&kikanKbn=2", "url2": "http://www.matsuyama-naika.com", "内容": "まつやま内科クリニック【2:診療所】【診療科目:内科_血液内科】岡山県倉敷市平田４０３－１０" }, "geometry": { "type": "Point", "coordinates": [ 133.779797, 34.614936 ] } },
{ "type": "Feature", "properties": { "ID": 3322330013680, "正式名称": "にいや内科クリニック", "機関区分": 2, "都道府県コード": 33, "市区町村コード": 101, "所在地": "岡山県岡山市北区北方２－１－３０", "緯度": 34.687126, "経度": 133.929587, "url": "https://www.iryou.teikyouseido.mhlw.go.jp/znk-web/juminkanja/S2430/initialize?prefCd=33&kikanCd=2330013680&kikanKbn=2", "url2": "https://niiyanaika.com/", "内容": "にいや内科クリニック【2:診療所】【診療科目:内科_血液内科_呼吸器内科_消化器内科_小児科_アレルギー科】岡山県岡山市北区北方２－１－３０" }, "geometry": { "type": "Point", "coordinates": [ 133.929587, 34.687126 ] } },
{ "type": "Feature", "properties": { "ID": 3322330013690, "正式名称": "総社みみ・はな・のどクリニック", "機関区分": 2, "都道府県コード": 33, "市区町村コード": 208, "所在地": "岡山県総社市総社２－２０－１０", "緯度": 34.677068, "経度": 133.750603, "url": "https://www.iryou.teikyouseido.mhlw.go.jp/znk-web/juminkanja/S2430/initialize?prefCd=33&kikanCd=2330013690&kikanKbn=2", "url2": "https://www.soja-ent.com", "内容": "総社みみ・はな・のどクリニック【2:診療所】【診療科目:耳鼻いんこう科_アレルギー科】岡山県総社市総社２－２０－１０" }, "geometry": { "type": "Point", "coordinates": [ 133.750603, 34.677068 ] } },
{ "type": "Feature", "properties": { "ID": 3322330013710, "正式名称": "せいきょう玉野診療所", "機関区分": 2, "都道府県コード": 33, "市区町村コード": 204, "所在地": "岡山県玉野市羽根崎町５－１０", "緯度": 34.460679, "経度": 133.924789, "url": "https://www.iryou.teikyouseido.mhlw.go.jp/znk-web/juminkanja/S2430/initialize?prefCd=33&kikanCd=2330013710&kikanKbn=2", "url2": "http://www.okayama-health.coop", "内容": "せいきょう玉野診療所【2:診療所】【診療科目:内科】岡山県玉野市羽根崎町５－１０" }, "geometry": { "type": "Point", "coordinates": [ 133.924789, 34.460679 ] } },
{ "type": "Feature", "properties": { "ID": 3322330013720, "正式名称": "むらさわ眼科", "機関区分": 2, "都道府県コード": 33, "市区町村コード": 101, "所在地": "岡山県岡山市北区津島西坂１－２－３９", "緯度": 34.682515, "経度": 133.9057, "url": "https://www.iryou.teikyouseido.mhlw.go.jp/znk-web/juminkanja/S2430/initialize?prefCd=33&kikanCd=2330013720&kikanKbn=2", "url2": "http://www.m-ec.net/", "内容": "むらさわ眼科【2:診療所】【診療科目:眼科】岡山県岡山市北区津島西坂１－２－３９" }, "geometry": { "type": "Point", "coordinates": [ 133.9057, 34.682515 ] } },
{ "type": "Feature", "properties": { "ID": 3322330013730, "正式名称": "しな子レディースクリニック", "機関区分": 2, "都道府県コード": 33, "市区町村コード": 102, "所在地": "岡山県岡山市中区湊４９５－１", "緯度": 34.64902, "経度": 133.959308, "url": "https://www.iryou.teikyouseido.mhlw.go.jp/znk-web/juminkanja/S2430/initialize?prefCd=33&kikanCd=2330013730&kikanKbn=2", "url2": "http://www.shinako-ladiesclinic.com", "内容": "しな子レディースクリニック【2:診療所】【診療科目:産婦人科_皮膚科_泌尿器科】岡山県岡山市中区湊４９５－１" }, "geometry": { "type": "Point", "coordinates": [ 133.959308, 34.64902 ] } },
{ "type": "Feature", "properties": { "ID": 3322330013740, "正式名称": "庭瀬ファミリークリニック", "機関区分": 2, "都道府県コード": 33, "市区町村コード": 101, "所在地": "岡山県岡山市北区平野８４７－６", "緯度": 34.646018, "経度": 133.85815, "url": "https://www.iryou.teikyouseido.mhlw.go.jp/znk-web/juminkanja/S2430/initialize?prefCd=33&kikanCd=2330013740&kikanKbn=2", "url2": "http://www.niwase4114.com", "内容": "庭瀬ファミリークリニック【2:診療所】【診療科目:内科_消化器内科_肝臓内科_内視鏡内科_小児科】岡山県岡山市北区平野８４７－６" }, "geometry": { "type": "Point", "coordinates": [ 133.85815, 34.646018 ] } },
{ "type": "Feature", "properties": { "ID": 3322330013750, "正式名称": "平井耳・鼻・のどクリニック", "機関区分": 2, "都道府県コード": 33, "市区町村コード": 102, "所在地": "岡山県岡山市中区平井４丁目１９－１５", "緯度": 34.637604, "経度": 133.947143, "url": "https://www.iryou.teikyouseido.mhlw.go.jp/znk-web/juminkanja/S2430/initialize?prefCd=33&kikanCd=2330013750&kikanKbn=2", "url2": null, "内容": "平井耳・鼻・のどクリニック【2:診療所】【診療科目:耳鼻いんこう科】岡山県岡山市中区平井４丁目１９－１５" }, "geometry": { "type": "Point", "coordinates": [ 133.947143, 34.637604 ] } },
{ "type": "Feature", "properties": { "ID": 3322330013760, "正式名称": "松浦皮膚科医院", "機関区分": 2, "都道府県コード": 33, "市区町村コード": 102, "所在地": "岡山県岡山市中区雄町２９３－１", "緯度": 34.685933, "経度": 133.974472, "url": "https://www.iryou.teikyouseido.mhlw.go.jp/znk-web/juminkanja/S2430/initialize?prefCd=33&kikanCd=2330013760&kikanKbn=2", "url2": "https://matsuura-hifuka.info", "内容": "松浦皮膚科医院【2:診療所】【診療科目:皮膚科_アレルギー科】岡山県岡山市中区雄町２９３－１" }, "geometry": { "type": "Point", "coordinates": [ 133.974472, 34.685933 ] } },
{ "type": "Feature", "properties": { "ID": 3322330013780, "正式名称": "こころの健康　こうやまクリニック", "機関区分": 2, "都道府県コード": 33, "市区町村コード": 203, "所在地": "岡山県津山市河辺９３１－８", "緯度": 35.061863, "経度": 134.04612, "url": "https://www.iryou.teikyouseido.mhlw.go.jp/znk-web/juminkanja/S2430/initialize?prefCd=33&kikanCd=2330013780&kikanKbn=2", "url2": "http://kokoro3h.com/", "内容": "こころの健康　こうやまクリニック【2:診療所】【診療科目:精神科_心療内科】岡山県津山市河辺９３１－８" }, "geometry": { "type": "Point", "coordinates": [ 134.04612, 35.061863 ] } },
{ "type": "Feature", "properties": { "ID": 3322330013790, "正式名称": "難波波動診療所", "機関区分": 2, "都道府県コード": 33, "市区町村コード": 208, "所在地": "岡山県総社市駅前１－７－２", "緯度": 34.673774, "経度": 133.739171, "url": "https://www.iryou.teikyouseido.mhlw.go.jp/znk-web/juminkanja/S2430/initialize?prefCd=33&kikanCd=2330013790&kikanKbn=2", "url2": null, "内容": "難波波動診療所【2:診療所】【診療科目:内科】岡山県総社市駅前１－７－２" }, "geometry": { "type": "Point", "coordinates": [ 133.739171, 34.673774 ] } },
{ "type": "Feature", "properties": { "ID": 3322330013800, "正式名称": "岡山南区にじいろ内科・小児科クリニック", "機関区分": 2, "都道府県コード": 33, "市区町村コード": 104, "所在地": "岡山県岡山市南区福成１丁目１６７－１", "緯度": 34.616106, "経度": 133.9322, "url": "https://www.iryou.teikyouseido.mhlw.go.jp/znk-web/juminkanja/S2430/initialize?prefCd=33&kikanCd=2330013800&kikanKbn=2", "url2": "https://www.okayama-nijiiro-clinic.com/", "内容": "岡山南区にじいろ内科・小児科クリニック【2:診療所】【診療科目:内科_小児科_小児アレルギー科】岡山県岡山市南区福成１丁目１６７－１" }, "geometry": { "type": "Point", "coordinates": [ 133.9322, 34.616106 ] } },
{ "type": "Feature", "properties": { "ID": 3322330013820, "正式名称": "医療法人社団　岡山純心会　前田医院", "機関区分": 2, "都道府県コード": 33, "市区町村コード": 101, "所在地": "岡山県岡山市北区楢津３１０－１", "緯度": 34.679709, "経度": 133.886924, "url": "https://www.iryou.teikyouseido.mhlw.go.jp/znk-web/juminkanja/S2430/initialize?prefCd=33&kikanCd=2330013820&kikanKbn=2", "url2": "http://www.oka-junshinkai.com", "内容": "医療法人社団　岡山純心会　前田医院【2:診療所】【診療科目:内科_糖尿病内科】岡山県岡山市北区楢津３１０－１" }, "geometry": { "type": "Point", "coordinates": [ 133.886924, 34.679709 ] } },
{ "type": "Feature", "properties": { "ID": 3322330013830, "正式名称": "医療法人社団千樹会なかつか眼科", "機関区分": 2, "都道府県コード": 33, "市区町村コード": 346, "所在地": "岡山県和気郡和気町衣笠８７３－２", "緯度": 34.796202, "経度": 134.153619, "url": "https://www.iryou.teikyouseido.mhlw.go.jp/znk-web/juminkanja/S2430/initialize?prefCd=33&kikanCd=2330013830&kikanKbn=2", "url2": "http://eyenakatsuka.org/", "内容": "医療法人社団千樹会なかつか眼科【2:診療所】【診療科目:眼科】岡山県和気郡和気町衣笠８７３－２" }, "geometry": { "type": "Point", "coordinates": [ 134.153619, 34.796202 ] } },
{ "type": "Feature", "properties": { "ID": 3322330013870, "正式名称": "医療法人健真会　城本クリニック岡山院", "機関区分": 2, "都道府県コード": 33, "市区町村コード": 101, "所在地": "岡山県岡山市北区駅元町３０－３カサ・セグーラ２Ｆ", "緯度": 34.656657, "経度": 133.927477, "url": "https://www.iryou.teikyouseido.mhlw.go.jp/znk-web/juminkanja/S2430/initialize?prefCd=33&kikanCd=2330013870&kikanKbn=2", "url2": "http://www.sc-okayama.com/", "内容": "医療法人健真会　城本クリニック岡山院【2:診療所】【診療科目:美容外科】岡山県岡山市北区駅元町３０－３カサ・セグーラ２Ｆ" }, "geometry": { "type": "Point", "coordinates": [ 133.927477, 34.656657 ] } },
{ "type": "Feature", "properties": { "ID": 3322330013890, "正式名称": "平成南町クリニック", "機関区分": 2, "都道府県コード": 33, "市区町村コード": 202, "所在地": "岡山県倉敷市南町４－３８ローズガーデン倉敷１階", "緯度": 34.593078, "経度": 133.767271, "url": "https://www.iryou.teikyouseido.mhlw.go.jp/znk-web/juminkanja/S2430/initialize?prefCd=33&kikanCd=2330013890&kikanKbn=2", "url2": "http://www.heisei.or.jp/", "内容": "平成南町クリニック【2:診療所】【診療科目:内科_呼吸器内科】岡山県倉敷市南町４－３８ローズガーデン倉敷１階" }, "geometry": { "type": "Point", "coordinates": [ 133.767271, 34.593078 ] } },
{ "type": "Feature", "properties": { "ID": 3322330013950, "正式名称": "タカヤクリニック", "機関区分": 2, "都道府県コード": 33, "市区町村コード": 207, "所在地": "岡山県井原市高屋町３－２４－１０", "緯度": 34.579711, "経度": 133.434607, "url": "https://www.iryou.teikyouseido.mhlw.go.jp/znk-web/juminkanja/S2430/initialize?prefCd=33&kikanCd=2330013950&kikanKbn=2", "url2": "https://www.kasaoka-d-hp.or.jp/takaya/", "内容": "タカヤクリニック【2:診療所】【診療科目:腎臓内科】岡山県井原市高屋町３－２４－１０" }, "geometry": { "type": "Point", "coordinates": [ 133.434607, 34.579711 ] } },
{ "type": "Feature", "properties": { "ID": 3322330013960, "正式名称": "サンノゼの丘クリニック", "機関区分": 2, "都道府県コード": 33, "市区町村コード": 101, "所在地": "岡山県岡山市北区芳賀１７３５－７９サンノゼの丘クリニック", "緯度": 34.718371, "経度": 133.874869, "url": "https://www.iryou.teikyouseido.mhlw.go.jp/znk-web/juminkanja/S2430/initialize?prefCd=33&kikanCd=2330013960&kikanKbn=2", "url2": "https://byoinnavi.jp/clinic/180802", "内容": "サンノゼの丘クリニック【2:診療所】【診療科目:内科_整形外科_放射線科】岡山県岡山市北区芳賀１７３５－７９サンノゼの丘クリニック" }, "geometry": { "type": "Point", "coordinates": [ 133.874869, 34.718371 ] } },
{ "type": "Feature", "properties": { "ID": 3322330013970, "正式名称": "岡山県厚生農業協同組合連合会診療所分院", "機関区分": 2, "都道府県コード": 33, "市区町村コード": 102, "所在地": "岡山県岡山市中区沖元字宮道下５７４－４", "緯度": 34.634216, "経度": 133.979557, "url": "https://www.iryou.teikyouseido.mhlw.go.jp/znk-web/juminkanja/S2430/initialize?prefCd=33&kikanCd=2330013970&kikanKbn=2", "url2": null, "内容": "岡山県厚生農業協同組合連合会診療所分院【2:診療所】【診療科目:内科】岡山県岡山市中区沖元字宮道下５７４－４" }, "geometry": { "type": "Point", "coordinates": [ 133.979557, 34.634216 ] } },
{ "type": "Feature", "properties": { "ID": 3322330013980, "正式名称": "おびえ皮膚科", "機関区分": 2, "都道府県コード": 33, "市区町村コード": 202, "所在地": "岡山県倉敷市加須山２５２－８", "緯度": 34.589579, "経度": 133.797296, "url": "https://www.iryou.teikyouseido.mhlw.go.jp/znk-web/juminkanja/S2430/initialize?prefCd=33&kikanCd=2330013980&kikanKbn=2", "url2": "https://obiehifuka.jp", "内容": "おびえ皮膚科【2:診療所】【診療科目:皮膚科】岡山県倉敷市加須山２５２－８" }, "geometry": { "type": "Point", "coordinates": [ 133.797296, 34.589579 ] } },
{ "type": "Feature", "properties": { "ID": 3322330014010, "正式名称": "医療法人　俊心会　なかむら耳鼻咽喉科", "機関区分": 2, "都道府県コード": 33, "市区町村コード": 101, "所在地": "岡山県岡山市北区小山５２－２", "緯度": 34.690484, "経度": 133.815569, "url": "https://www.iryou.teikyouseido.mhlw.go.jp/znk-web/juminkanja/S2430/initialize?prefCd=33&kikanCd=2330014010&kikanKbn=2", "url2": "http://n-jibika.net/n-jibika/", "内容": "医療法人　俊心会　なかむら耳鼻咽喉科【2:診療所】【診療科目:小児耳鼻いんこう科_気管食道・耳鼻いんこう科_アレルギー科】岡山県岡山市北区小山５２－２" }, "geometry": { "type": "Point", "coordinates": [ 133.815569, 34.690484 ] } },
{ "type": "Feature", "properties": { "ID": 3322330014020, "正式名称": "どうまえ耳鼻咽喉科", "機関区分": 2, "都道府県コード": 33, "市区町村コード": 101, "所在地": "岡山県岡山市北区津島西坂２－１－７", "緯度": 34.682348, "経度": 133.90845, "url": "https://www.iryou.teikyouseido.mhlw.go.jp/znk-web/juminkanja/S2430/initialize?prefCd=33&kikanCd=2330014020&kikanKbn=2", "url2": "http://www.doumae-jibika.com/", "内容": "どうまえ耳鼻咽喉科【2:診療所】【診療科目:耳鼻いんこう科】岡山県岡山市北区津島西坂２－１－７" }, "geometry": { "type": "Point", "coordinates": [ 133.90845, 34.682348 ] } },
{ "type": "Feature", "properties": { "ID": 3322330014030, "正式名称": "いのくち眼科クリニック", "機関区分": 2, "都道府県コード": 33, "市区町村コード": 101, "所在地": "岡山県岡山市北区大安寺東町２３－１５", "緯度": 34.664378, "経度": 133.889758, "url": "https://www.iryou.teikyouseido.mhlw.go.jp/znk-web/juminkanja/S2430/initialize?prefCd=33&kikanCd=2330014030&kikanKbn=2", "url2": "http://www.inokuchi-ganka.com/", "内容": "いのくち眼科クリニック【2:診療所】【診療科目:眼科】岡山県岡山市北区大安寺東町２３－１５" }, "geometry": { "type": "Point", "coordinates": [ 133.889758, 34.664378 ] } },
{ "type": "Feature", "properties": { "ID": 3322330014040, "正式名称": "高杉こどもクリニック", "機関区分": 2, "都道府県コード": 33, "市区町村コード": 208, "所在地": "岡山県総社市岡谷１２１−６", "緯度": 34.661512, "経度": 133.770644, "url": "https://www.iryou.teikyouseido.mhlw.go.jp/znk-web/juminkanja/S2430/initialize?prefCd=33&kikanCd=2330014040&kikanKbn=2", "url2": "https://takasugi-kodomo.com/takasugi/", "内容": "高杉こどもクリニック【2:診療所】【診療科目:循環器内科_神経内科_小児科_精神科_アレルギー科】岡山県総社市岡谷１２１−６" }, "geometry": { "type": "Point", "coordinates": [ 133.770644, 34.661512 ] } },
{ "type": "Feature", "properties": { "ID": 3322330014060, "正式名称": "ｇｄｍクリニック", "機関区分": 2, "都道府県コード": 33, "市区町村コード": 101, "所在地": "岡山県岡山市北区下中野７０８－１０９", "緯度": 34.64002, "経度": 133.901952, "url": "https://www.iryou.teikyouseido.mhlw.go.jp/znk-web/juminkanja/S2430/initialize?prefCd=33&kikanCd=2330014060&kikanKbn=2", "url2": null, "内容": "ｇｄｍクリニック【2:診療所】【診療科目:内科_皮膚科】岡山県岡山市北区下中野７０８－１０９" }, "geometry": { "type": "Point", "coordinates": [ 133.901952, 34.64002 ] } },
{ "type": "Feature", "properties": { "ID": 3322330014070, "正式名称": "すくすくこどもクリニック", "機関区分": 2, "都道府県コード": 33, "市区町村コード": 216, "所在地": "岡山県浅口市鴨方町鴨方１６３５－４", "緯度": 34.53983, "経度": 133.593427, "url": "https://www.iryou.teikyouseido.mhlw.go.jp/znk-web/juminkanja/S2430/initialize?prefCd=33&kikanCd=2330014070&kikanKbn=2", "url2": "sukusukukodomo-clinic.com", "内容": "すくすくこどもクリニック【2:診療所】【診療科目:小児科】岡山県浅口市鴨方町鴨方１６３５－４" }, "geometry": { "type": "Point", "coordinates": [ 133.593427, 34.53983 ] } },
{ "type": "Feature", "properties": { "ID": 3322330014080, "正式名称": "医療法人聖眼科聖眼科クリニック", "機関区分": 2, "都道府県コード": 33, "市区町村コード": 103, "所在地": "岡山県岡山市東区瀬戸町沖３６４", "緯度": 34.718625, "経度": 134.047048, "url": "https://www.iryou.teikyouseido.mhlw.go.jp/znk-web/juminkanja/S2430/initialize?prefCd=33&kikanCd=2330014080&kikanKbn=2", "url2": "http://www.seiganka.com", "内容": "医療法人聖眼科聖眼科クリニック【2:診療所】【診療科目:眼科】岡山県岡山市東区瀬戸町沖３６４" }, "geometry": { "type": "Point", "coordinates": [ 134.047048, 34.718625 ] } },
{ "type": "Feature", "properties": { "ID": 3322330014140, "正式名称": "玉野スマイルタウン介護老人福祉施設すまいる苑医務室", "機関区分": 2, "都道府県コード": 33, "市区町村コード": 204, "所在地": "岡山県玉野市田井６－８－１", "緯度": 34.508008, "経度": 133.957424, "url": "https://www.iryou.teikyouseido.mhlw.go.jp/znk-web/juminkanja/S2430/initialize?prefCd=33&kikanCd=2330014140&kikanKbn=2", "url2": null, "内容": "玉野スマイルタウン介護老人福祉施設すまいる苑医務室【2:診療所】【診療科目:内科】岡山県玉野市田井６－８－１" }, "geometry": { "type": "Point", "coordinates": [ 133.957424, 34.508008 ] } },
{ "type": "Feature", "properties": { "ID": 3322330014170, "正式名称": "枝廣歯科医院", "機関区分": 2, "都道府県コード": 33, "市区町村コード": 104, "所在地": "岡山県岡山市南区福富西２－１９－３２", "緯度": 34.621522, "経度": 133.929395, "url": "https://www.iryou.teikyouseido.mhlw.go.jp/znk-web/juminkanja/S2430/initialize?prefCd=33&kikanCd=2330014170&kikanKbn=2", "url2": "http://edahiro-dc.com", "内容": "枝廣歯科医院【2:診療所】【診療科目:歯科_矯正歯科_歯科口腔外科_小児歯科】岡山県岡山市南区福富西２－１９－３２" }, "geometry": { "type": "Point", "coordinates": [ 133.929395, 34.621522 ] } },
{ "type": "Feature", "properties": { "ID": 3322330014180, "正式名称": "倉敷廣済クリニック", "機関区分": 2, "都道府県コード": 33, "市区町村コード": 202, "所在地": "岡山県倉敷市東塚５丁目４番１６号", "緯度": 34.531057, "経度": 133.76294, "url": "https://www.iryou.teikyouseido.mhlw.go.jp/znk-web/juminkanja/S2430/initialize?prefCd=33&kikanCd=2330014180&kikanKbn=2", "url2": "http://www.wakokai.com/kousai_top.html", "内容": "倉敷廣済クリニック【2:診療所】【診療科目:内科_呼吸器内科_循環器内科_消化器内科_アレルギー科_リウマチ科】岡山県倉敷市東塚５丁目４番１６号" }, "geometry": { "type": "Point", "coordinates": [ 133.76294, 34.531057 ] } },
{ "type": "Feature", "properties": { "ID": 3322330014190, "正式名称": "地域密着型特別養護老人ホーム　グリーンビレッジ瀬戸内　医務室", "機関区分": 2, "都道府県コード": 33, "市区町村コード": 202, "所在地": "岡山県倉敷市船穂町柳井原２３００番地１", "緯度": 34.61113, "経度": 133.71547, "url": "https://www.iryou.teikyouseido.mhlw.go.jp/znk-web/juminkanja/S2430/initialize?prefCd=33&kikanCd=2330014190&kikanKbn=2", "url2": null, "内容": "地域密着型特別養護老人ホーム　グリーンビレッジ瀬戸内　医務室【2:診療所】【診療科目:内科】岡山県倉敷市船穂町柳井原２３００番地１" }, "geometry": { "type": "Point", "coordinates": [ 133.71547, 34.61113 ] } },
{ "type": "Feature", "properties": { "ID": 3322330014210, "正式名称": "こどもクリニックえくぼ", "機関区分": 2, "都道府県コード": 33, "市区町村コード": 103, "所在地": "岡山県岡山市東区瀬戸町旭ヶ丘４丁目２番３６", "緯度": 34.724767, "経度": 134.046856, "url": "https://www.iryou.teikyouseido.mhlw.go.jp/znk-web/juminkanja/S2430/initialize?prefCd=33&kikanCd=2330014210&kikanKbn=2", "url2": "http://ekuboekubo.ec-net.jp/", "内容": "こどもクリニックえくぼ【2:診療所】【診療科目:小児科_アレルギー科】岡山県岡山市東区瀬戸町旭ヶ丘４丁目２番３６" }, "geometry": { "type": "Point", "coordinates": [ 134.046856, 34.724767 ] } },
{ "type": "Feature", "properties": { "ID": 3322330014250, "正式名称": "にった整形クリニック", "機関区分": 2, "都道府県コード": 33, "市区町村コード": 104, "所在地": "岡山県岡山市南区泉田五丁目１０番４５号", "緯度": 34.623855, "経度": 133.910396, "url": "https://www.iryou.teikyouseido.mhlw.go.jp/znk-web/juminkanja/S2430/initialize?prefCd=33&kikanCd=2330014250&kikanKbn=2", "url2": "http://yotuba.or.jp/", "内容": "にった整形クリニック【2:診療所】【診療科目:整形外科_リウマチ科_リハビリテーション科】岡山県岡山市南区泉田五丁目１０番４５号" }, "geometry": { "type": "Point", "coordinates": [ 133.910396, 34.623855 ] } },
{ "type": "Feature", "properties": { "ID": 3322330014270, "正式名称": "はやし内科", "機関区分": 2, "都道府県コード": 33, "市区町村コード": 202, "所在地": "岡山県倉敷市鶴形１丁目１－１６", "緯度": 34.600188, "経度": 133.769826, "url": "https://www.iryou.teikyouseido.mhlw.go.jp/znk-web/juminkanja/S2430/initialize?prefCd=33&kikanCd=2330014270&kikanKbn=2", "url2": "http://hayashi-naika.net/", "内容": "はやし内科【2:診療所】【診療科目:内科】岡山県倉敷市鶴形１丁目１－１６" }, "geometry": { "type": "Point", "coordinates": [ 133.769826, 34.600188 ] } },
{ "type": "Feature", "properties": { "ID": 3322330014280, "正式名称": "特別養護老人ホーム　高倉荘　医務室", "機関区分": 2, "都道府県コード": 33, "市区町村コード": 209, "所在地": "岡山県高梁市高倉町飯部３３４４－１", "緯度": 34.854071, "経度": 133.568586, "url": "https://www.iryou.teikyouseido.mhlw.go.jp/znk-web/juminkanja/S2430/initialize?prefCd=33&kikanCd=2330014280&kikanKbn=2", "url2": null, "内容": "特別養護老人ホーム　高倉荘　医務室【2:診療所】【診療科目:内科】岡山県高梁市高倉町飯部３３４４－１" }, "geometry": { "type": "Point", "coordinates": [ 133.568586, 34.854071 ] } },
{ "type": "Feature", "properties": { "ID": 3322330014300, "正式名称": "一般財団法人　操志会　高畠西眼科", "機関区分": 2, "都道府県コード": 33, "市区町村コード": 101, "所在地": "岡山県岡山市北区田中１３８－１０１", "緯度": 34.642547, "経度": 133.880648, "url": "https://www.iryou.teikyouseido.mhlw.go.jp/znk-web/juminkanja/S2430/initialize?prefCd=33&kikanCd=2330014300&kikanKbn=2", "url2": "http://takabatake-ganka.org/", "内容": "一般財団法人　操志会　高畠西眼科【2:診療所】【診療科目:眼科】岡山県岡山市北区田中１３８－１０１" }, "geometry": { "type": "Point", "coordinates": [ 133.880648, 34.642547 ] } },
{ "type": "Feature", "properties": { "ID": 3322330014320, "正式名称": "医療法人ＳＨＩＲＯ　ｃｌｉｎｉｃ　ＳＨＩＲＯ", "機関区分": 2, "都道府県コード": 33, "市区町村コード": 214, "所在地": "岡山県真庭市下河内３１４－２", "緯度": 35.035944, "経度": 133.782755, "url": "https://www.iryou.teikyouseido.mhlw.go.jp/znk-web/juminkanja/S2430/initialize?prefCd=33&kikanCd=2330014320&kikanKbn=2", "url2": null, "内容": "医療法人ＳＨＩＲＯ　ｃｌｉｎｉｃ　ＳＨＩＲＯ【2:診療所】【診療科目:内科】岡山県真庭市下河内３１４－２" }, "geometry": { "type": "Point", "coordinates": [ 133.782755, 35.035944 ] } },
{ "type": "Feature", "properties": { "ID": 3322330014340, "正式名称": "あごうエイジングクリニック", "機関区分": 2, "都道府県コード": 33, "市区町村コード": 202, "所在地": "岡山県倉敷市昭和２－１－１ホワイトスクエア４Ｆ", "緯度": 34.602299, "経度": 133.768743, "url": "https://www.iryou.teikyouseido.mhlw.go.jp/znk-web/juminkanja/S2430/initialize?prefCd=33&kikanCd=2330014340&kikanKbn=2", "url2": "http://agoaging.jp", "内容": "あごうエイジングクリニック【2:診療所】【診療科目:美容外科】岡山県倉敷市昭和２－１－１ホワイトスクエア４Ｆ" }, "geometry": { "type": "Point", "coordinates": [ 133.768743, 34.602299 ] } },
{ "type": "Feature", "properties": { "ID": 3322330014350, "正式名称": "まるのうちクリニック", "機関区分": 2, "都道府県コード": 33, "市区町村コード": 101, "所在地": "岡山県岡山市北区丸の内一丁目１３－１４", "緯度": 34.662345, "経度": 133.924976, "url": "https://www.iryou.teikyouseido.mhlw.go.jp/znk-web/juminkanja/S2430/initialize?prefCd=33&kikanCd=2330014350&kikanKbn=2", "url2": null, "内容": "まるのうちクリニック【2:診療所】【診療科目:内科】岡山県岡山市北区丸の内一丁目１３－１４" }, "geometry": { "type": "Point", "coordinates": [ 133.924976, 34.662345 ] } },
{ "type": "Feature", "properties": { "ID": 3322330014370, "正式名称": "品川スキンクリニック岡山院", "機関区分": 2, "都道府県コード": 33, "市区町村コード": 101, "所在地": "岡山県岡山市北区錦町６－１両備ビル５階", "緯度": 34.66299, "経度": 133.919394, "url": "https://www.iryou.teikyouseido.mhlw.go.jp/znk-web/juminkanja/S2430/initialize?prefCd=33&kikanCd=2330014370&kikanKbn=2", "url2": "https://shinagawa-skin.com/clinic/okayama/", "内容": "品川スキンクリニック岡山院【2:診療所】【診療科目:美容外科_皮膚科】岡山県岡山市北区錦町６－１両備ビル５階" }, "geometry": { "type": "Point", "coordinates": [ 133.919394, 34.66299 ] } },
{ "type": "Feature", "properties": { "ID": 3322330014380, "正式名称": "特別養護老人ホーム　光生げんき医務室", "機関区分": 2, "都道府県コード": 33, "市区町村コード": 101, "所在地": "岡山県岡山市北区厚生町３丁目８－３５", "緯度": 34.655601, "経度": 133.910784, "url": "https://www.iryou.teikyouseido.mhlw.go.jp/znk-web/juminkanja/S2430/initialize?prefCd=33&kikanCd=2330014380&kikanKbn=2", "url2": null, "内容": "特別養護老人ホーム　光生げんき医務室【2:診療所】【診療科目:老人福祉施設】岡山県岡山市北区厚生町３丁目８－３５" }, "geometry": { "type": "Point", "coordinates": [ 133.910784, 34.655601 ] } },
{ "type": "Feature", "properties": { "ID": 3322330014390, "正式名称": "東古松サンクト診療所", "機関区分": 2, "都道府県コード": 33, "市区町村コード": 101, "所在地": "岡山県岡山市北区東古松４丁目９番２４号", "緯度": 34.64713, "経度": 133.915645, "url": "https://www.iryou.teikyouseido.mhlw.go.jp/znk-web/juminkanja/S2430/initialize?prefCd=33&kikanCd=2330014390&kikanKbn=2", "url2": "http://www.popmc.jp", "内容": "東古松サンクト診療所【2:診療所】【診療科目:精神科】岡山県岡山市北区東古松４丁目９番２４号" }, "geometry": { "type": "Point", "coordinates": [ 133.915645, 34.64713 ] } },
{ "type": "Feature", "properties": { "ID": 3322330014400, "正式名称": "なのはな歯科医院", "機関区分": 2, "都道府県コード": 33, "市区町村コード": 103, "所在地": "岡山県岡山市東区瀬戸町万富６３７－２", "緯度": 34.76001, "経度": 134.082182, "url": "https://www.iryou.teikyouseido.mhlw.go.jp/znk-web/juminkanja/S2430/initialize?prefCd=33&kikanCd=2330014400&kikanKbn=2", "url2": "http://nanohana.cihp2.jp/", "内容": "なのはな歯科医院【2:診療所】【診療科目:歯科_歯科口腔外科_小児歯科】岡山県岡山市東区瀬戸町万富６３７－２" }, "geometry": { "type": "Point", "coordinates": [ 134.082182, 34.76001 ] } },
{ "type": "Feature", "properties": { "ID": 3322330014420, "正式名称": "医療生協コープくらしき歯科", "機関区分": 2, "都道府県コード": 33, "市区町村コード": 202, "所在地": "岡山県倉敷市宮前３８４－１", "緯度": 34.611325, "経度": 133.762965, "url": "https://www.iryou.teikyouseido.mhlw.go.jp/znk-web/juminkanja/S2430/initialize?prefCd=33&kikanCd=2330014420&kikanKbn=2", "url2": "http://www.kura-hcu.jp/", "内容": "医療生協コープくらしき歯科【2:診療所】【診療科目:歯科_矯正歯科_歯科口腔外科_小児歯科】岡山県倉敷市宮前３８４－１" }, "geometry": { "type": "Point", "coordinates": [ 133.762965, 34.611325 ] } },
{ "type": "Feature", "properties": { "ID": 3322330014430, "正式名称": "坂本整形外科クリニック", "機関区分": 2, "都道府県コード": 33, "市区町村コード": 202, "所在地": "岡山県倉敷市白楽町１７４－１", "緯度": 34.587995, "経度": 133.761022, "url": "https://www.iryou.teikyouseido.mhlw.go.jp/znk-web/juminkanja/S2430/initialize?prefCd=33&kikanCd=2330014430&kikanKbn=2", "url2": "http://www.sakamoto-seikeigeka.com", "内容": "坂本整形外科クリニック【2:診療所】【診療科目:整形外科_リハビリテーション科】岡山県倉敷市白楽町１７４－１" }, "geometry": { "type": "Point", "coordinates": [ 133.761022, 34.587995 ] } },
{ "type": "Feature", "properties": { "ID": 3322330014450, "正式名称": "みやした内科医院", "機関区分": 2, "都道府県コード": 33, "市区町村コード": 208, "所在地": "岡山県総社市真壁１２３１－１", "緯度": 34.667597, "経度": 133.754798, "url": "https://www.iryou.teikyouseido.mhlw.go.jp/znk-web/juminkanja/S2430/initialize?prefCd=33&kikanCd=2330014450&kikanKbn=2", "url2": "http://mni.life.coocan.jp/", "内容": "みやした内科医院【2:診療所】【診療科目:内科】岡山県総社市真壁１２３１－１" }, "geometry": { "type": "Point", "coordinates": [ 133.754798, 34.667597 ] } },
{ "type": "Feature", "properties": { "ID": 3322330014460, "正式名称": "あゆみクリニック", "機関区分": 2, "都道府県コード": 33, "市区町村コード": 461, "所在地": "岡山県小田郡矢掛町矢掛２５６０－３", "緯度": 34.624987, "経度": 133.591314, "url": "https://www.iryou.teikyouseido.mhlw.go.jp/znk-web/juminkanja/S2430/initialize?prefCd=33&kikanCd=2330014460&kikanKbn=2", "url2": null, "内容": "あゆみクリニック【2:診療所】【診療科目:内科_消化器内科_小児科_皮膚科】岡山県小田郡矢掛町矢掛２５６０－３" }, "geometry": { "type": "Point", "coordinates": [ 133.591314, 34.624987 ] } },
{ "type": "Feature", "properties": { "ID": 3322330014470, "正式名称": "医療法人平成会　サンライフクリニック", "機関区分": 2, "都道府県コード": 33, "市区町村コード": 202, "所在地": "岡山県倉敷市下庄７０１－１０", "緯度": 34.636546, "経度": 133.824126, "url": "https://www.iryou.teikyouseido.mhlw.go.jp/znk-web/juminkanja/S2430/initialize?prefCd=33&kikanCd=2330014470&kikanKbn=2", "url2": "https://suiseikai-group.jp/", "内容": "医療法人平成会　サンライフクリニック【2:診療所】【診療科目:内科_呼吸器内科】岡山県倉敷市下庄７０１－１０" }, "geometry": { "type": "Point", "coordinates": [ 133.824126, 34.636546 ] } },
{ "type": "Feature", "properties": { "ID": 3322330014500, "正式名称": "美作市立梶並診療所", "機関区分": 2, "都道府県コード": 33, "市区町村コード": 215, "所在地": "岡山県美作市梶並５０１－１", "緯度": 35.118889, "経度": 134.245628, "url": "https://www.iryou.teikyouseido.mhlw.go.jp/znk-web/juminkanja/S2430/initialize?prefCd=33&kikanCd=2330014500&kikanKbn=2", "url2": null, "内容": "美作市立梶並診療所【2:診療所】【診療科目:内科_小児科】岡山県美作市梶並５０１－１" }, "geometry": { "type": "Point", "coordinates": [ 134.245628, 35.118889 ] } },
{ "type": "Feature", "properties": { "ID": 3322330014520, "正式名称": "よこやま腎泌尿器科クリニック", "機関区分": 2, "都道府県コード": 33, "市区町村コード": 101, "所在地": "岡山県岡山市北区今２－７－１　ＫＵⅡビル", "緯度": 34.647963, "経度": 133.898091, "url": "https://www.iryou.teikyouseido.mhlw.go.jp/znk-web/juminkanja/S2430/initialize?prefCd=33&kikanCd=2330014520&kikanKbn=2", "url2": "http://yokoyama-urology.com/", "内容": "よこやま腎泌尿器科クリニック【2:診療所】【診療科目:泌尿器科】岡山県岡山市北区今２－７－１　ＫＵⅡビル" }, "geometry": { "type": "Point", "coordinates": [ 133.898091, 34.647963 ] } },
{ "type": "Feature", "properties": { "ID": 3322330014530, "正式名称": "医療法人社団みやび会みやびウロギネクリニック", "機関区分": 2, "都道府県コード": 33, "市区町村コード": 101, "所在地": "岡山県岡山市北区表町１丁目４番１号２０１", "緯度": 34.664628, "経度": 133.929504, "url": "https://www.iryou.teikyouseido.mhlw.go.jp/znk-web/juminkanja/S2430/initialize?prefCd=33&kikanCd=2330014530&kikanKbn=2", "url2": "http://www.miyabiurogyne.com/", "内容": "医療法人社団みやび会みやびウロギネクリニック【2:診療所】【診療科目:漢方内科_婦人科_泌尿器科】岡山県岡山市北区表町１丁目４番１号２０１" }, "geometry": { "type": "Point", "coordinates": [ 133.929504, 34.664628 ] } },
{ "type": "Feature", "properties": { "ID": 3322330014540, "正式名称": "せのお駅前クリニック整形外科", "機関区分": 2, "都道府県コード": 33, "市区町村コード": 104, "所在地": "岡山県岡山市南区東畦１６４－１", "緯度": 34.608645, "経度": 133.873151, "url": "https://www.iryou.teikyouseido.mhlw.go.jp/znk-web/juminkanja/S2430/initialize?prefCd=33&kikanCd=2330014540&kikanKbn=2", "url2": "http://www.senooec.com/home", "内容": "せのお駅前クリニック整形外科【2:診療所】【診療科目:整形外科_リハビリテーション科】岡山県岡山市南区東畦１６４－１" }, "geometry": { "type": "Point", "coordinates": [ 133.873151, 34.608645 ] } },
{ "type": "Feature", "properties": { "ID": 3322330014550, "正式名称": "岡山ノーストクリニック", "機関区分": 2, "都道府県コード": 33, "市区町村コード": 101, "所在地": "岡山県岡山市北区表町１－１０－５２　表町アルバビル４階", "緯度": 34.663573, "経度": 133.929032, "url": "https://www.iryou.teikyouseido.mhlw.go.jp/znk-web/juminkanja/S2430/initialize?prefCd=33&kikanCd=2330014550&kikanKbn=2", "url2": null, "内容": "岡山ノーストクリニック【2:診療所】【診療科目:形成外科_泌尿器科】岡山県岡山市北区表町１－１０－５２　表町アルバビル４階" }, "geometry": { "type": "Point", "coordinates": [ 133.929032, 34.663573 ] } },
{ "type": "Feature", "properties": { "ID": 3322330014560, "正式名称": "たなか内科診療所", "機関区分": 2, "都道府県コード": 33, "市区町村コード": 101, "所在地": "岡山県岡山市北区田中１８３－１０２", "緯度": 34.641852, "経度": 133.876815, "url": "https://www.iryou.teikyouseido.mhlw.go.jp/znk-web/juminkanja/S2430/initialize?prefCd=33&kikanCd=2330014560&kikanKbn=2", "url2": "http://tanaka-shinryosho.jp/", "内容": "たなか内科診療所【2:診療所】【診療科目:内科_胃腸内科】岡山県岡山市北区田中１８３－１０２" }, "geometry": { "type": "Point", "coordinates": [ 133.876815, 34.641852 ] } },
{ "type": "Feature", "properties": { "ID": 3322330014570, "正式名称": "医療法人葵クリニック", "機関区分": 2, "都道府県コード": 33, "市区町村コード": 104, "所在地": "岡山県岡山市南区藤田５６０－５１６", "緯度": 34.591275, "経度": 133.890122, "url": "https://www.iryou.teikyouseido.mhlw.go.jp/znk-web/juminkanja/S2430/initialize?prefCd=33&kikanCd=2330014570&kikanKbn=2", "url2": null, "内容": "医療法人葵クリニック【2:診療所】【診療科目:内科_内視鏡内科_外科】岡山県岡山市南区藤田５６０－５１６" }, "geometry": { "type": "Point", "coordinates": [ 133.890122, 34.591275 ] } },
{ "type": "Feature", "properties": { "ID": 3322330014580, "正式名称": "しんまち診療所", "機関区分": 2, "都道府県コード": 33, "市区町村コード": 214, "所在地": "岡山県真庭市勝山２５１", "緯度": 35.081409, "経度": 133.691512, "url": "https://www.iryou.teikyouseido.mhlw.go.jp/znk-web/juminkanja/S2430/initialize?prefCd=33&kikanCd=2330014580&kikanKbn=2", "url2": "http://www.shinmachi-clinic.com", "内容": "しんまち診療所【2:診療所】【診療科目:内科_耳鼻いんこう科】岡山県真庭市勝山２５１" }, "geometry": { "type": "Point", "coordinates": [ 133.691512, 35.081409 ] } },
{ "type": "Feature", "properties": { "ID": 3322330014590, "正式名称": "えぐち耳鼻咽喉科", "機関区分": 2, "都道府県コード": 33, "市区町村コード": 202, "所在地": "岡山県倉敷市北畝７ー３－７", "緯度": 34.545833, "経度": 133.752468, "url": "https://www.iryou.teikyouseido.mhlw.go.jp/znk-web/juminkanja/S2430/initialize?prefCd=33&kikanCd=2330014590&kikanKbn=2", "url2": "https://www.eguchijibika.com/", "内容": "えぐち耳鼻咽喉科【2:診療所】【診療科目:耳鼻いんこう科】岡山県倉敷市北畝７ー３－７" }, "geometry": { "type": "Point", "coordinates": [ 133.752468, 34.545833 ] } },
{ "type": "Feature", "properties": { "ID": 3322330014600, "正式名称": "医療法人福嶋医院倉敷駅前診療所", "機関区分": 2, "都道府県コード": 33, "市区町村コード": 202, "所在地": "岡山県倉敷市阿知二丁目１４番８", "緯度": 34.600327, "経度": 133.768799, "url": "https://www.iryou.teikyouseido.mhlw.go.jp/znk-web/juminkanja/S2430/initialize?prefCd=33&kikanCd=2330014600&kikanKbn=2", "url2": "http://iruka.or.jp/office/kurashiki/", "内容": "医療法人福嶋医院倉敷駅前診療所【2:診療所】【診療科目:内科_漢方内科_外科_整形外科_リハビリテーション科】岡山県倉敷市阿知二丁目１４番８" }, "geometry": { "type": "Point", "coordinates": [ 133.768799, 34.600327 ] } },
{ "type": "Feature", "properties": { "ID": 3322330014610, "正式名称": "特別養護老人ホームちかのり　医務室", "機関区分": 2, "都道府県コード": 33, "市区町村コード": 209, "所在地": "岡山県高梁市落合町近似１３２６－１", "緯度": 34.796717, "経度": 133.609168, "url": "https://www.iryou.teikyouseido.mhlw.go.jp/znk-web/juminkanja/S2430/initialize?prefCd=33&kikanCd=2330014610&kikanKbn=2", "url2": "http://www.fukumikai.or.jp/", "内容": "特別養護老人ホームちかのり　医務室【2:診療所】【診療科目:その他】岡山県高梁市落合町近似１３２６－１" }, "geometry": { "type": "Point", "coordinates": [ 133.609168, 34.796717 ] } },
{ "type": "Feature", "properties": { "ID": 3322330014620, "正式名称": "はまだ眼科", "機関区分": 2, "都道府県コード": 33, "市区町村コード": 103, "所在地": "岡山県岡山市東区松新町１５８－２０", "緯度": 34.658464, "経度": 134.007442, "url": "https://www.iryou.teikyouseido.mhlw.go.jp/znk-web/juminkanja/S2430/initialize?prefCd=33&kikanCd=2330014620&kikanKbn=2", "url2": "http://hamada.jpn.com/", "内容": "はまだ眼科【2:診療所】【診療科目:眼科】岡山県岡山市東区松新町１５８－２０" }, "geometry": { "type": "Point", "coordinates": [ 134.007442, 34.658464 ] } },
{ "type": "Feature", "properties": { "ID": 3322330014630, "正式名称": "医療法人社団　青史会　楯築診療所", "機関区分": 2, "都道府県コード": 33, "市区町村コード": 202, "所在地": "岡山県倉敷市中庄３２０６－５", "緯度": 34.624635, "経度": 133.800092, "url": "https://www.iryou.teikyouseido.mhlw.go.jp/znk-web/juminkanja/S2430/initialize?prefCd=33&kikanCd=2330014630&kikanKbn=2", "url2": "https://xn--8ouu3norlyqff8t.jp/", "内容": "医療法人社団　青史会　楯築診療所【2:診療所】【診療科目:精神科_心療内科】岡山県倉敷市中庄３２０６－５" }, "geometry": { "type": "Point", "coordinates": [ 133.800092, 34.624635 ] } },
{ "type": "Feature", "properties": { "ID": 3322330014640, "正式名称": "おかもと内科クリニック", "機関区分": 2, "都道府県コード": 33, "市区町村コード": 202, "所在地": "岡山県倉敷市水江１０２９－１", "緯度": 34.599187, "経度": 133.74094, "url": "https://www.iryou.teikyouseido.mhlw.go.jp/znk-web/juminkanja/S2430/initialize?prefCd=33&kikanCd=2330014640&kikanKbn=2", "url2": "http://www.okamoto-naika.jp/", "内容": "おかもと内科クリニック【2:診療所】【診療科目:内科_呼吸器内科_消化器内科_アレルギー科】岡山県倉敷市水江１０２９－１" }, "geometry": { "type": "Point", "coordinates": [ 133.74094, 34.599187 ] } },
{ "type": "Feature", "properties": { "ID": 3322330014650, "正式名称": "医療法人　進愛会　ひがしリハビリテーション・整形クリニック", "機関区分": 2, "都道府県コード": 33, "市区町村コード": 102, "所在地": "岡山県岡山市中区高島新屋敷８５－１", "緯度": 34.689237, "経度": 133.955029, "url": "https://www.iryou.teikyouseido.mhlw.go.jp/znk-web/juminkanja/S2430/initialize?prefCd=33&kikanCd=2330014650&kikanKbn=2", "url2": "http://higashireha-cl.com/", "内容": "医療法人　進愛会　ひがしリハビリテーション・整形クリニック【2:診療所】【診療科目:整形外科_リハビリテーション科】岡山県岡山市中区高島新屋敷８５－１" }, "geometry": { "type": "Point", "coordinates": [ 133.955029, 34.689237 ] } },
{ "type": "Feature", "properties": { "ID": 3322330014660, "正式名称": "医療法人社団三田医院", "機関区分": 2, "都道府県コード": 33, "市区町村コード": 102, "所在地": "岡山県岡山市中区門田屋敷１－１０－２１－１階", "緯度": 34.656463, "経度": 133.941781, "url": "https://www.iryou.teikyouseido.mhlw.go.jp/znk-web/juminkanja/S2430/initialize?prefCd=33&kikanCd=2330014660&kikanKbn=2", "url2": "http://www.mitaiin.com", "内容": "医療法人社団三田医院【2:診療所】【診療科目:内科】岡山県岡山市中区門田屋敷１－１０－２１－１階" }, "geometry": { "type": "Point", "coordinates": [ 133.941781, 34.656463 ] } },
{ "type": "Feature", "properties": { "ID": 3322330014670, "正式名称": "もくれん耳鼻咽喉科", "機関区分": 2, "都道府県コード": 33, "市区町村コード": 101, "所在地": "岡山県岡山市北区富田４１１－１", "緯度": 34.640214, "経度": 133.912979, "url": "https://www.iryou.teikyouseido.mhlw.go.jp/znk-web/juminkanja/S2430/initialize?prefCd=33&kikanCd=2330014670&kikanKbn=2", "url2": "http://www.mokuren-jibika.info", "内容": "もくれん耳鼻咽喉科【2:診療所】【診療科目:耳鼻いんこう科】岡山県岡山市北区富田４１１－１" }, "geometry": { "type": "Point", "coordinates": [ 133.912979, 34.640214 ] } },
{ "type": "Feature", "properties": { "ID": 3322330014680, "正式名称": "医療法人ハナミズキ　岡崎内科クリニック", "機関区分": 2, "都道府県コード": 33, "市区町村コード": 212, "所在地": "岡山県瀬戸内市邑久町山田庄２１２－１", "緯度": 34.668493, "経度": 134.091157, "url": "https://www.iryou.teikyouseido.mhlw.go.jp/znk-web/juminkanja/S2430/initialize?prefCd=33&kikanCd=2330014680&kikanKbn=2", "url2": null, "内容": "医療法人ハナミズキ　岡崎内科クリニック【2:診療所】【診療科目:内科_循環器内科_小児科】岡山県瀬戸内市邑久町山田庄２１２－１" }, "geometry": { "type": "Point", "coordinates": [ 134.091157, 34.668493 ] } },
{ "type": "Feature", "properties": { "ID": 3322330014690, "正式名称": "医療法人　寛和会　内田医院", "機関区分": 2, "都道府県コード": 33, "市区町村コード": 212, "所在地": "岡山県瀬戸内市邑久町尾張３９－１２", "緯度": 34.66666, "経度": 134.087935, "url": "https://www.iryou.teikyouseido.mhlw.go.jp/znk-web/juminkanja/S2430/initialize?prefCd=33&kikanCd=2330014690&kikanKbn=2", "url2": null, "内容": "医療法人　寛和会　内田医院【2:診療所】【診療科目:内科_小児科】岡山県瀬戸内市邑久町尾張３９－１２" }, "geometry": { "type": "Point", "coordinates": [ 134.087935, 34.66666 ] } },
{ "type": "Feature", "properties": { "ID": 3322330014700, "正式名称": "あさのクリニック", "機関区分": 2, "都道府県コード": 33, "市区町村コード": 208, "所在地": "岡山県総社市中央２丁目３－５", "緯度": 34.673762, "経度": 133.745409, "url": "https://www.iryou.teikyouseido.mhlw.go.jp/znk-web/juminkanja/S2430/initialize?prefCd=33&kikanCd=2330014700&kikanKbn=2", "url2": "https://asanoclinic.com", "内容": "あさのクリニック【2:診療所】【診療科目:内科_老年精神科】岡山県総社市中央２丁目３－５" }, "geometry": { "type": "Point", "coordinates": [ 133.745409, 34.673762 ] } },
{ "type": "Feature", "properties": { "ID": 3322330014710, "正式名称": "特別養護老人ホーム川柳の里三清荘医務室", "機関区分": 2, "都道府県コード": 33, "市区町村コード": 663, "所在地": "岡山県久米郡久米南町羽出木７５３－１１", "緯度": 34.944042, "経度": 133.992323, "url": "https://www.iryou.teikyouseido.mhlw.go.jp/znk-web/juminkanja/S2430/initialize?prefCd=33&kikanCd=2330014710&kikanKbn=2", "url2": null, "内容": "特別養護老人ホーム川柳の里三清荘医務室【2:診療所】【診療科目:内科】岡山県久米郡久米南町羽出木７５３－１１" }, "geometry": { "type": "Point", "coordinates": [ 133.992323, 34.944042 ] } },
{ "type": "Feature", "properties": { "ID": 3322330014720, "正式名称": "ほしあい心療内科", "機関区分": 2, "都道府県コード": 33, "市区町村コード": 101, "所在地": "岡山県岡山市北区今２丁目３―１８", "緯度": 34.648185, "経度": 133.898036, "url": "https://www.iryou.teikyouseido.mhlw.go.jp/znk-web/juminkanja/S2430/initialize?prefCd=33&kikanCd=2330014720&kikanKbn=2", "url2": "http://starmentalclinic.com/", "内容": "ほしあい心療内科【2:診療所】【診療科目:精神科_心療内科】岡山県岡山市北区今２丁目３―１８" }, "geometry": { "type": "Point", "coordinates": [ 133.898036, 34.648185 ] } },
{ "type": "Feature", "properties": { "ID": 3322330014730, "正式名称": "医療法人社団康寿会皐月クリニック岡山院", "機関区分": 2, "都道府県コード": 33, "市区町村コード": 101, "所在地": "岡山県岡山市北区本町２－１０ＳＣＥ岡山駅前ビル２Ｆ", "緯度": 34.665242, "経度": 133.92124, "url": "https://www.iryou.teikyouseido.mhlw.go.jp/znk-web/juminkanja/S2430/initialize?prefCd=33&kikanCd=2330014730&kikanKbn=2", "url2": "https://www.satsuki-clinic.jp/okayama/", "内容": "医療法人社団康寿会皐月クリニック岡山院【2:診療所】【診療科目:形成外科_泌尿器科】岡山県岡山市北区本町２－１０ＳＣＥ岡山駅前ビル２Ｆ" }, "geometry": { "type": "Point", "coordinates": [ 133.92124, 34.665242 ] } },
{ "type": "Feature", "properties": { "ID": 3322330014750, "正式名称": "医療法人啓佑会　新倉敷耳鼻咽喉科クリニック", "機関区分": 2, "都道府県コード": 33, "市区町村コード": 202, "所在地": "岡山県倉敷市新倉敷駅前３丁目１２０－１", "緯度": 34.562524, "経度": 133.68228, "url": "https://www.iryou.teikyouseido.mhlw.go.jp/znk-web/juminkanja/S2430/initialize?prefCd=33&kikanCd=2330014750&kikanKbn=2", "url2": "https://www.shinkura-ent-clinic.com/", "内容": "医療法人啓佑会　新倉敷耳鼻咽喉科クリニック【2:診療所】【診療科目:耳鼻いんこう科】岡山県倉敷市新倉敷駅前３丁目１２０－１" }, "geometry": { "type": "Point", "coordinates": [ 133.68228, 34.562524 ] } },
{ "type": "Feature", "properties": { "ID": 3322330014760, "正式名称": "医療法人やまもとクリニック", "機関区分": 2, "都道府県コード": 33, "市区町村コード": 202, "所在地": "岡山県倉敷市児島元浜町７８３－５", "緯度": 34.452733, "経度": 133.808466, "url": "https://www.iryou.teikyouseido.mhlw.go.jp/znk-web/juminkanja/S2430/initialize?prefCd=33&kikanCd=2330014760&kikanKbn=2", "url2": "https://yamamotocl.com", "内容": "医療法人やまもとクリニック【2:診療所】【診療科目:内科_消化器内科】岡山県倉敷市児島元浜町７８３－５" }, "geometry": { "type": "Point", "coordinates": [ 133.808466, 34.452733 ] } },
{ "type": "Feature", "properties": { "ID": 3322330014790, "正式名称": "医療法人　砂山クリニック", "機関区分": 2, "都道府県コード": 33, "市区町村コード": 101, "所在地": "岡山県岡山市北区富田町１－６－１０東光第一ビル１０２", "緯度": 34.670572, "経度": 133.924255, "url": "https://www.iryou.teikyouseido.mhlw.go.jp/znk-web/juminkanja/S2430/initialize?prefCd=33&kikanCd=2330014790&kikanKbn=2", "url2": null, "内容": "医療法人　砂山クリニック【2:診療所】【診療科目:内科】岡山県岡山市北区富田町１－６－１０東光第一ビル１０２" }, "geometry": { "type": "Point", "coordinates": [ 133.924255, 34.670572 ] } },
{ "type": "Feature", "properties": { "ID": 3322330014800, "正式名称": "はいさ内科医院", "機関区分": 2, "都道府県コード": 33, "市区町村コード": 102, "所在地": "岡山県岡山市中区門田屋敷４－４－１４", "緯度": 34.652519, "経度": 133.939115, "url": "https://www.iryou.teikyouseido.mhlw.go.jp/znk-web/juminkanja/S2430/initialize?prefCd=33&kikanCd=2330014800&kikanKbn=2", "url2": "http://ww9.tiki.ne.jp/~haisa-md/", "内容": "はいさ内科医院【2:診療所】【診療科目:内科_糖尿病内科_呼吸器内科_消化器内科】岡山県岡山市中区門田屋敷４－４－１４" }, "geometry": { "type": "Point", "coordinates": [ 133.939115, 34.652519 ] } },
{ "type": "Feature", "properties": { "ID": 3322330014820, "正式名称": "医療法人恵喜会　森クリニック", "機関区分": 2, "都道府県コード": 33, "市区町村コード": 213, "所在地": "岡山県赤磐市周匝７２８－１", "緯度": 34.918492, "経度": 134.09387, "url": "https://www.iryou.teikyouseido.mhlw.go.jp/znk-web/juminkanja/S2430/initialize?prefCd=33&kikanCd=2330014820&kikanKbn=2", "url2": "http://www.moricli.com", "内容": "医療法人恵喜会　森クリニック【2:診療所】【診療科目:内科_神経内科】岡山県赤磐市周匝７２８－１" }, "geometry": { "type": "Point", "coordinates": [ 134.09387, 34.918492 ] } },
{ "type": "Feature", "properties": { "ID": 3322330014830, "正式名称": "赤磐市国民健康保険熊山診療所", "機関区分": 2, "都道府県コード": 33, "市区町村コード": 213, "所在地": "岡山県赤磐市松木６２１番地４", "緯度": 34.790729, "経度": 134.096735, "url": "https://www.iryou.teikyouseido.mhlw.go.jp/znk-web/juminkanja/S2430/initialize?prefCd=33&kikanCd=2330014830&kikanKbn=2", "url2": "http://www.city.akaiwa.ig.jp/hosp-k/index.html", "内容": "赤磐市国民健康保険熊山診療所【2:診療所】【診療科目:内科_呼吸器内科_循環器内科_外科_整形外科_泌尿器科】岡山県赤磐市松木６２１番地４" }, "geometry": { "type": "Point", "coordinates": [ 134.096735, 34.790729 ] } },
{ "type": "Feature", "properties": { "ID": 3322330014850, "正式名称": "古賀眼科", "機関区分": 2, "都道府県コード": 33, "市区町村コード": 203, "所在地": "岡山県津山市志戸部６５１－１", "緯度": 35.077389, "経度": 134.018428, "url": "https://www.iryou.teikyouseido.mhlw.go.jp/znk-web/juminkanja/S2430/initialize?prefCd=33&kikanCd=2330014850&kikanKbn=2", "url2": "http://koga-eye.jp/", "内容": "古賀眼科【2:診療所】【診療科目:眼科】岡山県津山市志戸部６５１－１" }, "geometry": { "type": "Point", "coordinates": [ 134.018428, 35.077389 ] } },
{ "type": "Feature", "properties": { "ID": 3322330014870, "正式名称": "医療法人えしん会　わたなべ内科医院", "機関区分": 2, "都道府県コード": 33, "市区町村コード": 203, "所在地": "岡山県津山市二宮５３番地６", "緯度": 35.059545, "経度": 133.959573, "url": "https://www.iryou.teikyouseido.mhlw.go.jp/znk-web/juminkanja/S2430/initialize?prefCd=33&kikanCd=2330014870&kikanKbn=2", "url2": "https://www.watanabenaika2014.com/", "内容": "医療法人えしん会　わたなべ内科医院【2:診療所】【診療科目:内科】岡山県津山市二宮５３番地６" }, "geometry": { "type": "Point", "coordinates": [ 133.959573, 35.059545 ] } },
{ "type": "Feature", "properties": { "ID": 3322330014880, "正式名称": "つばさクリニック岡山", "機関区分": 2, "都道府県コード": 33, "市区町村コード": 101, "所在地": "岡山県岡山市北区奉還町１－７－７", "緯度": 34.669961, "経度": 133.917978, "url": "https://www.iryou.teikyouseido.mhlw.go.jp/znk-web/juminkanja/S2430/initialize?prefCd=33&kikanCd=2330014880&kikanKbn=2", "url2": "https://www.tsubasa-clinic.net/", "内容": "つばさクリニック岡山【2:診療所】【診療科目:内科_小児科】岡山県岡山市北区奉還町１－７－７" }, "geometry": { "type": "Point", "coordinates": [ 133.917978, 34.669961 ] } },
{ "type": "Feature", "properties": { "ID": 3322330014890, "正式名称": "医療法人社団百子会　やまな内科整形外科", "機関区分": 2, "都道府県コード": 33, "市区町村コード": 202, "所在地": "岡山県倉敷市児島下の町１０丁目２番１２号", "緯度": 34.47387, "経度": 133.824131, "url": "https://www.iryou.teikyouseido.mhlw.go.jp/znk-web/juminkanja/S2430/initialize?prefCd=33&kikanCd=2330014890&kikanKbn=2", "url2": "https://www.yamanahp.or.jp", "内容": "医療法人社団百子会　やまな内科整形外科【2:診療所】【診療科目:内科_整形外科_リウマチ科_リハビリテーション科】岡山県倉敷市児島下の町１０丁目２番１２号" }, "geometry": { "type": "Point", "coordinates": [ 133.824131, 34.47387 ] } },
{ "type": "Feature", "properties": { "ID": 3322330014900, "正式名称": "マツミクリニック", "機関区分": 2, "都道府県コード": 33, "市区町村コード": 202, "所在地": "岡山県倉敷市玉島中央町１－４－８", "緯度": 34.546581, "経度": 133.673031, "url": "https://www.iryou.teikyouseido.mhlw.go.jp/znk-web/juminkanja/S2430/initialize?prefCd=33&kikanCd=2330014900&kikanKbn=2", "url2": "http://www.tamashima-ch.or.jp/shumei/?utm_source=kd", "内容": "マツミクリニック【2:診療所】【診療科目:内科_消化器内科】岡山県倉敷市玉島中央町１－４－８" }, "geometry": { "type": "Point", "coordinates": [ 133.673031, 34.546581 ] } },
{ "type": "Feature", "properties": { "ID": 3322330014920, "正式名称": "せのお耳鼻科クリニック", "機関区分": 2, "都道府県コード": 33, "市区町村コード": 104, "所在地": "岡山県岡山市南区西市５８５－１", "緯度": 34.634095, "経度": 133.895333, "url": "https://www.iryou.teikyouseido.mhlw.go.jp/znk-web/juminkanja/S2430/initialize?prefCd=33&kikanCd=2330014920&kikanKbn=2", "url2": "http://senoh-jibika.com/", "内容": "せのお耳鼻科クリニック【2:診療所】【診療科目:耳鼻いんこう科】岡山県岡山市南区西市５８５－１" }, "geometry": { "type": "Point", "coordinates": [ 133.895333, 34.634095 ] } },
{ "type": "Feature", "properties": { "ID": 3322330014930, "正式名称": "むぐるま内科クリニック", "機関区分": 2, "都道府県コード": 33, "市区町村コード": 101, "所在地": "岡山県岡山市北区下石井１－２－１－１０５１イオンモール岡山", "緯度": 34.66224, "経度": 133.917728, "url": "https://www.iryou.teikyouseido.mhlw.go.jp/znk-web/juminkanja/S2430/initialize?prefCd=33&kikanCd=2330014930&kikanKbn=2", "url2": "http://aeonmall-okayama.com", "内容": "むぐるま内科クリニック【2:診療所】【診療科目:内科_呼吸器内科】岡山県岡山市北区下石井１－２－１－１０５１イオンモール岡山" }, "geometry": { "type": "Point", "coordinates": [ 133.917728, 34.66224 ] } },
{ "type": "Feature", "properties": { "ID": 3322330014940, "正式名称": "ふちもとクリニック", "機関区分": 2, "都道府県コード": 33, "市区町村コード": 202, "所在地": "岡山県倉敷市幸町５－４１", "緯度": 34.605104, "経度": 133.773548, "url": "https://www.iryou.teikyouseido.mhlw.go.jp/znk-web/juminkanja/S2430/initialize?prefCd=33&kikanCd=2330014940&kikanKbn=2", "url2": "http://fuchimoto-clinic.com/index.html", "内容": "ふちもとクリニック【2:診療所】【診療科目:内科_消化器内科_肛門外科】岡山県倉敷市幸町５－４１" }, "geometry": { "type": "Point", "coordinates": [ 133.773548, 34.605104 ] } },
{ "type": "Feature", "properties": { "ID": 3322330014960, "正式名称": "医療法人社団　積常会　木村医院", "機関区分": 2, "都道府県コード": 33, "市区町村コード": 211, "所在地": "岡山県備前市西片上１５－３", "緯度": 34.744431, "経度": 134.186396, "url": "https://www.iryou.teikyouseido.mhlw.go.jp/znk-web/juminkanja/S2430/initialize?prefCd=33&kikanCd=2330014960&kikanKbn=2", "url2": null, "内容": "医療法人社団　積常会　木村医院【2:診療所】【診療科目:内科_感染症内科_糖尿病内科_内分泌内科_脂質代謝内科_糖尿病・内分泌内科_代謝・内分泌内科_呼吸器内科_循環器内科_消化器内科_胃腸内科_腎臓内科_腫瘍内科_老年内科_内視鏡内科_アレルギー疾患内科_外科_アレルギー科_放射線科】岡山県備前市西片上１５－３" }, "geometry": { "type": "Point", "coordinates": [ 134.186396, 34.744431 ] } },
{ "type": "Feature", "properties": { "ID": 3322330014970, "正式名称": "医療法人社団しおつか泌尿器科クリニック", "機関区分": 2, "都道府県コード": 33, "市区町村コード": 208, "所在地": "岡山県総社市金井戸１６８－１", "緯度": 34.681845, "経度": 133.770601, "url": "https://www.iryou.teikyouseido.mhlw.go.jp/znk-web/juminkanja/S2430/initialize?prefCd=33&kikanCd=2330014970&kikanKbn=2", "url2": "http://shiotsuka-urology-cl.com/", "内容": "医療法人社団しおつか泌尿器科クリニック【2:診療所】【診療科目:泌尿器科】岡山県総社市金井戸１６８－１" }, "geometry": { "type": "Point", "coordinates": [ 133.770601, 34.681845 ] } },
{ "type": "Feature", "properties": { "ID": 3322330014980, "正式名称": "おはら皮ふ科", "機関区分": 2, "都道府県コード": 33, "市区町村コード": 622, "所在地": "岡山県勝田郡勝央町勝間田１７１－１", "緯度": 35.037979, "経度": 134.117253, "url": "https://www.iryou.teikyouseido.mhlw.go.jp/znk-web/juminkanja/S2430/initialize?prefCd=33&kikanCd=2330014980&kikanKbn=2", "url2": null, "内容": "おはら皮ふ科【2:診療所】【診療科目:皮膚科】岡山県勝田郡勝央町勝間田１７１－１" }, "geometry": { "type": "Point", "coordinates": [ 134.117253, 35.037979 ] } },
{ "type": "Feature", "properties": { "ID": 3322330014990, "正式名称": "医療法人社団里滋会　片山内科クリニック", "機関区分": 2, "都道府県コード": 33, "市区町村コード": 202, "所在地": "岡山県倉敷市寿町１－２６マツダパーキングビル１Ｆ", "緯度": 34.603242, "経度": 133.766862, "url": "https://www.iryou.teikyouseido.mhlw.go.jp/znk-web/juminkanja/S2430/initialize?prefCd=33&kikanCd=2330014990&kikanKbn=2", "url2": "http://katayama-med.com/", "内容": "医療法人社団里滋会　片山内科クリニック【2:診療所】【診療科目:内科_神経内科_精神科】岡山県倉敷市寿町１－２６マツダパーキングビル１Ｆ" }, "geometry": { "type": "Point", "coordinates": [ 133.766862, 34.603242 ] } },
{ "type": "Feature", "properties": { "ID": 3322330015000, "正式名称": "イリョウホウジンジュンセイカイジュンセイカイナイカクリニック", "機関区分": 2, "都道府県コード": 33, "市区町村コード": 101, "所在地": "岡山県岡山市北区桑田町２－１０ラ・エスペランサ１Ｆ", "緯度": 34.659306, "経度": 133.916569, "url": "https://www.iryou.teikyouseido.mhlw.go.jp/znk-web/juminkanja/S2430/initialize?prefCd=33&kikanCd=2330015000&kikanKbn=2", "url2": "http://junseikai-iryou.or.jp/", "内容": "イリョウホウジンジュンセイカイジュンセイカイナイカクリニック【2:診療所】【診療科目:内科_整形外科】岡山県岡山市北区桑田町２－１０ラ・エスペランサ１Ｆ" }, "geometry": { "type": "Point", "coordinates": [ 133.916569, 34.659306 ] } },
{ "type": "Feature", "properties": { "ID": 3322330015020, "正式名称": "湘南美容クリニック岡山院", "機関区分": 2, "都道府県コード": 33, "市区町村コード": 101, "所在地": "岡山県岡山市北区駅元町１番２５号さんすて岡山西館　４階", "緯度": 34.665989, "経度": 133.917038, "url": "https://www.iryou.teikyouseido.mhlw.go.jp/znk-web/juminkanja/S2430/initialize?prefCd=33&kikanCd=2330015020&kikanKbn=2", "url2": "https://www.s-b-c.net/clinic/branch/okayama/", "内容": "湘南美容クリニック岡山院【2:診療所】【診療科目:美容外科_美容皮膚科】岡山県岡山市北区駅元町１番２５号さんすて岡山西館　４階" }, "geometry": { "type": "Point", "coordinates": [ 133.917038, 34.665989 ] } },
{ "type": "Feature", "properties": { "ID": 3322330015060, "正式名称": "山本医院　耳・鼻・のどクリニック", "機関区分": 2, "都道府県コード": 33, "市区町村コード": 210, "所在地": "岡山県新見市高尾２４８８－１３", "緯度": 34.990414, "経度": 133.455731, "url": "https://www.iryou.teikyouseido.mhlw.go.jp/znk-web/juminkanja/S2430/initialize?prefCd=33&kikanCd=2330015060&kikanKbn=2", "url2": null, "内容": "山本医院　耳・鼻・のどクリニック【2:診療所】【診療科目:耳鼻いんこう科】岡山県新見市高尾２４８８－１３" }, "geometry": { "type": "Point", "coordinates": [ 133.455731, 34.990414 ] } },
{ "type": "Feature", "properties": { "ID": 3322330015070, "正式名称": "医療法人よつば会みやけ内科クリニック", "機関区分": 2, "都道府県コード": 33, "市区町村コード": 104, "所在地": "岡山県岡山市南区藤田６７４－６", "緯度": 34.614828, "経度": 133.903286, "url": "https://www.iryou.teikyouseido.mhlw.go.jp/znk-web/juminkanja/S2430/initialize?prefCd=33&kikanCd=2330015070&kikanKbn=2", "url2": "http://yotuba.or.jp/", "内容": "医療法人よつば会みやけ内科クリニック【2:診療所】【診療科目:内科】岡山県岡山市南区藤田６７４－６" }, "geometry": { "type": "Point", "coordinates": [ 133.903286, 34.614828 ] } },
{ "type": "Feature", "properties": { "ID": 3322330015090, "正式名称": "かみまちこども医院", "機関区分": 2, "都道府県コード": 33, "市区町村コード": 101, "所在地": "岡山県岡山市北区大元上町１４－２８上町ビル２Ｆ", "緯度": 34.649185, "経度": 133.898813, "url": "https://www.iryou.teikyouseido.mhlw.go.jp/znk-web/juminkanja/S2430/initialize?prefCd=33&kikanCd=2330015090&kikanKbn=2", "url2": "http://kamimachi.or.jp/", "内容": "かみまちこども医院【2:診療所】【診療科目:小児科】岡山県岡山市北区大元上町１４－２８上町ビル２Ｆ" }, "geometry": { "type": "Point", "coordinates": [ 133.898813, 34.649185 ] } },
{ "type": "Feature", "properties": { "ID": 3322330015110, "正式名称": "医療法人Ｇｉ　岡山そけいヘルニア日帰り手術Ｇｉ外科クリニック", "機関区分": 2, "都道府県コード": 33, "市区町村コード": 101, "所在地": "岡山県岡山市北区中仙道２－７－２５", "緯度": 34.647018, "経度": 133.88646, "url": "https://www.iryou.teikyouseido.mhlw.go.jp/znk-web/juminkanja/S2430/initialize?prefCd=33&kikanCd=2330015110&kikanKbn=2", "url2": "https://gi-clinic.net", "内容": "医療法人Ｇｉ　岡山そけいヘルニア日帰り手術Ｇｉ外科クリニック【2:診療所】【診療科目:外科_消化器外科】岡山県岡山市北区中仙道２－７－２５" }, "geometry": { "type": "Point", "coordinates": [ 133.88646, 34.647018 ] } },
{ "type": "Feature", "properties": { "ID": 3322330015120, "正式名称": "ルスコクリニック", "機関区分": 2, "都道府県コード": 33, "市区町村コード": 101, "所在地": "岡山県岡山市北区大安寺南町１丁目７－３３", "緯度": 34.659968, "経度": 133.889992, "url": "https://www.iryou.teikyouseido.mhlw.go.jp/znk-web/juminkanja/S2430/initialize?prefCd=33&kikanCd=2330015120&kikanKbn=2", "url2": "https://www.ruskoclinic.com", "内容": "ルスコクリニック【2:診療所】【診療科目:内科_循環器内科_外科_心臓血管外科】岡山県岡山市北区大安寺南町１丁目７－３３" }, "geometry": { "type": "Point", "coordinates": [ 133.889992, 34.659968 ] } },
{ "type": "Feature", "properties": { "ID": 3322330015140, "正式名称": "腎・泌尿器科　西川原クリニック", "機関区分": 2, "都道府県コード": 33, "市区町村コード": 102, "所在地": "岡山県岡山市中区西川原７２－１", "緯度": 34.680655, "経度": 133.940392, "url": "https://www.iryou.teikyouseido.mhlw.go.jp/znk-web/juminkanja/S2430/initialize?prefCd=33&kikanCd=2330015140&kikanKbn=2", "url2": "http://n-uroclinic.com/", "内容": "腎・泌尿器科　西川原クリニック【2:診療所】【診療科目:泌尿器科】岡山県岡山市中区西川原７２－１" }, "geometry": { "type": "Point", "coordinates": [ 133.940392, 34.680655 ] } },
{ "type": "Feature", "properties": { "ID": 3322330015160, "正式名称": "医療法人社団ココラティ　たつみ内科クリニック", "機関区分": 2, "都道府県コード": 33, "市区町村コード": 101, "所在地": "岡山県岡山市北区辰巳２０－１０８", "緯度": 34.640464, "経度": 133.886537, "url": "https://www.iryou.teikyouseido.mhlw.go.jp/znk-web/juminkanja/S2430/initialize?prefCd=33&kikanCd=2330015160&kikanKbn=2", "url2": "http://tatsumi-imcl.byoinnavi.jp", "内容": "医療法人社団ココラティ　たつみ内科クリニック【2:診療所】【診療科目:内科_呼吸器内科_循環器内科】岡山県岡山市北区辰巳２０－１０８" }, "geometry": { "type": "Point", "coordinates": [ 133.886537, 34.640464 ] } },
{ "type": "Feature", "properties": { "ID": 3322330015170, "正式名称": "笠岡市白石島診療所", "機関区分": 2, "都道府県コード": 33, "市区町村コード": 205, "所在地": "岡山県笠岡市白石島５７０－２", "緯度": 34.408775, "経度": 133.516338, "url": "https://www.iryou.teikyouseido.mhlw.go.jp/znk-web/juminkanja/S2430/initialize?prefCd=33&kikanCd=2330015170&kikanKbn=2", "url2": null, "内容": "笠岡市白石島診療所【2:診療所】【診療科目:内科_外科_皮膚科】岡山県笠岡市白石島５７０－２" }, "geometry": { "type": "Point", "coordinates": [ 133.516338, 34.408775 ] } },
{ "type": "Feature", "properties": { "ID": 3322330015180, "正式名称": "くさなぎ眼科", "機関区分": 2, "都道府県コード": 33, "市区町村コード": 104, "所在地": "岡山県岡山市南区内尾２８８－１７", "緯度": 34.601412, "経度": 133.85493, "url": "https://www.iryou.teikyouseido.mhlw.go.jp/znk-web/juminkanja/S2430/initialize?prefCd=33&kikanCd=2330015180&kikanKbn=2", "url2": "http://www.kusanagi-ganka.jp", "内容": "くさなぎ眼科【2:診療所】【診療科目:眼科】岡山県岡山市南区内尾２８８－１７" }, "geometry": { "type": "Point", "coordinates": [ 133.85493, 34.601412 ] } },
{ "type": "Feature", "properties": { "ID": 3322330015190, "正式名称": "じょう泌尿器科クリニック", "機関区分": 2, "都道府県コード": 33, "市区町村コード": 202, "所在地": "岡山県倉敷市松島１１５４－２マルナカマスカット店ドーム棟２Ｆ", "緯度": 34.62738, "経度": 133.8016, "url": "https://www.iryou.teikyouseido.mhlw.go.jp/znk-web/juminkanja/S2430/initialize?prefCd=33&kikanCd=2330015190&kikanKbn=2", "url2": "http://jo-clinic.net", "内容": "じょう泌尿器科クリニック【2:診療所】【診療科目:泌尿器科】岡山県倉敷市松島１１５４－２マルナカマスカット店ドーム棟２Ｆ" }, "geometry": { "type": "Point", "coordinates": [ 133.8016, 34.62738 ] } },
{ "type": "Feature", "properties": { "ID": 3322330015200, "正式名称": "はら内科クリニック", "機関区分": 2, "都道府県コード": 33, "市区町村コード": 214, "所在地": "岡山県真庭市久世２３９９－１", "緯度": 35.079691, "経度": 133.743496, "url": "https://www.iryou.teikyouseido.mhlw.go.jp/znk-web/juminkanja/S2430/initialize?prefCd=33&kikanCd=2330015200&kikanKbn=2", "url2": "https://hara-clinic.org", "内容": "はら内科クリニック【2:診療所】【診療科目:内科_糖尿病内科_脂質代謝内科_呼吸器内科_循環器内科_消化器内科_小児科】岡山県真庭市久世２３９９－１" }, "geometry": { "type": "Point", "coordinates": [ 133.743496, 35.079691 ] } },
{ "type": "Feature", "properties": { "ID": 3322330015220, "正式名称": "おおしも内科", "機関区分": 2, "都道府県コード": 33, "市区町村コード": 202, "所在地": "岡山県倉敷市中畝２－８－２１", "緯度": 34.526896, "経度": 133.745159, "url": "https://www.iryou.teikyouseido.mhlw.go.jp/znk-web/juminkanja/S2430/initialize?prefCd=33&kikanCd=2330015220&kikanKbn=2", "url2": "https://oshimo-naika.jp/", "内容": "おおしも内科【2:診療所】【診療科目:内科_消化器内科_泌尿器科】岡山県倉敷市中畝２－８－２１" }, "geometry": { "type": "Point", "coordinates": [ 133.745159, 34.526896 ] } },
{ "type": "Feature", "properties": { "ID": 3322330015240, "正式名称": "医療法人ＭＭＣ　前谷内科クリニック", "機関区分": 2, "都道府県コード": 33, "市区町村コード": 207, "所在地": "岡山県井原市西江原町６６６－１", "緯度": 34.598557, "経度": 133.490681, "url": "https://www.iryou.teikyouseido.mhlw.go.jp/znk-web/juminkanja/S2430/initialize?prefCd=33&kikanCd=2330015240&kikanKbn=2", "url2": "http://maetanicli.wixsite.com/maetani-med-cli", "内容": "医療法人ＭＭＣ　前谷内科クリニック【2:診療所】【診療科目:内科_呼吸器内科_循環器内科_消化器内科_小児科_アレルギー科】岡山県井原市西江原町６６６－１" }, "geometry": { "type": "Point", "coordinates": [ 133.490681, 34.598557 ] } },
{ "type": "Feature", "properties": { "ID": 3322330015250, "正式名称": "オークスマタニティクリニック", "機関区分": 2, "都道府県コード": 33, "市区町村コード": 101, "所在地": "岡山県岡山市北区大安寺南町二丁目２番５号", "緯度": 34.65885, "経度": 133.887675, "url": "https://www.iryou.teikyouseido.mhlw.go.jp/znk-web/juminkanja/S2430/initialize?prefCd=33&kikanCd=2330015250&kikanKbn=2", "url2": "http://oaks-mc.jp/", "内容": "オークスマタニティクリニック【2:診療所】【診療科目:産科_婦人科】岡山県岡山市北区大安寺南町二丁目２番５号" }, "geometry": { "type": "Point", "coordinates": [ 133.887675, 34.65885 ] } },
{ "type": "Feature", "properties": { "ID": 3322330015280, "正式名称": "医療法人社団　上伸会　東京上野クリニック　岡山医院", "機関区分": 2, "都道府県コード": 33, "市区町村コード": 101, "所在地": "岡山県岡山市北区本町６－３６第一セントラルビル３Ｆ", "緯度": 34.664414, "経度": 133.919743, "url": "https://www.iryou.teikyouseido.mhlw.go.jp/znk-web/juminkanja/S2430/initialize?prefCd=33&kikanCd=2330015280&kikanKbn=2", "url2": "http://www.ueno.co.jp/", "内容": "医療法人社団　上伸会　東京上野クリニック　岡山医院【2:診療所】【診療科目:美容外科】岡山県岡山市北区本町６－３６第一セントラルビル３Ｆ" }, "geometry": { "type": "Point", "coordinates": [ 133.919743, 34.664414 ] } },
{ "type": "Feature", "properties": { "ID": 3322330015290, "正式名称": "医療法人こやま小児科", "機関区分": 2, "都道府県コード": 33, "市区町村コード": 213, "所在地": "岡山県赤磐市下市３６２－２", "緯度": 34.754509, "経度": 134.018494, "url": "https://www.iryou.teikyouseido.mhlw.go.jp/znk-web/juminkanja/S2430/initialize?prefCd=33&kikanCd=2330015290&kikanKbn=2", "url2": "http://www//koyamacc.jp/", "内容": "医療法人こやま小児科【2:診療所】【診療科目:小児科】岡山県赤磐市下市３６２－２" }, "geometry": { "type": "Point", "coordinates": [ 134.018494, 34.754509 ] } },
{ "type": "Feature", "properties": { "ID": 3322330015300, "正式名称": "医療法人さくら会　早島クリニック耳鼻咽喉科皮膚科", "機関区分": 2, "都道府県コード": 33, "市区町村コード": 423, "所在地": "岡山県都窪郡早島町早島１４７５－２", "緯度": 34.602981, "経度": 133.825511, "url": "https://www.iryou.teikyouseido.mhlw.go.jp/znk-web/juminkanja/S2430/initialize?prefCd=33&kikanCd=2330015300&kikanKbn=2", "url2": "http://www.sakura-kai-mc.com/", "内容": "医療法人さくら会　早島クリニック耳鼻咽喉科皮膚科【2:診療所】【診療科目:耳鼻いんこう科_皮膚科_アレルギー科】岡山県都窪郡早島町早島１４７５－２" }, "geometry": { "type": "Point", "coordinates": [ 133.825511, 34.602981 ] } },
{ "type": "Feature", "properties": { "ID": 3322330015310, "正式名称": "医療法人蘭和会　布上内科医院", "機関区分": 2, "都道府県コード": 33, "市区町村コード": 203, "所在地": "岡山県津山市河辺１１５５番６", "緯度": 35.059209, "経度": 134.041839, "url": "https://www.iryou.teikyouseido.mhlw.go.jp/znk-web/juminkanja/S2430/initialize?prefCd=33&kikanCd=2330015310&kikanKbn=2", "url2": "http://www.ranwakai.or.jp", "内容": "医療法人蘭和会　布上内科医院【2:診療所】【診療科目:内科_糖尿病内科_消化器内科】岡山県津山市河辺１１５５番６" }, "geometry": { "type": "Point", "coordinates": [ 134.041839, 35.059209 ] } },
{ "type": "Feature", "properties": { "ID": 3322330015320, "正式名称": "一般財団法人淳風会　淳風会倉敷クリニック", "機関区分": 2, "都道府県コード": 33, "市区町村コード": 202, "所在地": "岡山県倉敷市連島中央３－１－１９", "緯度": 34.593177, "経度": 133.756035, "url": "https://www.iryou.teikyouseido.mhlw.go.jp/znk-web/juminkanja/S2430/initialize?prefCd=33&kikanCd=2330015320&kikanKbn=2", "url2": "http://www.junpukai.or.jp", "内容": "一般財団法人淳風会　淳風会倉敷クリニック【2:診療所】【診療科目:内科_消化器内科_婦人科】岡山県倉敷市連島中央３－１－１９" }, "geometry": { "type": "Point", "coordinates": [ 133.756035, 34.593177 ] } },
{ "type": "Feature", "properties": { "ID": 3322330015330, "正式名称": "のぞみクリニック", "機関区分": 2, "都道府県コード": 33, "市区町村コード": 101, "所在地": "岡山県岡山市北区富町２丁目１４－１４", "緯度": 34.664675, "経度": 133.908375, "url": "https://www.iryou.teikyouseido.mhlw.go.jp/znk-web/juminkanja/S2430/initialize?prefCd=33&kikanCd=2330015330&kikanKbn=2", "url2": "http://nozomi-cl.or.jp", "内容": "のぞみクリニック【2:診療所】【診療科目:内科_整形外科_リハビリテーション科】岡山県岡山市北区富町２丁目１４－１４" }, "geometry": { "type": "Point", "coordinates": [ 133.908375, 34.664675 ] } },
{ "type": "Feature", "properties": { "ID": 3322330015340, "正式名称": "なごみクリニック", "機関区分": 2, "都道府県コード": 33, "市区町村コード": 202, "所在地": "岡山県倉敷市新倉敷駅前５－２２０", "緯度": 34.558885, "経度": 133.678058, "url": "https://www.iryou.teikyouseido.mhlw.go.jp/znk-web/juminkanja/S2430/initialize?prefCd=33&kikanCd=2330015340&kikanKbn=2", "url2": "http://nagomi-clinic.club/", "内容": "なごみクリニック【2:診療所】【診療科目:精神科_心療内科】岡山県倉敷市新倉敷駅前５－２２０" }, "geometry": { "type": "Point", "coordinates": [ 133.678058, 34.558885 ] } },
{ "type": "Feature", "properties": { "ID": 3322330015350, "正式名称": "医療法人　岡皮膚科医院", "機関区分": 2, "都道府県コード": 33, "市区町村コード": 202, "所在地": "岡山県倉敷市下庄４４１－１", "緯度": 34.638574, "経度": 133.820876, "url": "https://www.iryou.teikyouseido.mhlw.go.jp/znk-web/juminkanja/S2430/initialize?prefCd=33&kikanCd=2330015350&kikanKbn=2", "url2": "http:///www.okahifuka-Kurashiki.com", "内容": "医療法人　岡皮膚科医院【2:診療所】【診療科目:皮膚科】岡山県倉敷市下庄４４１－１" }, "geometry": { "type": "Point", "coordinates": [ 133.820876, 34.638574 ] } },
{ "type": "Feature", "properties": { "ID": 3322330015370, "正式名称": "腎・泌尿器科のざきクリニック", "機関区分": 2, "都道府県コード": 33, "市区町村コード": 103, "所在地": "岡山県岡山市東区西大寺中野９２８－６", "緯度": 34.657267, "経度": 134.019428, "url": "https://www.iryou.teikyouseido.mhlw.go.jp/znk-web/juminkanja/S2430/initialize?prefCd=33&kikanCd=2330015370&kikanKbn=2", "url2": "http://nozaki-uro.com", "内容": "腎・泌尿器科のざきクリニック【2:診療所】【診療科目:泌尿器科】岡山県岡山市東区西大寺中野９２８－６" }, "geometry": { "type": "Point", "coordinates": [ 134.019428, 34.657267 ] } },
{ "type": "Feature", "properties": { "ID": 3322330015380, "正式名称": "整形外科ふくよしクリニック", "機関区分": 2, "都道府県コード": 33, "市区町村コード": 104, "所在地": "岡山県岡山市南区福吉町１９－２４", "緯度": 34.611291, "経度": 133.951613, "url": "https://www.iryou.teikyouseido.mhlw.go.jp/znk-web/juminkanja/S2430/initialize?prefCd=33&kikanCd=2330015380&kikanKbn=2", "url2": null, "内容": "整形外科ふくよしクリニック【2:診療所】【診療科目:整形外科】岡山県岡山市南区福吉町１９－２４" }, "geometry": { "type": "Point", "coordinates": [ 133.951613, 34.611291 ] } },
{ "type": "Feature", "properties": { "ID": 3322330015400, "正式名称": "ＡＧＡスキンクリニック岡山院", "機関区分": 2, "都道府県コード": 33, "市区町村コード": 101, "所在地": "岡山県岡山市北区本町３－２３　第１大関ビル３階", "緯度": 34.665112, "経度": 133.921577, "url": "https://www.iryou.teikyouseido.mhlw.go.jp/znk-web/juminkanja/S2430/initialize?prefCd=33&kikanCd=2330015400&kikanKbn=2", "url2": "https://www.agaskin.net/mm/", "内容": "ＡＧＡスキンクリニック岡山院【2:診療所】【診療科目:美容皮膚科_頭部皮膚科】岡山県岡山市北区本町３－２３　第１大関ビル３階" }, "geometry": { "type": "Point", "coordinates": [ 133.921577, 34.665112 ] } },
{ "type": "Feature", "properties": { "ID": 3322330015410, "正式名称": "青山こどもクリニック", "機関区分": 2, "都道府県コード": 33, "市区町村コード": 101, "所在地": "岡山県岡山市北区田中６２５－８", "緯度": 34.639122, "経度": 133.881882, "url": "https://www.iryou.teikyouseido.mhlw.go.jp/znk-web/juminkanja/S2430/initialize?prefCd=33&kikanCd=2330015410&kikanKbn=2", "url2": "https://www.aoyamakodomo.net/", "内容": "青山こどもクリニック【2:診療所】【診療科目:小児科_小児外科_小児泌尿器科_小児循環器科】岡山県岡山市北区田中６２５－８" }, "geometry": { "type": "Point", "coordinates": [ 133.881882, 34.639122 ] } },
{ "type": "Feature", "properties": { "ID": 3322330015430, "正式名称": "木村内科医院", "機関区分": 2, "都道府県コード": 33, "市区町村コード": 202, "所在地": "岡山県倉敷市白楽町５５６－６", "緯度": 34.589378, "経度": 133.768137, "url": "https://www.iryou.teikyouseido.mhlw.go.jp/znk-web/juminkanja/S2430/initialize?prefCd=33&kikanCd=2330015430&kikanKbn=2", "url2": "http://www.kimuranaikaiin.jp/", "内容": "木村内科医院【2:診療所】【診療科目:内科】岡山県倉敷市白楽町５５６－６" }, "geometry": { "type": "Point", "coordinates": [ 133.768137, 34.589378 ] } },
{ "type": "Feature", "properties": { "ID": 3322330015440, "正式名称": "さくらウェルビーイングクリニック", "機関区分": 2, "都道府県コード": 33, "市区町村コード": 202, "所在地": "岡山県倉敷市新倉敷駅前１丁目３－１新倉敷ＭＮビル３階", "緯度": 34.564579, "経度": 133.678823, "url": "https://www.iryou.teikyouseido.mhlw.go.jp/znk-web/juminkanja/S2430/initialize?prefCd=33&kikanCd=2330015440&kikanKbn=2", "url2": "https://www.sakura-wellbeing.net", "内容": "さくらウェルビーイングクリニック【2:診療所】【診療科目:漢方内科_精神科_心療内科】岡山県倉敷市新倉敷駅前１丁目３－１新倉敷ＭＮビル３階" }, "geometry": { "type": "Point", "coordinates": [ 133.678823, 34.564579 ] } },
{ "type": "Feature", "properties": { "ID": 3322330015450, "正式名称": "医療法人　純親会　ながしま形成外科クリニック", "機関区分": 2, "都道府県コード": 33, "市区町村コード": 202, "所在地": "岡山県倉敷市松島１１５４－２マルナカマスカット店ドーム棟１階", "緯度": 34.627621, "経度": 133.802269, "url": "https://www.iryou.teikyouseido.mhlw.go.jp/znk-web/juminkanja/S2430/initialize?prefCd=33&kikanCd=2330015450&kikanKbn=2", "url2": "http://www.nagashima-keisei.jp/", "内容": "医療法人　純親会　ながしま形成外科クリニック【2:診療所】【診療科目:形成外科_美容外科_皮膚科】岡山県倉敷市松島１１５４－２マルナカマスカット店ドーム棟１階" }, "geometry": { "type": "Point", "coordinates": [ 133.802269, 34.627621 ] } },
{ "type": "Feature", "properties": { "ID": 3322330015460, "正式名称": "茶屋町在宅診療所", "機関区分": 2, "都道府県コード": 33, "市区町村コード": 202, "所在地": "岡山県倉敷市茶屋町３６０番地１２", "緯度": 34.575702, "経度": 133.824206, "url": "https://www.iryou.teikyouseido.mhlw.go.jp/znk-web/juminkanja/S2430/initialize?prefCd=33&kikanCd=2330015460&kikanKbn=2", "url2": "http://chayamachi-homecare.jp/", "内容": "茶屋町在宅診療所【2:診療所】【診療科目:内科_外科_精神科】岡山県倉敷市茶屋町３６０番地１２" }, "geometry": { "type": "Point", "coordinates": [ 133.824206, 34.575702 ] } },
{ "type": "Feature", "properties": { "ID": 3322330015470, "正式名称": "国定内科医院", "機関区分": 2, "都道府県コード": 33, "市区町村コード": 202, "所在地": "岡山県倉敷市西田４０２－４", "緯度": 34.594731, "経度": 133.809693, "url": "https://www.iryou.teikyouseido.mhlw.go.jp/znk-web/juminkanja/S2430/initialize?prefCd=33&kikanCd=2330015470&kikanKbn=2", "url2": null, "内容": "国定内科医院【2:診療所】【診療科目:内科_血液内科_呼吸器内科】岡山県倉敷市西田４０２－４" }, "geometry": { "type": "Point", "coordinates": [ 133.809693, 34.594731 ] } },
{ "type": "Feature", "properties": { "ID": 3322330015480, "正式名称": "医療法人ブランドル医会　ハーヴィスクリニック", "機関区分": 2, "都道府県コード": 33, "市区町村コード": 204, "所在地": "岡山県玉野市東高崎２４番８", "緯度": 34.54002, "経度": 133.892034, "url": "https://www.iryou.teikyouseido.mhlw.go.jp/znk-web/juminkanja/S2430/initialize?prefCd=33&kikanCd=2330015480&kikanKbn=2", "url2": "http://www.hurvise-clinic.jp/", "内容": "医療法人ブランドル医会　ハーヴィスクリニック【2:診療所】【診療科目:内科】岡山県玉野市東高崎２４番８" }, "geometry": { "type": "Point", "coordinates": [ 133.892034, 34.54002 ] } },
{ "type": "Feature", "properties": { "ID": 3322330015500, "正式名称": "つやま山下眼科", "機関区分": 2, "都道府県コード": 33, "市区町村コード": 203, "所在地": "岡山県津山市河辺１０３７－１", "緯度": 35.06312, "経度": 134.044888, "url": "https://www.iryou.teikyouseido.mhlw.go.jp/znk-web/juminkanja/S2430/initialize?prefCd=33&kikanCd=2330015500&kikanKbn=2", "url2": "http://tsuyamayamashitaganka.jp", "内容": "つやま山下眼科【2:診療所】【診療科目:眼科】岡山県津山市河辺１０３７－１" }, "geometry": { "type": "Point", "coordinates": [ 134.044888, 35.06312 ] } },
{ "type": "Feature", "properties": { "ID": 3322330015510, "正式名称": "みお　ウィメンズ　クリニック", "機関区分": 2, "都道府県コード": 33, "市区町村コード": 101, "所在地": "岡山県岡山市北区大元上町１４－２５　スタックⅢビル１階", "緯度": 34.649027, "経度": 133.898821, "url": "https://www.iryou.teikyouseido.mhlw.go.jp/znk-web/juminkanja/S2430/initialize?prefCd=33&kikanCd=2330015510&kikanKbn=2", "url2": "http://www.miowcl.com", "内容": "みお　ウィメンズ　クリニック【2:診療所】【診療科目:婦人科】岡山県岡山市北区大元上町１４－２５　スタックⅢビル１階" }, "geometry": { "type": "Point", "coordinates": [ 133.898821, 34.649027 ] } },
{ "type": "Feature", "properties": { "ID": 3322330015520, "正式名称": "医療法人社団みつおかクリニック", "機関区分": 2, "都道府県コード": 33, "市区町村コード": 202, "所在地": "岡山県倉敷市玉島中央町２丁目５－３－１", "緯度": 34.54564, "経度": 133.669133, "url": "https://www.iryou.teikyouseido.mhlw.go.jp/znk-web/juminkanja/S2430/initialize?prefCd=33&kikanCd=2330015520&kikanKbn=2", "url2": "http://www.mitsuokacl.com", "内容": "医療法人社団みつおかクリニック【2:診療所】【診療科目:内科_消化器内科_外科_麻酔科】岡山県倉敷市玉島中央町２丁目５－３－１" }, "geometry": { "type": "Point", "coordinates": [ 133.669133, 34.54564 ] } },
{ "type": "Feature", "properties": { "ID": 3322330015530, "正式名称": "むも耳鼻咽喉科", "機関区分": 2, "都道府県コード": 33, "市区町村コード": 202, "所在地": "岡山県倉敷市沖新町２－７ピアチェーレ１階", "緯度": 34.585666, "経度": 133.754401, "url": "https://www.iryou.teikyouseido.mhlw.go.jp/znk-web/juminkanja/S2430/initialize?prefCd=33&kikanCd=2330015530&kikanKbn=2", "url2": "http://tachi-jibi.com", "内容": "むも耳鼻咽喉科【2:診療所】【診療科目:耳鼻いんこう科】岡山県倉敷市沖新町２－７ピアチェーレ１階" }, "geometry": { "type": "Point", "coordinates": [ 133.754401, 34.585666 ] } },
{ "type": "Feature", "properties": { "ID": 3322330015600, "正式名称": "社会福祉法人　藤暢会　津山クリニック", "機関区分": 2, "都道府県コード": 33, "市区町村コード": 203, "所在地": "岡山県津山市東一宮２－８", "緯度": 35.092994, "経度": 133.999386, "url": "https://www.iryou.teikyouseido.mhlw.go.jp/znk-web/juminkanja/S2430/initialize?prefCd=33&kikanCd=2330015600&kikanKbn=2", "url2": "http://www.tsuyama-clinic.jp/", "内容": "社会福祉法人　藤暢会　津山クリニック【2:診療所】【診療科目:内科_形成外科_皮膚科_リウマチ科】岡山県津山市東一宮２－８" }, "geometry": { "type": "Point", "coordinates": [ 133.999386, 35.092994 ] } },
{ "type": "Feature", "properties": { "ID": 3322330015610, "正式名称": "水之手診療所", "機関区分": 2, "都道府県コード": 33, "市区町村コード": 101, "所在地": "岡山県岡山市北区内山下二丁目１１番１６号小山ビル２階", "緯度": 34.659929, "経度": 133.932975, "url": "https://www.iryou.teikyouseido.mhlw.go.jp/znk-web/juminkanja/S2430/initialize?prefCd=33&kikanCd=2330015610&kikanKbn=2", "url2": "https://www.mizunoteshinryosho.com", "内容": "水之手診療所【2:診療所】【診療科目:精神科_心療内科】岡山県岡山市北区内山下二丁目１１番１６号小山ビル２階" }, "geometry": { "type": "Point", "coordinates": [ 133.932975, 34.659929 ] } },
{ "type": "Feature", "properties": { "ID": 3322330015620, "正式名称": "もりもと内科医院", "機関区分": 2, "都道府県コード": 33, "市区町村コード": 104, "所在地": "岡山県岡山市南区福田２２９－５", "緯度": 34.620294, "経度": 133.928815, "url": "https://www.iryou.teikyouseido.mhlw.go.jp/znk-web/juminkanja/S2430/initialize?prefCd=33&kikanCd=2330015620&kikanKbn=2", "url2": "https://morimotonaikaclinic.jp/", "内容": "もりもと内科医院【2:診療所】【診療科目:内科_代謝・内分泌内科_腎臓内科】岡山県岡山市南区福田２２９－５" }, "geometry": { "type": "Point", "coordinates": [ 133.928815, 34.620294 ] } },
{ "type": "Feature", "properties": { "ID": 3322330015640, "正式名称": "医療法人社団えたに耳鼻咽喉科クリニック", "機関区分": 2, "都道府県コード": 33, "市区町村コード": 101, "所在地": "岡山県岡山市北区問屋町２１－１０４", "緯度": 34.642645, "経度": 133.887241, "url": "https://www.iryou.teikyouseido.mhlw.go.jp/znk-web/juminkanja/S2430/initialize?prefCd=33&kikanCd=2330015640&kikanKbn=2", "url2": "http://www.etanijibiinkouka-clinic.jp", "内容": "医療法人社団えたに耳鼻咽喉科クリニック【2:診療所】【診療科目:耳鼻いんこう科_アレルギー科】岡山県岡山市北区問屋町２１－１０４" }, "geometry": { "type": "Point", "coordinates": [ 133.887241, 34.642645 ] } },
{ "type": "Feature", "properties": { "ID": 3322330015650, "正式名称": "医療法人社団　あかつか眼科クリニック", "機関区分": 2, "都道府県コード": 33, "市区町村コード": 202, "所在地": "岡山県倉敷市笹沖１３２８－１", "緯度": 34.581212, "経度": 133.769711, "url": "https://www.iryou.teikyouseido.mhlw.go.jp/znk-web/juminkanja/S2430/initialize?prefCd=33&kikanCd=2330015650&kikanKbn=2", "url2": "https://akatsuka-ganka.com/", "内容": "医療法人社団　あかつか眼科クリニック【2:診療所】【診療科目:眼科】岡山県倉敷市笹沖１３２８－１" }, "geometry": { "type": "Point", "coordinates": [ 133.769711, 34.581212 ] } },
{ "type": "Feature", "properties": { "ID": 3322330015660, "正式名称": "仁美診療所", "機関区分": 2, "都道府県コード": 33, "市区町村コード": 213, "所在地": "岡山県赤磐市仁堀中１６８４番１", "緯度": 34.872772, "経度": 134.012039, "url": "https://www.iryou.teikyouseido.mhlw.go.jp/znk-web/juminkanja/S2430/initialize?prefCd=33&kikanCd=2330015660&kikanKbn=2", "url2": null, "内容": "仁美診療所【2:診療所】【診療科目:内科_神経内科】岡山県赤磐市仁堀中１６８４番１" }, "geometry": { "type": "Point", "coordinates": [ 134.012039, 34.872772 ] } },
{ "type": "Feature", "properties": { "ID": 3322330015690, "正式名称": "きらめきクリニック", "機関区分": 2, "都道府県コード": 33, "市区町村コード": 101, "所在地": "岡山県岡山市北区下伊福一丁目２番６号", "緯度": 34.666052, "経度": 133.906063, "url": "https://www.iryou.teikyouseido.mhlw.go.jp/znk-web/juminkanja/S2430/initialize?prefCd=33&kikanCd=2330015690&kikanKbn=2", "url2": "https://www.okayama-junshinkai.co.jp/facility/hospital/kirameki-clinic", "内容": "きらめきクリニック【2:診療所】【診療科目:内科_糖尿病内科_循環器内科_消化器内科_腎臓内科_リハビリテーション科】岡山県岡山市北区下伊福一丁目２番６号" }, "geometry": { "type": "Point", "coordinates": [ 133.906063, 34.666052 ] } },
{ "type": "Feature", "properties": { "ID": 3322330015700, "正式名称": "医療法人社団　おか皮膚科クリニック", "機関区分": 2, "都道府県コード": 33, "市区町村コード": 101, "所在地": "岡山県岡山市北区問屋町２１－１０４", "緯度": 34.642645, "経度": 133.887241, "url": "https://www.iryou.teikyouseido.mhlw.go.jp/znk-web/juminkanja/S2430/initialize?prefCd=33&kikanCd=2330015700&kikanKbn=2", "url2": "http://www.oka-hihuka.jp", "内容": "医療法人社団　おか皮膚科クリニック【2:診療所】【診療科目:皮膚科_美容皮膚科_アレルギー科】岡山県岡山市北区問屋町２１－１０４" }, "geometry": { "type": "Point", "coordinates": [ 133.887241, 34.642645 ] } },
{ "type": "Feature", "properties": { "ID": 3322330015710, "正式名称": "ゆうクリニック", "機関区分": 2, "都道府県コード": 33, "市区町村コード": 104, "所在地": "岡山県岡山市南区当新田４４５－４７", "緯度": 34.623399, "経度": 133.89588, "url": "https://www.iryou.teikyouseido.mhlw.go.jp/znk-web/juminkanja/S2430/initialize?prefCd=33&kikanCd=2330015710&kikanKbn=2", "url2": null, "内容": "ゆうクリニック【2:診療所】【診療科目:産業医】岡山県岡山市南区当新田４４５－４７" }, "geometry": { "type": "Point", "coordinates": [ 133.89588, 34.623399 ] } },
{ "type": "Feature", "properties": { "ID": 3322330015740, "正式名称": "すずらんクリニック", "機関区分": 2, "都道府県コード": 33, "市区町村コード": 101, "所在地": "岡山県岡山市北区北方二丁目８－２５", "緯度": 34.690672, "経度": 133.933958, "url": "https://www.iryou.teikyouseido.mhlw.go.jp/znk-web/juminkanja/S2430/initialize?prefCd=33&kikanCd=2330015740&kikanKbn=2", "url2": "https://suzuranclinic.web.fc2.com/index.html", "内容": "すずらんクリニック【2:診療所】【診療科目:児童精神科_精神科_心療内科】岡山県岡山市北区北方二丁目８－２５" }, "geometry": { "type": "Point", "coordinates": [ 133.933958, 34.690672 ] } },
{ "type": "Feature", "properties": { "ID": 3322330015750, "正式名称": "よだクリニック", "機関区分": 2, "都道府県コード": 33, "市区町村コード": 104, "所在地": "岡山県岡山市南区芳泉二丁目１７－２３", "緯度": 34.620957, "経度": 133.908345, "url": "https://www.iryou.teikyouseido.mhlw.go.jp/znk-web/juminkanja/S2430/initialize?prefCd=33&kikanCd=2330015750&kikanKbn=2", "url2": "http://www.yoda-jibika.com/", "内容": "よだクリニック【2:診療所】【診療科目:内科_耳鼻いんこう科】岡山県岡山市南区芳泉二丁目１７－２３" }, "geometry": { "type": "Point", "coordinates": [ 133.908345, 34.620957 ] } },
{ "type": "Feature", "properties": { "ID": 3322330015760, "正式名称": "医療法人社団　たけだクリニック", "機関区分": 2, "都道府県コード": 33, "市区町村コード": 202, "所在地": "岡山県倉敷市連島町鶴新田１７３０－３", "緯度": 34.537469, "経度": 133.716649, "url": "https://www.iryou.teikyouseido.mhlw.go.jp/znk-web/juminkanja/S2430/initialize?prefCd=33&kikanCd=2330015760&kikanKbn=2", "url2": "https://www.takeda-c.com", "内容": "医療法人社団　たけだクリニック【2:診療所】【診療科目:内科_糖尿病内科_整形外科_リハビリテーション科_放射線科】岡山県倉敷市連島町鶴新田１７３０－３" }, "geometry": { "type": "Point", "coordinates": [ 133.716649, 34.537469 ] } },
{ "type": "Feature", "properties": { "ID": 3322330015770, "正式名称": "ひらいクリニック", "機関区分": 2, "都道府県コード": 33, "市区町村コード": 203, "所在地": "岡山県津山市加茂町中原６１", "緯度": 35.176188, "経度": 134.052356, "url": "https://www.iryou.teikyouseido.mhlw.go.jp/znk-web/juminkanja/S2430/initialize?prefCd=33&kikanCd=2330015770&kikanKbn=2", "url2": "https://www.jikeikai-net.or.jp", "内容": "ひらいクリニック【2:診療所】【診療科目:内科_外科_整形外科_リハビリテーション科_放射線科】岡山県津山市加茂町中原６１" }, "geometry": { "type": "Point", "coordinates": [ 134.052356, 35.176188 ] } },
{ "type": "Feature", "properties": { "ID": 3322330015780, "正式名称": "河合内科医院", "機関区分": 2, "都道府県コード": 33, "市区町村コード": 663, "所在地": "岡山県久米郡久米南町神目中７９４－６", "緯度": 34.896398, "経度": 133.933906, "url": "https://www.iryou.teikyouseido.mhlw.go.jp/znk-web/juminkanja/S2430/initialize?prefCd=33&kikanCd=2330015780&kikanKbn=2", "url2": "http://family-clinic-kawai.jimdo.com/", "内容": "河合内科医院【2:診療所】【診療科目:内科】岡山県久米郡久米南町神目中７９４－６" }, "geometry": { "type": "Point", "coordinates": [ 133.933906, 34.896398 ] } },
{ "type": "Feature", "properties": { "ID": 3322330015790, "正式名称": "ふじわらクリニック　精神科・心療内科", "機関区分": 2, "都道府県コード": 33, "市区町村コード": 101, "所在地": "岡山県岡山市北区下石井２－１－１０ＫＥビル４０３号", "緯度": 34.663722, "経度": 133.918656, "url": "https://www.iryou.teikyouseido.mhlw.go.jp/znk-web/juminkanja/S2430/initialize?prefCd=33&kikanCd=2330015790&kikanKbn=2", "url2": null, "内容": "ふじわらクリニック　精神科・心療内科【2:診療所】【診療科目:精神科_心療内科】岡山県岡山市北区下石井２－１－１０ＫＥビル４０３号" }, "geometry": { "type": "Point", "coordinates": [ 133.918656, 34.663722 ] } },
{ "type": "Feature", "properties": { "ID": 3322330015800, "正式名称": "森整形外科リハビリクリニック", "機関区分": 2, "都道府県コード": 33, "市区町村コード": 202, "所在地": "岡山県倉敷市松島１１００－１　森ビル１階", "緯度": 34.627694, "経度": 133.805175, "url": "https://www.iryou.teikyouseido.mhlw.go.jp/znk-web/juminkanja/S2430/initialize?prefCd=33&kikanCd=2330015800&kikanKbn=2", "url2": "http://www.mori-seikei.jp", "内容": "森整形外科リハビリクリニック【2:診療所】【診療科目:整形外科_リウマチ科_リハビリテーション科】岡山県倉敷市松島１１００－１　森ビル１階" }, "geometry": { "type": "Point", "coordinates": [ 133.805175, 34.627694 ] } },
{ "type": "Feature", "properties": { "ID": 3322330015810, "正式名称": "医療法人社団　もり小児科・耳鼻咽喉科クリニック", "機関区分": 2, "都道府県コード": 33, "市区町村コード": 202, "所在地": "岡山県倉敷市松島１１００－１", "緯度": 34.627202, "経度": 133.805083, "url": "https://www.iryou.teikyouseido.mhlw.go.jp/znk-web/juminkanja/S2430/initialize?prefCd=33&kikanCd=2330015810&kikanKbn=2", "url2": "https://www.mori-mimi-hana-kodomo.com/", "内容": "医療法人社団　もり小児科・耳鼻咽喉科クリニック【2:診療所】【診療科目:小児科_耳鼻いんこう科】岡山県倉敷市松島１１００－１" }, "geometry": { "type": "Point", "coordinates": [ 133.805083, 34.627202 ] } },
{ "type": "Feature", "properties": { "ID": 3322330015820, "正式名称": "いろどりクリニック", "機関区分": 2, "都道府県コード": 33, "市区町村コード": 101, "所在地": "岡山県岡山市北区幸町３－５アミスタ幸町Ｂ号室", "緯度": 34.789559, "経度": 134.097182, "url": "https://www.iryou.teikyouseido.mhlw.go.jp/znk-web/juminkanja/S2430/initialize?prefCd=33&kikanCd=2330015820&kikanKbn=2", "url2": null, "内容": "いろどりクリニック【2:診療所】【診療科目:内科_糖尿病内科】岡山県岡山市北区幸町３－５アミスタ幸町Ｂ号室" }, "geometry": { "type": "Point", "coordinates": [ 134.097182, 34.789559 ] } },
{ "type": "Feature", "properties": { "ID": 3322330015830, "正式名称": "こころ診療所", "機関区分": 2, "都道府県コード": 33, "市区町村コード": 208, "所在地": "岡山県総社市中央６－１５－１０８", "緯度": 34.666859, "経度": 133.746946, "url": "https://www.iryou.teikyouseido.mhlw.go.jp/znk-web/juminkanja/S2430/initialize?prefCd=33&kikanCd=2330015830&kikanKbn=2", "url2": "https://cocoro-clinic.jp/", "内容": "こころ診療所【2:診療所】【診療科目:精神科_心療内科】岡山県総社市中央６－１５－１０８" }, "geometry": { "type": "Point", "coordinates": [ 133.746946, 34.666859 ] } },
{ "type": "Feature", "properties": { "ID": 3322330015840, "正式名称": "医療法人しえな会　またの内科・循環器科クリニック", "機関区分": 2, "都道府県コード": 33, "市区町村コード": 203, "所在地": "岡山県津山市新職人町１８－１", "緯度": 35.0587, "経度": 134.0, "url": "https://www.iryou.teikyouseido.mhlw.go.jp/znk-web/juminkanja/S2430/initialize?prefCd=33&kikanCd=2330015840&kikanKbn=2", "url2": null, "内容": "医療法人しえな会　またの内科・循環器科クリニック【2:診療所】【診療科目:内科_循環器内科】岡山県津山市新職人町１８－１" }, "geometry": { "type": "Point", "coordinates": [ 134.0, 35.0587 ] } },
{ "type": "Feature", "properties": { "ID": 3322330015870, "正式名称": "さつき内科クリニック", "機関区分": 2, "都道府県コード": 33, "市区町村コード": 102, "所在地": "岡山県岡山市中区西川原１３５－１", "緯度": 34.679269, "経度": 133.942748, "url": "https://www.iryou.teikyouseido.mhlw.go.jp/znk-web/juminkanja/S2430/initialize?prefCd=33&kikanCd=2330015870&kikanKbn=2", "url2": "https://satsuki-naika.com", "内容": "さつき内科クリニック【2:診療所】【診療科目:内科_呼吸器内科_消化器内科】岡山県岡山市中区西川原１３５－１" }, "geometry": { "type": "Point", "coordinates": [ 133.942748, 34.679269 ] } },
{ "type": "Feature", "properties": { "ID": 3322330015880, "正式名称": "かたやま小児科クリニック", "機関区分": 2, "都道府県コード": 33, "市区町村コード": 203, "所在地": "岡山県津山市山北７６３－１９", "緯度": 35.072463, "経度": 134.00815, "url": "https://www.iryou.teikyouseido.mhlw.go.jp/znk-web/juminkanja/S2430/initialize?prefCd=33&kikanCd=2330015880&kikanKbn=2", "url2": "https://kpc.ped.jp/", "内容": "かたやま小児科クリニック【2:診療所】【診療科目:内科_小児科_精神科_アレルギー科】岡山県津山市山北７６３－１９" }, "geometry": { "type": "Point", "coordinates": [ 134.00815, 35.072463 ] } },
{ "type": "Feature", "properties": { "ID": 3322330015890, "正式名称": "さとうハートクリニック", "機関区分": 2, "都道府県コード": 33, "市区町村コード": 101, "所在地": "岡山県岡山市北区青江１－２２－２３", "緯度": 34.631976, "経度": 133.917186, "url": "https://www.iryou.teikyouseido.mhlw.go.jp/znk-web/juminkanja/S2430/initialize?prefCd=33&kikanCd=2330015890&kikanKbn=2", "url2": "http://www.sato-hc.com", "内容": "さとうハートクリニック【2:診療所】【診療科目:内科_循環器内科】岡山県岡山市北区青江１－２２－２３" }, "geometry": { "type": "Point", "coordinates": [ 133.917186, 34.631976 ] } },
{ "type": "Feature", "properties": { "ID": 3322330015900, "正式名称": "医療法人　緑風会　三宅医院問屋町テラス", "機関区分": 2, "都道府県コード": 33, "市区町村コード": 101, "所在地": "岡山県岡山市北区問屋町１５－１０１", "緯度": 34.644278, "経度": 133.88897, "url": "https://www.iryou.teikyouseido.mhlw.go.jp/znk-web/juminkanja/S2430/initialize?prefCd=33&kikanCd=2330015900&kikanKbn=2", "url2": "https://miyake-miyakegroup.jp/toiyacho/", "内容": "医療法人　緑風会　三宅医院問屋町テラス【2:診療所】【診療科目:産婦人科】岡山県岡山市北区問屋町１５－１０１" }, "geometry": { "type": "Point", "coordinates": [ 133.88897, 34.644278 ] } },
{ "type": "Feature", "properties": { "ID": 3322330015910, "正式名称": "駅前ＡＧＡクリニック岡山院", "機関区分": 2, "都道府県コード": 33, "市区町村コード": 101, "所在地": "岡山県岡山市北区本町２－４若林ビル２階", "緯度": 34.665242, "経度": 133.920563, "url": "https://www.iryou.teikyouseido.mhlw.go.jp/znk-web/juminkanja/S2430/initialize?prefCd=33&kikanCd=2330015910&kikanKbn=2", "url2": "https://e-aga.jp/intro/okayama", "内容": "駅前ＡＧＡクリニック岡山院【2:診療所】【診療科目:美容皮膚科】岡山県岡山市北区本町２－４若林ビル２階" }, "geometry": { "type": "Point", "coordinates": [ 133.920563, 34.665242 ] } },
{ "type": "Feature", "properties": { "ID": 3322330015920, "正式名称": "医療法人社団咲進会", "機関区分": 2, "都道府県コード": 33, "市区町村コード": 202, "所在地": "岡山県倉敷市帯高１６４", "緯度": 34.579342, "経度": 133.817665, "url": "https://www.iryou.teikyouseido.mhlw.go.jp/znk-web/juminkanja/S2430/initialize?prefCd=33&kikanCd=2330015920&kikanKbn=2", "url2": "https://www.ogawa-pediatric-clinic.com/", "内容": "医療法人社団咲進会【2:診療所】【診療科目:小児科_アレルギー科】岡山県倉敷市帯高１６４" }, "geometry": { "type": "Point", "coordinates": [ 133.817665, 34.579342 ] } },
{ "type": "Feature", "properties": { "ID": 3322330015940, "正式名称": "もりや耳鼻咽喉科", "機関区分": 2, "都道府県コード": 33, "市区町村コード": 202, "所在地": "岡山県倉敷市大島３５３－３２", "緯度": 34.600734, "経度": 133.781545, "url": "https://www.iryou.teikyouseido.mhlw.go.jp/znk-web/juminkanja/S2430/initialize?prefCd=33&kikanCd=2330015940&kikanKbn=2", "url2": "http://www.moriya-ent.com/", "内容": "もりや耳鼻咽喉科【2:診療所】【診療科目:耳鼻いんこう科】岡山県倉敷市大島３５３－３２" }, "geometry": { "type": "Point", "coordinates": [ 133.781545, 34.600734 ] } },
{ "type": "Feature", "properties": { "ID": 3322330015950, "正式名称": "医療法人社団　彩明会　グリーン在宅クリニック", "機関区分": 2, "都道府県コード": 33, "市区町村コード": 202, "所在地": "岡山県倉敷市老松町４丁目９－２２", "緯度": 34.594297, "経度": 133.759816, "url": "https://www.iryou.teikyouseido.mhlw.go.jp/znk-web/juminkanja/S2430/initialize?prefCd=33&kikanCd=2330015950&kikanKbn=2", "url2": "https://www.green-hc.com/", "内容": "医療法人社団　彩明会　グリーン在宅クリニック【2:診療所】【診療科目:内科_緩和ケア外科_小児科】岡山県倉敷市老松町４丁目９－２２" }, "geometry": { "type": "Point", "coordinates": [ 133.759816, 34.594297 ] } },
{ "type": "Feature", "properties": { "ID": 3322330015970, "正式名称": "はせがわ耳鼻咽喉科クリニック", "機関区分": 2, "都道府県コード": 33, "市区町村コード": 203, "所在地": "岡山県津山市高野本郷１４３７－１", "緯度": 35.072028, "経度": 134.055795, "url": "https://www.iryou.teikyouseido.mhlw.go.jp/znk-web/juminkanja/S2430/initialize?prefCd=33&kikanCd=2330015970&kikanKbn=2", "url2": "http://hase3387.com/", "内容": "はせがわ耳鼻咽喉科クリニック【2:診療所】【診療科目:耳鼻いんこう科】岡山県津山市高野本郷１４３７－１" }, "geometry": { "type": "Point", "coordinates": [ 134.055795, 35.072028 ] } },
{ "type": "Feature", "properties": { "ID": 3322330015990, "正式名称": "いしみねクリニック", "機関区分": 2, "都道府県コード": 33, "市区町村コード": 101, "所在地": "岡山県岡山市北区富田４２１－４", "緯度": 34.641348, "経度": 133.913093, "url": "https://www.iryou.teikyouseido.mhlw.go.jp/znk-web/juminkanja/S2430/initialize?prefCd=33&kikanCd=2330015990&kikanKbn=2", "url2": "https://www.ishimine-cl.com/", "内容": "いしみねクリニック【2:診療所】【診療科目:内科_精神科_心療内科】岡山県岡山市北区富田４２１－４" }, "geometry": { "type": "Point", "coordinates": [ 133.913093, 34.641348 ] } },
{ "type": "Feature", "properties": { "ID": 3322330016030, "正式名称": "グレース眼科クリニック", "機関区分": 2, "都道府県コード": 33, "市区町村コード": 101, "所在地": "岡山県岡山市北区中山下１－１－１グレースタワーⅢ２階", "緯度": 34.665096, "経度": 133.926835, "url": "https://www.iryou.teikyouseido.mhlw.go.jp/znk-web/juminkanja/S2430/initialize?prefCd=33&kikanCd=2330016030&kikanKbn=2", "url2": "https://grace-eye.jp/", "内容": "グレース眼科クリニック【2:診療所】【診療科目:眼科】岡山県岡山市北区中山下１－１－１グレースタワーⅢ２階" }, "geometry": { "type": "Point", "coordinates": [ 133.926835, 34.665096 ] } },
{ "type": "Feature", "properties": { "ID": 3322330016050, "正式名称": "にしがわ診療所", "機関区分": 2, "都道府県コード": 33, "市区町村コード": 101, "所在地": "岡山県岡山市北区中撫川４４８－１", "緯度": 34.651847, "経度": 133.840207, "url": "https://www.iryou.teikyouseido.mhlw.go.jp/znk-web/juminkanja/S2430/initialize?prefCd=33&kikanCd=2330016050&kikanKbn=2", "url2": "https://nishigawa-clinic.sakura.ne.jp/", "内容": "にしがわ診療所【2:診療所】【診療科目:内科_循環器内科】岡山県岡山市北区中撫川４４８－１" }, "geometry": { "type": "Point", "coordinates": [ 133.840207, 34.651847 ] } },
{ "type": "Feature", "properties": { "ID": 3322330016060, "正式名称": "美咲町西川診療所", "機関区分": 2, "都道府県コード": 33, "市区町村コード": 666, "所在地": "岡山県久米郡美咲町西川１００１－１２", "緯度": 34.968218, "経度": 133.825139, "url": "https://www.iryou.teikyouseido.mhlw.go.jp/znk-web/juminkanja/S2430/initialize?prefCd=33&kikanCd=2330016060&kikanKbn=2", "url2": null, "内容": "美咲町西川診療所【2:診療所】【診療科目:内科】岡山県久米郡美咲町西川１００１－１２" }, "geometry": { "type": "Point", "coordinates": [ 133.825139, 34.968218 ] } },
{ "type": "Feature", "properties": { "ID": 3322330016080, "正式名称": "医療法人　櫻馬会　玉島南眼科", "機関区分": 2, "都道府県コード": 33, "市区町村コード": 202, "所在地": "岡山県倉敷市玉島乙島４４０９番地１４", "緯度": 34.543543, "経度": 133.682384, "url": "https://www.iryou.teikyouseido.mhlw.go.jp/znk-web/juminkanja/S2430/initialize?prefCd=33&kikanCd=2330016080&kikanKbn=2", "url2": "http://www.tamashimaminami-ganka.com", "内容": "医療法人　櫻馬会　玉島南眼科【2:診療所】【診療科目:眼科】岡山県倉敷市玉島乙島４４０９番地１４" }, "geometry": { "type": "Point", "coordinates": [ 133.682384, 34.543543 ] } },
{ "type": "Feature", "properties": { "ID": 3322330016090, "正式名称": "医療法人ときわ会藤井クリニック", "機関区分": 2, "都道府県コード": 33, "市区町村コード": 208, "所在地": "岡山県総社市駅南二丁目１７－１", "緯度": 34.667463, "経度": 133.741622, "url": "https://www.iryou.teikyouseido.mhlw.go.jp/znk-web/juminkanja/S2430/initialize?prefCd=33&kikanCd=2330016090&kikanKbn=2", "url2": "https://f-cl.com", "内容": "医療法人ときわ会藤井クリニック【2:診療所】【診療科目:内科_整形外科_精神科_リハビリテーション科】岡山県総社市駅南二丁目１７－１" }, "geometry": { "type": "Point", "coordinates": [ 133.741622, 34.667463 ] } },
{ "type": "Feature", "properties": { "ID": 3322330016100, "正式名称": "きびじ整形外科・内科・リハビリクリニック", "機関区分": 2, "都道府県コード": 33, "市区町村コード": 208, "所在地": "岡山県総社市岡谷３３７－１", "緯度": 34.660361, "経度": 133.775782, "url": "https://www.iryou.teikyouseido.mhlw.go.jp/znk-web/juminkanja/S2430/initialize?prefCd=33&kikanCd=2330016100&kikanKbn=2", "url2": "https://kibiji-seikei.com/", "内容": "きびじ整形外科・内科・リハビリクリニック【2:診療所】【診療科目:内科_整形外科_リハビリテーション科】岡山県総社市岡谷３３７－１" }, "geometry": { "type": "Point", "coordinates": [ 133.775782, 34.660361 ] } },
{ "type": "Feature", "properties": { "ID": 3322330016110, "正式名称": "西大寺中央クリニック", "機関区分": 2, "都道府県コード": 33, "市区町村コード": 103, "所在地": "岡山県岡山市東区松新町２５番地５", "緯度": 34.657586, "経度": 134.013919, "url": "https://www.iryou.teikyouseido.mhlw.go.jp/znk-web/juminkanja/S2430/initialize?prefCd=33&kikanCd=2330016110&kikanKbn=2", "url2": null, "内容": "西大寺中央クリニック【2:診療所】【診療科目:内科_糖尿病内科_呼吸器内科_外科_肛門外科_皮膚科_泌尿器科_放射線科_麻酔科】岡山県岡山市東区松新町２５番地５" }, "geometry": { "type": "Point", "coordinates": [ 134.013919, 34.657586 ] } },
{ "type": "Feature", "properties": { "ID": 3322330016120, "正式名称": "医療法人社団ＭＡＲＩＮＡ", "機関区分": 2, "都道府県コード": 33, "市区町村コード": 101, "所在地": "岡山県岡山市北区内山下１－３－１３", "緯度": 34.661803, "経度": 133.932445, "url": "https://www.iryou.teikyouseido.mhlw.go.jp/znk-web/juminkanja/S2430/initialize?prefCd=33&kikanCd=2330016120&kikanKbn=2", "url2": "http://www.yamakodo.jp", "内容": "医療法人社団ＭＡＲＩＮＡ【2:診療所】【診療科目:小児科】岡山県岡山市北区内山下１－３－１３" }, "geometry": { "type": "Point", "coordinates": [ 133.932445, 34.661803 ] } },
{ "type": "Feature", "properties": { "ID": 3322330016130, "正式名称": "医療法人社団極美会　ゆみ皮膚科", "機関区分": 2, "都道府県コード": 33, "市区町村コード": 101, "所在地": "岡山県岡山市北区白石西新町６－１０６", "緯度": 34.655697, "経度": 133.869005, "url": "https://www.iryou.teikyouseido.mhlw.go.jp/znk-web/juminkanja/S2430/initialize?prefCd=33&kikanCd=2330016130&kikanKbn=2", "url2": "https://yumi-hifuka.com", "内容": "医療法人社団極美会　ゆみ皮膚科【2:診療所】【診療科目:皮膚科_アレルギー科】岡山県岡山市北区白石西新町６－１０６" }, "geometry": { "type": "Point", "coordinates": [ 133.869005, 34.655697 ] } },
{ "type": "Feature", "properties": { "ID": 3322330016150, "正式名称": "ぼの診療所", "機関区分": 2, "都道府県コード": 33, "市区町村コード": 103, "所在地": "岡山県岡山市東区城東台東２－１０－２２", "緯度": 34.697582, "経度": 134.030406, "url": "https://www.iryou.teikyouseido.mhlw.go.jp/znk-web/juminkanja/S2430/initialize?prefCd=33&kikanCd=2330016150&kikanKbn=2", "url2": "https://www.bono-clinic.com", "内容": "ぼの診療所【2:診療所】【診療科目:内科】岡山県岡山市東区城東台東２－１０－２２" }, "geometry": { "type": "Point", "coordinates": [ 134.030406, 34.697582 ] } },
{ "type": "Feature", "properties": { "ID": 3322330016160, "正式名称": "流王クリニック", "機関区分": 2, "都道府県コード": 33, "市区町村コード": 101, "所在地": "岡山県岡山市北区楢津５８１番地５", "緯度": 34.684987, "経度": 133.884036, "url": "https://www.iryou.teikyouseido.mhlw.go.jp/znk-web/juminkanja/S2430/initialize?prefCd=33&kikanCd=2330016160&kikanKbn=2", "url2": "http://www.ryuo-clinic.com", "内容": "流王クリニック【2:診療所】【診療科目:精神科_心療内科】岡山県岡山市北区楢津５８１番地５" }, "geometry": { "type": "Point", "coordinates": [ 133.884036, 34.684987 ] } },
{ "type": "Feature", "properties": { "ID": 3322330016170, "正式名称": "医療法人社団ｐｅａｃｅ　ｐｌａｎグレーススキンクリニック", "機関区分": 2, "都道府県コード": 33, "市区町村コード": 101, "所在地": "岡山県岡山市北区野田屋町一丁目１１番１号－２０１", "緯度": 34.666034, "経度": 133.925467, "url": "https://www.iryou.teikyouseido.mhlw.go.jp/znk-web/juminkanja/S2430/initialize?prefCd=33&kikanCd=2330016170&kikanKbn=2", "url2": "https://grace-skin.jp", "内容": "医療法人社団ｐｅａｃｅ　ｐｌａｎグレーススキンクリニック【2:診療所】【診療科目:形成外科_美容外科】岡山県岡山市北区野田屋町一丁目１１番１号－２０１" }, "geometry": { "type": "Point", "coordinates": [ 133.925467, 34.666034 ] } },
{ "type": "Feature", "properties": { "ID": 3322330016180, "正式名称": "大安寺眼科", "機関区分": 2, "都道府県コード": 33, "市区町村コード": 101, "所在地": "岡山県岡山市北区野殿東町１－３５岡山クリニックモール", "緯度": 34.658569, "経度": 133.882002, "url": "https://www.iryou.teikyouseido.mhlw.go.jp/znk-web/juminkanja/S2430/initialize?prefCd=33&kikanCd=2330016180&kikanKbn=2", "url2": "http://www.oph.jp", "内容": "大安寺眼科【2:診療所】【診療科目:眼科】岡山県岡山市北区野殿東町１－３５岡山クリニックモール" }, "geometry": { "type": "Point", "coordinates": [ 133.882002, 34.658569 ] } },
{ "type": "Feature", "properties": { "ID": 3322330016190, "正式名称": "さとう消化器肛門外科", "機関区分": 2, "都道府県コード": 33, "市区町村コード": 205, "所在地": "岡山県笠岡市笠岡４１０１－１", "緯度": 34.510771, "経度": 133.510205, "url": "https://www.iryou.teikyouseido.mhlw.go.jp/znk-web/juminkanja/S2430/initialize?prefCd=33&kikanCd=2330016190&kikanKbn=2", "url2": "https://sato-colopro.com/", "内容": "さとう消化器肛門外科【2:診療所】【診療科目:消化器内科_肛門外科】岡山県笠岡市笠岡４１０１－１" }, "geometry": { "type": "Point", "coordinates": [ 133.510205, 34.510771 ] } },
{ "type": "Feature", "properties": { "ID": 3322330016200, "正式名称": "みんなのクリニック", "機関区分": 2, "都道府県コード": 33, "市区町村コード": 214, "所在地": "岡山県真庭市惣１９５－５", "緯度": 35.070869, "経度": 133.74838, "url": "https://www.iryou.teikyouseido.mhlw.go.jp/znk-web/juminkanja/S2430/initialize?prefCd=33&kikanCd=2330016200&kikanKbn=2", "url2": "https://mincli-maniwa.com/", "内容": "みんなのクリニック【2:診療所】【診療科目:内科_小児科_皮膚科_アレルギー科】岡山県真庭市惣１９５－５" }, "geometry": { "type": "Point", "coordinates": [ 133.74838, 35.070869 ] } },
{ "type": "Feature", "properties": { "ID": 3322330016210, "正式名称": "くませ眼科", "機関区分": 2, "都道府県コード": 33, "市区町村コード": 101, "所在地": "岡山県岡山市北区楢津６６番１", "緯度": 34.6831, "経度": 133.893277, "url": "https://www.iryou.teikyouseido.mhlw.go.jp/znk-web/juminkanja/S2430/initialize?prefCd=33&kikanCd=2330016210&kikanKbn=2", "url2": "https://kumase-eyeclinic.jp", "内容": "くませ眼科【2:診療所】【診療科目:眼科】岡山県岡山市北区楢津６６番１" }, "geometry": { "type": "Point", "coordinates": [ 133.893277, 34.6831 ] } },
{ "type": "Feature", "properties": { "ID": 3322330016220, "正式名称": "あおい在宅クリニック", "機関区分": 2, "都道府県コード": 33, "市区町村コード": 103, "所在地": "岡山県岡山市東区可知４－３－７レジデンス益野１０１", "緯度": 34.658142, "経度": 134.003453, "url": "https://www.iryou.teikyouseido.mhlw.go.jp/znk-web/juminkanja/S2430/initialize?prefCd=33&kikanCd=2330016220&kikanKbn=2", "url2": "https://www.aoizaitaku.com/", "内容": "あおい在宅クリニック【2:診療所】【診療科目:内科_循環器内科】岡山県岡山市東区可知４－３－７レジデンス益野１０１" }, "geometry": { "type": "Point", "coordinates": [ 134.003453, 34.658142 ] } },
{ "type": "Feature", "properties": { "ID": 3322330016230, "正式名称": "岡山イースト駅前クリニック", "機関区分": 2, "都道府県コード": 33, "市区町村コード": 101, "所在地": "岡山県岡山市北区錦町１番３０号　ＭＭビル１階", "緯度": 34.663653, "経度": 133.919335, "url": "https://www.iryou.teikyouseido.mhlw.go.jp/znk-web/juminkanja/S2430/initialize?prefCd=33&kikanCd=2330016230&kikanKbn=2", "url2": "https://www.eastcl.com/okayama/", "内容": "岡山イースト駅前クリニック【2:診療所】【診療科目:内科_皮膚科_泌尿器科】岡山県岡山市北区錦町１番３０号　ＭＭビル１階" }, "geometry": { "type": "Point", "coordinates": [ 133.919335, 34.663653 ] } },
{ "type": "Feature", "properties": { "ID": 3322330016240, "正式名称": "ふくしまクリニック", "機関区分": 2, "都道府県コード": 33, "市区町村コード": 202, "所在地": "岡山県倉敷市笹沖１６３－１２", "緯度": 34.575141, "経度": 133.769315, "url": "https://www.iryou.teikyouseido.mhlw.go.jp/znk-web/juminkanja/S2430/initialize?prefCd=33&kikanCd=2330016240&kikanKbn=2", "url2": "https://fukushima-entcl.jp", "内容": "ふくしまクリニック【2:診療所】【診療科目:耳鼻いんこう科_皮膚科】岡山県倉敷市笹沖１６３－１２" }, "geometry": { "type": "Point", "coordinates": [ 133.769315, 34.575141 ] } },
{ "type": "Feature", "properties": { "ID": 3322330016250, "正式名称": "牧野皮膚科形成外科クリニック", "機関区分": 2, "都道府県コード": 33, "市区町村コード": 101, "所在地": "岡山県岡山市北区平田１１１－１０４", "緯度": 34.635906, "経度": 133.886634, "url": "https://www.iryou.teikyouseido.mhlw.go.jp/znk-web/juminkanja/S2430/initialize?prefCd=33&kikanCd=2330016250&kikanKbn=2", "url2": "https://makino-hifuka.com", "内容": "牧野皮膚科形成外科クリニック【2:診療所】【診療科目:形成外科_皮膚科_アレルギー科】岡山県岡山市北区平田１１１－１０４" }, "geometry": { "type": "Point", "coordinates": [ 133.886634, 34.635906 ] } },
{ "type": "Feature", "properties": { "ID": 3322330016270, "正式名称": "エミナルクリニック岡山院", "機関区分": 2, "都道府県コード": 33, "市区町村コード": 101, "所在地": "岡山県岡山市北区幸町８－２０　ＡＱＵＡテラス幸町４階、５階", "緯度": 34.666034, "経度": 133.925144, "url": "https://www.iryou.teikyouseido.mhlw.go.jp/znk-web/juminkanja/S2430/initialize?prefCd=33&kikanCd=2330016270&kikanKbn=2", "url2": null, "内容": "エミナルクリニック岡山院【2:診療所】【診療科目:美容皮膚科】岡山県岡山市北区幸町８－２０　ＡＱＵＡテラス幸町４階、５階" }, "geometry": { "type": "Point", "coordinates": [ 133.925144, 34.666034 ] } },
{ "type": "Feature", "properties": { "ID": 3322330016280, "正式名称": "はばら内科ハートクリニック", "機関区分": 2, "都道府県コード": 33, "市区町村コード": 202, "所在地": "岡山県倉敷市西阿知町西原１０７４－１", "緯度": 34.590971, "経度": 133.729435, "url": "https://www.iryou.teikyouseido.mhlw.go.jp/znk-web/juminkanja/S2430/initialize?prefCd=33&kikanCd=2330016280&kikanKbn=2", "url2": "https://www.habaraclinic.com", "内容": "はばら内科ハートクリニック【2:診療所】【診療科目:内科_呼吸器内科_循環器内科】岡山県倉敷市西阿知町西原１０７４－１" }, "geometry": { "type": "Point", "coordinates": [ 133.729435, 34.590971 ] } },
{ "type": "Feature", "properties": { "ID": 3322330016290, "正式名称": "シスターズ皮フ科", "機関区分": 2, "都道府県コード": 33, "市区町村コード": 102, "所在地": "岡山県岡山市中区倉田５０７－１", "緯度": 34.630499, "経度": 133.958741, "url": "https://www.iryou.teikyouseido.mhlw.go.jp/znk-web/juminkanja/S2430/initialize?prefCd=33&kikanCd=2330016290&kikanKbn=2", "url2": "https://sisters-hifuka.jp/", "内容": "シスターズ皮フ科【2:診療所】【診療科目:皮膚科】岡山県岡山市中区倉田５０７－１" }, "geometry": { "type": "Point", "coordinates": [ 133.958741, 34.630499 ] } },
{ "type": "Feature", "properties": { "ID": 3322330016300, "正式名称": "こどものきずクリニック", "機関区分": 2, "都道府県コード": 33, "市区町村コード": 101, "所在地": "岡山県岡山市北区津島京町３丁目２番２０号サンライト津島Ⅰ号館１階", "緯度": 34.684114, "経度": 133.902024, "url": "https://www.iryou.teikyouseido.mhlw.go.jp/znk-web/juminkanja/S2430/initialize?prefCd=33&kikanCd=2330016300&kikanKbn=2", "url2": null, "内容": "こどものきずクリニック【2:診療所】【診療科目:形成外科】岡山県岡山市北区津島京町３丁目２番２０号サンライト津島Ⅰ号館１階" }, "geometry": { "type": "Point", "coordinates": [ 133.902024, 34.684114 ] } },
{ "type": "Feature", "properties": { "ID": 3322330016310, "正式名称": "女性と家族のクリニック", "機関区分": 2, "都道府県コード": 33, "市区町村コード": 101, "所在地": "岡山県岡山市北区表町一丁目９番６５号", "緯度": 34.663525, "経度": 133.929462, "url": "https://www.iryou.teikyouseido.mhlw.go.jp/znk-web/juminkanja/S2430/initialize?prefCd=33&kikanCd=2330016310&kikanKbn=2", "url2": "https://yobou-kanpou.or.jp/", "内容": "女性と家族のクリニック【2:診療所】【診療科目:内科_女性内科_婦人科】岡山県岡山市北区表町一丁目９番６５号" }, "geometry": { "type": "Point", "coordinates": [ 133.929462, 34.663525 ] } },
{ "type": "Feature", "properties": { "ID": 3322330016320, "正式名称": "河田眼科", "機関区分": 2, "都道府県コード": 33, "市区町村コード": 202, "所在地": "岡山県倉敷市水江１１８６－３", "緯度": 34.596844, "経度": 133.738439, "url": "https://www.iryou.teikyouseido.mhlw.go.jp/znk-web/juminkanja/S2430/initialize?prefCd=33&kikanCd=2330016320&kikanKbn=2", "url2": "https://kawata-ganka.com", "内容": "河田眼科【2:診療所】【診療科目:眼科】岡山県倉敷市水江１１８６－３" }, "geometry": { "type": "Point", "coordinates": [ 133.738439, 34.596844 ] } },
{ "type": "Feature", "properties": { "ID": 3322330016330, "正式名称": "ヒロクリニック岡山駅前院", "機関区分": 2, "都道府県コード": 33, "市区町村コード": 101, "所在地": "岡山県岡山市北区本町１番２炭屋ビル２階", "緯度": 34.665222, "経度": 133.919737, "url": "https://www.iryou.teikyouseido.mhlw.go.jp/znk-web/juminkanja/S2430/initialize?prefCd=33&kikanCd=2330016330&kikanKbn=2", "url2": "https://nipt.hiro-clinic.or.jp/hiroclinic/okayama/", "内容": "ヒロクリニック岡山駅前院【2:診療所】【診療科目:小児科_臨床検査科】岡山県岡山市北区本町１番２炭屋ビル２階" }, "geometry": { "type": "Point", "coordinates": [ 133.919737, 34.665222 ] } },
{ "type": "Feature", "properties": { "ID": 3322330016340, "正式名称": "きたながせ内科クリニック", "機関区分": 2, "都道府県コード": 33, "市区町村コード": 101, "所在地": "岡山県岡山市北区北長瀬表町２丁目１７番８０号Ａ２３０区画", "緯度": 34.652683, "経度": 133.887513, "url": "https://www.iryou.teikyouseido.mhlw.go.jp/znk-web/juminkanja/S2430/initialize?prefCd=33&kikanCd=2330016340&kikanKbn=2", "url2": "https://www.kitanagase-naika-clinic.com/", "内容": "きたながせ内科クリニック【2:診療所】【診療科目:内科_消化器内科_内視鏡内科】岡山県岡山市北区北長瀬表町２丁目１７番８０号Ａ２３０区画" }, "geometry": { "type": "Point", "coordinates": [ 133.887513, 34.652683 ] } },
{ "type": "Feature", "properties": { "ID": 3322330016350, "正式名称": "とくやままぶた・スキンクリニック", "機関区分": 2, "都道府県コード": 33, "市区町村コード": 104, "所在地": "岡山県岡山市南区新保１６１５－７", "緯度": 34.637151, "経度": 133.907668, "url": "https://www.iryou.teikyouseido.mhlw.go.jp/znk-web/juminkanja/S2430/initialize?prefCd=33&kikanCd=2330016350&kikanKbn=2", "url2": "https://mabuta.clinic/", "内容": "とくやままぶた・スキンクリニック【2:診療所】【診療科目:形成外科_美容外科_美容皮膚科】岡山県岡山市南区新保１６１５－７" }, "geometry": { "type": "Point", "coordinates": [ 133.907668, 34.637151 ] } },
{ "type": "Feature", "properties": { "ID": 3322330016430, "正式名称": "岡山市保健所", "機関区分": 2, "都道府県コード": 33, "市区町村コード": 101, "所在地": "岡山県岡山市北区鹿田町１－１－１", "緯度": 34.654521, "経度": 133.918655, "url": "https://www.iryou.teikyouseido.mhlw.go.jp/znk-web/juminkanja/S2430/initialize?prefCd=33&kikanCd=2330016430&kikanKbn=2", "url2": "http://www.city.okayama.jp/", "内容": "岡山市保健所【2:診療所】【診療科目:内科_歯科】岡山県岡山市北区鹿田町１－１－１" }, "geometry": { "type": "Point", "coordinates": [ 133.918655, 34.654521 ] } },
{ "type": "Feature", "properties": { "ID": 3322330016480, "正式名称": "あらき眼科", "機関区分": 2, "都道府県コード": 33, "市区町村コード": 101, "所在地": "岡山県岡山市北区奥田南町８番４７－１号", "緯度": 34.641911, "経度": 133.920322, "url": "https://www.iryou.teikyouseido.mhlw.go.jp/znk-web/juminkanja/S2430/initialize?prefCd=33&kikanCd=2330016480&kikanKbn=2", "url2": "https://www.araki-eye.com/", "内容": "あらき眼科【2:診療所】【診療科目:眼科】岡山県岡山市北区奥田南町８番４７－１号" }, "geometry": { "type": "Point", "coordinates": [ 133.920322, 34.641911 ] } },
{ "type": "Feature", "properties": { "ID": 3322330016490, "正式名称": "ＴＣＢ　東京中央美容外科・ＴＣＢ　スキンクリニック　岡山院", "機関区分": 2, "都道府県コード": 33, "市区町村コード": 101, "所在地": "岡山県岡山市北区駅前町一丁目１番２１号成通・ハリービル４階", "緯度": 34.665875, "経度": 133.92036, "url": "https://www.iryou.teikyouseido.mhlw.go.jp/znk-web/juminkanja/S2430/initialize?prefCd=33&kikanCd=2330016490&kikanKbn=2", "url2": "https://aoki-tsuyoshi.com/", "内容": "ＴＣＢ　東京中央美容外科・ＴＣＢ　スキンクリニック　岡山院【2:診療所】【診療科目:形成外科_美容外科_皮膚科_美容皮膚科】岡山県岡山市北区駅前町一丁目１番２１号成通・ハリービル４階" }, "geometry": { "type": "Point", "coordinates": [ 133.92036, 34.665875 ] } },
{ "type": "Feature", "properties": { "ID": 3322330016520, "正式名称": "ゆうゆうクリニック", "機関区分": 2, "都道府県コード": 33, "市区町村コード": 102, "所在地": "岡山県岡山市中区賞田２５４－１", "緯度": 34.69476, "経度": 133.957948, "url": "https://www.iryou.teikyouseido.mhlw.go.jp/znk-web/juminkanja/S2430/initialize?prefCd=33&kikanCd=2330016520&kikanKbn=2", "url2": "https://www.yuyuclinic.com/", "内容": "ゆうゆうクリニック【2:診療所】【診療科目:内科_消化器内科】岡山県岡山市中区賞田２５４－１" }, "geometry": { "type": "Point", "coordinates": [ 133.957948, 34.69476 ] } },
{ "type": "Feature", "properties": { "ID": 3322330016560, "正式名称": "桜のみち内科クリニック", "機関区分": 2, "都道府県コード": 33, "市区町村コード": 102, "所在地": "岡山県岡山市中区中井４６２－１", "緯度": 34.689009, "経度": 133.957593, "url": "https://www.iryou.teikyouseido.mhlw.go.jp/znk-web/juminkanja/S2430/initialize?prefCd=33&kikanCd=2330016560&kikanKbn=2", "url2": "https://www.sakuranomichi-clinic.com/", "内容": "桜のみち内科クリニック【2:診療所】【診療科目:内科_消化器内科_肝臓内科_内視鏡内科】岡山県岡山市中区中井４６２－１" }, "geometry": { "type": "Point", "coordinates": [ 133.957593, 34.689009 ] } },
{ "type": "Feature", "properties": { "ID": 3322330016620, "正式名称": "かわかみこどもクリニック", "機関区分": 2, "都道府県コード": 33, "市区町村コード": 202, "所在地": "岡山県倉敷市新倉敷駅前５丁目１６－１", "緯度": 34.562658, "経度": 133.675506, "url": "https://www.iryou.teikyouseido.mhlw.go.jp/znk-web/juminkanja/S2430/initialize?prefCd=33&kikanCd=2330016620&kikanKbn=2", "url2": "kawakami-kodomo-clinic.com", "内容": "かわかみこどもクリニック【2:診療所】【診療科目:小児科_アレルギー科】岡山県倉敷市新倉敷駅前５丁目１６－１" }, "geometry": { "type": "Point", "coordinates": [ 133.675506, 34.562658 ] } },
{ "type": "Feature", "properties": { "ID": 3322330016630, "正式名称": "赤堀クリニック", "機関区分": 2, "都道府県コード": 33, "市区町村コード": 203, "所在地": "岡山県津山市椿高下３３", "緯度": 35.065616, "経度": 134.000578, "url": "https://www.iryou.teikyouseido.mhlw.go.jp/znk-web/juminkanja/S2430/initialize?prefCd=33&kikanCd=2330016630&kikanKbn=2", "url2": "http://www.akahori.or.jp", "内容": "赤堀クリニック【2:診療所】【診療科目:産婦人科】岡山県津山市椿高下３３" }, "geometry": { "type": "Point", "coordinates": [ 134.000578, 35.065616 ] } },
{ "type": "Feature", "properties": { "ID": 3322330016650, "正式名称": "かねだ内科クリニック", "機関区分": 2, "都道府県コード": 33, "市区町村コード": 202, "所在地": "岡山県倉敷市阿知３丁目１３－１　オールファーマシータウン２階", "緯度": 34.598866, "経度": 133.76795, "url": "https://www.iryou.teikyouseido.mhlw.go.jp/znk-web/juminkanja/S2430/initialize?prefCd=33&kikanCd=2330016650&kikanKbn=2", "url2": "https://kaneda-dmendo-cl.com/", "内容": "かねだ内科クリニック【2:診療所】【診療科目:内科_糖尿病内科_内分泌内科】岡山県倉敷市阿知３丁目１３－１　オールファーマシータウン２階" }, "geometry": { "type": "Point", "coordinates": [ 133.76795, 34.598866 ] } },
{ "type": "Feature", "properties": { "ID": 3322330016670, "正式名称": "にじのここどもクリニック", "機関区分": 2, "都道府県コード": 33, "市区町村コード": 203, "所在地": "岡山県津山市河辺１０３９　河辺クリニックモール２階", "緯度": 35.060334, "経度": 134.050852, "url": "https://www.iryou.teikyouseido.mhlw.go.jp/znk-web/juminkanja/S2430/initialize?prefCd=33&kikanCd=2330016670&kikanKbn=2", "url2": "nijinoko-kodomo-clinic.com", "内容": "にじのここどもクリニック【2:診療所】【診療科目:小児科】岡山県津山市河辺１０３９　河辺クリニックモール２階" }, "geometry": { "type": "Point", "coordinates": [ 134.050852, 35.060334 ] } },
{ "type": "Feature", "properties": { "ID": 3322330016690, "正式名称": "荘内クリニック", "機関区分": 2, "都道府県コード": 33, "市区町村コード": 204, "所在地": "岡山県玉野市迫間２１３８－２", "緯度": 34.504992, "経度": 133.900743, "url": "https://www.iryou.teikyouseido.mhlw.go.jp/znk-web/juminkanja/S2430/initialize?prefCd=33&kikanCd=2330016690&kikanKbn=2", "url2": "https://www.shonai-clinic.jp/", "内容": "荘内クリニック【2:診療所】【診療科目:整形外科_小児科_リハビリテーション科】岡山県玉野市迫間２１３８－２" }, "geometry": { "type": "Point", "coordinates": [ 133.900743, 34.504992 ] } },
{ "type": "Feature", "properties": { "ID": 3322330016700, "正式名称": "医療法人社団淳康会ギガクリニック岡山院（ユナイテッドクリニック）", "機関区分": 2, "都道府県コード": 33, "市区町村コード": 101, "所在地": "岡山県岡山市北区下石井１丁目１－１アーバンオフィスビル８階８０４号室", "緯度": 34.66376, "経度": 133.918675, "url": "https://www.iryou.teikyouseido.mhlw.go.jp/znk-web/juminkanja/S2430/initialize?prefCd=33&kikanCd=2330016700&kikanKbn=2", "url2": "https://giga-clinic.jp/", "内容": "医療法人社団淳康会ギガクリニック岡山院（ユナイテッドクリニック）【2:診療所】【診療科目:内科_泌尿器科】岡山県岡山市北区下石井１丁目１－１アーバンオフィスビル８階８０４号室" }, "geometry": { "type": "Point", "coordinates": [ 133.918675, 34.66376 ] } },
{ "type": "Feature", "properties": { "ID": 3322330016710, "正式名称": "大上クリニック", "機関区分": 2, "都道府県コード": 33, "市区町村コード": 103, "所在地": "岡山県岡山市東区東平島１３５－６", "緯度": 34.706116, "経度": 134.052908, "url": "https://www.iryou.teikyouseido.mhlw.go.jp/znk-web/juminkanja/S2430/initialize?prefCd=33&kikanCd=2330016710&kikanKbn=2", "url2": "https://oue-clinic.com/", "内容": "大上クリニック【2:診療所】【診療科目:内科_呼吸器内科_外科】岡山県岡山市東区東平島１３５－６" }, "geometry": { "type": "Point", "coordinates": [ 134.052908, 34.706116 ] } },
{ "type": "Feature", "properties": { "ID": 3322330016720, "正式名称": "なかおメンタルクリニック", "機関区分": 2, "都道府県コード": 33, "市区町村コード": 101, "所在地": "岡山県岡山市北区錦町４－１１錦町ＪＮビル３階", "緯度": 34.663422, "経度": 133.922523, "url": "https://www.iryou.teikyouseido.mhlw.go.jp/znk-web/juminkanja/S2430/initialize?prefCd=33&kikanCd=2330016720&kikanKbn=2", "url2": "https://nakamen.jp", "内容": "なかおメンタルクリニック【2:診療所】【診療科目:精神科_心療内科】岡山県岡山市北区錦町４－１１錦町ＪＮビル３階" }, "geometry": { "type": "Point", "coordinates": [ 133.922523, 34.663422 ] } },
{ "type": "Feature", "properties": { "ID": 3322330016740, "正式名称": "おきもと内科と外科のクリニック", "機関区分": 2, "都道府県コード": 33, "市区町村コード": 102, "所在地": "岡山県岡山市中区関５３６－１", "緯度": 34.678714, "経度": 133.969429, "url": "https://www.iryou.teikyouseido.mhlw.go.jp/znk-web/juminkanja/S2430/initialize?prefCd=33&kikanCd=2330016740&kikanKbn=2", "url2": null, "内容": "おきもと内科と外科のクリニック【2:診療所】【診療科目:呼吸器内科_消化器内科_肝臓内科_漢方内科_外科_肛門外科_整形外科】岡山県岡山市中区関５３６－１" }, "geometry": { "type": "Point", "coordinates": [ 133.969429, 34.678714 ] } },
{ "type": "Feature", "properties": { "ID": 3322330016760, "正式名称": "くらしきなかしま糖尿病内科クリニック", "機関区分": 2, "都道府県コード": 33, "市区町村コード": 202, "所在地": "岡山県倉敷市中島９９７－３", "緯度": 34.580984, "経度": 133.734515, "url": "https://www.iryou.teikyouseido.mhlw.go.jp/znk-web/juminkanja/S2430/initialize?prefCd=33&kikanCd=2330016760&kikanKbn=2", "url2": "https://www.kurashiki-nakashima-dmcl.com/access/", "内容": "くらしきなかしま糖尿病内科クリニック【2:診療所】【診療科目:内科_糖尿病内科_腎臓内科】岡山県倉敷市中島９９７－３" }, "geometry": { "type": "Point", "coordinates": [ 133.734515, 34.580984 ] } },
{ "type": "Feature", "properties": { "ID": 3322330016770, "正式名称": "ＡＧＡ医療クリニック岡山駅前院", "機関区分": 2, "都道府県コード": 33, "市区町村コード": 101, "所在地": "岡山県岡山市北区本町６－３０　第一セントラルビル２号館５階", "緯度": 34.664072, "経度": 133.919458, "url": "https://www.iryou.teikyouseido.mhlw.go.jp/znk-web/juminkanja/S2430/initialize?prefCd=33&kikanCd=2330016770&kikanKbn=2", "url2": null, "内容": "ＡＧＡ医療クリニック岡山駅前院【2:診療所】【診療科目:美容皮膚科】岡山県岡山市北区本町６－３０　第一セントラルビル２号館５階" }, "geometry": { "type": "Point", "coordinates": [ 133.919458, 34.664072 ] } },
{ "type": "Feature", "properties": { "ID": 3322330016790, "正式名称": "岡山二人サテライトクリニック", "機関区分": 2, "都道府県コード": 33, "市区町村コード": 101, "所在地": "岡山県岡山市北区幸町８－２０　ＡＱＵＡテラス幸町２階", "緯度": 34.660684, "経度": 133.919681, "url": "https://www.iryou.teikyouseido.mhlw.go.jp/znk-web/juminkanja/S2430/initialize?prefCd=33&kikanCd=2330016790&kikanKbn=2", "url2": "https://www.futari.or.jp/", "内容": "岡山二人サテライトクリニック【2:診療所】【診療科目:乳腺外科_婦人科】岡山県岡山市北区幸町８－２０　ＡＱＵＡテラス幸町２階" }, "geometry": { "type": "Point", "coordinates": [ 133.919681, 34.660684 ] } },
{ "type": "Feature", "properties": { "ID": 3322330016800, "正式名称": "なでしこ光クリニック", "機関区分": 2, "都道府県コード": 33, "市区町村コード": 101, "所在地": "岡山県岡山市北区駅元町２９－２ー４０８", "緯度": 34.667808, "経度": 133.916431, "url": "https://www.iryou.teikyouseido.mhlw.go.jp/znk-web/juminkanja/S2430/initialize?prefCd=33&kikanCd=2330016800&kikanKbn=2", "url2": null, "内容": "なでしこ光クリニック【2:診療所】【診療科目:内科_耳鼻いんこう科】岡山県岡山市北区駅元町２９－２ー４０８" }, "geometry": { "type": "Point", "coordinates": [ 133.916431, 34.667808 ] } },
{ "type": "Feature", "properties": { "ID": 3322330016830, "正式名称": "いしい内科・胃大腸内視鏡・ＩＢＤクリニック", "機関区分": 2, "都道府県コード": 33, "市区町村コード": 104, "所在地": "岡山県岡山市南区妹尾３３８８", "緯度": 34.617445, "経度": 133.864934, "url": "https://www.iryou.teikyouseido.mhlw.go.jp/znk-web/juminkanja/S2430/initialize?prefCd=33&kikanCd=2330016830&kikanKbn=2", "url2": "https://ishii-naika-clinic.net/", "内容": "いしい内科・胃大腸内視鏡・ＩＢＤクリニック【2:診療所】【診療科目:内科_消化器内科】岡山県岡山市南区妹尾３３８８" }, "geometry": { "type": "Point", "coordinates": [ 133.864934, 34.617445 ] } },
{ "type": "Feature", "properties": { "ID": 3322330016850, "正式名称": "備前市国民健康保険市立三石診療所", "機関区分": 2, "都道府県コード": 33, "市区町村コード": 211, "所在地": "岡山県備前市三石１００－３０", "緯度": 34.801156, "経度": 134.26909, "url": "https://www.iryou.teikyouseido.mhlw.go.jp/znk-web/juminkanja/S2430/initialize?prefCd=33&kikanCd=2330016850&kikanKbn=2", "url2": null, "内容": "備前市国民健康保険市立三石診療所【2:診療所】【診療科目:内科_外科】岡山県備前市三石１００－３０" }, "geometry": { "type": "Point", "coordinates": [ 134.26909, 34.801156 ] } },
{ "type": "Feature", "properties": { "ID": 3322330016870, "正式名称": "医療法人社団新風会　ポルソ矢掛クリニック", "機関区分": 2, "都道府県コード": 33, "市区町村コード": 461, "所在地": "岡山県小田郡矢掛町横谷１４９７", "緯度": 34.597472, "経度": 133.623143, "url": "https://www.iryou.teikyouseido.mhlw.go.jp/znk-web/juminkanja/S2430/initialize?prefCd=33&kikanCd=2330016870&kikanKbn=2", "url2": null, "内容": "医療法人社団新風会　ポルソ矢掛クリニック【2:診療所】【診療科目:老年内科】岡山県小田郡矢掛町横谷１４９７" }, "geometry": { "type": "Point", "coordinates": [ 133.623143, 34.597472 ] } },
{ "type": "Feature", "properties": { "ID": 3322330016900, "正式名称": "おおのあかちゃんこどもクリニック", "機関区分": 2, "都道府県コード": 33, "市区町村コード": 101, "所在地": "岡山県岡山市北区西古松１－１２－２８", "緯度": 34.650266, "経度": 133.908647, "url": "https://www.iryou.teikyouseido.mhlw.go.jp/znk-web/juminkanja/S2430/initialize?prefCd=33&kikanCd=2330016900&kikanKbn=2", "url2": "https://www.ono-babyandkids-clinic.com", "内容": "おおのあかちゃんこどもクリニック【2:診療所】【診療科目:循環器内科_小児科_アレルギー科】岡山県岡山市北区西古松１－１２－２８" }, "geometry": { "type": "Point", "coordinates": [ 133.908647, 34.650266 ] } },
{ "type": "Feature", "properties": { "ID": 3322330016910, "正式名称": "うらべ内科クリニック", "機関区分": 2, "都道府県コード": 33, "市区町村コード": 104, "所在地": "岡山県岡山市南区築港新町２－１－１５", "緯度": 34.605338, "経度": 133.936546, "url": "https://www.iryou.teikyouseido.mhlw.go.jp/znk-web/juminkanja/S2430/initialize?prefCd=33&kikanCd=2330016910&kikanKbn=2", "url2": "https://urabe-naika.com/", "内容": "うらべ内科クリニック【2:診療所】【診療科目:内科_糖尿病内科_循環器内科】岡山県岡山市南区築港新町２－１－１５" }, "geometry": { "type": "Point", "coordinates": [ 133.936546, 34.605338 ] } },
{ "type": "Feature", "properties": { "ID": 3322330016920, "正式名称": "ＴＣＢ　東京中央美容外科・ＴＣＢ　スキンクリニック　倉敷院", "機関区分": 2, "都道府県コード": 33, "市区町村コード": 202, "所在地": "岡山県倉敷市阿知１－７－１天満屋倉敷店　５階", "緯度": 34.599814, "経度": 133.764267, "url": "https://www.iryou.teikyouseido.mhlw.go.jp/znk-web/juminkanja/S2430/initialize?prefCd=33&kikanCd=2330016920&kikanKbn=2", "url2": null, "内容": "ＴＣＢ　東京中央美容外科・ＴＣＢ　スキンクリニック　倉敷院【2:診療所】【診療科目:形成外科_美容外科_皮膚科_美容皮膚科】岡山県倉敷市阿知１－７－１天満屋倉敷店　５階" }, "geometry": { "type": "Point", "coordinates": [ 133.764267, 34.599814 ] } },
{ "type": "Feature", "properties": { "ID": 3322330016940, "正式名称": "よこやま内科・循環器内科", "機関区分": 2, "都道府県コード": 33, "市区町村コード": 202, "所在地": "岡山県倉敷市北畝２－１０－２０", "緯度": 34.540652, "経度": 133.746316, "url": "https://www.iryou.teikyouseido.mhlw.go.jp/znk-web/juminkanja/S2430/initialize?prefCd=33&kikanCd=2330016940&kikanKbn=2", "url2": "https://yokoyama-heart.com/", "内容": "よこやま内科・循環器内科【2:診療所】【診療科目:内科_循環器内科_小児科】岡山県倉敷市北畝２－１０－２０" }, "geometry": { "type": "Point", "coordinates": [ 133.746316, 34.540652 ] } },
{ "type": "Feature", "properties": { "ID": 3322330016960, "正式名称": "えだむら腎泌尿器科", "機関区分": 2, "都道府県コード": 33, "市区町村コード": 104, "所在地": "岡山県岡山市南区浦安西町２１番４５", "緯度": 34.617306, "経度": 133.910611, "url": "https://www.iryou.teikyouseido.mhlw.go.jp/znk-web/juminkanja/S2430/initialize?prefCd=33&kikanCd=2330016960&kikanKbn=2", "url2": "http://edamura.jp/", "内容": "えだむら腎泌尿器科【2:診療所】【診療科目:泌尿器科】岡山県岡山市南区浦安西町２１番４５" }, "geometry": { "type": "Point", "coordinates": [ 133.910611, 34.617306 ] } },
{ "type": "Feature", "properties": { "ID": 3322330016980, "正式名称": "岡山脳神経内科クリニック", "機関区分": 2, "都道府県コード": 33, "市区町村コード": 102, "所在地": "岡山県岡山市中区江崎１０４－１６", "緯度": 34.628056, "経度": 133.961481, "url": "https://www.iryou.teikyouseido.mhlw.go.jp/znk-web/juminkanja/S2430/initialize?prefCd=33&kikanCd=2330016980&kikanKbn=2", "url2": null, "内容": "岡山脳神経内科クリニック【2:診療所】【診療科目:内科_神経内科_脳神経外科_神経科】岡山県岡山市中区江崎１０４－１６" }, "geometry": { "type": "Point", "coordinates": [ 133.961481, 34.628056 ] } },
{ "type": "Feature", "properties": { "ID": 3322330025912, "正式名称": "本荘耳鼻咽喉科医院", "機関区分": 2, "都道府県コード": 33, "市区町村コード": 101, "所在地": "岡山県岡山市北区下中野３４２－１０６", "緯度": 34.640628, "経度": 133.903264, "url": "https://www.iryou.teikyouseido.mhlw.go.jp/znk-web/juminkanja/S2430/initialize?prefCd=33&kikanCd=2330025912&kikanKbn=2", "url2": null, "内容": "本荘耳鼻咽喉科医院【2:診療所】【診療科目:耳鼻いんこう科】岡山県岡山市北区下中野３４２－１０６" }, "geometry": { "type": "Point", "coordinates": [ 133.903264, 34.640628 ] } },
{ "type": "Feature", "properties": { "ID": 3322330080227, "正式名称": "社会医療法人創和会　幸町記念しげいクリニック", "機関区分": 2, "都道府県コード": 33, "市区町村コード": 101, "所在地": "岡山県岡山市北区大元駅前３番５７号", "緯度": 34.647375, "経度": 133.911842, "url": "https://www.iryou.teikyouseido.mhlw.go.jp/znk-web/juminkanja/S2430/initialize?prefCd=33&kikanCd=2330080227&kikanKbn=2", "url2": "https://saiwaichokinen.com/", "内容": "社会医療法人創和会　幸町記念しげいクリニック【2:診療所】【診療科目:内科_外科】岡山県岡山市北区大元駅前３番５７号" }, "geometry": { "type": "Point", "coordinates": [ 133.911842, 34.647375 ] } },
{ "type": "Feature", "properties": { "ID": 3323310107564, "正式名称": "才野眼科診療所", "機関区分": 2, "都道府県コード": 33, "市区町村コード": 104, "所在地": "岡山県岡山市南区中畦３１８－６", "緯度": 34.579394, "経度": 133.850175, "url": "https://www.iryou.teikyouseido.mhlw.go.jp/znk-web/juminkanja/S2430/initialize?prefCd=33&kikanCd=3310107564&kikanKbn=2", "url2": null, "内容": "才野眼科診療所【2:診療所】【診療科目:眼科】岡山県岡山市南区中畦３１８－６" }, "geometry": { "type": "Point", "coordinates": [ 133.850175, 34.579394 ] } },
{ "type": "Feature", "properties": { "ID": 3323330210042, "正式名称": "医療法人　今兼歯科医院", "機関区分": 2, "都道府県コード": 33, "市区町村コード": 202, "所在地": "岡山県倉敷市神田４－３－３０", "緯度": 34.542856, "経度": 133.727894, "url": "https://www.iryou.teikyouseido.mhlw.go.jp/znk-web/juminkanja/S2430/initialize?prefCd=33&kikanCd=3330210042&kikanKbn=2", "url2": null, "内容": "医療法人　今兼歯科医院【2:診療所】【診療科目:歯科_矯正歯科_小児歯科_小児矯正歯科】岡山県倉敷市神田４－３－３０" }, "geometry": { "type": "Point", "coordinates": [ 133.727894, 34.542856 ] } }
]
}
